id,lang,split,l1,l2,text
RU-D02137,RU,train,RELEVANT,ENERGY,Ветровую электростанцию ”Астана EXPO-2017” обещали вывести на полную мощность: 23 сентября 2020 15:33 - новости на Tengrinews.kz Tengrinews.kz ▶ Ветровую электростанцию ”Астана EXPO-2017” обещали вывести на полную мощность: 23 сентября 2020 15:33 ▶ Читать подробнее актуальные новости и события на сайте.
RU-D01437,RU,train,RELEVANT,SCIENCE_GEN,"Климат меняется быстрее, чем мы ожидали - Казгидромет Темпы изменения климата в стране превышают ожидания синоптиков и метеорологов. Об сообщили в ""Казгидромете"", передает корреспондент Tengrinews.kz."
RU-C00449,RU,train,RELEVANT,SCIENCE_GEN,"Изменения климата: проблема, от которой нельзя отгородиться Изменения климата: проблема, от которой нельзя отгородитьсяВопросы экономического, политического или военного кризиса привлекают всеобщее внимание. А вот вопросы экологии, изменения климата,"
RU-D05904,RU,train,RELEVANT,ENERGY,"В Казахстане построят одну из крупнейших солнечных электростанций В сельском округе Орангай Сауранского района Туркестанской области началось строительство крупной солнечной электростанции (СЭС) мощностью 300 мегаватт, состоялась церемония закладки временной капсулы. Об этом сообщили в акимате региона."
RU-D01621,RU,train,RELEVANT,SCIENCE_GEN,"ПРООН предложила детям поиграть в борьбу с изменением климата. Онлайн По мере распространения пандемии COVID-19 миллионы людей столкнулись с закрытием школ и учреждений, что привело к появле"
RU-D01497,RU,train,RELEVANT,SCIENCE_GEN,Трамп снова посмеялся над глобальным потеплением: 20 января 2019 22:35 - новости на Tengrinews.kz Tengrinews.kz ▶ Трамп снова посмеялся над глобальным потеплением: 20 января 2019 22:35 ▶ Читать подробнее актуальные новости и события на сайте.
RU-D01928,RU,train,NOT_RELEVANT,,"Бул жай кандай болорун климатологдор алдын ала айтышты Адистер быйылкы кыш жылуу болуп, кар аз жаагандыктан дүйнөнүн көп жеринде кургакчылык өкүм сүрүшү мүмкүн деген божомолун айтууда."
RU-00029,RU,train,RELEVANT,HEALTH_SOCIETY,Почти 900 млн человек в мире страдают от бедности и последствий изменения климата — ООН 651 миллион человек одновременно подвержены риску двух и более климатических угроз. Ещё 309 миллионов живут в условиях сразу трёх или четырёх факторов риска.
RU-D02642,RU,train,RELEVANT,SCIENCE_GEN,"Климаттын өзгөрүшү боюнча жакшы кабар бар. Окумуштуулардын соңку иликтөөсү Климаттык миңден ашык изилдөөлөрдүн жыйынтыгы адам баласы экологиялык кризис менен баары бир күрөшө аларын көрсөткөн, адистер бирок аны менен токтоп калбаш керектигин эскертүүдө."
RU-D00383,RU,train,RELEVANT,WATER_CRYO,Мөңгү 16%га кыскарды. Садыр Жапаров дүйнө лидерлерине коңгуроо какты Иш-чара Азербайжандын борбору Баку шаарында өтүүдө.
RU-D02563,RU,train,RELEVANT,DISASTER,Более 70 слонов погибли из-за засухи в Кении: 20 мая 2022 10:05 - новости на Tengrinews.kz Tengrinews.kz ▶ Более 70 слонов погибли из-за засухи в Кении: 20 мая 2022 10:05 ▶ Читать подробнее актуальные новости и события на сайте.
RU-D04501,RU,train,RELEVANT,HEALTH_SOCIETY,"1-й Молодежный климатический форум - в АУЦА 30 ноября 1-й Молодежный климатический форум – это первое масштабное мероприятие, посвященное изменениям климата, вопросам сохране"
RU-D04293,RU,train,RELEVANT,WATER_CRYO,Грустная красота Аральского моря: 14 июля 2016 11:16 - новости на Tengri Life Tengrinews.kz ▶ Грустная красота Аральского моря: 14 июля 2016 11:16 ▶ Читать подробнее актуальные новости и события на сайте.
RU-D01054,RU,train,RELEVANT,WATER_CRYO,"""Соседи себя ограничили, но воду нам дали"". Министр экологии РК подвел итоги 2021 года Министр экологии, геологии и природных ресурсов Казахстана отчитался об итогах работы своего ведомства. Среди основных достижений - успешные переговоры с соседями о выделении дополнительной поливной воды в ущерб им самим. Догадываетесь, о ком речь?"
RU-D04687,RU,train,RELEVANT,WATER_CRYO,"Скандалом закончился круглый стол по спасению ледников в Кыргызстане. Видео Вице-премьер-министр Зилалиев и активисты поспорили о том, можно ли вести разработку на ледниках."
RU-D04430,RU,train,RELEVANT,WATER_CRYO,Экологи рассказали о тяжелых последствиях обмеления Урала: 20 октября 2021 09:58 - новости на Tengrinews.kz Tengrinews.kz ▶ Экологи рассказали о тяжелых последствиях обмеления Урала: 20 октября 2021 09:58 ▶ Читать подробнее актуальные новости и события на сайте.
RU-D05844,RU,train,RELEVANT,WATER_CRYO,"Как порядок в животноводстве связан с сохранением ледников. Объясняем ""Спасем ледники"". Новое движение Министерства сельского хозяйства."
RU-C00295,RU,train,RELEVANT,SCIENCE_GEN,Глобальное потепление - это фальсификация? Задается вопросом Глобальное потепление - это фальсификация? Задается вопросомThe Guardian (Великобритания). Опубликованные недавно электронные письма из Университета Восточной Англии подрывают репутацию неск
RU-D01426,RU,train,RELEVANT,ENERGY,Эффективные меры по снижению углеродного следа локомотивов принимают в ҚТЖ: 13 октября 2021 21:30 - новости на Tengrinews.kz Tengrinews.kz ▶ Эффективные меры по снижению углеродного следа локомотивов принимают в ҚТЖ: 13 октября 2021 21:30 ▶ Читать подробнее актуальные новости и события на сайте.
RU-C00225,RU,train,RELEVANT,WATER_CRYO,"США помогут Таджикистану в изучении ледников Памира, рассказывает США помогут Таджикистану в изучении ледников Памира, рассказывает«Голос России». США предложили Таджикистану помощь в изучении ледников Памира. В Душанбе инициативой американцев"
RU-D04879,RU,train,RELEVANT,DISASTER,Искусственные дожди для борьбы с сильной засухой вызывают в Китае: 18 августа 2022 13:48 - новости на Tengrinews.kz Tengrinews.kz ▶ Искусственные дожди для борьбы с сильной засухой вызывают в Китае: 18 августа 2022 13:48 ▶ Читать подробнее актуальные новости и события на сайте.
RU-C00750,RU,train,RELEVANT,POLICY,"Туркменистан инициирует новые резолюции по энергетике, транспорту и изменению климата на Генассамблее ООН в Нью-Йорке Президент Сердар Бердымухамедов примет участие и в саммите в формате Центральная Азия–США"
RU-D05675,RU,train,RELEVANT,WATER_CRYO,"Объем воды увеличился в Аральском море В северной части Аральского моря увеличился объем воды. Об этом сообщили в министерстве водных ресурсов и ирригации, передает корреспондент Tengrinews.kz."
RU-D03263,RU,train,RELEVANT,WATER_CRYO,"Прорыв Такыр-Тора. Озеро вышло из берегов из-за таяния ледников Специалист МЧС пояснил, почему озеро Такыр-Тор вышло из берегов."
RU-C00699,RU,train,RELEVANT,ENERGY,Ашхабад и Лондон готовы к партнерству в энергетике и экологии Британские компании недавно ознакомили с потенциалом «зеленых» проектов
RU-00114,RU,train,RELEVANT,POLICY,"Шавкат Мирзиёев обратился к участникам 29-го Евразийского экономического саммита Было отмечено, что одна из ключевых тем нынешнего Саммита — глобальная ответственность в условиях дефицита водных и зелёных ресурсов — сегодня особенно актуальна. Ведь мир сталкивается с нарастающими климатическими вызовами, включая опустынивание, деградацию земель, дефицит воды и ухудшение экологической ситуации."
RU-C00291,RU,train,RELEVANT,AGRI_LAND,"О последствиях климатических изменений пишет О последствиях климатических изменений пишетLa Stampa (Италия). Наводнения уничтожают урожай в Австралии, засуха терзает Северную Европу, растут цены на зерно, дорожает хлеб, ухудшается поло"
RU-D02477,RU,train,RELEVANT,AGRI_LAND,"Засуха в Жамбылской области. Смаилов пообещал аграриям возместить убытки Премьер-министр Алихан Смаилов сообщил фермерам Жамбылской области, что им возместят ущерб, который они понесли из-за засухи, передает Tengrinews.kz со ссылкой на сайт правительства."
RU-C00456,RU,train,RELEVANT,POLICY,Узбекистан вдвое сократит выбросы вредных газов в атмосферу к 2035 году Это обязательство Узбекистан взял на себя на климатической конференции COP-30 в Бразилии в рамках Парижского соглашения. В этом направлении совместно с Всемирным банком запущен первый в мире инновационный проект ICRAFT.
RU-D00507,RU,train,RELEVANT,POLICY,Билл Гейтс привлек сотни миллионов на борьбу с изменением климата: 21 сентября 2021 16:22 - новости на Tengrinews.kz Tengrinews.kz ▶ Билл Гейтс привлек сотни миллионов на борьбу с изменением климата: 21 сентября 2021 16:22 ▶ Читать подробнее актуальные новости и события на сайте.
RU-D00752,RU,train,RELEVANT,DISASTER,Мегазасуха на юго-западе США оказалась самой сильной за тысячелетие: 16 февраля 2022 16:09 - новости на Tengrinews.kz Tengrinews.kz ▶ Мегазасуха на юго-западе США оказалась самой сильной за тысячелетие: 16 февраля 2022 16:09 ▶ Читать подробнее актуальные новости и события на сайте.
RU-D00014,RU,train,RELEVANT,WATER_CRYO,Обмеление Каспийского моря объяснили в Минэкологии: 13 апреля 2023 15:05 - новости на Tengrinews.kz Tengrinews.kz ▶ Обмеление Каспийского моря объяснили в Минэкологии: 13 апреля 2023 15:05 ▶ Читать подробнее актуальные новости и события на сайте.
RU-C00592,RU,train,RELEVANT,ENERGY,"Проблему чистой воды в одном из сел Иссык-Куля решили с помощью солнечных батарей Проблему чистой воды в одном из сел Иссык-Куля решили с помощью солнечных батарейВ селе Оттук Тонского района Иссык-Кульской области на водозаборе установили солнечные батареи, обеспечивающи"
RU-D04142,RU,train,RELEVANT,ENERGY,На Иссык-Куле началось строительство крупной солнечной станции В селе Тору-Айгыр началось строительство первой солнечной станции мощностью 300 мегаватт.
RU-D03786,RU,train,RELEVANT,ENERGY,"""Бишкектеплоэнерго"" впервые установило солнечные коллекторы. Фото Сегодня, 22 сентября, на территории КП ""Бишкектеплоэнерго"" состоялась презентация гелиоколлекторов. Об этом сообщает пресс-служба столичной мэрии."
RU-D05948,RU,train,RELEVANT,SCIENCE_GEN,"ООН: Человечество стремительно приближается к ""экологической точке невозврата"" ЮНЕП предупреждает: промедление с реформами может стоить планете будущего. Подробнее:"
RU-D02628,RU,train,RELEVANT,WATER_CRYO,Тающий ледник сместил границу между Швейцарией и Италией: 27 июля 2022 13:19 - новости на Tengrinews.kz Tengrinews.kz ▶ Тающий ледник сместил границу между Швейцарией и Италией: 27 июля 2022 13:19 ▶ Читать подробнее актуальные новости и события на сайте.
RU-D03704,RU,train,RELEVANT,ENERGY,Глава ”Самрук-Қазына” рассказал о путях достижения углеродной нейтральности: 14 октября 2021 15:58 - новости на Tengrinews.kz Tengrinews.kz ▶ Глава ”Самрук-Қазына” рассказал о путях достижения углеродной нейтральности: 14 октября 2021 15:58 ▶ Читать подробнее актуальные новости и события на сайте.
RU-00572,RU,train,RELEVANT,WATER_CRYO,ООН поддерживает усилия по сохранению водных ресурсов в Узбекистане Соответствующий проект финансирует Швейцарское агентство по развитию и сотрудничеству
RU-D01267,RU,train,RELEVANT,SCIENCE_GEN,Климатолог предупредил о росте частоты наводнений в мире: 21 июля 2021 01:49 - новости на Tengrinews.kz Tengrinews.kz ▶ Климатолог предупредил о росте частоты наводнений в мире: 21 июля 2021 01:49 ▶ Читать подробнее актуальные новости и события на сайте.
RU-C00529,RU,train,NOT_RELEVANT,,На дне Арала пройдет марафон Главная цель — привлечь внимание мирового сообщества к экологическим проблемам
RU-C00407,RU,train,RELEVANT,WATER_CRYO,Казахстан очистит Коксарайский гидроузел для наполнения Аральского моря Ведется очистка объекта от ила и песка с применением специальной техники. Весной начнется сброс воды из Коксарайского контррегулятора в нижнее течение реки Сырдарьи для наполнения Аральского моря.
RU-D01367,RU,train,RELEVANT,SCIENCE_GEN,"Жара станет новой нормой? Опубликован тревожный климатический прогноз В ближайшие пять лет средняя температура на Земле, вероятнее всего, останется на рекордном уровне. Ученые ожидают дальнейшего потепления, сокращения арктического льда и изменения режима осадков в разных регионах мира."
RU-D01887,RU,train,RELEVANT,POLICY,Садыр Жапаров и Айгуль Жапарова на открытии конференции по изменению климата в Баку (фото) На конференцию сторон Рамочной конвенции ООН по изменению климата в Азербайджан приехали более 50 тыс. участников и ста лидеров государств мира. Подробнее:
RU-D03102,RU,train,RELEVANT,POLICY,Изменения климата представляют угрозу США и миру - Байден: 08 сентября 2021 08:03 - новости на Tengrinews.kz Tengrinews.kz ▶ Изменения климата представляют угрозу США и миру - Байден: 08 сентября 2021 08:03 ▶ Читать подробнее актуальные новости и события на сайте.
RU-D04871,RU,train,RELEVANT,POLICY,"Недобросовестные инвесторы, климат, демократия. Главное из речи Садыра Жапарова в ООН На открывшейся вчера 76-й сессии Генеральной ассамблеи ООН к ее участникам обратился Садыр Жапаров. Какие вопросы поднял в своем выступлении президент? Рассказываем главное."
RU-C00328,RU,train,RELEVANT,ENERGY,В Узбекистане обнаружили самый крупный в мире источник выброса метана Метан удерживает в атмосфере Земли тепло
RU-D03903,RU,train,RELEVANT,WATER_CRYO,"""Очень страшно"". Экологи оценили состояние Каспийского моря Мангистауские экологи считают, что Казахстан и Россия должны прийти к соглашению для направления обильных вод в Каспийское море, передает Tengrinews.kz."
RU-D03678,RU,train,RELEVANT,ENERGY,Почему автомобильная отрасль может стать частью низкоуглеродного будущего: 29 февраля 2024 13:00 - новости на Tengriauto.kz Tengrinews.kz ▶ Почему автомобильная отрасль может стать частью низкоуглеродного будущего: 29 февраля 2024 13:00 ▶ Читать подробнее актуальные новости и события на сайте.
RU-D04717,RU,train,RELEVANT,SCIENCE_GEN,"Европу призвали готовиться к экстремальному климату 2024 год в Европе был жарче, чем когда-либо прежде, что вызывает тревогу. Но есть и положительные факторы, говорится в новом климатическом отчете программы Copernicus."
RU-D04146,RU,train,RELEVANT,SCIENCE_GEN,"Изменение климата в Казахстане: министр оценил масштабы угрозы Министр экологии и природных ресурсов Ерлан Нысанбаев высказался об изменении климата в мире и в Казахстане, из-за которого казахстанцы наблюдают нетипичную для сезона погоду, передает корреспондент Tengrinews.kz."
RU-D02584,RU,train,RELEVANT,POLICY,"Всемирный банк назвал ключевую проблему в борьбе с климатическими бедствиями в Кыргызстане Кыргызстан испытывает дефицит средств для борьбы с климатическими бедствиями, считают во Всемирном банке. Подробности:"
RU-D03560,RU,train,RELEVANT,HEALTH_SOCIETY,"1-й Молодежный климатический форум КР: информативный, экологичный, эмпирический 30 ноября в АУЦА прошел Первый молодежный форум по вопросам изменения климата."
RU-D01839,RU,train,RELEVANT,WATER_CRYO,"В Бишкеке представили фильм о таянии ледников Ала-Тоо 26 февраля в Американском университете Центральной Азии состоялся премьерный показ документального фильма ""Ала-Тоо: вслед за исчезающими ледниками""."
RU-D02364,RU,train,RELEVANT,SCIENCE_GEN,Еще один вид животных может погубить изменение климата: 18 июня 2021 09:01 - новости на Tengrinews.kz Tengrinews.kz ▶ Еще один вид животных может погубить изменение климата: 18 июня 2021 09:01 ▶ Читать подробнее актуальные новости и события на сайте.
RU-C00453,RU,train,RELEVANT,WATER_CRYO,Что сегодня обсудят на саммитах по спасению Аральского моря в Астане Сегодня президент Шавкат Мирзиёев примет участие в Региональном экологическом саммите и заседании Совета глав государств-учредителей Международного фонда спасения Арала в Астане.
RU-D05969,RU,train,NOT_RELEVANT,,"Австрийцы покорили пик, чтобы показать невероятную красоту Кыргызстана и спасти ледники В Кыргызстан приехали туристы из Австрии, которых покорила природа нашей страны."
RU-D00039,RU,train,RELEVANT,SCIENCE_GEN,"""Ливень.Living Asia"": На что повлияет изменение климата в Кыргызстане? Николас Мулиню – консультант ЮНИСЕФ по изменению климата с большим опытом работы в развивающихся странах."
RU-C00391,RU,train,RELEVANT,WATER_CRYO,"Надежды на спасение Аральского моря МФСА действует в партнерстве с международными организациями, донорами, частным бизнесом и частными инвесторами для совместного решения экологических вопросов с целью достижения устойчивого развития в регионе Аральского моря"
RU-D00696,RU,train,RELEVANT,POLICY,"Алмазбек Атамбаев выступил на Конференции ООН по изменению климата Президент Кыргызской Республики Алмазбек Атамбаев вчера, 30 ноября, в рамках рабочего визита во Французскую Республику п"
RU-D02857,RU,train,RELEVANT,WATER_CRYO,"О таянии ледников и сухих зимах. Видеообращание Жапарова на Водном саммите Презедент Кыргызстана сделал видеообращение на Водном саммите. Он заявил, что наблюдается нехватка воды для нужд населения и сельскохозяйственных целей."
RU-D03962,RU,train,RELEVANT,DISASTER,"Из-за наводнений в Пакистане погибли более тысячи человек. Фото из затопленных мест В то время как в Европе и Китае пересыхают реки, число жертв наводнений в Пакистане превысило тысячу человек."
RU-D01411,RU,train,RELEVANT,AGRI_LAND,”Деньги на ветер” - как дно Арала планировали засевать саксаулом с воздуха: 11 февраля 2022 08:35 - новости на Tengrinews.kz Tengrinews.kz ▶ ”Деньги на ветер” - как дно Арала планировали засевать саксаулом с воздуха: 11 февраля 2022 08:35 ▶ Читать подробнее актуальные новости и события на сайте.
RU-D00165,RU,train,RELEVANT,HEALTH_SOCIETY,"Экологическую активистку из Кыргызстана не пустили в Польшу на конференцию ООН по климату Власти Польши посчитали, что КОлсеникова и ее 14 коллег из Украины, РФ и Грузии представляют угрозу нацбезопасности Польши"
RU-C00429,RU,train,RELEVANT,WATER_CRYO,В Кыргызстане на леднике Адыгене открыта новая научно-исследовательская станция В Кыргызстане на леднике Адыгене открыта новая научно-исследовательская станцияВ Кыргызстане на леднике Адыгене открыта новая научно-исследовательская станция. Об этом сообщает организатор к
RU-D03743,RU,train,RELEVANT,SCIENCE_GEN,Климатическая лихорадка на всех континентах. Самый жаркий июль в истории Июль в этом году стал самым жарким месяцем за всю историю метеонаблюдений:
RU-D00178,RU,train,RELEVANT,WATER_CRYO,"""Климат будет более нервным"". Эксперты обсуждают вопросы воды в Центральной Азии На конференции в Алматы обсуждают вопросы воды и энергетики в контексте изменения климата."
RU-D03690,RU,train,RELEVANT,WATER_CRYO,О проблемах Балхаша рассказали в Минэкологии: 09 апреля 2021 15:41 - новости на Tengrinews.kz Tengrinews.kz ▶ О проблемах Балхаша рассказали в Минэкологии: 09 апреля 2021 15:41 ▶ Читать подробнее актуальные новости и события на сайте.
RU-D02219,RU,train,RELEVANT,WATER_CRYO,Пустыня отступает от Аральского моря: 22 июля 2016 10:17 - новости на Tengri Life Tengrinews.kz ▶ Пустыня отступает от Аральского моря: 22 июля 2016 10:17 ▶ Читать подробнее актуальные новости и события на сайте.
RU-00080,RU,train,RELEVANT,AGRI_LAND,В КР восстановят деградированные лесные земли и пастбища В КР восстановят деградированные лесные земли и пастбищаВ Бишкеке подписали 5-летний проект Глобального экологического фонда (ГЭФ) и Продовольственной и сельскохозяйственной организации ООН
RU-D05404,RU,train,RELEVANT,ENERGY,Коста-Рика прожила рекордные 300 дней на возобновляемой энергии: 27 ноября 2017 11:10 - новости на Tengri Life Tengrinews.kz ▶ Коста-Рика прожила рекордные 300 дней на возобновляемой энергии: 27 ноября 2017 11:10 ▶ Читать подробнее актуальные новости и события на сайте.
RU-D05865,RU,train,RELEVANT,WATER_CRYO,"Как увеличат Аральское море, рассказали в Минводы В северной части Аральского моря планируется снова увеличить объем воды. Об этом сообщили в Министерстве водных ресурсов и ирригации, передает корреспондент Tengrinews.kz."
RU-D04788,RU,train,RELEVANT,POLICY,"Токаев выступит на Всемирном климатическом саммите в Баку Президент Токаев выступит на Всемирном климатическом саммите в Баку, передает Tengrinews.kz."
RU-D02849,RU,train,RELEVANT,AGRI_LAND,Зенченко пожаловался главе МСХ на изменение климата: 24 мая 2017 16:20 - новости на Tengrinews.kz Tengrinews.kz ▶ Зенченко пожаловался главе МСХ на изменение климата: 24 мая 2017 16:20 ▶ Читать подробнее актуальные новости и события на сайте.
RU-D02587,RU,train,RELEVANT,AGRI_LAND,Необычный способ борьбы с засухой придумал казахстанец: 03 октября 2021 11:10 - новости на Tengrinews.kz Tengrinews.kz ▶ Необычный способ борьбы с засухой придумал казахстанец: 03 октября 2021 11:10 ▶ Читать подробнее актуальные новости и события на сайте.
RU-D04644,RU,train,RELEVANT,DISASTER,Ущерб США от климатических катастроф в 2019 году превысил миллиард долларов: 11 июля 2019 08:43 - новости на Tengrinews.kz Tengrinews.kz ▶ Ущерб США от климатических катастроф в 2019 году превысил миллиард долларов: 11 июля 2019 08:43 ▶ Читать подробнее актуальные новости и события на сайте.
RU-D01220,RU,train,RELEVANT,WATER_CRYO,Обмеление Балхаша прогнозируют в Минэкологии: 19 ноября 2021 08:58 - новости на Tengrinews.kz Tengrinews.kz ▶ Обмеление Балхаша прогнозируют в Минэкологии: 19 ноября 2021 08:58 ▶ Читать подробнее актуальные новости и события на сайте.
RU-D00010,RU,train,RELEVANT,WATER_CRYO,Катастрофическую скорость таяния ледников зафиксировали в швейцарских Альпах: 29 сентября 2022 14:35 - новости на Tengrinews.kz Tengrinews.kz ▶ Катастрофическую скорость таяния ледников зафиксировали в швейцарских Альпах: 29 сентября 2022 14:35 ▶ Читать подробнее актуальные новости и события на сайте.
RU-D02491,RU,train,RELEVANT,WATER_CRYO,Аральское море или Аралкум? Что происходит с озером сегодня: 09 августа 2019 13:56 - новости на Tengrinews.kz Tengrinews.kz ▶ Аральское море или Аралкум? Что происходит с озером сегодня: 09 августа 2019 13:56 ▶ Читать подробнее актуальные новости и события на сайте.
RU-D00082,RU,train,RELEVANT,SCIENCE_GEN,В Кыргызстане создали онлайн-платформу с информацией об изменении климата В Кыргызстане при поддержке правительства Швейцарии и ПРООН создали единую онлайн-платформу знаний и информации по изменению климата.
RU-D00283,RU,train,RELEVANT,WATER_CRYO,ЮНЕСКО приняло предложенную Садыром Жапаровым резолюцию о ледниках Садыр Жапапров в сентябре на сессии Генассамблеи ООН предложил принять новую резолюции о мониторинге ледников. И ЮНЕСКО ее приняло .
RU-D00612,RU,train,RELEVANT,SCIENCE_GEN,Ученый предрек человечеству сильный климатический кризис: 18 июля 2021 06:30 - новости на Tengrinews.kz Tengrinews.kz ▶ Ученый предрек человечеству сильный климатический кризис: 18 июля 2021 06:30 ▶ Читать подробнее актуальные новости и события на сайте.
RU-D00716,RU,train,RELEVANT,WATER_CRYO,Пугающее открытие сделали под ледником Судного дня Американские исследователи при помощи подводного робота впервые сумели заглянуть в самую нижнюю часть ледника Туэйтса.
RU-D03151,RU,train,RELEVANT,WATER_CRYO,Министр экологии об обмелении Урала и Сырдарьи: Ведем переговоры с соседями: 21 октября 2021 11:20 - новости на Tengrinews.kz Tengrinews.kz ▶ Министр экологии об обмелении Урала и Сырдарьи: Ведем переговоры с соседями: 21 октября 2021 11:20 ▶ Читать подробнее актуальные новости и события на сайте.
RU-D00458,RU,train,RELEVANT,SCIENCE_GEN,"""Катастрофические изменения"". Чем климатический хаос угрожает Казахстану? Климатический хаос представляет угрозу для каждого региона, страны и сообщества на планете, считает генеральный секретарь ООН Антониу Гуттериш. Климат Земли претерпевает катастрофические изменения. В недавнем докладе ООН было отмечено, что погодные рекорды ставятся повсеместно, а природные аномалии стали обычным явлением. Последствия для человечества очевидны: гибель людей, потеря источников средств к существованию и разрушенная экономика."
RU-D03967,RU,train,RELEVANT,WATER_CRYO,Мөңгү суулары 2040-жылдан соң кескин азая башташы болжолдонууда Улуттук илимдер академиясынын Суу көйгөйлөрү жана гидроэнергетика институтунун Тянь-Шань бийик тоолуу илимий борборунун жетекчиси Рысбек Сатылканов жаратылышка аяр мамиле жасалбаса 15-20 жылдан соң суу көйгөйү жаралышы ыктымалдыгын айтты.
RU-D05824,RU,train,RELEVANT,ENERGY,В Кемине заложили капсулу под строительство новой солнечной электростанции В Чуйской области дан старт строительству еще одной солнечной электростанции на средства инвесторов из Китая. Подробнее:
RU-D05128,RU,train,RELEVANT,WATER_CRYO,"На грани высыхания оказалось рукотворное море Малый Арал В Казахстане может повториться экологическая катастрофе - на грани высыхания оказалось рукотворное море Малый Арал. Об этом говорится в сюжете телеканала 24kz, передает Tengrinews.kz."
RU-D02727,RU,train,RELEVANT,POLICY,Итоги саммита в Глазго. В Кыргызстане планируется открыть центр по изучению климата Какие договоренности Кыргызстан достиг на полях саммита в Глазго? Вот краткий список:
RU-C00434,RU,train,RELEVANT,HEALTH_SOCIETY,"Платьице из мусора в борьбе с глобальным потеплением Платьице из мусора в борьбе с глобальным потеплениемПроблемы экологии в последние годы волнуют очень многих. Глобальное потепление, землетрясения, цунами... Ученые и активисты бьют тревогу."
RU-00007,RU,train,RELEVANT,POLICY,"Депутаты vs «Кумтор»: ледниковый период Депутаты vs «Кумтор»: ледниковый периодПрезидент Кыргызстана Алмазбек Атамбаев наложил вето на закон «О ледниках», лоббируемый группой депутатов во главе с членом фра"
RU-D05165,RU,train,RELEVANT,SCIENCE_GEN,"Климат Земли вступил в фазу беспрецедентной нестабильности. Что это значит Новый доклад ВМО предупреждает: рекордные парниковые газы, нагрев океанов и таяние ледников ведут к необратимым изменениям и климатическому хаосу."
RU-C00472,RU,train,RELEVANT,POLICY,США вместе с Туркменистаном работают над сокращением выбросов метана – Джо Байден Вашингтон и Ашхабад планируют разработать инвестиционный план по сокращению выбросов метана
RU-D03654,RU,train,RELEVANT,DISASTER,"Кыргызстанда селди алдын алуу үчүн 52,4 млн. долларлык долбоор ишке кирди БИШКЕК, 17-апр. — Sputnik. Кыргызстанда селди алдын алуу үчүн RESILAND CA+ долбоору ишке кирерин ӨКМ билдирди."
RU-D01190,RU,train,NOT_RELEVANT,,Новые автобусы в Актау будут использовать экологически чистое топливо: 15 ноября 2023 20:03 - новости на Tengrinews.kz Tengrinews.kz ▶ Новые автобусы в Актау будут использовать экологически чистое топливо: 15 ноября 2023 20:03 ▶ Читать подробнее актуальные новости и события на сайте.
RU-00744,RU,train,RELEVANT,WATER_CRYO,"Новые плотины в Центральной Азии усугубят водный кризис в регионе - «Реки без границ» По мнению экологов, если на территории ЦА будут реализованы все вынашиваемые сегодня планы по возведению новых плотин и созданию оросительных каналов, то уже через 10-15 лет, регион может столкнуться с крупным рукотворным водно-экологическим кризисом"
RU-D05322,RU,train,RELEVANT,SCIENCE_GEN,"Изменение климата замедляет вращение Земли. Исследование Согласно новому исследованию, таяние полярных льдов, обусловленное изменением климата, влияет на скорость вращения Земли, что может привести к изменениям в глобальном исчислении времени."
RU-00102,RU,train,NOT_RELEVANT,,Евросоюз обсудил с Туркменистаном стратегию экспорта газа В Брюсселе говорили и об инициативах по сокращению выбросов метана. Предстоит визит президента Сердара Бердымухамедова
RU-00052,RU,train,RELEVANT,SCIENCE_GEN,Почти 80% мировых выбросов парниковых газов приходится на долю 57 крупнейших производителей углеводородов и цемента Это происходит вопреки климатическому Парижскому соглашению
RU-D02091,RU,train,RELEVANT,ENERGY,"Международные эксперты: АЭС в Казахстане - шаг к экологическому будущему На Международной выставке ядерной энергетики KazAtomExpo, прошедшей в Астане, международные эксперты подчеркнули значимость ядерной энергетики для устойчивого развития Казахстана, отметив ее ключевую роль в энергетическом будущем страны."
RU-D00396,RU,train,RELEVANT,SCIENCE_GEN,Как изменение климата сказывается на Кыргызстане? Оценка Академии наук За последние 50-70 лет оледенение в Кыргызстане сократилась на 16%. Как изменение климата сказалось на стране:
RU-C00311,RU,train,RELEVANT,ENERGY,Солнечные перспективы Кыргызстана Солнечные перспективы КыргызстанаВозрастающий дефицит энергетических ресурсов и его последствия для населения отдаленных регионов (отключения) выдвинули на первый план поиски альтернативных
RU-D00355,RU,train,RELEVANT,SCIENCE_GEN,"Патриарх Кирилл: климаттын өзгөрүшү жана аскердик чатактар коркунуч туудурат Патриархтын айтымында, ыңгайлуу жашоого умтулуунун натыйжасында техногендик кырсыктар көбөйүп, өсүмдүктөр менен жаныбарлардын бүтүндөй түрлөрү жоголуп, климат өзгөрдү."
RU-D00302,RU,train,RELEVANT,WATER_CRYO,"Токаев прибыл на переговоры по спасению Арала В Душанбе началось заседание глав государств по спасению Арала, передает Tengrinews.kz. На встречу прибыл Президент Казахстана Касым-Жомарт Токаев."
RU-D01155,RU,train,RELEVANT,WATER_CRYO,В Минэкологии объяснили резкое обмеление реки Урал близ Атырау: 22 сентября 2021 10:30 - новости на Tengrinews.kz Tengrinews.kz ▶ В Минэкологии объяснили резкое обмеление реки Урал близ Атырау: 22 сентября 2021 10:30 ▶ Читать подробнее актуальные новости и события на сайте.
RU-D00323,RU,train,RELEVANT,ENERGY,"В Китае испытали мощнейший в мире летающий ветрогенератор (видео) В Китае успешно провели испытательный полет ветрогенератора модели S1500, который называют самым мощным в мире."
RU-C00667,RU,train,RELEVANT,ENERGY,"Крупнейшие в мире нефтегазовые компании намерены сократить выбросы, а не добычу - Bloomberg Пакт по декарбонизации нефти и газа подписали пятьдесят компаний, на которые приходится примерно 40% мировой добычи"
RU-D03179,RU,train,RELEVANT,WATER_CRYO,"Назван объем оставшихся в Кыргызстане ледников В Кыргызстане из-за таяния ледников их количество увеличивается, но объем снижается."
RU-D00316,RU,train,RELEVANT,ENERGY,В КР построят солнечную и ветровую электростанции. Подписано соглашение с китайской фирмой Кыргызстан подписал с китайской компанией инвестиционное соглашение о строительстве солнечной и ветровой электростанций мощностью по 300 МВт каждая. Подробнее:
RU-00060,RU,train,RELEVANT,POLICY,"АБР выделил рекордные $9,8 млрд на финансирование климатических программ Средства направлены на реализацию мер по сокращению выбросов парниковых газов"
RU-D02413,RU,train,RELEVANT,ENERGY,"Власти намерены устанавливать солнечные панели малообеспеченным семьям Минэнерго и Соцфонд разработали проект ""Кун кубат"". Он коснется малообеспеченных семей:"
RU-D01268,RU,train,RELEVANT,HEALTH_SOCIETY,"Жара, клещи и ультрафиолет. Как изменение климата влияет на здоровье казахстанцев Изменение климата всё заметнее влияет не только на окружающую среду, но и на здоровье людей. TengriHealth разбирался, почему врачи чаще говорят"
RU-00994,RU,train,NOT_RELEVANT,,Французская Voltalia возведёт две электростанции в Узбекистане В июле текущего года Voltalia открыла свой новый офис в Ташкенте
RU-D05668,RU,train,RELEVANT,SCIENCE_GEN,"Климат Земли может ”вернуться в прошлое” на 3,3 миллиона лет назад: 15 июля 2020 08:29 - новости на Tengrinews.kz Tengrinews.kz ▶ Климат Земли может ”вернуться в прошлое” на 3,3 миллиона лет назад: 15 июля 2020 08:29 ▶ Читать подробнее актуальные новости и события на сайте."
RU-D04127,RU,train,RELEVANT,ENERGY,"В Кыргызстане в 2023 году начнут строить солнечную электростанцию стоимостью $180 млн Акылбек Жапаров заявил, что в следующем году начнется работа по строительству солнечной электростанции на территории Кыргызстана. Строить станцию будет Masdar - госкомпания из ОАЭ, они еще и выступят инвесторами проекта - потратят 180 млн долларов."
RU-D00806,RU,train,RELEVANT,WATER_CRYO,Научная экспедиция по изучению воды прибыла в Аральский регион: 17 июня 2016 23:01 - новости на Tengrinews.kz Tengrinews.kz ▶ Научная экспедиция по изучению воды прибыла в Аральский регион: 17 июня 2016 23:01 ▶ Читать подробнее актуальные новости и события на сайте.
RU-D05093,RU,train,RELEVANT,ENERGY,Возобновляемые источники вернули себе роль важнейшего производителя электричества: 30 марта 2022 18:42 - новости на Tengrinews.kz Tengrinews.kz ▶ Возобновляемые источники вернули себе роль важнейшего производителя электричества: 30 марта 2022 18:42 ▶ Читать подробнее актуальные новости и события на сайте.
RU-D04718,RU,train,RELEVANT,ENERGY,"На Иссык-Куле запустили первую очередь солнечной электростанции ""ROX Иссык-Куль"" На Иссык-Куле ввели в эксплуатацию первую очередь солнечной электростанции ""ROX Иссык-Куль"" мощностью 175 МВт. Общая мощность всех этапов проекта должна составить 1 900 МВт, объем инвестиций оценивается примерно в $1,5 млрд."
RU-D05449,RU,train,RELEVANT,WATER_CRYO,Что стало с ледниками на Кумторе? Фото со спутника 20 лет назад и сейчас Что стало с ледниками Давыдова и Лысый на руднике Кумтор? Фотографии
RU-D00681,RU,train,RELEVANT,SCIENCE_GEN,COVID таасири: метеорологдор беш жылда климат кандай өзгөрөрүн айтышты Улуу Британиянын Аба ырайы бюросунун жетекчилиги климаттын акыркы беш жылдагы өзгөрүүлөрүн дүйнө жүзүндөгү алдыңкы тажрыйбалуу метеорологдордун изилдөөлөрүнө таянып жыл сайын жарыялап турат.
RU-D01430,RU,train,RELEVANT,WATER_CRYO,Айсберг весом в триллион тонн откололся от ледника в Антарктиде: 12 июля 2017 22:14 - новости на Tengrinews.kz Tengrinews.kz ▶ Айсберг весом в триллион тонн откололся от ледника в Антарктиде: 12 июля 2017 22:14 ▶ Читать подробнее актуальные новости и события на сайте.
RU-00006,RU,train,NOT_RELEVANT,,Владимир Комиссаров: Вопрос с засорением ледников должен решиться с приданием им статуса особо ценных природных объектов Владимир Комиссаров: Вопрос с засорением ледников должен решиться с приданием им статуса особо ценных природных объектов«Вопрос с засорением ледников должен решиться с приданием им ста
RU-C00228,RU,train,RELEVANT,SCIENCE_GEN,"Климатологи из Европы предрекают Казахстану очередной ледниковый период, пишет Климатологи из Европы предрекают Казахстану очередной ледниковый период, пишет«Экспресс К» (Казахстан). Как известно, Лондон расположен на одной широте с Астаной, но теплое океан"
RU-C00408,RU,train,NOT_RELEVANT,,В столице Кыргызстана пройдет экологическая акция «Экофестиваль 350» В столице Кыргызстана пройдет экологическая акция «Экофестиваль 350»В столице Кыргызстана на Старой площади 24 и 25 сентября пройдет экологическая акция «Экофестиваль 350&r
RU-00035,RU,train,RELEVANT,DISASTER,"Отколовшийся ледник почти полностью разрушил деревню в Швейцарии «Мы потеряли нашу деревню», — сказал мэр Блаттена на пресс-конференции после оползня."
RU-D04638,RU,train,RELEVANT,AGRI_LAND,"Саранча, сайгаки, засуха и ливни. 2023 год назвали худшим для аграриев Председатель объединения юридических лиц ""Зерновой союз Казахстана"" Нурлан Оспанов оценил тенденции в сельском хозяйстве Казахстана, передает корреспондент Tengrinews.kz."
RU-D01393,RU,train,RELEVANT,ENERGY,Новая ветровая электростанция появилась в Акмолинской области: 18 декабря 2020 15:05 - новости на Tengrinews.kz Tengrinews.kz ▶ Новая ветровая электростанция появилась в Акмолинской области: 18 декабря 2020 15:05 ▶ Читать подробнее актуальные новости и события на сайте.
RU-D01965,RU,train,RELEVANT,HEALTH_SOCIETY,Изменение климата угрожает более 100 миллионам человек в Африке - ООН: 20 октября 2021 12:34 - новости на Tengrinews.kz Tengrinews.kz ▶ Изменение климата угрожает более 100 миллионам человек в Африке - ООН: 20 октября 2021 12:34 ▶ Читать подробнее актуальные новости и события на сайте.
RU-D04808,RU,train,RELEVANT,ENERGY,"Кайра жаралуучу энергия боюнча тарифтерде кандай кемчилик бар? Адистин пикири Адистер ""Энергиянын кайра жаралуучу булактары жөнүндө"" жаңы мыйзам инвесторлорду оолактатат деп эсептейт."
RU-D04162,RU,train,RELEVANT,AGRI_LAND,"Техника против засухи: как в Туркестане производят дождевальные машины В этом выпуске мы отправились в Туркестан, где в индустриальном парке на предприятии BNK Group производят машины, которые каждый день экономят тонны воды и помогают фермерам собирать больше урожая."
RU-D03850,RU,train,RELEVANT,DISASTER,Шестеро альпинистов погибли из-за обрушения ледника в горах Италии: 03 июля 2022 23:37 - новости на Tengrinews.kz Tengrinews.kz ▶ Шестеро альпинистов погибли из-за обрушения ледника в горах Италии: 03 июля 2022 23:37 ▶ Читать подробнее актуальные новости и события на сайте.
RU-00012,RU,train,RELEVANT,WATER_CRYO,"Урустам Кабылбеков: Спасать ледники в Кыргызстане требует само время Урустам Кабылбеков: Спасать ледники в Кыргызстане требует само время«Спасать ледники в Кыргызстане требует само время», - заявил сегодня на пресс-конференции президент общественн"
RU-D02178,RU,train,RELEVANT,SCIENCE_GEN,Планету ждет климатический ад в 2017 году: 27 марта 2017 20:34 - новости на Tengrinews.kz Tengrinews.kz ▶ Планету ждет климатический ад в 2017 году: 27 марта 2017 20:34 ▶ Читать подробнее актуальные новости и события на сайте.
RU-D05719,RU,train,RELEVANT,POLICY,"На парламент Кыргызстана подали в суд из-за ледников Лысый и Давыдов Атамбаев подписал Закон Кыргызской Республики ""О внесении изменений в Водный Кодекс Кыргызской Республики"" 23 ноября."
RU-D02240,RU,train,RELEVANT,AGRI_LAND,Глобальное потепление превращает Центральную Азию в пустыню - ученые: 23 июня 2022 12:56 - новости на Tengrinews.kz Tengrinews.kz ▶ Глобальное потепление превращает Центральную Азию в пустыню - ученые: 23 июня 2022 12:56 ▶ Читать подробнее актуальные новости и события на сайте.
RU-D01959,RU,train,RELEVANT,WATER_CRYO,"Из-за незаконно построенной дороги разрушены ледники. Возбуждено уголовное дело Генпрокуратура возбудила уголовное дело по незаконному строительству дороги в Алайском районе, в результате которого были разрушены ледники."
RU-D05663,RU,train,NOT_RELEVANT,,"Ледники Давыдова и Лысый будут осваиваться. Жогорку Кенеш одобрил Поправка была необходима для того, чтобы Госагентство охраны окружающей среды и лесного хозяйства разрешило работы на ледниках Кумтору."
RU-D04426,RU,train,RELEVANT,ENERGY,Совет по улучшению инвестклимата рассмотрел вопросы развития альтернативной энергетики: 18 июня 2021 17:35 - новости на Tengrinews.kz Tengrinews.kz ▶ Совет по улучшению инвестклимата рассмотрел вопросы развития альтернативной энергетики: 18 июня 2021 17:35 ▶ Читать подробнее актуальные новости и события на сайте.
RU-D01332,RU,train,RELEVANT,ENERGY,"Строительство завода ветровых электростанций обсудили в Жезказгане 28 августа в Жезказгане состоялась встреча председателя Региональной палаты предпринимателей области Ұлытау (""Атамекен"") Гульмиры Каженовой с представителями компаний Канатом Абеновым - директором ТОО ""ТГС-Констракшн"", Жомартом Моминбаевым - директором ТОО ""ТГС-Энерджи"", Вэй Хумином - представителем Power China."
RU-D05540,RU,train,RELEVANT,SCIENCE_GEN,"Ученый предрек человечеству сильный климатический кризис Председатель Консультативной группы по климатическим кризисам (CCAG) Дэвид Кинг уверен, что последствия того погодного кризиса, с которым человечеству уже приходится сталкиваться, со временем будут только ухудшаться."
RU-D03312,RU,train,RELEVANT,POLICY,"Билл Гейтс выделит 1,5 миллиарда на борьбу с изменением климата: 12 августа 2021 23:37 - новости на Tengrinews.kz Tengrinews.kz ▶ Билл Гейтс выделит 1,5 миллиарда на борьбу с изменением климата: 12 августа 2021 23:37 ▶ Читать подробнее актуальные новости и события на сайте."
RU-D00680,RU,train,RELEVANT,SCIENCE_GEN,Ученые предложили затемнить солнечный свет в Южной Африке: 27 ноября 2020 13:26 - новости на Tengrinews.kz Tengrinews.kz ▶ Ученые предложили затемнить солнечный свет в Южной Африке: 27 ноября 2020 13:26 ▶ Читать подробнее актуальные новости и события на сайте.
RU-D00635,RU,train,RELEVANT,AGRI_LAND,Изменение климата приводит к продовольственному кризису (мнение) Ситуация с голодом в мире может усугубиться из-за изменений климата. Мнение гендиректора ФАО Цюй Дунъюя.
RU-D05300,RU,train,RELEVANT,WATER_CRYO,"Динара Кутманова: На ""Кумторе"" ледниковую воду используют для промывки и технических нужд На ""Кумторе"" ледниковую воду из озера Петрова используют для промывки золота и на технические нужды."
RU-D05809,RU,train,RELEVANT,DISASTER,"Обвал ледника на перевале Джууку. В МЧС рассказали, какого объема была лавина В пресс-службе МЧС рассказали, что сотрудники их ведомства обследуют место обвала ледника в ущелье Джууку в Иссык-Кульской области. Сообщается, что предполагаемый объем сошедшей ледниковой массы - 2 миллиона 11 тысяч 500 кубометров."
RU-D03550,RU,train,NOT_RELEVANT,,Отличие выбросов на модернизированной и старой частях бишкекской ТЭЦ Смог над Бишкеком. Как бишкекская ТЭЦ влияет на загрязнение воздуха в столице?
RU-D04684,RU,train,RELEVANT,ENERGY,Акылбек Жапаров провел финальные переговоры по строительству солнечной электростанции Акылбек Жапаров провел заключительные переговоры с консорциумом китайских компаний по строительству солнечной электростанции мощностью 1 ГВт в Иссык-Кульской области.
RU-D03360,RU,train,RELEVANT,WATER_CRYO,Леонардо Ди Каприо написал о проблеме Аральского моря: 26 августа 2015 09:35 - новости на Tengrinews.kz Tengrinews.kz ▶ Леонардо Ди Каприо написал о проблеме Аральского моря: 26 августа 2015 09:35 ▶ Читать подробнее актуальные новости и события на сайте.
RU-D00549,RU,train,RELEVANT,WATER_CRYO,"ӨКМ: жырылып кетүү кооптуулугу бар көлдөр тыкыр көзөмөлдөнүүдө Тоо башындагы көлдөр мөңгүнүн эришинен улам жырылып кетиши ыктымал, ошондуктан күн ысык кезде алар тыкыр көзөмөлдөнөт."
RU-D01037,RU,train,RELEVANT,WATER_CRYO,Ученые: Балхаш может повторить судьбу Арала В недалеком будущем судьбу Аральского моря может повторить Балхаш.
RU-D05442,RU,train,RELEVANT,SCIENCE_GEN,"Климатологи: Землю ожидает самый жаркий период за всю историю наблюдений Всемирная метеорологическая организация ООН опубликовала тревожный доклад, согласно которому в ближайшие пять лет Землю ожидает самый жаркий период за всю историю наблюдений."
RU-00014,RU,train,RELEVANT,WATER_CRYO,"Шамиль Ильясов: Если тенденция изменения климата в Кыргызстане будет продолжаться, страна потеряет значительную массу ледников Шамиль Ильясов: Если тенденция изменения климата в Кыргызстане будет продолжаться, страна потеряет значительную массу ледников «Если тенденция изменения климата в Кыргызстане буде"
RU-D00887,RU,train,RELEVANT,ENERGY,"Переход на возобновляемые источники энергии в Кыргызстане - это реально. Что нужно сделать Что нужно сделать Кыргызстану, чтобы реально перейти на возобновляемые источники энергии, зачем это вообще нужно и чем грозит игнорирование диверсификации энергоснабжения - читайте в анализе от ""МувГрин"":"
RU-D04172,RU,train,RELEVANT,POLICY,Саммит в Туркменистане. Садыр Жапаров призвал сократить выбросы углерода Президент Садыр Жапаров: Организация экономического сотрудничества должна быть готова к вызовам современного мира по расширению деятельности экономических проектов
RU-D01135,RU,train,RELEVANT,POLICY,"Обещает одно, делает другое. О непоследовательности Садыра Жапарова на примере экологии 3 ноября в Глазго президент, выступая перед донорами и прося $10 млрд, пообещал, что Кыргызстан сократит вредные выбросы. Но в самом Кыргызстане действия властей идут вразрез с этими обещаниями."
RU-D03106,RU,train,RELEVANT,HEALTH_SOCIETY,Кыргызстанцы от 14 до 35 лет могут принять участие в Климатическом караване Открыт набор в Молодежный климатический караван для участия в разработке климатической повестки Кыргызстана
RU-D02327,RU,train,RELEVANT,POLICY,"Жапаров Парижде ЮНЕСКОнун сессиясында сүйлөп, Айтматовдун осуятын айтты Президент климаттын глобалдык өзгөрүүсүнүн кесепеттерине токтолуп, 2027-жылы Кыргызстан ""Бишкек+25"" тоо саммитин өткөрүүнү пландаштырып жатканын белгилеген."
RU-C00214,RU,train,RELEVANT,POLICY,"Узбекистан получил от Всемирного банка выплату за сокращение выбросов Правительство Узбекистана обязалось использовать часть средств, получаемых в рамках проекта iCRAFT, для оказания финансового содействия уязвимым домохозяйствам, чье благополучие затронули недавние изменения тарифов на электричество и газ, - говорится в сообщении"
RU-D05590,RU,train,NOT_RELEVANT,,В Кыргызстане учрежден Совет экологического строительства Впервые учрежден Совет экологического строительства Кыргызстана как часть глобального движения World Green Building Council.
RU-C00066,RU,train,RELEVANT,POLICY,Франция и Туркменистан сосредоточат общие усилия на сокращении выбросов метана и управлении водными ресурсами Ашхабад может присоединиться к Глобальному обязательству по выбросам метана
RU-D01209,RU,train,RELEVANT,POLICY,"GCF ""Зеленый климатический фонд"" запускает проект технической помощи для Doscredobank GCF ""Зеленый климатический фонд"" запускает проект технической помощи для Doscredobank."
RU-D01480,RU,train,RELEVANT,POLICY,"""Как топтались на месте, так и топчемся"". Эксперт о решении проблем экологии в Кыргызстане Саммит по климату и вопросы экологической политики Кыргызстана - тема новой публикации эксперта Исмаила Даирова."
RU-C00458,RU,train,RELEVANT,POLICY,ОБСЕ обучает туркменских специалистов мониторингу выбросов метана Ашхабад планирует присоединиться к Глобальному метановому обязательству
RU-C00533,RU,train,RELEVANT,WATER_CRYO,"Эльдар Гильфанов: Леднику Давыдова в Кыргызстане некуда двигаться, кроме как в карьер «Кумтора» Эльдар Гильфанов: Леднику Давыдова в Кыргызстане некуда двигаться, кроме как в карьер «Кумтора»«Леднику Давыдова в Кыргызстане некуда двигаться, кроме как в карьер «К"
RU-D05578,RU,train,RELEVANT,POLICY,Мамин принял участие в климатическом саммите в Глазго: 02 ноября 2021 13:34 - новости на Tengrinews.kz Tengrinews.kz ▶ Мамин принял участие в климатическом саммите в Глазго: 02 ноября 2021 13:34 ▶ Читать подробнее актуальные новости и события на сайте.
RU-D00799,RU,train,RELEVANT,ENERGY,АО ”АрселорМиттал Темиртау” на пути снижения углеродного следа: 20 февраля 2023 15:12 - новости на Tengrinews.kz Tengrinews.kz ▶ АО ”АрселорМиттал Темиртау” на пути снижения углеродного следа: 20 февраля 2023 15:12 ▶ Читать подробнее актуальные новости и события на сайте.
RU-D03528,RU,train,RELEVANT,HEALTH_SOCIETY,Жүрегімді елжіретті - экология министрі БҰҰ-да сөз сөйлеген Грета Тунберг туралы: 30 октября 2019 12:55 - новости на Tengrinews.kz Tengrinews.kz ▶ Жүрегімді елжіретті - экология министрі БҰҰ-да сөз сөйлеген Грета Тунберг туралы: 30 октября 2019 12:55 ▶ Читать подробнее актуальные новости и события на сайте.
RU-D04618,RU,train,RELEVANT,ENERGY,"""Сотни малых ГЭС, солнечных и ветряных станций"". Акылбек Жапаров назвал цели в энергетике Глава кабмина, выступая на национальном форуме по переходу к устойчивой энергетике, рассказал, какой потенциал имеет, но пока не использует страна."
RU-D03148,RU,train,RELEVANT,POLICY,Токаев призвал обратить внимание на экологию и проблемы климата: 09 августа 2024 15:00 - новости на Tengrinews.kz Tengrinews.kz ▶ Токаев призвал обратить внимание на экологию и проблемы климата: 09 августа 2024 15:00 ▶ Читать подробнее актуальные новости и события на сайте.
RU-D03998,RU,train,NOT_RELEVANT,,Белорусские производители проявили интерес к тендеру по закупке экологичных автобусов Мэр Бишкека и посол Беларуси в КР обсудили также возможности создания предприятий по сборке троллейбусов и лифтов. Подробнее:
RU-D04648,RU,train,RELEVANT,WATER_CRYO,"Аскар Салымбеков: Сохраняя ледники, сохранить мир на границах Аскар Салымбеков: Необходимо создать единый центр для сохранения ледников в Центральной Азии"
RU-C00366,RU,train,RELEVANT,WATER_CRYO,Для изучения состояния ледников Кыргызстана в районе работы Кумтора может понадобиться $50 тысяч Для изучения состояния ледников Кыргызстана в районе работы Кумтора может понадобиться $50 тысячДля изучения состояния ледников Кыргызстана в районе работы Кумтора может понадобиться $50 тыс
RU-D04947,RU,train,RELEVANT,WATER_CRYO,Вода начала поступать в Малое Аральское море: 16 сентября 2021 19:43 - новости на Tengrinews.kz Tengrinews.kz ▶ Вода начала поступать в Малое Аральское море: 16 сентября 2021 19:43 ▶ Читать подробнее актуальные новости и события на сайте.
RU-D02433,RU,train,RELEVANT,WATER_CRYO,"В Аральское море возвращается вода В Аральское море возвращается вода. По последним данным, объёмы в Малом Арале увеличились до 23 миллиардов кубических метров, передаёт Tengrinews.kz со ссылкой на Almaty.tv."
RU-D03318,RU,train,NOT_RELEVANT,,Экологическая катастрофа может произойти в горах Алматы - ученые: 13 августа 2020 10:54 - новости на Tengrinews.kz Tengrinews.kz ▶ Экологическая катастрофа может произойти в горах Алматы - ученые: 13 августа 2020 10:54 ▶ Читать подробнее актуальные новости и события на сайте.
RU-C00339,RU,train,RELEVANT,SCIENCE_GEN,"Ледниковый период наступит в 2014 году? Задается вопросом Ледниковый период наступит в 2014 году? Задается вопросомLa Stampa (Италия). По мнению российского ученого, эра потепления закончилась, более того, начинается малый ледниковый период. Часы п"
RU-D02138,RU,train,RELEVANT,SCIENCE_GEN,"БУУ Жердин көп бөлүгүндө аба ырайы катуу өзгөрө турганын эскертти. Себеби Тынч океандагы бул кубулуштун кесепетинен Жердин бир катар аймактарын аптап каптаса, кайсы бир жерлеринде жаан-чачындын арбый турганы айтылды."
RU-D02036,RU,train,RELEVANT,SCIENCE_GEN,Глобальное потепление ”вернет” Землю на 35 миллионов лет назад - ученый: 21 апреля 2021 09:34 - новости на Tengrinews.kz Tengrinews.kz ▶ Глобальное потепление ”вернет” Землю на 35 миллионов лет назад - ученый: 21 апреля 2021 09:34 ▶ Читать подробнее актуальные новости и события на сайте.
RU-C00312,RU,train,RELEVANT,POLICY,"В вопросах климата Центральная Азия не готова защищать свои интересы, считает В вопросах климата Центральная Азия не готова защищать свои интересы, считает«Немецкая волна» (Германия). Страны Центральной Азии относятся к числу наиболее уязвимых в том, что к"
RU-01443,RU,train,NOT_RELEVANT,,Как в Сурхандарье защищают нацпарки от пожаров В стратегически важных точках национального природного парка «Юкори Тупаланг» размещают пластиковые емкости с водой.
RU-D00077,RU,train,RELEVANT,SCIENCE_GEN,"Как изменение климата влияет на Кыргызстан и что делать. Мнение аналитика Как изменение климата влияет на Кыргызстан? Что будет, если не решать эту проблему? Какие варианты решения существуют? На эти, и не только, вопросы ответил аналитик Бактыбек Саипбаев. Подробнее:"
RU-D02715,RU,train,RELEVANT,SCIENCE_GEN,"Глобальному потеплению предрекли скорый выход из-под контроля Британские ученые из Центра экологической политики Имперского колледжа Лондона считают, что глобальные температуры пройдут безопасный порог потепления в 1,5 градуса к концу текущего десятилетия."
RU-D05292,RU,train,NOT_RELEVANT,,Древнее оружие нашли в ледниках Норвегии: 20 апреля 2020 18:05 - новости на Tengrinews.kz Tengrinews.kz ▶ Древнее оружие нашли в ледниках Норвегии: 20 апреля 2020 18:05 ▶ Читать подробнее актуальные новости и события на сайте.
RU-D00745,RU,train,RELEVANT,POLICY,Акылбек Жапаров: жашыл экономиканы курууга Кыргызстанда шарт бар Акылбек Жапаров форумдун чечимдеринин аткарылышына мониторинг жүргүзө турган Экономикалык форумдун катчылыгын түзүүнү сунуштаган жана аны Бишкекте жайгаштырууга Кыргызстан даяр экенин айткан.
RU-D04278,RU,train,RELEVANT,HEALTH_SOCIETY,"Активисты MoveGreen провели климатические тренинги в мечетях и медресе Организация MoveGreen обучила имамов и преподавателей медресе тому, как рассказывать о климатических изменениях через исламские ценности. Проект охватил религиозные общины в разных регионах Кыргызстана."
RU-D04123,RU,train,NOT_RELEVANT,,34 миллиарда тенге на охрану экологии. Как в Павлодаре снижают выбросы: 03 июля 2021 11:22 - новости на Tengrinews.kz Tengrinews.kz ▶ 34 миллиарда тенге на охрану экологии. Как в Павлодаре снижают выбросы: 03 июля 2021 11:22 ▶ Читать подробнее актуальные новости и события на сайте.
RU-D05763,RU,train,RELEVANT,POLICY,Байден объявит о чрезвычайной климатической ситуации - СМИ: 19 июля 2022 11:50 - новости на Tengrinews.kz Tengrinews.kz ▶ Байден объявит о чрезвычайной климатической ситуации - СМИ: 19 июля 2022 11:50 ▶ Читать подробнее актуальные новости и события на сайте.
RU-D03876,RU,train,NOT_RELEVANT,,Кызылординский школьник изобрел уникальный вид ветрогенератора: 13 января 2019 09:30 - новости на Tengrinews.kz Tengrinews.kz ▶ Кызылординский школьник изобрел уникальный вид ветрогенератора: 13 января 2019 09:30 ▶ Читать подробнее актуальные новости и события на сайте.
RU-C00045,RU,train,RELEVANT,AGRI_LAND,Аграриям Жамбылской области возместят потери из-за засухи В Жамбылской области прошла встреча населения с премьер-министром Казахстана
RU-D05585,RU,train,RELEVANT,WATER_CRYO,В Таджикистане откололась большая часть ледника Исмоила Сомони От ледника на вершине пика Исмоила Сомони в Таджикистане откололась крупная масса льда.
RU-D00071,RU,train,RELEVANT,AGRI_LAND,"Фермеры Баткенской области осваивают новые знания по адаптации к изменению климата На прошлой неделе в Баткенской области прошли практические занятия для местных фермеров, направленные на усовершенствование их знаний и навыков, связанных с адаптацией к изменению климата."
RU-C00486,RU,train,RELEVANT,AGRI_LAND,Поддержка ЕС агропродовольственного сектора Узбекистана в смягчении последствий и адаптации в условиях изменения климата Изменение климата уже влияет на жизнь людей во всем мире
RU-00028,RU,train,RELEVANT,POLICY,"Разработаны меры по смягчению последствий изменения климата в Ташкенте и Ташкентской области Реализация данных мер позволит снизить объемы загрязняющих выбросов, повысить экологическую безопасность, а также создать более комфортные условия проживания для жителей столицы и Ташкентской области."
RU-D02088,RU,train,RELEVANT,DISASTER,Засуха в Мангистау: Токаев назвал причину медлительности госорганов: 22 сентября 2021 18:41 - новости на Tengrinews.kz Tengrinews.kz ▶ Засуха в Мангистау: Токаев назвал причину медлительности госорганов: 22 сентября 2021 18:41 ▶ Читать подробнее актуальные новости и события на сайте.
RU-D04325,RU,train,RELEVANT,WATER_CRYO,НАСА Антарктидада жүз километрлик жараканы тапты Ларсен С мөңгүсү Антарктиданын чыгыш тарабында жайгашып 1995-жылдан бери акырындык менен жок боло баштаган.
RU-D05198,RU,train,RELEVANT,OTHER_CLIMATE,"В Оше детский сад №76 модернизировали с учетом изменения климата В Оше после реконструкции представили детский сад №76 как демонстрационную модель учреждения, адаптированного к изменению климата. В детсаду повысили энергоэффективность, модернизировали системы отопления и вентиляции и улучшили качество воздуха в по"
RU-D02376,RU,train,RELEVANT,ENERGY,На Чакан ГЭС действует плавучая солнечная электростанция Плавучая солнечная электростанция работает в штатном режиме.
RU-C00287,RU,train,RELEVANT,POLICY,"Туркменистан готов внедрять инновационные технологии для сокращения выбросов метана Метан представляет собой угрозу для климата в 80 раз более мощную, чем CO2"
RU-D01836,RU,train,RELEVANT,SCIENCE_GEN,Ученые обнаружили признаки скорой климатической катастрофы: 12 апреля 2019 07:25 - новости на Tengrinews.kz Tengrinews.kz ▶ Ученые обнаружили признаки скорой климатической катастрофы: 12 апреля 2019 07:25 ▶ Читать подробнее актуальные новости и события на сайте.
RU-D01309,RU,train,RELEVANT,WATER_CRYO,Иртыш предлагают использовать для спасения Аральского моря: 28 июля 2015 18:27 - новости на Tengrinews.kz Tengrinews.kz ▶ Иртыш предлагают использовать для спасения Аральского моря: 28 июля 2015 18:27 ▶ Читать подробнее актуальные новости и события на сайте.
RU-D02830,RU,train,RELEVANT,ENERGY,"Возобновляемая энергия обогнала уголь: ООН призывает ускорить отказ от ископаемого топлива Впервые в истории солнечные и ветровые источники произвели больше электроэнергии, чем уголь, а их рост уже опережает мировой спрос. Генсек ООН Антониу Гутерриш назвал это ""историческим переломным моментом""."
RU-D02174,RU,train,NOT_RELEVANT,,Ойго келбейт. БУУ адамзат үчүн кандай кооптуулуктар жаралып жатканын айтты Эл аралык абройлуу уюм адам баласына зыянын тийгизе турган токойдогу өрттөр менен добуштардын кесепети экендигин айткан.
RU-D01008,RU,train,RELEVANT,ENERGY,"В бишкекской школе активисты запустили водонагреватель на солнечных панелях Команда ""MoveGreen (МувГрин)"" провела установку и запуск водонагревателя на солнечных панелях в средней образовательной школе № 86 Первомайского района города Бишкека."
RU-D03068,RU,train,RELEVANT,ENERGY,”Самрук-Қазына” планирует на 10 процентов сократить углеродный след: 08 октября 2021 11:15 - новости на Tengrinews.kz Tengrinews.kz ▶ ”Самрук-Қазына” планирует на 10 процентов сократить углеродный след: 08 октября 2021 11:15 ▶ Читать подробнее актуальные новости и события на сайте.
RU-D01941,RU,train,RELEVANT,ENERGY,Зеленая экономика: как сократить вредные выбросы CO2: 11 апреля 2023 09:00 - новости на Tengrinews.kz Tengrinews.kz ▶ Зеленая экономика: как сократить вредные выбросы CO2: 11 апреля 2023 09:00 ▶ Читать подробнее актуальные новости и события на сайте.
RU-D03673,RU,train,RELEVANT,ENERGY,"Бийлик үй жылуулоого жана электромобиль алууга жеңилдетилген насыяга акча бөлдү БИШКЕК, 10-июл. — Sputnik. Министрлер кабинети Ишкердикти өнүктүрүү фондуна 678,9 миллион сом бөлүү чечимин кабыл алды. Бул тууралуу аталган фонддон кабарлашты."
RU-D00154,RU,train,RELEVANT,POLICY,Садыр Жапаров прилетел в Баку на Климатический саммит Президент Садыр Жапаров прибыл в Баку для участия в 29-й Конференции сторон рамочной Конвенции ООН по изменению климата.
RU-C00324,RU,train,RELEVANT,POLICY,Туркменистан примет меры по борьбе с изменением климата Об этом страна объявила на конференции ОБСЕ
RU-D01549,RU,train,RELEVANT,ENERGY,В Индии освоят значительный потенциал одного из штатов по выработке солнечной энергии Потенциал штата Джамму и Кашмир по выработке солнечной энергии оценили как второй по величине в Индии. У правительства страны - амбициозные планы на эту отрасль в регионе.
RU-D04929,RU,train,RELEVANT,HEALTH_SOCIETY,"30 процентов людей на Земле могуть стать климатическими мигрантами к концу века При наихудшем сценарии изменения климата к концу 21 века около трех миллиардов человек, то есть около 30 процентов населения планеты, будут вынуждены сменить место жительства, при наилучшем - мигрантами станут 10 процентов землян. Об этом РИА Новости рассказал климатолог Алексей Кокорин, передает Tengri Life."
RU-D01643,RU,train,RELEVANT,WATER_CRYO,"О море, ставшем пустыней. Арал в цифрах и фактах: 01 ноября 2016 11:58 - новости на Tengrinews.kz Tengrinews.kz ▶ О море, ставшем пустыней. Арал в цифрах и фактах: 01 ноября 2016 11:58 ▶ Читать подробнее актуальные новости и события на сайте."
RU-D03465,RU,train,RELEVANT,SCIENCE_GEN,Выбросы двуокиси углерода при производстве цемента удвоились за 20 лет - ученые: 23 июня 2022 16:51 - новости на Tengrinews.kz Tengrinews.kz ▶ Выбросы двуокиси углерода при производстве цемента удвоились за 20 лет - ученые: 23 июня 2022 16:51 ▶ Читать подробнее актуальные новости и события на сайте.
RU-D03629,RU,train,RELEVANT,ENERGY,"Как работают солнечные батареи и во сколько они обойдутся семье Многие начали задумываться об альтернативных источниках энергии. Kaktus.media посчитал, во сколько обойдется установка солнечных батарей и на что их хватит."
RU-D02892,RU,train,RELEVANT,POLICY,"Изменения климата коснутся всех. Как Кыргызстан собирается защищать окружающую среду Кыргызстан провел консультации и определил свои позиции на встрече ""Стокгольм +50""."
RU-D02496,RU,train,RELEVANT,SCIENCE_GEN,"Адамзат тарыхтагы эң жылуу январды башынан кечирди Быйылкы январда кургак жерлерде аба температурасынын орточо көрсөткүчү 16,6 градус болуп турду. Бул акыркы 141 жылдан берки эң жогорку көрсөткүч."
RU-C00708,RU,train,RELEVANT,HEALTH_SOCIETY,В столице Кыргызстана обсудят влияние климата на здоровье граждан В столице Кыргызстана обсудят влияние климата на здоровье гражданВ столице Кыргызстана обсудят влияние изменения климата на здоровье граждан. Об этом сообщает пресс-служба Министерства здрав
RU-D01767,RU,train,RELEVANT,SCIENCE_GEN,Алдыңкы он жылда климат кандай өзгөрөт? Адистин жообу Адистин божомолунда мурдагыдай өтө суук кыштар аз болот.
RU-D03524,RU,train,NOT_RELEVANT,,”Ушел и не вернулся”. 17-летний студент без вести пропал в Актобе: 03 марта 2018 02:39 - новости на Tengrinews.kz Tengrinews.kz ▶ ”Ушел и не вернулся”. 17-летний студент без вести пропал в Актобе: 03 марта 2018 02:39 ▶ Читать подробнее актуальные новости и события на сайте.
RU-D04499,RU,train,RELEVANT,SCIENCE_GEN,Затопление Нью-Йорка из-за глобального потепления показали на видео: 03 июня 2017 01:54 - новости на Tengrinews.kz Tengrinews.kz ▶ Затопление Нью-Йорка из-за глобального потепления показали на видео: 03 июня 2017 01:54 ▶ Читать подробнее актуальные новости и события на сайте.
RU-C00479,RU,train,RELEVANT,WATER_CRYO,"Камчибек Мусуралиев: Ледники Кыргызстана нуждаются в исследовании Камчибек Мусуралиев: Ледники Кыргызстана нуждаются в исследовании«Ледники Кыргызстана нуждаются в исследовании», - заявил сегодня на пресс-конференции начальник Кыргызской компле"
RU-D02855,RU,train,RELEVANT,POLICY,"ООН призывает пересмотреть климатические стратегии Генеральный секретарь ООН Антониу Гутерриш призвал мировое сообщество срочно пересмотреть свои климатические стратегии, после того как в понедельник был вновь зафиксирован самый жаркий день в истории наблюдений."
RU-D04453,RU,train,RELEVANT,WATER_CRYO,"Что будет, если Аральское море восстановится? Шесть возможных изменений и одна дилемма Давайте представим такую ситуацию: в один из дней жители Казахстана проснулись и узнали — Аральское море (оно же озеро) вдруг вернулось к своим"
RU-D04242,RU,train,RELEVANT,POLICY,"Токаев высказался о климатических проблемах Центральной Азии Президент Казахстана Касым-Жомарт Токаев высказался о климатических проблемах Центральной Азии, передает Tengrinews.kz со ссылкой на пресс-службу Акорды."
RU-D04845,RU,train,RELEVANT,WATER_CRYO,"Спасение Арала и Каспия: Токаев выступил с предложениями на саммите в Баку Президент Касым-Жомарт Токаев, выступая на саммите Специальной программы ООН для экономик Центральной Азии (СПЕКА) предложил начать совместную научно-исследовательскую и прикладную работу по экологической и климатической проблематике, а также управлению трансграничными водными ресурсами, передает корреспондент Tengrinews.kz."
RU-D04654,RU,train,RELEVANT,WATER_CRYO,"Почему все бросились спасать ледники и нужно ли это? Мнения экспертов Экологи против разработки месторождений на ледниках. Экономисты убеждены, что без этого экономический урон будет выше."
RU-00023,RU,train,RELEVANT,SCIENCE_GEN,"Метеорологи зафиксировали энергетический дисбаланс Земли — чем это грозит Энергетический баланс Земли измеряет скорость, с которой энергия поступает в систему Земли и покидает ее. В условиях стабильного климата поступающая от Солнца энергия примерно равна количеству уходящей энергии. Однако концентрация парниковых газов удерживает это тепло."
RU-D02223,RU,train,RELEVANT,WATER_CRYO,Ледники неизбежно исчезнут к 2050 году - ученые: 03 ноября 2022 18:16 - новости на Tengrinews.kz Tengrinews.kz ▶ Ледники неизбежно исчезнут к 2050 году - ученые: 03 ноября 2022 18:16 ▶ Читать подробнее актуальные новости и события на сайте.
RU-D05252,RU,train,RELEVANT,WATER_CRYO,"Депутат: Китайские инвесторы в Алайском районе разрушают ледники Депутат Жанар Акаев заявил, что китайские инвесторы, добывающие уголь в Алайском районе, разрушают ледники."
RU-D01683,RU,train,RELEVANT,HEALTH_SOCIETY,"Засуха, жара, изменение климата. Обращение к властям Кыргызстана Климат меняется. Кыргызстан не может оставаться в стороне от этих процессов. Как в такой ситуации должен действовать кабмин? Зеленый альянс Кыргызстана подготовил обращение."
RU-D00749,RU,train,RELEVANT,POLICY,Справедливая углеродная нагрузка: Казахстан привлекает все отрасли экономики: 02 июня 2023 17:04 - новости на Tengrinews.kz Tengrinews.kz ▶ Справедливая углеродная нагрузка: Казахстан привлекает все отрасли экономики: 02 июня 2023 17:04 ▶ Читать подробнее актуальные новости и события на сайте.
RU-C00397,RU,train,RELEVANT,SCIENCE_GEN,"Климат в Казахстане становится теплее, пишет Климат в Казахстане становится теплее, пишет«Экспресс К» (Казахстан). В исследовании ученых из Лаборатории реактивного движения (JPL) НАСА Казахстан назван в числе тех, где отмеч"
RU-00068,RU,train,RELEVANT,POLICY,"«Узбекистан вносит свой вклад в решение экологических проблем региона» - Спецпредставитель Президента РУз по внешней политике Абдулазиз Камилов В контексте усилий Узбекистана, Президент Шавкат Мирзиёев с трибуны ООН в сентябре инициировал принятие резолюции Генассамблеи ООН «Центральная Азия перед лицом глобальных климатических вызовов: консолидация во имя общего процветания»"
RU-D00688,RU,train,NOT_RELEVANT,,"Корабль в пустыне. Зачем иностранцы едут к Аральскому морю В Центральной Азии немало мест, за счет которых можно развивать туризм. Какие-то из них славятся живописной природой - горами,"
RU-C00730,RU,train,RELEVANT,POLICY,"Узбекистан станет первой страной в Центральной Азии, производящей углеродные кредиты Стране выделят средства на борьбу с парниковыми газами"
RU-D04683,RU,train,RELEVANT,WATER_CRYO,Президент Казахстана призвал страны Центральной Азии вместе защищать ледники Касым-Жомарт Токаев выразил беспокойство по поводу изменения климата и его последствий для Центральной Азии.
RU-D04822,RU,train,RELEVANT,SCIENCE_GEN,"Ученые: Глобальное потепление влияет на частоту кваканья лягушек Ученые из Северной Каролины установили, что повышение температуры воздуха и воды влияет на поведение европейских древесных лягушек (Pseudacris sierra)."
RU-D03386,RU,train,RELEVANT,POLICY,"Морт жана кайталангыс дүйнө. Жапаров жаратылышты сактоонун жолдорун айтты Өкмөт башчы президенттин жарлыгы менен быйылкыны ""Тоолордун экосистемасын жана климаттык туруктуулугун коргоо жылы"" деп жарыяланганын эске салды."
RU-D03628,RU,train,RELEVANT,ENERGY,Китайские компании планируют построить солнечную электростанцию на Иссык-Куле China Power International Development Limited и China Railway 20 Bureau Group Corporation планируют построить на Иссык-Куле солнечную электростанцию мощностью в 1 ГВт. Соответствующее соглашение должно быть подписано во время визита президента в КНР.
RU-D03345,RU,train,RELEVANT,WATER_CRYO,“Мы не остановимся“. Эколог подал в суд на министерство на фоне ситуации с Каспием: 22 апреля 2025 17:23 - новости на Tengrinews.kz Tengrinews.kz ▶ “Мы не остановимся“. Эколог подал в суд на министерство на фоне ситуации с Каспием: 22 апреля 2025 17:23 ▶ Читать подробнее актуальные новости и события на сайте.
RU-00116,RU,train,RELEVANT,POLICY,"ЕС приветствует присоединение Туркменистана к Глобальному обязательству по метану Эксперты считают, что страна может добиться нулевого роста выбросов парниковых газов к 2030 году"
RU-D04743,RU,train,RELEVANT,WATER_CRYO,Как тает снег в горах Ала-Тоо. Глобальное потепление в одной гифке За 30 лет площадь снежного покрова в предгорьях и горах Киргизского хребта значительно сократилась.
RU-D04036,RU,train,RELEVANT,ENERGY,Садыр Жапаров запустил первую солнечную электростанцию в Кемине (фото) В Чуйской области заработала первая солнечная электростанция. Подробнее:
RU-D02252,RU,train,RELEVANT,ENERGY,ОАЭ хочет построить в КР солнечную электростанцию. Просит землю на Иссык-Куле Компания Masdar из Объединенных Арабских Эмиратов построит в Кыргызстане солнечную электростанцию. Речь идет об инвестициях в энергетику примерно $180 млн. Интересует инвесторов и гидроэнергетика. Подробнее:
RU-D01604,RU,train,RELEVANT,SCIENCE_GEN,Климат Алматы приобретает черты субтропического - эксперт: 23 июня 2016 08:52 - новости на Tengrinews.kz Tengrinews.kz ▶ Климат Алматы приобретает черты субтропического - эксперт: 23 июня 2016 08:52 ▶ Читать подробнее актуальные новости и события на сайте.
RU-D00166,RU,train,RELEVANT,ENERGY,"Создано топливо из пластика, углекислого газа и солнечной энергии: 10 января 2023 05:30 - новости на Tengrinews.kz Tengrinews.kz ▶ Создано топливо из пластика, углекислого газа и солнечной энергии: 10 января 2023 05:30 ▶ Читать подробнее актуальные новости и события на сайте."
RU-00054,RU,train,RELEVANT,SCIENCE_GEN,"Изменение климата замедляет вращение Земли – исследование Геофизик из Калифорнийского университета в Сан-Диего, Дункан Агнью, выявил, что таяние льдов в Антарктике и Гренландии приводит к перераспределению земной массы, поскольку вода с ледников перемещается к экватору, изменяя центр тяжести планеты и её угловую скорость вращения"
RU-D01072,RU,train,RELEVANT,WATER_CRYO,Ученые нашли причину аномального таяния ледников Гренландии: 05 апреля 2016 11:01 - новости на Tengrinews.kz Tengrinews.kz ▶ Ученые нашли причину аномального таяния ледников Гренландии: 05 апреля 2016 11:01 ▶ Читать подробнее актуальные новости и события на сайте.
RU-D05657,RU,train,RELEVANT,AGRI_LAND,"Потепление с последствиями: в степях Казахстана активизировались вредители В Шалкарском районе Актюбинской области зафиксировано преждевременное появление саранчи. По словам специалистов, из-за раннего потепления личинки начали выходить раньше обычных сроков, передает корреспондент Tengrinews.kz."
RU-D00278,RU,train,RELEVANT,ENERGY,Запуск солнечной электростанции в Балхаше намечен на лето 2022 года: 28 декабря 2021 21:00 - новости на Tengrinews.kz Tengrinews.kz ▶ Запуск солнечной электростанции в Балхаше намечен на лето 2022 года: 28 декабря 2021 21:00 ▶ Читать подробнее актуальные новости и события на сайте.
RU-D04088,RU,train,NOT_RELEVANT,,Турист снял обрушение ледника в горах Кыргызстана: 11 июля 2022 01:26 - новости на Tengrinews.kz Tengrinews.kz ▶ Турист снял обрушение ледника в горах Кыргызстана: 11 июля 2022 01:26 ▶ Читать подробнее актуальные новости и события на сайте.
RU-D04284,RU,train,RELEVANT,ENERGY,"В Кыргызстане построят работающую на солнечной энергии электростанцию Агентство по продвижению инвестиций проработает с инвесторами вопрос строительства электростанции, работающей на солнечн"
RU-D00660,RU,train,RELEVANT,ENERGY,Американский газ в Европе обернется ”мировой климатической катастрофой” - СМИ: 28 марта 2022 21:21 - новости на Tengrinews.kz Tengrinews.kz ▶ Американский газ в Европе обернется ”мировой климатической катастрофой” - СМИ: 28 марта 2022 21:21 ▶ Читать подробнее актуальные новости и события на сайте.
RU-D05632,RU,train,RELEVANT,POLICY,Алия Назарбаева: Казахстан на пути к углеродной нейтральности: 04 октября 2021 10:00 - новости на Tengrinews.kz Tengrinews.kz ▶ Алия Назарбаева: Казахстан на пути к углеродной нейтральности: 04 октября 2021 10:00 ▶ Читать подробнее актуальные новости и события на сайте.
RU-D04171,RU,train,RELEVANT,HEALTH_SOCIETY,Климатические активисты сорвали военный парад королевы Елизаветы II: 03 июня 2022 18:53 - новости на Tengrinews.kz Tengrinews.kz ▶ Климатические активисты сорвали военный парад королевы Елизаветы II: 03 июня 2022 18:53 ▶ Читать подробнее актуальные новости и события на сайте.
RU-C00435,RU,train,RELEVANT,POLICY,"За прошедшие 5 лет Китай снизил выбросы углекислого газа на 1,46 миллиарда тонн, рассказывает За прошедшие 5 лет Китай снизил выбросы углекислого газа на 1,46 миллиарда тонн, рассказывает«Синьхуа» (Китай). Госсовет КНР провел всекитайское телеселекторное совещание, где по"
RU-D00826,RU,train,RELEVANT,WATER_CRYO,"Ледники Антарктиды сбрасывают айсберги быстрее, чем ожидалось - исследование: 11 августа 2022 18:46 - новости на Tengrinews.kz Tengrinews.kz ▶ Ледники Антарктиды сбрасывают айсберги быстрее, чем ожидалось - исследование: 11 августа 2022 18:46 ▶ Читать подробнее актуальные новости и события на сайте."
RU-C00507,RU,train,RELEVANT,ENERGY,ЕБРР остается неизменным партнером Узбекистана в инициативах создания возобновляемой энергетики – Анди Аранитаси Основные моменты интервью
RU-D02650,RU,train,RELEVANT,SCIENCE_GEN,"Климаттын өзгөрүшүн чагылдырып, дүйнөдө мыкты аталган сүрөттөр Глазгодогу климаттын өзгөрүшү боюнча БУУнун конференциясында фотографтар арасында уюштурулган эл аралык Environmental Photographer конкурсунун жеңүүчүлөрү аныкталды."
RU-C00073,RU,train,RELEVANT,SCIENCE_GEN,Объем выбросов углекислого газа рекордно вырос Это связано с резким увеличением авиасообщений после пандемии
RU-C00170,RU,train,RELEVANT,SCIENCE_GEN,"Нил Волкер: Для Центральной Азии изменение климата является серьезной проблемой Нил Волкер: Для Центральной Азии изменение климата является серьезной проблемой«Для Центральной Азии изменение климата является серьезной проблемой», - заявил сегодня на круглом"
RU-D01330,RU,train,RELEVANT,HEALTH_SOCIETY,Ни один ребенок не избежит воздействия изменения климата - ЮНИСЕФ: 20 августа 2021 19:23 - новости на Tengrinews.kz Tengrinews.kz ▶ Ни один ребенок не избежит воздействия изменения климата - ЮНИСЕФ: 20 августа 2021 19:23 ▶ Читать подробнее актуальные новости и события на сайте.
RU-D02370,RU,train,RELEVANT,ENERGY,Еще одну солнечную электростанцию открыли в Карагандинской области: 03 ноября 2023 16:05 - новости на Tengrinews.kz Tengrinews.kz ▶ Еще одну солнечную электростанцию открыли в Карагандинской области: 03 ноября 2023 16:05 ▶ Читать подробнее актуальные новости и события на сайте.
RU-D01337,RU,train,RELEVANT,HEALTH_SOCIETY,"В Кыргызстане люди будут переезжать из-за изменений климата В Кыргызстане запущен проект ""Содействие включению внутренних мигрантов в процесс зеленой реновации зданий в Кыргызстане"" при поддержке Фонда развития международной организации по миграции (IDF)."
RU-D03600,RU,train,RELEVANT,POLICY,Садыр Жапаров обсудил с представителями стран при ООН глобальную безопасность и климат Президент Садыр Жапаров принял постоянных представителей иностранных государств при ООН.
RU-00072,RU,train,RELEVANT,ENERGY,Узбекистан вместе с зарубежными партнёрами создаст мощности по выработке 25 гигаватт возобновляемой энергии Сделаны первые практические шаги по реализации проекта производства «зелёного» водорода»
RU-D04398,RU,train,RELEVANT,POLICY,"В Глазго стартуют переговоры по изменению климата. 5 причин, почему за этим нужно следить 1 ноября в Глазго стартует решающий раунд переговоров Организации Объединенных Наций по изменению климата - COP26. Редакция Kaktus.media рассказывает, почему за этим событием обязательно стоит следить, даже если вы живете в Кыргызстане."
RU-D03691,RU,train,RELEVANT,SCIENCE_GEN,Два индонезийских острова ушли под воду из-за глобального потепления - СМИ: 16 января 2020 09:48 - новости на Tengrinews.kz Tengrinews.kz ▶ Два индонезийских острова ушли под воду из-за глобального потепления - СМИ: 16 января 2020 09:48 ▶ Читать подробнее актуальные новости и события на сайте.
RU-D03811,RU,train,RELEVANT,WATER_CRYO,"Центральная Азия теряет ледники: что это значит для региона Таяние ледников в Центральной Азии вызывает обеспокоенность властей и экспертов. До 80% водных ресурсов региона формируется за счет ледников, и их сокращение уже усиливает риск дефицита воды."
RU-D01239,RU,train,RELEVANT,DISASTER,"Күн жылынса - су тасқыны, күн ысыса - құрғақшылық қаупі: Қазақстан мәселені неге шеше алмай отыр? Көктем бастала салысымен Қазақстан өңірлерінде су тасқыны болды. Іле-шала Қазгидромет құрғақшылық қаупі төніп тұрған өңірлер бар екенін де жариялады."
RU-D04887,RU,train,RELEVANT,WATER_CRYO,Ледники Джунгарского Алатау могут исчезнуть к 2080 году: 27 июля 2015 18:28 - новости на Tengrinews.kz Tengrinews.kz ▶ Ледники Джунгарского Алатау могут исчезнуть к 2080 году: 27 июля 2015 18:28 ▶ Читать подробнее актуальные новости и события на сайте.
RU-D00967,RU,train,RELEVANT,ENERGY,"""Жашыл"" электр станцияларын куруу үчүн 25 жылга ижарага жер алса болот Энергияны кайра жаралуучу булактардан алууну өнүктүрүү максатында документ иштелип чыкканы айтылды."
RU-C00568,RU,train,RELEVANT,ENERGY,Выбросы Google увеличились на 48% Развитие ИИ - главная причина роста углеродного следа технологического гиганта.
RU-01007,RU,train,NOT_RELEVANT,,Аким Жамбылской области поручил усилить меры на селеопасных участках Аким Жамбылской области Ербол Карашукеев в ходе рабочей поездки в Меркенский район ознакомился с состоянием селеопасных участков вдоль русла реки Мерке. Об этом сообщили в акимате региона.
RU-D05943,RU,train,RELEVANT,WATER_CRYO,Раскололся крупнейший ледник Гренландии: 15 сентября 2020 11:47 - новости на Tengrinews.kz Tengrinews.kz ▶ Раскололся крупнейший ледник Гренландии: 15 сентября 2020 11:47 ▶ Читать подробнее актуальные новости и события на сайте.
RU-C00543,RU,train,RELEVANT,POLICY,"Всемирный банк выделил Узбекистану 46,25 млн долларов на сокращение выбросов и выход на глобальные углеродные рынки Представители Узбекистана и Всемирного банка подписали соглашение в рамках проекта «Инновационное углеродное финансирование для трансформации энергетического сектора Узбекистана»."
RU-D00148,RU,train,NOT_RELEVANT,,Экологически чистые автобусы будут перевозить жителей Талдыкоргана: 05 декабря 2020 08:00 - новости на Tengrinews.kz Tengrinews.kz ▶ Экологически чистые автобусы будут перевозить жителей Талдыкоргана: 05 декабря 2020 08:00 ▶ Читать подробнее актуальные новости и события на сайте.
RU-D02776,RU,train,RELEVANT,ENERGY,"Садыр Жапаров подписал указ о передаче земель с возобновляемыми источниками энергии Президент подписал указ ""О вопросах передачи земель, предназначенных для использования возобновляемых источников энергии""."
RU-C00347,RU,train,RELEVANT,WATER_CRYO,Ашхабад инициирует создание Специальной Программы ООН по Аралу Аральское море когда–то было четвертым по величине озером в мире
RU-00058,RU,train,RELEVANT,POLICY,ООН консультирует Туркменистан по оценке рисков изменения климата В Ашхабаде планируется открыть центр ООН по климатическим технологиям в Центральной Азии
RU-00043,RU,train,RELEVANT,SCIENCE_GEN,Изменение климата: сравнение отношения ЦА и Европы Команда Daryo провела социальный опрос
RU-D02793,RU,train,RELEVANT,SCIENCE_GEN,Снимки из космоса показали воздействие потепления на Альпы: 03 июня 2022 12:45 - новости на Tengrinews.kz Tengrinews.kz ▶ Снимки из космоса показали воздействие потепления на Альпы: 03 июня 2022 12:45 ▶ Читать подробнее актуальные новости и события на сайте.
RU-D01205,RU,train,RELEVANT,DISASTER,"Кургакчылык жакындап... Чар тараптан тартылган чочуткан, таң калтырган 10 сүрөт Планетада климат өзгөргөн сайын анын кесепети улам көбүрөөк байкала баштады. Sputnik Кыргызстан сунуштаган сүрөт түрмөгүнөн дүйнөнүн төрт тарабында кургакчылык кантип өз бийлигин жүргүзө баштагандыгын көрүүгө болот."
RU-D05473,RU,train,RELEVANT,SCIENCE_GEN,Онлайн-лекции от выпускников Кембриджа. Изменение климата: 14 октября 2020 16:00 - новости на Tengrinews.kz Tengrinews.kz ▶ Онлайн-лекции от выпускников Кембриджа. Изменение климата: 14 октября 2020 16:00 ▶ Читать подробнее актуальные новости и события на сайте.
RU-D04523,RU,train,RELEVANT,POLICY,Кыргызстан ратифицировал Парижское соглашение по климату. А США из него выходят. Почему? Официально США выйдет из соглашения через год после подачи уведомления.
RU-D05289,RU,train,RELEVANT,POLICY,Во Франции объявили экологическое и климатическое ЧП: 11 ноября 2019 06:23 - новости на Tengrinews.kz Tengrinews.kz ▶ Во Франции объявили экологическое и климатическое ЧП: 11 ноября 2019 06:23 ▶ Читать подробнее актуальные новости и события на сайте.
RU-D04710,RU,train,RELEVANT,POLICY,К 2030 году Казахстан планирует сократить выбросы парниковых газов на 20 процентов: 12 октября 2016 13:34 - новости на Tengrinews.kz Tengrinews.kz ▶ К 2030 году Казахстан планирует сократить выбросы парниковых газов на 20 процентов: 12 октября 2016 13:34 ▶ Читать подробнее актуальные новости и события на сайте.
RU-D00740,RU,train,RELEVANT,POLICY,"""Зеленая Центральная Азия"": В Бишкеке проходит конференция по вопросам климата B Бишкеке проходит региональная конференция ""Молодежь за будущее: Региональная молодежная конференция по изменению климата в Центральной Азии""."
RU-D04973,RU,train,RELEVANT,ENERGY,"Минэнерго: Возобновляемые источники могут закрыть 50% потребности страны в электричестве В Кыргызстане необходимо расширять в регионах строительство энергетических объектов с использованием местных ресурсов, в том числе, конечно, и на возобновляемых и альтернативных источниках энергии, считают эксперты."
RU-D04749,RU,train,RELEVANT,WATER_CRYO,"Вице-министр экологии сказал, кто загрязняет Балхаш Вопросы сохранения трансграничных водных ресурсов обсудили эксперты на двухдневном международном водно-климатическом форуме ""Балхаш-2024: вызовы и решения"", передает корреспондент Tengrinews.kz со ссылкой на Министерство экологии."
RU-D01092,RU,train,RELEVANT,ENERGY,"Toyota создала двигатель, способный очищать воздух от углерода Toyota протестировала систему воздушного фильтра на водородном двигателе своего прототипа GR Corolla, который сможет улавливать углерод из воздуха, передает Tengri Auto со ссылкой Motor1."
RU-D00276,RU,train,RELEVANT,ENERGY,"Как мировая энергетика повлияет на климат Земли, объяснил Владимир Школьник: 04 ноября 2021 09:07 - новости на Tengrinews.kz Tengrinews.kz ▶ Как мировая энергетика повлияет на климат Земли, объяснил Владимир Школьник: 04 ноября 2021 09:07 ▶ Читать подробнее актуальные новости и события на сайте."
RU-C00624,RU,train,RELEVANT,WATER_CRYO,"Эмомали Рахмон раскрыл тайну гибели Аральского моря, пишут Эмомали Рахмон раскрыл тайну гибели Аральского моря, пишут«Вести.uz» (Узбекистан). На конференции по изменению климата в Копенгагене таджикский президент Эмомали Рахмон выступил"
RU-D02593,RU,train,RELEVANT,ENERGY,"Лизинг электрокаров и экологически чистого оборудования ​​Зеленый лизинг — направление лизинговых услуг для финансирования покупки экологически чистой техники и оборудования. Компании, такие как bcc leasing, помогают бизнесу и предпринимателям внедрять современные технологии, способствующие снижению вредных выбросов в окружающую среду. Кроме того, технологии позволяют экономить ресурсы и поддерживать как национальные, так и международные экологические стандарты. В результате использование такого оборудования не только уменьшает выбросы углекислого газа (CO₂), но и способствует сокращ ению использования ископаемого топлива, обеспечивая переход на более экологичный транспорт."
RU-D04905,RU,train,RELEVANT,SCIENCE_GEN,НАСА показало изменение климата Земли с 1880 года По теме:2015 год стал самым теплым за всю историю наблюденийНациональное управление по воздухоплаванию и исследованию ко
RU-00099,RU,train,RELEVANT,SCIENCE_GEN,Google будет отслеживать вредные выбросы в околоземном пространстве При помощи спутника
RU-D04656,RU,train,RELEVANT,SCIENCE_GEN,"Какие пингвины могут исчезнуть из-за глобального потепления, рассказали ученые: 20 января 2020 09:18 - новости на Tengrinews.kz Tengrinews.kz ▶ Какие пингвины могут исчезнуть из-за глобального потепления, рассказали ученые: 20 января 2020 09:18 ▶ Читать подробнее актуальные новости и события на сайте."
RU-D03827,RU,train,RELEVANT,SCIENCE_GEN,Кыргызстанда 1960-жылдан бери абанын температурасы канчага өскөнү айтылды 20-27-сентябрь күндөрү дүйнө боюнча климатты сактоо жумалыгы өтөт. Бул күндөрү 150 өлкөнүн тургундары экологияны коргоо максатында көчөгө чыгат.
RU-D00245,RU,train,RELEVANT,POLICY,"Швейцария даст деньги на защиту кыргызстанцев от последствий изменения климата Швейцария выделит $2,2 млн на поддержку наиболее уязвимых сельских сообществ ""для повышения устойчивости к изменению климата и снижению риска стихийных бедствий""."
RU-D03022,RU,train,RELEVANT,WATER_CRYO,Депутаты ЖК 4 года назад сами давали разрешение Кумтору на освоение (уничтожение) ледников Депутаты поручили кабмину ввести внешнее управление на Кумторе. Одна из ключевых причин - ледники. Хотя в 2017 году этот же созыв парламента дал разрешение компании на освоение этих ледников. Акылбек Жапаров тогда тоже проголосовал за.
RU-C00524,RU,train,RELEVANT,WATER_CRYO,В Кыргызстане на леднике Энильчек начата установка автоматической станции геомониторинга В Кыргызстане на леднике Энильчек начата установка автоматической станции геомониторингаВ Кыргызстане на леднике Энильчек начата установка автоматической станции геомониторинга. Об этом сего
RU-D03672,RU,train,RELEVANT,WATER_CRYO,"Что ждёт Каспий до 2050 года: Минэкологии озвучило два сценария Уровень Каспийского моря продолжает снижаться. Tengrinews.kz узнал, что ждёт Каспий до 2050 года."
RU-D01863,RU,train,RELEVANT,WATER_CRYO,”Мелеет на глазах”. Каспийское море может повторить судьбу Аральского: 12 сентября 2022 22:53 - новости на Tengrinews.kz Tengrinews.kz ▶ ”Мелеет на глазах”. Каспийское море может повторить судьбу Аральского: 12 сентября 2022 22:53 ▶ Читать подробнее актуальные новости и события на сайте.
RU-D01288,RU,train,RELEVANT,SCIENCE_GEN,"Больше жарких дней, таяние ледников и засуха: как меняется климат в Кыргызстане С какими последствиями изменения климата мы сталкиваемся уже сейчас и какие ожидать? Анализ:"
RU-D04258,RU,train,RELEVANT,WATER_CRYO,"Бишкектеги суу тартыш: бийлик мончо, бассейн, автоунаа жууган жайларды жабууда Акыркы жылдары борбор калаада жайында элди таза суу менен камсыздоодо маселе жаралып келет."
RU-D01043,RU,train,RELEVANT,SCIENCE_GEN,Последствия глобального потепления объяснили ученые: 12 мая 2017 20:34 - новости на Tengrinews.kz Tengrinews.kz ▶ Последствия глобального потепления объяснили ученые: 12 мая 2017 20:34 ▶ Читать подробнее актуальные новости и события на сайте.
RU-01087,RU,train,NOT_RELEVANT,,В девяти регионах Узбекистана объявили селевую опасность 26 и 28-30 марта в предгорных и горных районах ожидаются дожди.
RU-C00083,RU,train,RELEVANT,DISASTER,Мы живем в условиях «нервного» климата: грозит ли Казахстану засуха и гибель скота? В 5 регионах страны ожидается климатическая проблема
RU-D00517,RU,train,RELEVANT,DISASTER,Португалия и Испания страдают от сильнейшей за 1200 лет засухи - исследование: 05 июля 2022 17:42 - новости на Tengrinews.kz Tengrinews.kz ▶ Португалия и Испания страдают от сильнейшей за 1200 лет засухи - исследование: 05 июля 2022 17:42 ▶ Читать подробнее актуальные новости и события на сайте.
RU-D01914,RU,train,RELEVANT,AGRI_LAND,"$52 млн на восстановление природы. Кыргызстан запускает крупнейший экологический проект В Кыргызстане стартовала масштабная экологическая инициатива RESILAND CA+, направленная на защиту природы и предотвращение природных катастроф."
RU-D02574,RU,train,NOT_RELEVANT,,"Жителей Кыргызстана пригласили на экологические конкурсы с денежными призами. Условия Жителей Кыргызстана старше 18 лет приглашают к участию в трех экоконкурсах от российской платформы ""Эковики"". Организуйте уборки, праздники или посадки деревьев и выиграйте денежные призы до 50 000 рублей."
RU-D05814,RU,train,NOT_RELEVANT,,"Россиялык жаран Арашан айылына 2,5 млн. сомдук белек даярдады Консул мындан сырткары Түштүк Сахалинде жашап, иштеп жаткан кыргызстандыктардын балдары үчүн кыргыз тилиндеги китептерди алууга жана тилчи мугалим тартууга ниети бар экенин айтты."
RU-D03276,RU,train,NOT_RELEVANT,,Последнее солнечное затмение этого года произойдет 14 октября: как к нему подготовиться: 13 октября 2023 07:41 - новости на Tengri Life Tengrinews.kz ▶ Последнее солнечное затмение этого года произойдет 14 октября: как к нему подготовиться: 13 октября 2023 07:41 ▶ Читать подробнее актуальные новости и события на сайте.
RU-D04836,RU,train,NOT_RELEVANT,,Экоактивисты обсудили новый проект Экологического кодекса РК: 20 сентября 2019 14:44 - новости на Tengrinews.kz Tengrinews.kz ▶ Экоактивисты обсудили новый проект Экологического кодекса РК: 20 сентября 2019 14:44 ▶ Читать подробнее актуальные новости и события на сайте.
RU-D05147,RU,train,RELEVANT,DISASTER,"В Бразилии произошло мощнейшее за последние 80 лет наводнение. Погибли 39 человек (видео) На юге Бразилии произошло самое мощное наводнение за последние 80 лет. Жертвами стихии в штате Риу-Гранди-ду-Сул стали 39 человек, еще 68 числятся пропавшими без вести."
RU-D01538,RU,train,NOT_RELEVANT,,Сеансы 13-летнего мальчика из Аральска собирают толпы людей: 10 июля 2016 04:43 - новости на Tengrinews.kz Tengrinews.kz ▶ Сеансы 13-летнего мальчика из Аральска собирают толпы людей: 10 июля 2016 04:43 ▶ Читать подробнее актуальные новости и события на сайте.
RU-C00163,RU,train,NOT_RELEVANT,,Аксакалы сел Наримана и Фурката Кара-Сууйского района Ошской области Кыргызстана высказались в поддержку референдума Аксакалы сел Наримана и Фурката Кара-Сууйского района Ошской области Кыргызстана высказались в поддержку референдумаАксакалы сел Наримана и Фурката Кара-Сууйского района Ошской области Кыргы
RU-D00489,RU,train,NOT_RELEVANT,,Спасший миллионы детей донор ушел на покой: 17 мая 2018 01:54 - новости на Tengrinews.kz Tengrinews.kz ▶ Спасший миллионы детей донор ушел на покой: 17 мая 2018 01:54 ▶ Читать подробнее актуальные новости и события на сайте.
RU-D04506,RU,train,NOT_RELEVANT,,Пожар в многоэтажном доме произошел в Астане: 15 января 2017 19:52 - новости на Tengrinews.kz Tengrinews.kz ▶ Пожар в многоэтажном доме произошел в Астане: 15 января 2017 19:52 ▶ Читать подробнее актуальные новости и события на сайте.
RU-D05812,RU,train,NOT_RELEVANT,,Кыргызстанда эл аралык жаштар форум-лагери старт алды Анда кыз-уландар тоо арасында түрдүү долбоорлорду талкуулашат.
RU-D03413,RU,train,NOT_RELEVANT,,Казахстан вошел в топ-5 стран мира для дешевого туризма: 05 сентября 2019 10:56 - новости на Tengritravel.kz Tengrinews.kz ▶ Казахстан вошел в топ-5 стран мира для дешевого туризма: 05 сентября 2019 10:56 ▶ Читать подробнее актуальные новости и события на сайте.
RU-D03912,RU,train,NOT_RELEVANT,,"Айыл өкмөтү Тиллабаев: чөөлөр табылган жок, эл кооптонбой тынчып калды Сентябрь айында Кара-Суу районуна караштуу Мамажан айылынын тургундары аймакта чөөлөр пайда болуп алар мүрзөлөрдү казып, маркумдардын сөөктөрүн жеп жатканын билдиришкен."
RU-D02211,RU,train,NOT_RELEVANT,,"""Пострадает экология!"" Члены садовых товариществ выступили с обращением к президенту и ЖК Оказывается, далеко не все представители садовых товариществ и объединений согласны с присоединением их дач к населенным пунктам. И вот почему:"
RU-C00241,RU,train,NOT_RELEVANT,,Делегация Кыргызстана на Паралимпийские игры составит 3 человека Делегация Кыргызстана на Паралимпийские игры составит 3 человекаДелегация Кыргызстана на летние Паралимпийские игры составит 3 человека. Об этом сегодня на пресс-конференции сообщил директор
RU-D03466,RU,train,NOT_RELEVANT,,Бишкек мэри сел жүрүшү мүмкүн делген жерлерди текшерип чыкты. Видео Буга чейин калк арасында Ала-Арча капчыгайынын төрүндөгү Адыгине жана майда көлдөрдүн дамбасынын жырылуу коркунучу бар деген кооптонуу жаралган.
RU-D01457,RU,train,NOT_RELEVANT,,"76 килограммга арыктаган АКШнын жараны диетасынын сырын ачты Энтони Браун карындашы кант диабети менен ооруп калганда аябай катуу таасирленип, коркуп калган."
RU-D04676,RU,train,NOT_RELEVANT,,Число жертв наводнения в Китае выросло: 22 июля 2021 11:05 - новости на Tengrinews.kz Tengrinews.kz ▶ Число жертв наводнения в Китае выросло: 22 июля 2021 11:05 ▶ Читать подробнее актуальные новости и события на сайте.
RU-D04272,RU,train,NOT_RELEVANT,,Бишкекте оттоп жүргөн жылкыларды милиция айдап кетти. Сүрөт Милиция кызматкерлери жылкыларды Биринчи Май райондук милиция бөлүмүнүн короосуна айдап келишкен.
RU-D05862,RU,train,NOT_RELEVANT,,"Мердок проиграл суд своим детям, которые составили план защиты по сериалу ""Наследники"" 93-летний миллиардер Руперт Мердок пытался лишить младших детей права управлять семейным трастом, но проиграл им суд, так как они посмотрели сериал ""Наследники"" и составили по нему план защиты."
RU-D01715,RU,train,NOT_RELEVANT,,"Атайын операцияга катышкандар Россиянын жарандыгын алышат. Путиндин жарлыгы Документте айтылган шарттар Россиянын Куралдуу күчтөрүнүн катарында кызмат өтөп, бирок бошогондорго да тиешелүү экени айтылды."
RU-D02293,RU,train,NOT_RELEVANT,,В Алматы пообещали закупать только экологичные автобусы: 15 февраля 2020 21:18 - новости на Tengrinews.kz Tengrinews.kz ▶ В Алматы пообещали закупать только экологичные автобусы: 15 февраля 2020 21:18 ▶ Читать подробнее актуальные новости и события на сайте.
RU-D04916,RU,train,NOT_RELEVANT,,"Вред экологии: предприятие пыталось уклониться от налогов на полмиллиарда в Павлодаре Прокуратура области выявила уклонение от уплаты налогов на сумму полмиллиарда тенге, передает корреспондент Tengrinews.kz."
RU-D03315,RU,train,NOT_RELEVANT,,"Солнечные электростанции, спорткомплексы и IT-центры. Да, это все о городах Кыргызстана В Бишкеке прошел форум мэров городов Кыргызстана. Они обсудили инициативы и проекты, направленные на улучшение качества городской среды для детей и молодежи. Редакция Kaktus.media спросила у градоначальников о планах и проделанной работе."
RU-D04793,RU,train,NOT_RELEVANT,,"Көк бөрүчүлөр баштаган бир катар спортчуларга наам ыйгарылды. Тизме Өлкө желегин желбиреткен спортчулар ардагерлер арасында эл аралык класстагы спорт чебери, эл аралык класстагы спорт чебери жана спорт чебери болушту."
RU-D02963,RU,train,NOT_RELEVANT,,Взрыв произошел в одном из офисов Стокгольма: 21 марта 2016 10:45 - новости на Tengrinews.kz Tengrinews.kz ▶ Взрыв произошел в одном из офисов Стокгольма: 21 марта 2016 10:45 ▶ Читать подробнее актуальные новости и события на сайте.
RU-D01553,RU,train,NOT_RELEVANT,,"Адис Кыргызстан менен Россиянын гидроэнергетика боюнча алакасын айтып берди ""Гидропроект"" институту"" АКсынын филиалы Бишкекте былтыркы жылдын август айында ачылган. Ал учурда министрлер кабинетине өлкөдөгү келечеги бар деген гидроэнергетикалык 15 долбоорду сунуштаган."
RU-D04780,RU,train,NOT_RELEVANT,,Кыргызстандык Өмүралиев Рамзан Кадыровго аргымак тартуулады. Видео Кадыров атты жалпы Чечен элине тартууланган белек катары зор ыраазылык менен кабыл алганын жазган
RU-D00213,RU,train,NOT_RELEVANT,,"Кыргызстанда чет өлкөлүк жарандардын жүрүү тартиби өзгөрдү БИШКЕК, 15-янв. — Sputnik. Кыргызстанда чет өлкөлүк жарандардын жүрүү тартиби өзгөрдү. Министрлер кабинетинин токтому ""Эркин-Тоо"" гезитине жарыяланды."
RU-C00441,RU,train,NOT_RELEVANT,,В Ташкенте в Яшнабадском районе произошел крупный пожар (видео) Ситуацию прокомментировали в пресс-службе МЧС
RU-D05046,RU,train,NOT_RELEVANT,,Прогрызающее металл насекомое нашел дома костанаец: 30 сентября 2018 15:16 - новости на Tengrinews.kz Tengrinews.kz ▶ Прогрызающее металл насекомое нашел дома костанаец: 30 сентября 2018 15:16 ▶ Читать подробнее актуальные новости и события на сайте.
RU-D03808,RU,train,NOT_RELEVANT,,Выброшенное на австралийский пляж существо озадачило пользователей: 24 декабря 2018 04:59 - новости на Tengrinews.kz Tengrinews.kz ▶ Выброшенное на австралийский пляж существо озадачило пользователей: 24 декабря 2018 04:59 ▶ Читать подробнее актуальные новости и события на сайте.
RU-D02239,RU,train,NOT_RELEVANT,,Проблему нужно решить раз и навсегда - Токаев об экологии Алматы: 19 ноября 2021 17:46 - новости на Tengrinews.kz Tengrinews.kz ▶ Проблему нужно решить раз и навсегда - Токаев об экологии Алматы: 19 ноября 2021 17:46 ▶ Читать подробнее актуальные новости и события на сайте.
RU-D05466,RU,train,NOT_RELEVANT,,"Кыргызстан айдоочулуктун эл аралык стандартын түзүүнү сунуштады VI эл аралык ""Жол коопсуздугу коопсуз жашоо үчүн"" конгрессинде сөз сүйлөгөн КРдин вице-премьери Жеңиш Разаков катышуучулардын көңүлүн айдоочуларды даярдоо жаатына бурду."
RU-D01654,RU,train,NOT_RELEVANT,,Ученые исследовали визиты в Кокандское ханство английских эмиссаров В Великобритании провели научные исследования в целях сбора и анализа достоверных сведений о выдающемся государственном
RU-D03270,RU,train,NOT_RELEVANT,,Бишкекте батирлердин ижарасы канча болууда? Февралга карата маалымат Бишкекте 2024-жылдын февраль айында батирлердин ижара акысы кандай өзгөрдү? Кыймылсыз мүлк рыногундагы абал тууралуу биздин инфографикадан маалымат алыңыз.
RU-D02623,RU,train,NOT_RELEVANT,,"Петровка айылындагы абакта түндө ок атылды Окуядан кийин колонияда жаза мөөнөтүн өтөп жаткандар текшерилип, алардын жанынан сырттан ыргытылган буюмдар табылган эмес."
RU-C00399,RU,train,NOT_RELEVANT,,"Китайским чиновникам предписано выбросить все VIP-карты, рассказывает Китайским чиновникам предписано выбросить все VIP-карты, рассказываетReuters (Великобритания). Начальник китайской антикоррупционной службы Ван Цишань предписал ряду чиновников избавиться от"
RU-D04193,RU,train,NOT_RELEVANT,,"Букмекердик кеңсеге кыргыз жарандары да кирсин. Атазов менен Малиевдин демилгеси Демилгенин авторлору букмекерге ставка коюуну азарттык оюн эмес, интеллектуалдык мелдеш деп эсептейт."
RU-D01832,RU,train,NOT_RELEVANT,,Древние артефакты нашли в ледниках Норвегии: 27 ноября 2020 18:25 - новости на Tengrinews.kz Tengrinews.kz ▶ Древние артефакты нашли в ледниках Норвегии: 27 ноября 2020 18:25 ▶ Читать подробнее актуальные новости и события на сайте.
RU-D00021,RU,train,NOT_RELEVANT,,"ЦИК КР: Возобновление выборов в местные кенеши зависит от эпидемиологической ситуации Вопрос проведения мероприятия такого массового характера, как выборы, будет решаться с учетом эпидемиологической ситуации в стране и официальных рекомендаций штаба."
RU-D02357,RU,train,NOT_RELEVANT,,Сбой произошел в работе WhatsApp: 18 июня 2019 13:25 - новости на Tengrinews.kz Tengrinews.kz ▶ Сбой произошел в работе WhatsApp: 18 июня 2019 13:25 ▶ Читать подробнее актуальные новости и события на сайте.
RU-D00056,RU,train,NOT_RELEVANT,,Расследование в отношении Олеси Кексель прекращено - глава МВД: 13 декабря 2019 09:14 - новости на Tengrinews.kz Tengrinews.kz ▶ Расследование в отношении Олеси Кексель прекращено - глава МВД: 13 декабря 2019 09:14 ▶ Читать подробнее актуальные новости и события на сайте.
RU-D04697,RU,train,NOT_RELEVANT,,"Индия менен Кытайдын жарандары Кыргызстанда визасыз 7 күн жүрө алат Кытайдын бир катар аймактарынын тургундары үчүн бир ай, тагыраагы, 30 күнгө берилмей болду."
RU-D02286,RU,train,NOT_RELEVANT,,Токаев принял министра экологии Сулейменову: 13 февраля 2023 18:45 - новости на Tengrinews.kz Tengrinews.kz ▶ Токаев принял министра экологии Сулейменову: 13 февраля 2023 18:45 ▶ Читать подробнее актуальные новости и события на сайте.
RU-D03160,RU,train,NOT_RELEVANT,,”Визит прошел успешно”. Назарбаев дал поручения по итогам поездки в США: 22 января 2018 15:58 - новости на Tengrinews.kz Tengrinews.kz ▶ ”Визит прошел успешно”. Назарбаев дал поручения по итогам поездки в США: 22 января 2018 15:58 ▶ Читать подробнее актуальные новости и события на сайте.
RU-D01408,RU,train,NOT_RELEVANT,,Армия Азербайджана взяла под контроль 13 сел в Карабахе - Алиев: 23 октября 2020 20:42 - новости на Tengrinews.kz Tengrinews.kz ▶ Армия Азербайджана взяла под контроль 13 сел в Карабахе - Алиев: 23 октября 2020 20:42 ▶ Читать подробнее актуальные новости и события на сайте.
RU-D03669,RU,train,NOT_RELEVANT,,"Тоң районунда багылып жаткан 30 жейрен жаратылышка кое берилди БИШКЕК, 1-авг. — Sputnik. Ысык-Көл облусунун Тоң районунда багылып жаткан 30 жейрен жаратылышка кое берилди. Бул тууралуу Жаратылыш ресурстары, экология жана техникалык көзөмөл министрлигинен билдиришти."
RU-D02718,RU,train,NOT_RELEVANT,,Парламентте Саякбай Каралаев атындагы сыйлык уюштуруу сунушталды Сыйлык тапшырууну кийинки жылы манасчынын 130 жылдык мааракесине карата баштоо кажет.
RU-D03197,RU,train,NOT_RELEVANT,,"Бишкектеги атышуудан үч киши жаракат алды Борбор калаанын батыш тарабында ок атылып, окуя болгон жерге келген милиция анын чоо-жайын тактап жатат."
RU-D02458,RU,train,NOT_RELEVANT,,Взрыв дома в Шымкенте произошел из-за нарушения при установке газовых приборов: 08 января 2017 19:09 - новости на Tengrinews.kz Tengrinews.kz ▶ Взрыв дома в Шымкенте произошел из-за нарушения при установке газовых приборов: 08 января 2017 19:09 ▶ Читать подробнее актуальные новости и события на сайте.
RU-D03319,RU,train,NOT_RELEVANT,,Москва шаарындагы мушташтан КР жараны каза болду КР жаранынын сөөгү мекенине 31-июлда жөнөтүлөт жана бул иш элчиликтин көзөмөлүндө.
RU-D01035,RU,train,NOT_RELEVANT,,Хлопок газовоздушной смеси произошел в многоэтажке Алматы: 23 марта 2016 11:09 - новости на Tengrinews.kz Tengrinews.kz ▶ Хлопок газовоздушной смеси произошел в многоэтажке Алматы: 23 марта 2016 11:09 ▶ Читать подробнее актуальные новости и события на сайте.
RU-D03509,RU,train,NOT_RELEVANT,,Китай возобновляет выдачу виз гражданам Казахстана: 15 июня 2022 14:37 - новости на Tengrinews.kz Tengrinews.kz ▶ Китай возобновляет выдачу виз гражданам Казахстана: 15 июня 2022 14:37 ▶ Читать подробнее актуальные новости и события на сайте.
RU-D03279,RU,train,NOT_RELEVANT,,Искусственный интеллект превзошел врачей в диагностике опухолей: 12 июля 2018 07:05 - новости на Tengri Life Tengrinews.kz ▶ Искусственный интеллект превзошел врачей в диагностике опухолей: 12 июля 2018 07:05 ▶ Читать подробнее актуальные новости и события на сайте.
RU-D00535,RU,train,NOT_RELEVANT,,"Мугалим менен окуучунун ортосундагы конфликтини ата-эне кантип чече алат Адистин пикиринде, адатта ата-эне мектептеги кырдаал тууралуу баладан гана угуп билет. Андыктан дароо мугалим менен урушууга даярданбай, анын дагы пикирин угушу зарыл."
RU-D01600,RU,train,NOT_RELEVANT,,"Петербургдагы эл аралык форумда 5,6 триллион рублдик келишимдер түзүлдү Эл аралык иш-чарага Кыргызстандан министрлер кабинетинин төрагасы Акылбек Жапаров катышты."
RU-D02215,RU,train,NOT_RELEVANT,,"Залкардын элесине арналат. Бишкекте ""Үмүт"" эл аралык кинофоруму башталды Бул маданий иш-чара СССРдин эл артисти, кыргыз кино өнөрүнүн алптарынын бири, режиссёр Болот Шамшиевдин 80 жылдыгына арналган."
RU-D02899,RU,train,NOT_RELEVANT,,Флаконы с опасной вакциной выбросили у дороги в Алматинской области: 09 августа 2018 23:02 - новости на Tengrinews.kz Tengrinews.kz ▶ Флаконы с опасной вакциной выбросили у дороги в Алматинской области: 09 августа 2018 23:02 ▶ Читать подробнее актуальные новости и события на сайте.
RU-D05188,RU,train,NOT_RELEVANT,,"Солнечные дети. Родители особой девочки усыновили малыша с синдромом Дауна В Министерстве социального развития сетуют, что национальное усыновление в республике не развивается, потому что кыргызс"
RU-D04107,RU,train,NOT_RELEVANT,,"Индия океанына сууда сүзүүчү курорт-арал курулат. Ал таштанды чогултмакчы Сүзүп жүрүүчү аралда мейманкана ачылат. Дайыма жашыл болуп турган дарактар отургузулуп, күндөн энергия алуучу батареялар менен жабдылат."
RU-D01495,RU,train,NOT_RELEVANT,,Асель Садвакасова представила последнюю комедию перед долгосрочным отпуском: 09 апреля 2019 18:15 - новости на Tengrinews.kz Tengrinews.kz ▶ Асель Садвакасова представила последнюю комедию перед долгосрочным отпуском: 09 апреля 2019 18:15 ▶ Читать подробнее актуальные новости и события на сайте.
RU-D00413,RU,train,NOT_RELEVANT,,"”Түрлі тарту-таралғы беру, сыйлық талап ету, диплом сатып алу - келмеске кетуі керек”: 19 августа 2020 14:55 - новости на Tengrinews.kz Tengrinews.kz ▶ ”Түрлі тарту-таралғы беру, сыйлық талап ету, диплом сатып алу - келмеске кетуі керек”: 19 августа 2020 14:55 ▶ Читать подробнее актуальные новости и события на сайте."
RU-D05468,RU,train,NOT_RELEVANT,,Он жашар кызды Кыргызстандан алып кетмекчи болгон испаниялык жаран кармалды Чек арадан өтүүгө аракет кылган кишинин 50 жашта экени аныкталды.
RU-D01062,RU,train,NOT_RELEVANT,,"Эколог: Доверяйте профессионалам, не доверяйте политикам (видео) Международный эксперт по экологии Булат Есекин заявил, что политики в руках бизнеса."
RU-D02675,RU,train,NOT_RELEVANT,,"Акимов и их замов оштрафовали за экологические нарушения В Министерстве экологии рассказали, на какую сумму оштрафовали чиновников за экологические нарушения в Казахстане, передает корреспондент Tengrinews.kz."
RU-D00041,RU,train,NOT_RELEVANT,,Кош бойлуу аялдарга бекер көрсөтүлө турган медициналык кызматтар. Тизме Кандайдыр бир суроолор жаралса Медициналык милдеттүү камсыздандыруу фондунун (ММКФ) 113 номерине чалса болот.
RU-C00217,RU,train,RELEVANT,AGRI_LAND,Кубан Айдаралиев: В Кыргызстане из-за нерационального использования пастбищ многие из них деградировали Кубан Айдаралиев: В Кыргызстане из-за нерационального использования пастбищ многие из них деградировали«В Кыргызстане из-за нерационального использования пастбищ многие из них деградир
RU-C00483,RU,train,NOT_RELEVANT,,В ряде сел Чуйской области и столице Кыргызстана отключено электричество В ряде сел Чуйской области и столице Кыргызстана отключено электричествоВ ряде сел Чуйской области и столице Кыргызстана отключено электричество. Об этом сообщает пресс-служба ОАО «Сев
RU-D04830,RU,train,NOT_RELEVANT,,Паралимпийцу Жалалдину Абдувалиеву и его тренерам вручили денежные сертификаты от кабмина Параспортсмену Жалалдину Абдувалиеву вручили полмиллиона сомов от государства. Подробнее:
RU-D05014,RU,train,NOT_RELEVANT,,"Последствия пандемии. Местные власти смогут решать, кому можно возобновлять работу Местные органы власти будут уполномочены решать вопросы возобновления различных видов экономической деятельности."
RU-D03914,RU,train,NOT_RELEVANT,,Мужчина с отверткой в голове вышел из комы: 04 сентября 2019 18:54 - новости на Tengrinews.kz Tengrinews.kz ▶ Мужчина с отверткой в голове вышел из комы: 04 сентября 2019 18:54 ▶ Читать подробнее актуальные новости и события на сайте.
RU-C00168,RU,train,NOT_RELEVANT,,Под Челябинском задержан эмиссар террористов из Кыргызстана Под Челябинском задержан эмиссар террористов из КыргызстанаВ Магнитогорске (Челябинская область) в ходе проведения операции по противодействию религиозному экстремизму со стороны иностранцев
RU-D04500,RU,train,NOT_RELEVANT,,"Где опасно купаться в 2025 году, сообщили экологи Испания остается одним из самых популярных туристических направлений в мире. Особой любовью у туристов пользуются побережья Валенсии, Каталонии и Андалусии. Однако не все пляжи в этом году подойдут для идеального отдыха: недавно экологи составили список тех, где купание опасно из-за загрязнения и разрушения природной среды, передает Tengri Travel со ссылкой на TheOlivePress."
RU-C00657,RU,train,NOT_RELEVANT,,Экологи и правозащитники Кыргызстана выступают против строительства биологической лаборатории в центре города Бишкека Экологи и правозащитники Кыргызстана выступают против строительства биологической лаборатории в центре города БишкекаЭкологи и правозащитники Кыргызстана выступают против строительства биоло
RU-D00475,RU,train,NOT_RELEVANT,,"”Кто заплатил, тот и прошел”. Очереди на границе возмутили Антикоррупционную службу: 08 августа 2019 22:00 - новости на Tengrinews.kz Tengrinews.kz ▶ ”Кто заплатил, тот и прошел”. Очереди на границе возмутили Антикоррупционную службу: 08 августа 2019 22:00 ▶ Читать подробнее актуальные новости и события на сайте."
RU-D00351,RU,train,NOT_RELEVANT,,АНПЗ надо применять новые технологии для снижения нагрузки на экологию - Ногаев: 29 ноября 2019 15:13 - новости на Tengrinews.kz Tengrinews.kz ▶ АНПЗ надо применять новые технологии для снижения нагрузки на экологию - Ногаев: 29 ноября 2019 15:13 ▶ Читать подробнее актуальные новости и события на сайте.
RU-D04336,RU,train,NOT_RELEVANT,,Магнитогорск: заводдун директору КР тургунуна көчөдөн ок чыгарган Кайым айтышуу атышууга чейин жеткен. Окуя болгондон кийин укук коргоо органдарынын өкүлдөрү директордун үйүнөн үч аңчылык мылтыгын огу менен табышкан.
RU-D05602,RU,train,NOT_RELEVANT,,"Сапар Исаковго издөө жарыяланды. ШИИБ Инандыга паспорт берүү ишин тергеп бүттү Сотко чейинки өндүрүш 320 (""Кызмат абалынан кыянаттык менен пайдалануу"") жана 319-беренелер (""Коррупция"") менен жүргүзүлгөн."
RU-D03374,RU,train,NOT_RELEVANT,,"Азимов: 2020-жылдын бюджетинен 15,5 млрд. сом баалуу кагаздарга каралды Финансы министринин орун басары Алмазбек Азимов баалуу кагаздарды чыгарууга каражат жылдан-жылга көп бөлүнүп жаткандыгын айтты."
RU-C00424,RU,train,NOT_RELEVANT,,В Индии из-за наводнений погибло более 100 человек Больше всего погибших зафиксировано в штате Химачал-Прадеше
RU-D00075,RU,train,NOT_RELEVANT,,Атамбаевдин үйүндөгү атышуудан ондон ашуун киши жарадар болду Ондон ашуун адамдын жаракат алганы боюнча Тез жардамга чакыруу түшкөн.
RU-D00453,RU,train,NOT_RELEVANT,,Фонд для борьбы за экологию создан в Алматы: 13 февраля 2020 10:44 - новости на Tengrinews.kz Tengrinews.kz ▶ Фонд для борьбы за экологию создан в Алматы: 13 февраля 2020 10:44 ▶ Читать подробнее актуальные новости и события на сайте.
RU-D03993,RU,train,RELEVANT,DISASTER,Подтопления в Туркестанской области: В Мактааральском районе нет пациентов с COVID-19: 02 мая 2020 13:30 - новости на Tengrinews.kz Tengrinews.kz ▶ Подтопления в Туркестанской области: В Мактааральском районе нет пациентов с COVID-19: 02 мая 2020 13:30 ▶ Читать подробнее актуальные новости и события на сайте.
RU-D05447,RU,train,NOT_RELEVANT,,В здании аэропорта Уральска просел фундамент: 07 ноября 2019 17:19 - новости на Tengrinews.kz Tengrinews.kz ▶ В здании аэропорта Уральска просел фундамент: 07 ноября 2019 17:19 ▶ Читать подробнее актуальные новости и события на сайте.
RU-D04117,RU,train,NOT_RELEVANT,,"Токаев принял участие в республиканской экологической акции “Таза Қазақстан“ Глава государства принял участие в республиканской экологической акции ""Таза Қазақстан"". Об этом сообщает пресс-служба Акорды, передаёт Tengrinews.kz."
RU-D05569,RU,train,NOT_RELEVANT,,Бишкекте 27-мартта театр мыктылары сыйлык алат Иш-чара кыргыз театрларында коюлган спектаклдердин жана үзүрлүү эмгек кылган театр кызматкерлеринин эмгегин баалоо максатында уюштурулду.
RU-D02956,RU,train,NOT_RELEVANT,,"Каныш-Кыяда кар көчүп, андан кытай жараны жабыркады Кар көчкүнү компаниянын ашканасы менен жатаканасын басып калган."
RU-D03439,RU,train,NOT_RELEVANT,,"Beeline SkySOC и ""Солар"" провели киберучения в Кыргызстане В Кыргызстане впервые прошли масштабные киберучения, организованные Beeline SkySOC при поддержке группы компаний ""Солар""."
RU-D02337,RU,train,NOT_RELEVANT,,Серикалий Мукатаев назначен вице-министром экологии: 14 сентября 2022 18:32 - новости на Tengrinews.kz Tengrinews.kz ▶ Серикалий Мукатаев назначен вице-министром экологии: 14 сентября 2022 18:32 ▶ Читать подробнее актуальные новости и события на сайте.
RU-C00117,RU,train,NOT_RELEVANT,,В Кыргызстане в ряде сел и новостроек Аламудунского района не будет электричества В Кыргызстане в ряде сел и новостроек Аламудунского района не будет электричестваВ ряде сел и новостроек Аламудунского района не будет электричества. Об этом сообщает пресс-служба ОАО «
RU-D00784,RU,train,NOT_RELEVANT,,Асель Садвакасова рассекретила своего возлюбленного: 29 марта 2023 18:46 - новости на Tengri Life Tengrinews.kz ▶ Асель Садвакасова рассекретила своего возлюбленного: 29 марта 2023 18:46 ▶ Читать подробнее актуальные новости и события на сайте.
RU-C00368,RU,train,NOT_RELEVANT,,"Причиной пожара на Ошском рынке столицы Кыргызстана стали неполадки в электропроводке Причиной пожара на Ошском рынке столицы Кыргызстана стали неполадки в электропроводкеПо предварительным данным, причиной пожара 26 сентября в здании по улице Киевской, 254 на Ошском рынке Би"
RU-D04660,RU,train,RELEVANT,DISASTER,Жертвами наводнения в Индонезии стали 63 человека: 17 марта 2019 12:54 - новости на Tengrinews.kz Tengrinews.kz ▶ Жертвами наводнения в Индонезии стали 63 человека: 17 марта 2019 12:54 ▶ Читать подробнее актуальные новости и события на сайте.
RU-C00591,RU,train,NOT_RELEVANT,,Искендербек Айдаралиев: В Кыргызстане в 2009-2010 годах будет построено более 30 перерабатывающих заводов Искендербек Айдаралиев: В Кыргызстане в 2009-2010 годах будет построено более 30 перерабатывающих заводов«В Кыргызстане в 2009-2010 годах будет построено более 30 перерабатывающих заво
RU-D04335,RU,train,NOT_RELEVANT,,"Амансызбы, бурадар? Өлкөдө 10:15. Мекендештер Москвада экстремист деп кармалып… Ак карлуу таңыңыздар менен! Жааган кардын ар бир бүртүгү бакыт жана сүйүү алып келсин."
RU-D04930,RU,train,NOT_RELEVANT,,"Кышкысын бөлмөдөгү кургак аба кандай ооруларды пайда кылары айтылды Дарыгердин айтымында, үйдүн ичиндеги абада нымдуулук болжол менен 60-80 пайызга жетиши керек. Бирок от жагыла баштаганда бул көрсөткүч кыйла төмөндөйт."
RU-D03222,RU,train,NOT_RELEVANT,,"Полигондорубуз дайыма даяр турат. Шойгунун эл аралык фестивалдагы сөзү БИШКЕК, 31-окт. — Sputnik. Россиянын полигондору зарылдык жаралса дароо колдонууга даяр турат. Бул туурасында РФтин Коопсуздук кеңешинин катчысы Сергей Шойгу Москва шаарында өтүп жаткан ""Россия жана КМШ элдери"" аталышындагы эл аралык..."
RU-D03607,RU,train,NOT_RELEVANT,,"Кыргызстанда кургак учуктан каза болгондордун саны азаюуда БИШКЕК, 24-мар. — Sputnik. Кыргызстанда кургак учук менен ооругандардын жана андан каза болгондордун саны азаюуда. Бул тууралуу Улуттук фтизиатрия борборунун директору Абдуллаат Кадыров Sputnik Кыргызстандын маалымат борборунда өткөн..."
RU-D05582,RU,train,RELEVANT,DISASTER,"Селден улам Аксыга өзгөчө кырдаал режими киргизилди Аталган райондо сел көпүрөлөрдү алып, үйлөрдүн ичине суу кирген."
RU-D04532,RU,train,NOT_RELEVANT,,Эдил Байсалов Тоолор жылына карата өтчү иш-чараларды талкуулады Байсалов тийиштүү министрликтерге эл аралык уюмдар менен тыгыз иштешүүнү тапшырды.
RU-D01397,RU,train,NOT_RELEVANT,,Кремлде Украинадагы жаңжалга түз аралашып жаткан мамлекеттер аталды Пентагондо АКШ 2026-жылы Германияга алыска сокку уруучу системаларын жайгаштыра баштай турганы белгиленген.
RU-D05849,RU,train,NOT_RELEVANT,,Димаш прошел в третий раунд шоу The World's Best: 21 февраля 2019 10:00 - новости на Tengrinews.kz Tengrinews.kz ▶ Димаш прошел в третий раунд шоу The World's Best: 21 февраля 2019 10:00 ▶ Читать подробнее актуальные новости и события на сайте.
RU-D04458,RU,train,NOT_RELEVANT,,Москвада сууга чөгүп кеткен кыргызстандыктын сөөгү табылды Издөө иштери төрт күн жүргөн.
RU-D01340,RU,train,NOT_RELEVANT,,Пропал без вести. Милиция разыскивает 16-летнего Алтынбека Айдаралиева из Токмака ОВД Токмака разыскивает без вести пропавшего Айдаралиева Алтынбека Уланбековича 2004 года рождения.
RU-D01383,RU,train,NOT_RELEVANT,,Поезддин от жаккан жайына жашырынып Москвага бараткан кыргызстандык кармалды Бишкек — Москва каттамы менен бараткан кишини жаап-жашырганы үчүн борт коштоочуга айып салынды
RU-D01063,RU,train,NOT_RELEVANT,,Сильные осадки и потепление: погода в Казахстане на 3 дня: 09 февраля 2022 11:53 - новости на Tengrinews.kz Tengrinews.kz ▶ Сильные осадки и потепление: погода в Казахстане на 3 дня: 09 февраля 2022 11:53 ▶ Читать подробнее актуальные новости и события на сайте.
RU-D05986,RU,train,NOT_RELEVANT,,Ахметов: тергөө-криминалистика багытындагы адистерди даярдоо оор Кыргыз мамлекеттик юридикалык университетинин Тергөө-криминалистика институтунун директору Мирдин Ахметов эл аралык укук боюнча кыргызстандык юристтерге тажрыйба жетпей жаткандыгын айтты.
RU-D03710,RU,train,NOT_RELEVANT,,"У Джастина Бибера парализовало половину лица Канадский певец Джастин Бибер сообщил, что у него парализовало половину лица из-за синдрома Рамсея Ханта, который представляет собой разновидность опоясывающего герпеса."
RU-C00246,RU,train,NOT_RELEVANT,,"ОБСЕ содействует Туркменистану в области управления границами, экологии и гендерного равенства – Хельга Шмид Генеральный секретарь приняла участие в инаугурации нового здания ашхабадского офиса"
RU-D01698,RU,train,NOT_RELEVANT,,"Потепление до 12 градусов ожидается в Казахстане Синоптики сделали прогноз о том, какой будет погода в Казахстане 14, 15 и 16 января, передает корреспондент Tengrinews.kz."
RU-D04231,RU,train,NOT_RELEVANT,,Павлодарский нефтехимзавод возобновляет работу после ремонта: 27 июля 2022 11:28 - новости на Tengrinews.kz Tengrinews.kz ▶ Павлодарский нефтехимзавод возобновляет работу после ремонта: 27 июля 2022 11:28 ▶ Читать подробнее актуальные новости и события на сайте.
RU-D02047,RU,train,NOT_RELEVANT,,"Түндүк Корея ТИМи АКШны Корея жарым аралындагы абалды курчутууда деп айыптады АКШнын мамкатчысы Россия Түндүк Кореядан курал-жарак алат деп билдирген. РФ мындай сөздөр негизсиз экенин айтып келет, ал эми Түндүк Корея Россияга аскердик курал берүү тууралуу сүйлөшүүлөр болбогонун белгилеген."
RU-D05123,RU,train,NOT_RELEVANT,,"Избиение врача в гинекологии. Замминистра просит ужесточить наказание для нападающих Врач-гинеколог в результате избиения мужчиной получила сотрясение мозга. Она обратилась в милицию, сообщили в Минздраве:"
RU-D02713,RU,train,NOT_RELEVANT,,Новосибирскидеги кыргызстандыктардан мекенине гуманитардык жардам келди Бүгүн мекенине кайткан жарандар ала келген жүктө Новосибирск облусундагы кыргыз диаспорасынын атынан эки ИВЛ аппараты жана 200 миң рублден ашык суммадагы дары-дармектер бар.
RU-D04668,RU,train,NOT_RELEVANT,,"Астану накроют метели, Алматы ждёт потепление после снегопада Синоптики рассказали, какой будет погода в Астане и Алматы в ближайшие три дня — 23, 24 и 25 января, передаёт корреспондент Tengrinews.kz."
RU-D01400,RU,train,NOT_RELEVANT,,"Пяти районам в Казахстане угрожает наводнение Пяти районам Актюбинской области грозит наводнение из-за интенсивных дождей и резкого потепления, передает Tengrinews.kz со ссылкой на ktk.kz."
RU-D03183,RU,train,NOT_RELEVANT,,"Бишкекте Кыргыз-Россия өкмөттөр аралык комиссиясынын жыйыны башталды Жыйындын алдында комиссиянын теңтөрагасы, Россиянын өкмөт башчысынын орун басары Алексей Оверчуктун КР президенти Сооронбай Жээнбеков жана премьер-министр Кубатбек Боронов менен жолугушуусу болгон."
RU-C00333,RU,train,NOT_RELEVANT,,Сошедший в Нарынской области оползень оставил несколько сел без электричества Сошедший в Нарынской области оползень оставил несколько сел без электричестваСошедший в Нарынской области оползень оставил несколько сел без электричества. Об этом сообщает пресс-служба МЧС
RU-D05402,RU,train,NOT_RELEVANT,,"Саякбай манасчы үчүн оор мезгил эле... Залкардын таберик сүрөтү Sputnik Кыргызстан маалымат агенттиги архивде сакталып жаткан сейрек сүрөттөрдү жарыялап, тарыхын баяндайт."
RU-D04460,RU,train,NOT_RELEVANT,,"“Баткен сити” 800 гектар жерге куруларын облустук бийликтен кабарлашты БИШКЕК, 22-апр. — Sputnik. Баткен облусунда 800 гектар аянтка экологиялык шаар куруу пландалууда. Бул тууралуу облустук өкүлчүлүктөн билдиришти."
RU-D03916,RU,train,NOT_RELEVANT,,"Потепление до +14: какая погода будет в Казахстане в воскресенье Казгидромет представил прогноз погоды в городах страны на воскресенье, 15 марта, передаёт Tengrinews.kz."
RU-D03526,RU,train,NOT_RELEVANT,,"Россия-кыргыз регион аралык конференция аяктап, келишимдер түзүлдү, алака бекемделди Стратегиялык өнөктөш мамлекеттердин биргелешкен иш-чарасы милиарддаган долларды чапчыган келишимдерди түзүү, пландалган жүздөгөн долбоор, программа, макулдашуулар менен соңуна чыкты."
RU-D05395,RU,train,NOT_RELEVANT,,Кто представит Казахстан на Паралимпийских играх в Токио: 20 августа 2021 14:53 - новости на Tengrinews.kz Tengrinews.kz ▶ Кто представит Казахстан на Паралимпийских играх в Токио: 20 августа 2021 14:53 ▶ Читать подробнее актуальные новости и события на сайте.
RU-D00989,RU,train,NOT_RELEVANT,,"Леонардо Ди Каприо поможет вернуть маралов в регионы Кыргызстана Фонд Леонардо Ди Каприо, деятельность которого направлена на защиту дикой природы, выделяет грант на проект ""Интродукция"
RU-D03620,RU,train,NOT_RELEVANT,,Исламбеков: Баткенде кургак учукка каршы борборундагы рентген иштебей калды Дарыгер кургак учук менен ооругандар башка бейтаптар менен аралашса кургак учуктун жугуусу күчөй турганын белгиледи.
RU-D04420,RU,train,NOT_RELEVANT,,"Эртеңден баштап жаан жаап, сел жүрүү тобокелдиги күчөйт БИШКЕК, 19-июн. — Sputnik. Эртеңден баштап жаан-чачынга байланыштуу сел жүрүү тобокелдиги күчөйт. Бул тууралуу Кыргызгидрометтен билдиришти."
RU-C00508,RU,train,NOT_RELEVANT,,В Ташкенте строительство снова уничтожает экологию Фото- и видеорепортаж с места проведения акции в защиту деревьев
RU-D02955,RU,train,NOT_RELEVANT,,Спасенный на пляже Актау подросток пришел в себя: 01 июля 2019 14:14 - новости на Tengrinews.kz Tengrinews.kz ▶ Спасенный на пляже Актау подросток пришел в себя: 01 июля 2019 14:14 ▶ Читать подробнее актуальные новости и события на сайте.
RU-D01343,RU,train,NOT_RELEVANT,,Казахстанский теннисист Бублик вышел в финал турнира в США: 21 июля 2019 03:59 - новости на Tengrinews.kz Tengrinews.kz ▶ Казахстанский теннисист Бублик вышел в финал турнира в США: 21 июля 2019 03:59 ▶ Читать подробнее актуальные новости и события на сайте.
RU-D04719,RU,train,NOT_RELEVANT,,"Ошто Кытай жараны жетекчисин өлтүрдү деп шектелүүдө Кармалган жаран жетекчиси көптөн бери маянасын бербей жүргөнүн, экөөнүн ортосунда чыр чыкканын айткан."
RU-D03987,RU,train,NOT_RELEVANT,,“Это хроническая ситуация“. Как будут решать экологические проблемы Алматы В Алматы прошли общественные слушания в рамках стратегической экологической оценки корректировки Генерального плана города. На обсуждениях назвали главные вызовы для мегаполиса.
RU-C00235,RU,train,NOT_RELEVANT,,В ряде сел Чуйской области Кыргызстана не будет электричества В ряде сел Чуйской области Кыргызстана не будет электричестваВ ряде сел Чуйской области Кыргызстана не будет электричества. Об этом сообщает пресс-служба ОАО «Северэлектро».
RU-D05707,RU,train,NOT_RELEVANT,,"Таласта атылып, эки көзү тең көрбөй калган илбирске 50 миң сом бөлүндү Жырткычты Таластан борбор калаага январда алып келген. Анын бир көзү мурдараак эле агып калса, экинчи көзүнө ок тийгенден кийин көрбөй калган."
RU-01149,RU,train,NOT_RELEVANT,,Депутаты БГК вновь озаботились переполненностью роддома №1 Депутаты БГК вновь озаботились переполненностью роддома №1Депутаты Бишкекского горкенеша вновь озаботились переполненностью роддома №1. Вопрос подняли сегодня на заседании постоянной комисси
RU-00326,RU,train,NOT_RELEVANT,,"В 2023 году объем внешнеторгового оборота Узбекистана составил почти $63 млрд Данный показатель увеличился на 23,9% по сравнению с прошлым годом"
RU-01090,RU,train,NOT_RELEVANT,,В Иссык-Кульской области прошел международный турнир по вольной борьбе В Иссык-Кульской области прошел международный турнир по вольной борьбеВ селе Бостери Иссык-Кульской области накануне прошел международный турнир среди юношей по вольной борьбе на призы выпус
RU-00606,RU,train,NOT_RELEVANT,,"Третейские суды прекратят рассматривать некоторые споры Деятельность третейских (арбитражных) судов в Узбекистане усовершенствуют. Согласно изменениям в законе теперь третейские суды не рассматривают споры, связанные с землей, определением права собственности на здания и сооружения, а также взысканием средств из бюджета, с госорганов и махаллей."
RU-00764,RU,train,NOT_RELEVANT,,Полуобнаженные тела женщины из Узбекистана и мужчины из Дели найдены на курорте в Индии Ведется следствие
RU-00817,RU,train,NOT_RELEVANT,,Канат Садыков: Некоторые учителя в Бишкеке сетуют на несправедливое начисление стимулирующих доплат Канат Садыков: Некоторые учителя в Бишкеке сетуют на несправедливое начисление стимулирующих доплатНекоторые учителя в Бишкеке сетуют на несправедливое начисление стимулирующих доплат. Об эт
RU-01162,RU,train,NOT_RELEVANT,,"Цены на мясо птицы и яйца в Ферганской долине стабилизируют за счёт нового проекта Во время поездки в Наманганскую область президент побывал на предприятии «Уйчи парранда» в Туракурганском районе. Здесь реализуется крупный инвестиционный проект стоимостью $50 млн, охватывающий производство племенных яиц, инкубацию и выпуск мясной продукции."
RU-00510,RU,train,NOT_RELEVANT,,Израиль открыл огонь по мирным жителям после прекращения огня Погибли два человека
RU-00566,RU,train,NOT_RELEVANT,,"C 1 июня 2024 года будет внедряться система «Экологический транспорт» Автомобилям бесплатно выдадут наклейки «зеленый», «желтый» и «красный» в зависимости от их экологической категории"
RU-00711,RU,train,NOT_RELEVANT,,"В КР получают пособия с момента прибытия, включая первое полугодие 2013 года, 369 кайрылманов В КР получают пособия с момента прибытия, включая первое полугодие 2013 года, 369 кайрылмановВ КР получают пособия с момента прибытия, включая первое полугодие 2013 года, 369 кайрылманов - э"
RU-00320,RU,train,NOT_RELEVANT,,Легкоатлеты из Узбекистана завоевали 3 медали на молодежном Чемпионате Азии Соревнования проходят в Дубае (ОАЭ)
RU-01070,RU,train,NOT_RELEVANT,,"У Кыргызстана по-прежнему нет доступа к базе данных ФМС России о гражданах, которым запрещен въезд на территорию РФ У Кыргызстана по-прежнему нет доступа к базе данных ФМС России о гражданах, которым запрещен въезд на территорию РФУ Кыргызстана по-прежнему нет доступа к базе данных ФМС России о гражданах,"
RU-00593,RU,train,NOT_RELEVANT,,Шавкат Мирзиёев прибыл в Таджикистан Начались переговоры глав государств в формате «тет-а-тет»
RU-00357,RU,train,NOT_RELEVANT,,В Бишкеке проходит церемония вручения премии «Идейный прорыв» В Бишкеке проходит церемония вручения премии «Идейный прорыв»В Бишкеке в Кыргызской национальной филармонии имени Т.Сатылганова проходит церемония вручения премии «Идейный
RU-00914,RU,train,NOT_RELEVANT,,"Мэрия Бишкека опровергла информацию о том, что собирается единолично управлять бюджетом столицы Мэрия Бишкека опровергла информацию о том, что собирается единолично управлять бюджетом столицыМэрия Бишкека опровергла информацию о том, что собирается единолично управлять бюджетом столицы"
RU-00031,RU,train,RELEVANT,DISASTER,"Шавкат Мирзиёев направил соболезнования в связи с многочисленными жертвами из-за наводнений в Пакистане В результате наводнений и оползней, вызванных проливными дождями в Пакистане, погибли не менее 300 человек."
RU-01094,RU,train,NOT_RELEVANT,,"Центральный банк опубликовал обновленные курсы иностранных валют на 13 декабря Доллар составил 12 349,00 сумов"
RU-00623,RU,train,NOT_RELEVANT,,Игрок «Пахтакора» перешёл в английский ФК «Брентфорд» Это первый случай прямого перехода узбекистанского футболиста в британский клуб
RU-00268,RU,train,NOT_RELEVANT,,У родственников экс-мэра Оша Мелиса Мырзакматова 14 земельных участков У родственников экс-мэра Оша Мелиса Мырзакматова 14 земельных участковУ родственников экс-мэра Оша Мелиса Мырзакматова 14 земельных участков. Такие данные приведены в декларации о доходах бы
RU-01315,RU,train,NOT_RELEVANT,,"К 2030 году Узбекистан планирует привлечь 20 млн туристов Согласно последним данным Всемирной туристской организации ООН, Узбекистан вошел в ТОП-5 стран с наиболее высокими темпами роста туристического потока."
RU-00822,RU,train,NOT_RELEVANT,,"В Ташкенте за год 1500 человек попытались покончить с собой, приняв лекарства В 2025 году в республике более 24 тысяч пациентов обратились за скорой медицинской помощью из-за самостоятельного приёма лекарств без назначения врача. В 418 случаях был зафиксирован анафилактический шок."
RU-00727,RU,train,NOT_RELEVANT,,За последние семь лет в Узбекистане было освоено $16 млрд и запущено 103 новых проекта Рассмотрены проекты с участием международных финансовых институтов
RU-00376,RU,train,NOT_RELEVANT,,За невыполнение плана по сбору налогов наказали 20 руководителей налоговых органов За невыполнение плана по сбору налогов наказано 20 руководителей налоговых органовЗа невыполнение плана по сбору налогов наказано 20 руководителей налоговых органов. Об этом сообщает ГНС.&nb
RU-01024,RU,train,NOT_RELEVANT,,"Алиясбек Алымкулов назначен министром труда, миграции и молодежи Кыргызстана Алисбек Алымкулов назначен министром труда, миграции и молодежи КыргызстанаАлисбек Алымкулов назначен министром труда, миграции и молодежи Кыргызстана. Президент Алмазбек Атамбаев сегодня по"
RU-01390,RU,train,NOT_RELEVANT,,"МЧС опровергло сообщения о сильном землетрясении, вызванном магнитной бурей Отмечается, что сейсмическая активность не связана с магнитными бурями."
RU-00424,RU,train,NOT_RELEVANT,,"В Узбекистане ужесточат ответственность за нарушение правил перевозки детей Изменения, которые внесены в Кодекс об административной отвественности, предусматривают наказание не только для водителя, перевозившего детей с нарушениями правил, но и для тех, кто организовал такую перевозку."
RU-01051,RU,train,NOT_RELEVANT,,"JAC Motors запустил завод в Ташкенте — какую модель будут производить Проект, стоимостью $135 млн, реализуют в два этапа. На первом этапе будет производиться 10 тыс. автомобилей в год, а на втором — планируется увеличить годовую мощность до 30 тыс. автомобилей."
RU-00849,RU,train,NOT_RELEVANT,,Цены на драгоценные металлы снизились Дешевеет также серебро
RU-00605,RU,train,NOT_RELEVANT,,"UzAuto Motors убрала односторонние условия из договоров и сократила срок возврата средств Комитет по конкуренции при изучении договоров, предоставляемых дилерскими предприятиями АО «UzAuto Motors», выявил случаи, противоречащие законодательству."
RU-00985,RU,train,NOT_RELEVANT,,При даче взятки сотруднику АКС ГКНБ задержаны граждане Пакистана При даче взятки сотруднику АКС ГКНБ задержаны граждане ПакистанаПри даче взятки сотруднику АКС ГКНБ задержаны граждане Пакистана. Об этом сообщает отдел по связям с общественностью и СМИ ГКН
RU-00837,RU,train,NOT_RELEVANT,,"Узбекистан вернул более 40 человек, незаконно находившихся в США Чартерный рейс был организован в сотрудничестве с соответствующими госорганами США."
RU-00873,RU,train,NOT_RELEVANT,,"Узбекистанец погиб при взрыве мусоровоза в России Мужчина работал в коммунальной службе и в момент ЧП убирал местность. По словам коллег, у него остались пятеро детей."
RU-00965,RU,train,NOT_RELEVANT,,"В Узбекистане огласили уровень подотчётности среди министерств и ведомств В ходе мониторинга выявлено, что госорганы преимущественно допускают значительные недочёты в разглашении данных о расходах бюджетных и внебюджетных средств"
RU-01413,RU,train,NOT_RELEVANT,,В Кыргызстане ежегодно около 3 тысяч детей рождаются с различными пороками сердца В Кыргызстане ежегодно около 3 тысяч детей рождаются с различными пороками сердцаВ Кыргызстане ежегодно около 3 тысяч детей рождаются с различными пороками сердца. Об этом сегодня журналиста
RU-00217,RU,train,NOT_RELEVANT,,Спортсменки из Кыргызстана выиграли две медали на международном турнире по художественной гимнастике Спортсменки из Кыргызстана выиграли две медали на международном турнире по художественной гимнастикеСпортсменки из Кыргызстана выиграли две медали на международном турнире на Кубок «Жу
RU-01493,RU,train,NOT_RELEVANT,,"«Продав одну из дочерей, я смогу кормить остальных своих детей четыре года», — отец из Афганистана 4,7 миллиона человек в Афганистане находятся на грани голода. Гор — одна из наиболее пострадавших провинций. Мужская часть ее населения в отчаянии — отцы вынуждены продавать своих совсем еще юных дочерей."
RU-01220,RU,train,NOT_RELEVANT,,"Токаев поздравил казахстанцев с днем Астаны, а Назарбаева — с днем рождения Президент Казахстана Касым-Жомарт Токаев поздравил казахстанцев с Днем Астаны, а первого президента страны Нурсултана Назарбаева — с днем рождения. Об этом сообщила пресс-служба Акорды. Токаев отметил, что сегодня Астана стала движущей силой исторических преобразований и развивается как «умный город», где внедряются современные системы управления. Он также заявил, что новая Конституция, которая вступила в силу накануне Дня Астаны, положила начало важному этапу модернизации ключевых государственных и общественных институтов. По словам Токаева, новый конституционный закон о статусе столицы усилил ведущую роль Астаны как политического, административного, экономического и культурного центра страны, а также подтвердил ее особое значение в дальнейшем развитии государства. Президент отметил, что «столица будет идти в авангарде строительства Справедливого Казахстана». Токаев также поздравил с 86-летием первого президента Казахстана Нурсултана Назарбаева, подчеркнув историческое значение его решения о переносе столицы в Астану. «Перенос столицы в бескрайние степи Сарыарки придал мощный импульс развитию всего Казахстана. Сегодня Астана продолжает динамично расти и преображаться, превращаясь в один из самых красивых городов мира», — говорится в поздравлении Токаева. Он пожелал Назарбаеву крепкого здоровья, долгих лет жизни и благополучия. В Казахстане 6 июля отмечается государственный праздник — День Астаны, который утвердили в 2008 году. Согласно официальным данным, исторической основой праздника стало постановление Верховного Совета Казахстана от 6 июля 1994 года о переносе столицы в Акмолу. Нурсултан Назарбаев, который руководил Казахстаном почти 30 лет, 19 марта 2019 года досрочно сложил президентские полномочия и передал их тогдашнему главе Сената Касым-Жомарту Токаеву. Одним из первых решений Токаева после вступления в должность президента стало переименование Астаны в Нур-Султан. После Январских событий 2022 года власти отказались от ряда инициатив, связанных с культом личности первого президента, а столице вернули прежнее название — Астана."
RU-00971,RU,train,NOT_RELEVANT,,"В Чуйской области в ДТП пострадала 12-летняя девочка В Чуйской области в ДТП пострадала 12-летняя девочкаВ Чуйской области в ДТП пострадала 12-летняя девочка. Об этом сообщает пресс-служба ГУВД региона. По ее данным, 10 июня примерно в 13"
RU-00921,RU,train,NOT_RELEVANT,,"Казахстан: Убийства в Иле-Алатауском национальном парке связаны с экстремизмом, рассказывает Казахстан: Убийства в Иле-Алатауском национальном парке связаны с экстремизмом, рассказывает12news.uz (Узбекистан). Как утверждается в официальном отчете следствия, за одним из самых кровавы"
RU-00130,RU,train,NOT_RELEVANT,,Компании в Фергане ошибочно начислили более $73 тысяч за электроэнергию В ситуации помогли разобраться представители офиса бизнес-омбудсмана
RU-00710,RU,train,NOT_RELEVANT,,В Узбекистане за некоторые нарушения ПДД сначала будут предупреждать В Кодекс об административной ответственности вводится мера административного предупреждения за менее существенные правонарушения.
RU-00258,RU,train,NOT_RELEVANT,,"Кыргызстан присоединится к Сингапурской конвенции - что это даст стране? Кыргызская Республика надеется, что более широкое применение медиации снизит нагрузку на судебную систему и создаст благоприятный инвестклимат в стране"
RU-01049,RU,train,NOT_RELEVANT,,Премьер-министр поздравил работников водного хозяйства с профессиональным праздником Премьер-министр поздравил работников водного хозяйства с профессиональным праздникомПремьер-министр Джоомарт Оторбаев поздравил работников водного хозяйства с профессиональным праздником. &n
RU-01023,RU,train,NOT_RELEVANT,,Толкун Бекбулатова: Ни одна судебная экспертная организация из Кырзыстана не прошла аккредитацию в Международной организации по стандартизации (обновлено) Толкун Бекбулатова: У Кыргызстана нет возможности стать членом Международной организации по стандартизацииУ Кыргызстана нет возможности стать членом Международной организации по стандартизац
RU-01237,RU,train,NOT_RELEVANT,,Замминистра образования и науки КР уволилась по собственному желанию Замминистра образования и науки КР уволилась по собственному желаниюЗаместитель министра образования и науки КР Догдуркуль Кендирбаева уволилась по собственному желанию. Об этом ИА «24
RU-01248,RU,train,NOT_RELEVANT,,"В Ташкенте накажут мужчину, выловившего рыбу из пруда и оскорбившего девушку в парке Материалы дела направлены в суд."
RU-00657,RU,train,NOT_RELEVANT,,«ESG инициативы в бизнесе через повышение качества корпоративного управления»: отчет с мероприятия Chapter Zero Uzbekistan Корреспондент Daryo присутствовал на мероприятии и пообщался со спикерами лично
RU-00415,RU,train,NOT_RELEVANT,,В Узбекистане ощущалось землетрясение Сила землетрясения в эпицентре составила 5 баллов.
RU-00457,RU,train,NOT_RELEVANT,,"В Аксыйском районе около ста голов мелкого рогатого скота, случайно перешедших в Узбекистан, не возвращены владельцам В Аксыйском районе около ста голов мелкого рогатого скота, случайно перешедших в Узбекистан, не возвращены владельцамВ Аксыйском районе около ста голов мелкого рогатого скота, 29 января случ"
RU-01466,RU,train,NOT_RELEVANT,,"Завкафедрой одного из вузов Бишкека задержана при получении взятки Завкафедрой одного из вузов Бишкека задержана при получении взяткиЗавкафедрой одного из вузов Бишкека задержана при получении взятки. Об этом сообщает ГУВД. По данным ведомства, сотрудн"
RU-00877,RU,train,NOT_RELEVANT,,"ЦБ Узбекистана опубликовал обновленный курс иностранных валют на 9 февраля Доллар составил 12 464,91 сумов"
RU-01061,RU,train,NOT_RELEVANT,,"Иностранных инвесторов привлекут к строительству новых воздушных гаваней в Узбекистане Также планируется развивать аэропорты в Ташкенте, Бухаре и Ургенче"
RU-01410,RU,train,NOT_RELEVANT,,В Иссык-Кульской области раскрыто 66 преступлений браконьеров В Иссык-Кульской области раскрыто 66 преступлений браконьеровВ результате трехмесячника по пресечению браконьерства в Иссык-Кульской области раскрыто 66 преступлений. Об этом сообщают в прес
RU-01035,RU,train,NOT_RELEVANT,,Великобритания отложила принятие кодекса об авторских правах для ИИ Работа Управления по интеллектуальной собственности при правительстве Великобритании совместно с другими компаниями не принесла результатов и ее передали другим ведомствам
RU-01170,RU,train,NOT_RELEVANT,,"В правительстве Кыргызстана заверяют, что с вхождением в ТС стоимость авто для личного пользования не увеличится В правительстве Кыргызстана заверяют, что с вхождением в ТС стоимость авто для личного пользования не увеличитсяВ правительстве Кыргызстана заверяют, что с вхождением в ТС стоимость авто для"
RU-00370,RU,train,NOT_RELEVANT,,"В Узбекистане принят проект закона о запрете на съемку граждан без согласия Законом также предусматривается, что при съемке и использовании изображения несовершеннолетних, не достигших 16 лет, должно быть получено согласие одного из родителей или лиц, заменяющих родителей."
RU-00973,RU,train,NOT_RELEVANT,,В Кыргызстане запрещают выкупать объекты в госрезиденциях В Кыргызстане запрещают выкупать объекты в госрезиденцияхВ Кыргызстане запрещают выкупать объекты в госрезиденциях. Этот документ одобрили члены парламентского комитета по конституционному з
RU-00414,RU,train,NOT_RELEVANT,,"Правозащитники заявляют, что в ДПС на вышестоящие должности назначаются инспекторы, не прошедшие аттестацию Правозащитники заявляют, что в ДПС на вышестоящие должности назначаются инспекторы, не прошедшие аттестациюПравозащитники заявляют, что в ДПС на вышестоящие должности назначаются инспекторы,"
RU-00754,RU,train,NOT_RELEVANT,,"В Бишкеке реализуют 7 проектов по улучшению жизни города В Бишкеке реализуют 7 проектов по улучшению жизни городаВ Бишкеке реализуют 7 проектов по улучшению жизни города. Об этом ИА «24.kg» сообщили в мэрии Бишкека. Напомним, что"
RU-01412,RU,train,NOT_RELEVANT,,Международный арбитраж взыскал с американского гражданина по искам относительно национализации ОАО «АУБ» более $400 тысяч Международный арбитраж взыскал с американского гражданина по искам относительно национализации ОАО «АУБ» более $400 тысячМеждународный арбитраж взыскал с американского гражданина
RU-00835,RU,train,NOT_RELEVANT,,Рамазан хайит в Узбекистане будет отмечаться 20 марта Местным хокимиятам и ответственным ведомствам поручено организовать празднование Рамазан хайита совместно с Наврузом в соответствии с национальными традициями и обычаями.
RU-00390,RU,train,NOT_RELEVANT,,"Как покрасить карбон в домашних условиях - инструкция от экспертов Для многих автолюбителей карбон давно стал одним из самых желанных материалов для тюнинга. Такие детали не только меняют внешний вид автомобиля, но и позволяют подчеркнуть его индивидуальность."
RU-00942,RU,train,NOT_RELEVANT,,Ташкент занял шестую позицию в рейтинге городов с самым загрязнённым воздухом Концентрация PM 2.5 превысила норму в 25 раз
RU-00557,RU,train,NOT_RELEVANT,,В Министерстве экологии объяснили загрязнение воздуха в Ташкенте Также в ведомстве предупредили о возможном повышении уровня частиц PM2.5.
RU-01165,RU,train,NOT_RELEVANT,,Курс валют в Узбекистане на 3 июня Центральный банк Узбекистана опубликовал новые курсы иностранных валют к суму.
RU-00105,RU,train,NOT_RELEVANT,,"Шавкат Мирзиёев и наследный принц Саудовской Аравии обсудили ситуацию на Ближнем Востоке Стороны серьезно обеспокоены острой обстановкой на Ближнем Востоке и нарастающей напряженностью в регионе. Недопущение дальнейшей эскалации и полное урегулирование отвечают не только интересам государств региона, но и целям обеспечения глобальной стабильности."
RU-00967,RU,train,NOT_RELEVANT,,МВД Кыргызстана: Уголовное дело по факту похищения телеведущей Назиры Айтбековой не возбуждалось МВД Кыргызстана: Уголовное дело по факту похищения телеведущей Назиры Айтбековой не возбуждалосьУголовное дело по факту похищения телеведущей Назиры Айтбековой не возбуждалось. Об этом ИА &l
RU-01148,RU,train,NOT_RELEVANT,,"В отеле, где Трамп ужинал с журналистами, неизвестный открыл стрельбу Дональд Трамп и члены его администрации были эвакуированы с ежегодного ужина Ассоциации корреспондентов Белого дома из отеля Washington Hilton из-за «угрозы безопасности». Некоторые присутствующие сообщали, что слышали от пяти до восьми выстрелов."
RU-00828,RU,train,NOT_RELEVANT,,Ферганская область и индийский штат Харьяна укрепляют связи Индийская сторона проявила большой интерес к инвестиционным проектам в Узбекистане
RU-00473,RU,train,NOT_RELEVANT,,"Жители Нарынской области требуют отставки руководства Таможенной службы Жители Нарынской области требуют отставки руководства Таможенной службыЖители Нарынской области требуют не переносить таможенный терминал на Иссык-Куль. Завтра, 24 января, они намерены выйти"
RU-00434,RU,train,NOT_RELEVANT,,Иран хочет создать приграничные рынки с Туркменистаном Обсуждается и вопрос об облегчении беспрепятственного транзита грузов из Ирана в другие страны Центральной Азии
RU-01235,RU,train,NOT_RELEVANT,,"Шавкат Мирзиёев наградил гендиректора ЮНЕСКО Одри Азуле орденом «Дустлик» Одри Азуле искренне поздравила президента с историческим событием – проведением 43-й сессии Генеральной конференции Организации, которая впервые за последние 40 лет проходит за пределами Парижа."
RU-00098,RU,train,NOT_RELEVANT,,"В Ташкенте 58-летняя женщина покончила с собой, выбросившись с девятого этажа Женщина состояла на учете в диспансере психических заболеваний, а также в органах внутренних дел."
RU-00992,RU,train,NOT_RELEVANT,,"Омурбек Абдырахманов: Парламент Кыргызстана превратился в контору интриг Омурбек Абдырахманов: Парламент Кыргызстана превратился в контору интриг«Парламент Кыргызстана превратился в контору интриг», - заявил на заседании парламента депутат Омурбек Абд"
RU-00199,RU,train,NOT_RELEVANT,,"В Ангрене грузовик столкнулся с 4 автомобилями: есть погибшие и пострадавшие В результате массового ДТП водитель и пассажир автомобиля Cobalt погибли на месте, еще четверо получили различные травмы."
RU-00696,RU,train,NOT_RELEVANT,,"«Один удар – и все» — Израилю нужна 15-тонная мегабомба США, чтобы уничтожить завод Фордо в Иране Из-за огромного веса, сбросить такую бомбу можно только с помощью малозаметного бомбардировщика B-2 Spirit — самолета, которого нет на вооружении у израильских ВВС."
RU-00229,RU,train,NOT_RELEVANT,,"Эристина Кочкарова: Ответственность за ложное сообщение будет нести лицо, распространившее его, а не СМИ, где оно опубликовано Эрнистина Кочкарова: Ответственность за ложное сообщение будет нести лицо, распространившее его, а не СМИ, где оно опубликовано«Ответственность за ложное сообщение будет нести лицо, ра"
RU-00838,RU,train,NOT_RELEVANT,,"Чынгысбек Узакбаев: В 2013 году правительство хорошо поддержало фермеров кредитами Чынгысбек Узакбаев: В 2013 году правительство хорошо поддержало фермеров кредитами«В 2013 году правительство хорошо поддержало фермеров кредитами», - заявил сегодня на заседании"
RU-00672,RU,train,NOT_RELEVANT,,Саранча атаковала Бухарскую область Записи с агрессивными насекомыми были сделаны на участке автомобильной дороги А-380 Бухара – Хорезм рядом с городом Газли
RU-00531,RU,train,NOT_RELEVANT,,Мэтью Сандерс: Налогообложение в Кыргызстане находится выше среднего уровня по сравнению с другими странами Мэтью Сандерс: Налогообложение в Кыргызстане находится выше среднего уровня по сравнению с другими странами«Налогообложение в Кыргызстане находится выше среднего уровня по сравнению с
RU-01072,RU,train,NOT_RELEVANT,,В столице Кыргызстана откроется Центр молодежи Атая Омурзакова «Я танцор» В столице Кыргызстана откроется Центр молодежи Атая Омурзакова «Я танцор»
RU-00395,RU,train,NOT_RELEVANT,,"20 тысяч человек одновременно станцевали «Андижанскую польку», чтобы установить мировой рекорд В центре Андижана устроили массовый танцевальный флешмоб. Масштабное мероприятие прошло в рамках программы, посвящённой присвоению Андижану статуса культурной столицы тюркского мира в 2026 году."
RU-00870,RU,train,NOT_RELEVANT,,"В Оше фермеру, избитому на рынке, предоставили торговое место Фермеру, который подвергся нападению во время попытки продать клубнику возле старого рынка Оша, предоставили торговое место на новом рынке. Об этом сообщили в мэрии."
RU-01277,RU,train,NOT_RELEVANT,,Сегодня метановые заправки в Узбекистане будут работать шесть часов В Ферганской долине график работы метановых заправок определяется по согласованию с хокимиятами и зависит от давления газа.
RU-01355,RU,train,NOT_RELEVANT,,"Шавкат Мирзиёев поздравил Нурсултана Назарбаева с наступающим Новым годом Лидер нашей страны и первый президент Казахстана обменялись теплыми поздравлениями, выразив наилучшие пожелания мира, стабильности и процветания народам двух братских государств."
RU-00471,RU,train,NOT_RELEVANT,,С марта 2026 года в Узбекистане будет автоматически ограничена продажа просроченных товаров При этом на товары с истекшим сроком годности не будут пробиваться кассовые чеки через контрольно-кассовые аппараты.
RU-00315,RU,train,NOT_RELEVANT,,Кубат Умурзаков: При вступлении Кыргызстана в Таможенный союз потери бюджета могут составить до $60 миллионов Кубат Умурзаков: При вступлении Кыргызстана в Таможенный союз потери бюджета могут составить до $60 миллионов«При вступлении Кыргызстана в Таможенный союз потери бюджета могут составит
RU-01303,RU,train,NOT_RELEVANT,,"Казахстану 32 года: история вызовов и перемен В день независимости Казахстана, отмечаемый 16 декабря, Асель Нусупова, колумнист Daryo.uz, пишет о трансформации Казахстана из страны советского влияния в развивающуюся экономическую силу в Центральной Азии, отмечая три десятилетия независимости и преодолевая значительные экологические и экономические трудности"
RU-00630,RU,train,NOT_RELEVANT,,"Академия наук передала 190 гектаров земли хокимияту Ташкента — что здесь построят Речь идет о земельном участке на территории поселка Улугбек в Мирзо-Улугбекском районе. Участок будет включен в категорию свободных земель, находящихся в распоряжении хокимията."
RU-00184,RU,train,NOT_RELEVANT,,"Оптимизация цен на весь модельный ряд автомобилей Chery в Узбекистане Интернет-издание «Daryo» зарегистрировано в качестве средства массовой информации Агентством по печати и информации Узбекистана (ОзМАА, ныне Агентство информации и массовых коммуникаций при Администрации Президента Республики Узбекистан) 13.03.2015 года под номером 0944. Полное или частичное воспроизведение текстовых материалов, а также использование фотографических, графических, аудио- и/или видеоматериалов допускается при наличии гиперссылки на сайт «daryo.uz» и/или указания авторства интернет-издания «Daryo»."
RU-00633,RU,train,NOT_RELEVANT,,Санитарно-экологическая инспекция выявила нарушения по Свердловскому району Бишкека Санитарно-экологическая инспекция выявила нарушения по Свердловскому району БишкекаСанитарно-экологическая инспекция выявила нарушения по Свердловскому району Бишкека. Об этом сообщает мэрия
RU-01142,RU,train,NOT_RELEVANT,,"В столице Кыргызстана состоится кыргызско-австрийский бизнес-форум В столице Кыргызстана состоится кыргызско-австрийский бизнес-форумЗавтра, 14 ноября, в Бишкеке состоится кыргызско-австрийский бизнес-форум. Об этом сообщает пресс-служба МИД КР. По ее"
RU-00100,RU,train,NOT_RELEVANT,,"Деятельность предприятия «Maxam-Chirchiq» временно приостановлена Экологическая проверка выявила 11 нарушений, включая несоответствие пылегазоочистного оборудования требованиям, превышение установленных нормативов выбросов, а также химических веществ в воде."
RU-00678,RU,train,NOT_RELEVANT,,Кубатбек Айбашов: Освобождение от должности главы администрации Кадамджайского района Баткенской области Кыргызстана не было указом сверху Кубатбек Айбашов: Освобождение от должности главы администрации Кадамджайского района Баткенской области Кыргызстана не было указом сверхуОсвобождение от должности главы администрации Кадамд
RU-00173,RU,train,NOT_RELEVANT,,"Спортсменка из Кыргызстана уступила на старте состязаний по теннису на Азиатских играх Спортсменка из Кыргызстана уступила на старте состязаний по теннису на Азиатских играхСпортсменка из Кыргызстана уступила на старте состязаний по теннису на 17-х летних Азиатских играх, прод"
RU-00720,RU,train,NOT_RELEVANT,,Ахматбек Келдибеков: ЗАО «Альфа Телеком» имеет иски на общую сумму более чем в $1 миллиард Ахматбек Келдибеков: ЗАО «Альфа Телеком» имеет иски на общую сумму более чем в $1 миллиард
RU-00287,RU,train,NOT_RELEVANT,,"Врач назвал самый опасный для зубов алкогольный напиток Имплантолог, пародонтолог Александр Заславский-Шостак в беседе с ""Лентой.ру"" назвал самый опасный для здоровья полости рта алкогольный напиток, передает TengriHealth."
RU-01188,RU,train,NOT_RELEVANT,,"Евросоюз обсуждает приостановление торгового соглашения с Израилем Глава внешней политики ЕС Кая Каллас сказала, что если страны, блокирующие продвижение мер, не согласны с планом, то она призывает их предложить альтернативу. Особенно в том случае, если они признают, что ситуация в Газе «неприемлема»."
RU-01243,RU,train,NOT_RELEVANT,,На завершение съемок фильма «Курманджан датка» требуется еще 20 миллионов сомов На завершение съемок фильма «Курманджан датка» требуется еще 20 миллионов сомов
RU-01373,RU,train,NOT_RELEVANT,,В Бишкек прибыла икона преподобного Сергия Радонежского с частицей его мощей В Бишкек прибыла икона преподобного Сергия Радонежского с частицей его мощейВ Бишкек прибыла икона преподобного Сергия Радонежского с частицей его мощей. Об этом сообщает Бишкекская и Кыргыз
RU-00552,RU,train,NOT_RELEVANT,,"В ВОЗ предрекают значительный рост случаев заболевания раком к 2050 году Прогнозируется, что количество раковых пациентов будет на 77% больше, чем в 2022 году"
RU-00369,RU,train,NOT_RELEVANT,,"Расул Умбеталиев: Директор ТЭЦ Кара-Балты незаконно принял уголь Расул Умбеталиев: Директор ТЭЦ Кара-Балты незаконно принял уголь«Директор ТЭЦ Кара-Балты незаконно принял уголь», - сообщил сегодня ИА «24.kg» независимый эксперт топ"
RU-01075,RU,train,NOT_RELEVANT,,"Наталья Никитенко: В Кыргызстане выпускники детдомов остаются один на один с проблемами Наталья Никитенко: В Кыргызстане выпускники детдомов остаются один на один с проблемами«В Кыргызстане дети после детдома вынуждены оставаться один на один со своими проблемами»,"
RU-00255,RU,train,NOT_RELEVANT,,"Олег Панкратов: Нам ставят условие, чтобы товары, которые завозятся в Кыргызстан в льготном режиме, не попадали на территорию стран ТС Олег Панкратов: Нам ставят условие, чтобы товары, которые завозятся в Кыргызстан в льготном режиме, не попадали на территорию стран ТС«Нам ставят условие, чтобы товары, которые завозят"
RU-00530,RU,train,NOT_RELEVANT,,"Как сделать Instagram-страницу в Узбекистане по-настоящему интересной для пользователей Instagram — одна из самых популярных социальных сетей в Узбекистане. По данным Admixer Advertising, к июлю 2024 года количество активных пользователей Instagram в стране достигло 8,6 миллионов человек, что составляет около 24% от всего населения."
RU-00429,RU,train,NOT_RELEVANT,,В Бишкеке пройдет военно-патриотический конкурс «Я – защитник Отечества» В Бишкеке пройдет военно-патриотический конкурс «Я – защитник Отечества»В Бишкеке пройдет общереспубликанский военно-патриотический конкурс «Я - защитник Отечества&ra
RU-00452,RU,train,NOT_RELEVANT,,"Тимур Кападзе попрощался со сборной Узбекистана Он поблагодарил футболистов, штаб команды и федерацию за доверие и сотрудничество, а также болельщиков — за постоянную поддержку, энергию и веру в команду."
RU-00858,RU,train,NOT_RELEVANT,,Руководство Свердловского акимиата и Бишкекглавархитектуры причастно к незаконной выдаче земельных участков Руководство Свердловского акимиата и Бишкекглавархитектуры причастны к незаконной выдаче земельных участковРуководство Свердловской райгосадминистрации Бишкека и Бишкекглавархитектуры причас
RU-00641,RU,train,NOT_RELEVANT,,"В Узбекистане зафиксирован низкий показатель экспорта регионов Наибольшая доля отмечена в Ташкенте, что составляет 32,0 %, или $357,2 млн"
RU-00129,RU,train,NOT_RELEVANT,,Туркменистан и Афганистан сформируют совместный железнодорожный комитет Переговоры с афганской стороны возглавил глава департамента железных дорог страны Бахту Рахман Шараф
RU-01398,RU,train,NOT_RELEVANT,,"«Ничья в матче с Узбекистаном нас не устроит» — главный тренер сборной Конго Себастьен Десабр отметил, что Узбекистан будет непростым соперником, поскольку команда хорошо обороняется."
RU-00197,RU,train,NOT_RELEVANT,,"«Неважно, сколько потребуется средств — мы найдем» — Президент поручил создать инновационные клиники в 14 регионах Шавкат Мирзиёев ознакомился с деятельностью многопрофильного кардиологического центра в городе Шахрисабзе."
RU-01363,RU,train,NOT_RELEVANT,,"Старт первой за 50 лет лунной миссии «Артемида-2» прошел успешно В рамках миссии корабль «Орион» совершит один виток вокруг Луны. В составе экипажа астронавты НАСА Рид Уайзман, Виктор Гловер и Кристина Кох, а также астронавт Канадского космического агентства Джереми Хансен. 10-дневная экспедиция вокруг Луны и обратно позволит им оказаться в космосе на глубине, до сих пор недоступной для человека."
RU-00384,RU,train,NOT_RELEVANT,,"Человек года-2012 Человек года-2012Вот и закрылась последняя страница уходящего в историю 2012-го - сложного, противоречивого, неоднозначного. Было много событий - злых и добрых, радостных и печальных. Но все"
RU-01065,RU,train,NOT_RELEVANT,,Чиновники отдела образования Панфиловского района провели незаконный тендер на закупку продуктов для школ Чиновники отдела образования Панфиловского района провели незаконный тендер на закупку продуктов для школЧиновники отдела образования Панфиловского района провели незаконный тендер на закупк
RU-00658,RU,train,NOT_RELEVANT,,C начала года в Казахстане возбудили 10 уголовных дел по фактам похищения невест И только одно из них направлено в суд
RU-00507,RU,train,NOT_RELEVANT,,Посол США в Узбекистане выразил соболезнования в связи с терактом в Crocus City Hall Об этом сообщает пресс-служба дипмиссии
RU-01421,RU,train,NOT_RELEVANT,,"Эксперт назвал причины наблюдавшейся в Ташкенте пыльной бури Основной причиной этого явления стало столкновение прохладного северного воздушного потока и теплой воздушной массы, идущей с юга."
KK-D01011,KK,train,RELEVANT,WATER_CRYO,"Балқаш көлі Арал тағдырын қайталамайды – экология министрлігі Бүгін Орталық коммуникациялар қызметінде өткен брифинг барысында Экология, геология және табиғи ресурстар вице-министрі Серік Қожаниязов Балқаш көліндегі"
KK-C00260,KK,train,RELEVANT,SCIENCE_GEN,"Маңғыстауда «Жер сағаты - 2020» халықаралық акциясы өтті Ғаламдық бастамаға айналған шара Ақтау және Жаңаөзен қалалары, сонымен қатар Түпқараған, Бейнеу, Маңғыстау, Қарақия мен Мұнайлы аудандарында өтті."
KK-D01435,KK,train,RELEVANT,DISASTER,"Аптаптың азабын тартқан адамзат Биыл күн райы күрт ысып, шартараптың түкпір-түкпіріндегі тұрғындарды әбігерге салды. Мәселен, наурызда оңтүстік полюсте бұрын-соңды кездеспеген"
KK-A00179,KK,train,RELEVANT,POLICY,"Парник газын бөлудің төрт жылдық квотасы белгіленді Қазақстанда парник газын шығаруға квоталар бөлудің 2016-2020 жылдарға арналған ұлттық жоспары бекітілді. Бұл туралы үкімет қаулысы бүгін ресми баспасөзде жарияланды. Қаулыда биыл қаңтардың 1-інен бастап күшіне енген ұлттық жоспар Қазақстан экологиялық кодексіне, үкіметтің 2012 жылғы 7..."
KK-A00268,KK,train,RELEVANT,WATER_CRYO,"Көмек-қолдау ұйымдары Балқашта Арал теңізіндегі сияқты апатты болдырмау жолында жұмыс істеуде Европа одағының ресмилері мен халықаралық негізгі ұйымдар Қазақстанда бас қосып, әлемдегі ең үлкен көлдің бірі Балқашты мүмкін болғалы тұрған экологиялық апаттан сақтап қалу мақсатында қаржыландыру жолдарын қарастырмақшы."
KK-00005,KK,train,RELEVANT,SCIENCE_GEN,"Климаттық өзгерістер Орталық Азия елдерінің экономикасына қалай әсер етіп жатыр? Климаттық өзгерістер Орталық Азия елдерінің экономикаларына барған сайын қаттырақ әсер етіп, тасқын, құрғақшылық, аптап ыстық пен басқа да табиғат"
KK-C00014,KK,train,RELEVANT,WATER_CRYO,"5 жыл ішінде Солтүстік Аралдың көлемі қаншалықты ұлғаяды? Солтүстік Арал теңізінің ауданын 34 км³ дейін, ал оның аумағын 4-5 жыл ішінде 3 913 км² дейін жеткізу жоспарланып жатыр, деп"
KK-00743,KK,train,RELEVANT,ENERGY,"Биыл Алматыға газбен жүретін 500 автобус пен электробус сатып алынады Бүгін Алматыда автобус парктеріне қоғамдық көлікке қойылатын экологиялық талаптар түсіндірілді, деп хабарлайды Egemen.kz ."
KK-D00783,KK,train,RELEVANT,POLICY,Ашхабадта климаттық өзгеріс талқыланды Түрікменстан астанасы Ашхабадта Орталық Азия елдерінің климаттың өзгеруіне қарсы күреске бағытталған жетінші өңірлік конференциясы өтіп жатыр.
KK-A00123,KK,train,RELEVANT,AGRI_LAND,"Нигерияда азық-түлік тапшы Батыс Африкадағы Нигерия мемлекетінің жеті миллион тұрғыны азық-түлік тапшылығын сезінуде, дейді ""Балаларды қорғайық"" (Save The Children) гуманитарлық ұйым өкілдері. Ұйымның баспасөз хатшысының хабарлауынша, ұзаққа созылған құрғақшылық кесірінен Нигерияда 400 мың бала тарығып күн көруге мәжбүр."
KK-C00410,KK,train,RELEVANT,WATER_CRYO,Арал теңізіне су жіберу жоспары 100%-ға жуық орындалды министрліктің баспасөз қызметі мәлімдеді
KK-A00065,KK,train,NOT_RELEVANT,,"Арал тағдырын баяндайтын фильм халықаралық байқауда Чехия астанасы Прагада сәуірдің 27-сі мен мамырдың 5-і аралығында адам құқықтарына арналған ""Біртұтас әлем"" деген халықаралық кинофестивалі өтеді. Осымен 7-ші рет өткелі отырған кинофестиваліне ұсынылған фильмдер арасында Аралдың аянышты тағдыры туралы шығарма да бар."
KK-C00737,KK,train,RELEVANT,WATER_CRYO,"Депутат: Солтүстік Аралды сақтау жобасын жеделдету қажет Мәжіліс депутаты, AMANAT партиясы фракциясының мүшесі Мархабат Жайымбетов Премьер-Министр Олжас Бектеновтің"
KK-01113,KK,train,RELEVANT,WATER_CRYO,"Астанада Өңірлік экологиялық саммит өтіп жатыр Бүгін Астанада Өңірлік экологиялық саммит өтіп жатыр. Аймақтық экожүйелені сақтау, су және жер ресурстарын қорғау әрі бірлесе пайдалануды мақсат еткен жиын…"
KK-A00405,KK,train,RELEVANT,AGRI_LAND,"Ауыл шаруашылығы министрі: Қазақстанда 180 мың гектар егіс жойылды Қазақстанда құрғақшылық салдарынан 178,8 мың гектар егіс жойылды. Бұл туралы бүгін, 18 тамыз күні үкімет отырысында ауыл шаруашылығы министрі міндетін атқарушы Ербол Қарашөкеев мәлімдеді. Оның сөзінше, биыл Қазақстанда 23 миллион гектарға егіс егілген. ""13,2 миллион гектарда немесе дәнді..."
KK-A00541,KK,train,RELEVANT,WATER_CRYO,Тоқаев мұздықтарды қорғау мен зерттеуге бағытталған серіктестік құруды ұсынды Қазақстан президенті Қасым-Жомарт Тоқаев Эр-Риядта өтіп жатқан One Water саммиті кезінде мұздықтарды қорғау мен зерттеуге арналған ғаламдық орталықтарды біріктіретін серіктестік құруды ұсынды. Бұл жөнінде Ақорда хабарлады. 3 желтоқсанда өткен су және су тапшылығы мен оны үнемдеу мәселелеріне...
KK-D03300,KK,train,RELEVANT,WATER_CRYO,Арал тағдыры – адамзат тағдыры Бүгін Түрікменстанның Түрікменбашы қаласында Халықаралық Аралды құтқару қорының (ХАҚҚ) құрылтайшы мемлекеттер басшыларының саммиті өтеді.
KK-D00790,KK,train,RELEVANT,WATER_CRYO,"Аралды ғарыштан зерттеу өңірдің экологиялық және экономикалық ахуалын нақтылайды Арал теңізін экологиялық тұрғыдан сауықтырып, экономикасын дамыту жанданып келеді. Цифрландыру және ғарыштық технологияларды пайдалану Арал өңірінің"
KK-A00396,KK,train,RELEVANT,WATER_CRYO,"Ашхабадта Арал теңізіндегі су ресурстарын басқару мәселесі талқылануда Бүгін Ашхабадта Аралды құтқарудың халықаралық қоры құрылтайшы мемлекеттерінің Алматыда өткен саммитінің қорытындысы бойынша аймақтық ынтымақтастықты кеңейту жөніндегі халықаралық кездесу басталды, — деп хабарлайды АҚХҚ атқару комитетінің хатшылығы. Бұл жиынға БҰҰ, ЕҚЫҰ, Еуродақ ұйымдарының..."
KK-D03506,KK,train,RELEVANT,WATER_CRYO,"Арал теңізінің су көлемі артып келеді Арал теңізі бассейніндегі суармалы алқаптарды (7,9 млн.га дейін) ұлғайту мақсатында шөлдер мен жартылай шөлдерді қарқынды игеру нәтижесінде су алуды"
KK-D00089,KK,train,RELEVANT,WATER_CRYO,Арал теңізі аумағында 1 млн гектар жерге ағаш отырғызылады Экология министрлігі Мемлекет басшысының 2 млрд ағаш отырғызу жөніндегі тапсырмасын орындау аясында Арал теңізі аймағында 2025 жылға қарай 1 млн гектарға а
KK-A00614,KK,train,RELEVANT,WATER_CRYO,"Аралға ашынып, Семейге қабырғасы қайысқан Пан Ги Мун Назарбаевтан орден алды Сәуірдің 7-күні Пан Ги Мунның Орта Азия елдеріне алғашқы сапары аяқталды. Бас хатшы экологиялық апатты аймақтарды аралап, Қазақстанның ядрлық қарудан бас тарту үлгісін мадақтады."
KK-00618,KK,train,RELEVANT,WATER_CRYO,Италиядағы көл күннің ыстығынан миллиардтаған литр суынан айырылды Италиядағы ең ірі көлдердің бірі – Гардада су деңгейі күрт төмендеді. Маусым айының соңғы аптасында ғана көлдегі су көлемі 10 сантиметрге азайған. Елдің…
KK-A00353,KK,train,RELEVANT,WATER_CRYO,"Үкімет суы тартылған Каспий табанын қазғызбақ. Салдары бола ма? Қазақстан үкіметі Каспий теңізінің түбін тереңдетпек. Яғни қазғалы жатыр. Оған себеп - теңіз суы тартылып, жүк кемелерінің жүріп-тұруы қиындаған. Премьер-министрдің сенат депутаттарына жолдаған хатында бұл жұмыстың жалпы құны 42 миллиард теңге (шамамен 84 млн доллар)."
KK-D02225,KK,train,NOT_RELEVANT,,Алматы маңындағы көлдерде сел қауіпі бар Алматы әкімі Ерболат Досаев пен Төтенше жағдайлар министрі Юрий Ильин қаланың сел қауіпсіздігін бақылау және мониторинг жүргізу мақсатында мореналық
KK-C01265,KK,train,RELEVANT,POLICY,Экологиялық кодекс: Өнеркәсіптегі «жасыл» бетбұрыс Мемлекет басшысы Қасым-Жомарт Тоқаев халыққа арнаған Жолдауында қоршаған ортаны қорғау және экологиялық даму еліміз үшін алдыңғы кезекте тұрған мәселе
KK-C00380,KK,train,RELEVANT,WATER_CRYO,"Астанадағы су тапшылығы: Президент Экология министрлігінің жұмысын сынға алды Мемлекет басшысы Елорданы дамыту мәселелері жөніндегі кеңесте елордада орын алған су мәселесіне тоқталып өтті, деп хабарлайды Egemen.kz."
KK-A00369,KK,train,NOT_RELEVANT,,"Өзі отырған бұтақты өзі қырқу... Ағаш жарықтықтың адам баласына зиянды көмірқышқыл газын жұтып алып, есесіне сол адам ағзасына қажетті оттегін ауаға бөлетіні- бесенеден белгілі жайт."
KK-C02008,KK,train,RELEVANT,WATER_CRYO,"Қасым-Жомарт Тоқаев: Каспий теңізінің мүшкіл хәлі экологиялық апатқа ұласуы мүмкін Қасым-Жомарт Тоқаев «Көпжақты ынтымақтастықты дамыту, өңірлік қауіпсіздік пен орнықты дамуды қамтамасыз ету» тақырыбына арналған «ШЫҰ плюс» саммитінде"
KK-00844,KK,train,RELEVANT,POLICY,Президент: Экология мәселесінде таңдаулыларға басымдық беру әбестік Мемлекет басшысы Қасым-Жомарт Тоқаев Өңірлік экологиялық саммиттің пленарлық отырысында сөз сөйледі. Президент экологиялық саясатты қалыптастыру барысында…
KK-A00073,KK,train,RELEVANT,WATER_CRYO,"Балқаш көлі Арал теңізінің кебін киюі мүмкін Қазақстандық су мамандары «егер шұғыл шара қолданылмыса жақын жылдары Балқаш көлі Арал қасіретін тартады» деген болжам айтып отыр. Ол шаралардың ішінде Қазақстан көршілес мемлекеттермен шекаралас өзендер мәселесін реттеп, шаруашылықта суды үнемдеп пайдалану мәдениетін қалыптастыру аталады."
KK-A00535,KK,train,RELEVANT,WATER_CRYO,"Ғалымдар кіші Аралды қалпына келтіру арқылы Арал теңізін қайта толықтыруға болады деп санайды Қазақстандық ғалымдар Аралдың солтүстік жағын сақтап қалатынына және бір-екі жылда кіші Аралды балыққа толтыратынына сенімді. Бұл туралы қыркүйектің 2-күні, Алматыда өтіп жатқан арнайы конференция жұмысы кезінде айтылды."
KK-A00160,KK,train,RELEVANT,POLICY,«Үлкен сегіздік» пен дамушы елдер ауа райының жылынуы бойынша ортақ тіл іздеуде Италияның Аквила қаласында басталған «үлкен сегіздіктің» кезекті саммитінде ғаламдық ауа райының жылынуы проблемасы мен халықаралық сауда мәселесі талқыланды. Жиынға АҚШ президенті Барак Обама төрағалық етті.
KK-D01800,KK,train,RELEVANT,WATER_CRYO,Ғалымдар Арал тағдырына алаңдаулы Астанада «Су қауіпсіздігі және трансшекаралық су ресурстарын пайдалану: сын-қатерлер мен шешімдер» атты халықаралық конференция өтті.
KK-C00789,KK,train,NOT_RELEVANT,,"Жасыл белдеу елорда климатына қалай әсер етті? Елорда жасыл белдеуінің жалпы ауданы – 14 827 гектар, онда 11 502,2 гектар жерде 9,6 млн-нан астам ағаш (қайың, шегіргүл, терек, үйеңкі, қарағай) пен 1,8"
KK-D03558,KK,train,RELEVANT,DISASTER,"Бірде – сел, бірде – жел Табиғат-ананың тосын мінезінің көрші жатқан елдің шат-шәлекейін шығарып, бірнеше аймақты тасқын судың астында қалдырғаны мәлім. Өз елімізде де жаз бойы"
KK-C00539,KK,train,RELEVANT,WATER_CRYO,«Қашанғы көршілердің көңіліне қараймыз?». Депутат трансшекаралық өзен-су мәселесін көтерді Мәжіліс депутаты Қайрат Балабиев жалпы отырыста еліміздің трансшекаралық өзен-су мәселесін көтерді. Депутат Су ресурстары және ирригация министрі Нұржан
KK-C02231,KK,train,RELEVANT,WATER_CRYO,Олжас Бектенов Халықаралық Аралды құтқару қоры басқармасының отырысына қатысушылармен кездесу өткізді Қазақстан Республикасының Премьер-министрі Олжас Бектенов Қазақстанның төрағалығымен өтіп жатқан Халықаралық Аралды құтқару қоры (ХАҚҚ) басқармасының
KK-A00617,KK,train,RELEVANT,WATER_CRYO,"Арал теңізін жартылай тірілту үшін Әлем банкы 85 млн. доллар қаржы бөліп отыр 40 жылдан бері ғалымдар, суы кеуіп бара жатқан Арал табиғатын зерттеп, бұл бүкіл әлемде бұрын соңды кездеспеген экологиялық апат деп дабыл қағып келеді."
KK-C00678,KK,train,RELEVANT,WATER_CRYO,"Солтүстік Аралға 5 млрд текше метр су жіберілді Су ресурстары және ирригация министрлігінің мәліметінше, Су ресурстарын басқару жүйесін дамыту тұжырымдамасы аясында 2023 жылдан бүгінгі күнге дейін"
KK-D03492,KK,train,NOT_RELEVANT,,"«Арал өлмейді» Ақмешітке аяқ басқалы тілімізге мына тіркес орала береді: «Арал­дың табанынан су кеткенмен, Халқының жүрегінен жыр кет­кен жоқ». Сыр сүлейлерінің"
KK-D03709,KK,train,RELEVANT,SCIENCE_GEN,Климаттың өзгеруі әлемге қауіп төндіріп тұр Климаттың жылдам өзгеруі қауіпті жағдайды алдын алуға мүмкіндіктерді азайтып отыр. Бейбітшілік пен қауіпсіздікті сақтап қалу үшін бірінші кезекте «үлкен
KK-00011,KK,train,RELEVANT,ENERGY,Жетісуда жел электр стансасы салынады Жетісу облысында жаңартылатын энергия көздерін дамыту бағытындағы ірі жобалардың бірі жүзеге асырылмақ. Өңір әкімі Бейбіт Исабаев Қытай Халық Республикасының…
KK-C00225,KK,train,RELEVANT,WATER_CRYO,"Трансшекаралық су ресурстарын тиімді пайдаланған жөн - Мемлекет басшысы Мемлекет басшысы самит барысында Трансшекаралық су ресурстарын тиімді пайдалану туралы айтты, деп хабарлайды Egemen.kz Ақорданың баспасөз қызметіне"
KK-D02075,KK,train,RELEVANT,SCIENCE_GEN,БҰҰ экологиялық апатты болжады БҰҰ жанындағы климаттың өзгеруін зерттейтін үкіметаралық мамандар тобы ғаламдық климат өзгеруінің салдары жөніндегі баяндамаларын жариялады. Бұл туралы
KK-A00260,KK,train,RELEVANT,POLICY,"Германияда үлкен сегіздік елдерінің саммиті басталды Германияның Хейлигендам қаласында басталған Үлкен 8-дік ұйымы саммитінің алғашқы күнінде, күн тәртібіне қойылған басты мәселелердің бірі - климаттың өзгеру проблемалары қаралады. Германия тарапы, 2050-ші жылға қарай ауаға бөлінетін көмірқышқыл газының көлемін 50 пайызға азайтуға арналған келісімге қол жеткізуді мақсат тұтуда. Ал Құрама Штаттары мұндай ұсыныспен келіспейтіндігін айтып отыр."
KK-D00087,KK,train,NOT_RELEVANT,,«Арал 2019» экспедициясы басталды 12-мамырда «Арал 2019» экспедиция құрамы Нұр-Сұлтан қаласынан Арал теңізі бағытына қарай жолға шықты. «QazaqGeography» республикалық қоғамдық бірлестігі
KK-A00499,KK,train,RELEVANT,AGRI_LAND,"Өзбекстанда әр минут сайын 9 шаршы метр жер шөлге айналып жатыр Өзбекстанда Ғылым академиясына қарайтын Сейсмология институтының директоры, география ғылымдарының докторы Вахоб Рафиков өлкеде шөлге айналған жерлер көбейіп жатқанын мәлімдеді. ""Бұл процесс жыл өткен сайын тездетіп жатыр. Карначул, Мирзачул, Шерабад, Дальварзин, Қарақалпақ шөлдерінің шекарасы..."
KK-C00957,KK,train,RELEVANT,DISASTER,"Испаниядағы аптап ыстықтан мыңнан астам адам қайтыс болды Еуропада ауа температурасының рекордтық көрсеткіштері тіркелді. Ғалымдар бұны климаттың өзгеруімен байланыстырады, деп хабарлайды Egemen.kz."
KK-C00457,KK,train,RELEVANT,POLICY,"Президент жаһандық климаттық бастамалар туралы: Бұл кең ауқымды алаяқтыққа ұқсайды Қасым-Жомарт Тоқаевтың айтуынша, Қазақстан энергетикалық тәуелсіздікке жету үшін атом индустриясын дамытуға күш салуы керек. Президент алғашқы атом электр"
KK-C01766,KK,train,RELEVANT,HEALTH_SOCIETY,"Әлемде 216 млн адам «климаттық босқынға» айналуы мүмкін Қазір климаттың өзгеруі ғалымдармен қатар қарапайым тұрғындарды да алаңдатып отыр. Бұл мәселеге әсіресе жастар жағы көп бас қатыратын көрінеді, деп"
KK-C01491,KK,train,RELEVANT,WATER_CRYO,Су жобалары мен мұздықтарды қорғау шаралары талқыланды Қазақстан мен Азия даму банкі су ресурстарын тиімді басқару және климаттың өзгеруіне бейімделу мақсатында ынтымақтастықты күшейтпек. Су ресурстары және
KK-A00516,KK,train,NOT_RELEVANT,,"Медведев алдағы аптада Германияға барады Ресей президенті Дмитрий Медведев алдағы аптада Германияға барып, канцлер Ангела Меркельмен кездеседі. Германия үкіметінің хабарлауынша, екі жетекші шілденің 16-ы күні Мюнхенде кездеседі. Ол кездесуде ғаламдық экономикалық дағдарыс пен климаттың жылынуына қарсы күрес мәселелері..."
KK-D02828,KK,train,RELEVANT,WATER_CRYO,"Әлемдегі ең үлкен мұздық еріп кетті Әлемдегі ең үлкен мұздық саналатын А68 енді жоқ, деп хабарлайды Egemen.kz TRT-ға сілтеме жасап."
KK-A00269,KK,train,RELEVANT,AGRI_LAND,"Ирақ диқандары су тапшылығының зардабын тартып отыр Екінші жылға ұласып отырған құрғақшылық Ирақ диқандарына ауыр тиюде. Олардың біразы ежелгі кәсіптерін доғарып, жұмыссыз қалуға мәжбүр.Халықаралық Қызыл крест ұйымы Ирақтың таулы аймағындағы тұрғындарға қаржылай көмек ұсынбақшы."
KK-A00266,KK,train,RELEVANT,HEALTH_SOCIETY,"Климат мәселесін көтеріп жүрген оқушының айтқаны Нью-Йоркте Біріккен Ұлттар Ұйымының 74 сессиясы өтіп жатыр. Алғашқы күні әлем назары 16 жастағы швед қызына ауды. Жаһанды жылыну, климаттың өзгеру туралы айтып, белсенділігімен танылған Грета Тунберг ұйымның сессиясын ашып, әлем елдері басшыларын сынады. Климат мәселесін көтеріп жүрген оқушы кім?"
KK-A00152,KK,train,NOT_RELEVANT,,"67 жыл бұрын Арал теңізінде кеме жасалғанын білесіз бе? Түркіменстанда Арал теңізін құтқару қоры құрылтайшыларының 12-ші саммиті өтті. 1951 жылы түсірілген, кинофотоқұжаттар мен дыбыс жазбалары орталық мемлекеттік архивінде сақталған видеода кемелердің қалай жасалатыны, қалай суға жіберілетіні түсірілген."
KK-D02753,KK,train,RELEVANT,WATER_CRYO,Арал мәселесі қозғалды Парламент Сенатының депутаттары Мұхтар Құл-Мұхаммед және Мұрат Бақтиярұлы Брюссельде өткен «Азия-Еуропа» форумы аясында парламенттік әріптестіктің 10-шы
KK-C00506,KK,train,RELEVANT,WATER_CRYO,"Солтүстік Аралға 1,6 млрд текше метр су жіберіледі Былтырғы қазаннан қаңтар айына дейін Солтүстік Аралға 1 млрд текше метр су жіберілді"
KK-D01205,KK,train,NOT_RELEVANT,,«Арал-2018» 20 күндік экспедициясы аяқталды 29 мамырда QazaqGeography «Қазақстандық ұлттық географиялық қоғамының» Солтүстік және Оңтүстік Арал теңізі маңындағы «Арал-2018» 20 күндік экспедициясы
KK-A00416,KK,train,RELEVANT,POLICY,Мұхит проблемасына арналған конференция өтуде 120 елдің сарапшылары Индонезияда өтіп жатқан әлемдік Мұхиттар конференциясына қатысуда. Күн тәртібіндегі мәселелердің бірі-тұрақты Халықаралық форум құру. Ол форумның міндеті қоршаған ортаны қорғау істерін үйлестіру және мұхит деңгейі көтерілуінің климатқа әсерін зерттеу. Конференцияда БҰҰ-ның...
KK-D00638,KK,train,NOT_RELEVANT,,"Арал ауданын сумен жабдықтауға 4,2 млрд теңге бөлінді Қызылорда облысының Арал ауданында сумен жабдықтау жүйесін салуға және жаңғыртуға Арнаулы мемлекеттік қордан шамамен 4,2 млрд теңге бөлу туралы шешім"
KK-D02688,KK,train,RELEVANT,WATER_CRYO,"Өзбекстан Арал проблемасымен қалай күресуде? Бір кезде әлемдегі үлкен теңіздердің бірі болған Аралдың аумағы 50 жылдың ішінде екі есе, су көлемі 5 есе азайды. Судың тереңдігі 18 метрге төмендеді."
KK-A00157,KK,train,NOT_RELEVANT,,Балықшылар Аралдан қайтадан балық аулай бастады Си-Эн-Эн телеарнасында «Жер шекарасы» атты телехабар көрсетілімі жүріп жатыр. Әлемдегі биологиялық әр алуандықты қорғау тақырыбына арналған бұл хабарда дүниежүзілік ауқымда әсері бар экологиялық апат аймақтары мәселесі сөз болады. Олардың арасында Қазақстандағы Арал теңізі де бар.
KK-D03053,KK,train,RELEVANT,ENERGY,Үкіметте энергия үнемдеуді реттеу жүйесін одан әрі жетілдіру мәселелері қаралды Қазақстанның ЖІӨ-нің энергия сыйымдылығын 2020 жылға қарай 25%-ға және 2050 жылға қарай екі еседен кем емес төмендету бойынша Мемлекет басшысының
KK-C02280,KK,train,RELEVANT,POLICY,"Эмомали Рахмон климаттың өзгеру салдарымен күресуге шақырды Тәжікстан президенті Эмомали Рахмон 13 қазанда Астанада өткен Азиядағы өзара іс-қимыл және сенім шаралары жөніндегі кеңестің саммитінде сөз сөйледі, деп"
KK-A00523,KK,train,RELEVANT,POLICY,Ақ үй парник газын түзуді шектейтін талап енгізбек АҚШ үкіметі елдегі электр станцияларының атмосфераға бөлетін көмір қышқыл газ көлеміне шектеу енгізбек. Бұл туралы жұма күні АҚШ-тың қоршаған ортаны қорғау агенттігінің басшысы Джина Маккарти мәлімдеді. Ақ үй ұсынған ғаламдық жылыну проблемасымен күрес бағдарламасында жаңадан салынатын...
KK-C01724,KK,train,RELEVANT,WATER_CRYO,Мұздықтар «мұңы» Қазіргі таңда әлемдегі өзекті мәселелердің бірі – климаттың өз­геруі себебінен мәңгілікке мыз­ғымастай көрінетін мұз­дық­тардың еруі. Бұдан келе­тін
KK-D03740,KK,train,RELEVANT,WATER_CRYO,ЕҚЫҰ Парламенттік Ассамблеясында Арал теңізінің проблемалары талқыланды Бирмингем қаласында (Ұлыбритания) Еуропадағы Қауіпсіздік және Ынтымақтастық Ұйымы Парламенттік Ассамблеясының жазғы сессиясы өз жұмысын бастады. Оған
KK-A00453,KK,train,NOT_RELEVANT,,Норвегия не себептен “ақыр заманның қоймасын” салуға кірісті? ОСЛО. Бүгін Норвегияда жер бетіндегі барлық дәнді дақылдың үлгілерін экологиялық апаттан немесе ядролық соғыстан жақсы қорғайтын ерекше қойманың құрылысы басталды. “Ақыр заманның қоймасы” деп аталған құрылыс Солтүстік полюстен 1 мың шақырым қашықтықта орналасқан арктикалық Шпицберген аралындағы...
KK-D02917,KK,train,RELEVANT,WATER_CRYO,"Аралды құтқару қоры Атқарушы комитетінің төрағасы тағайындалды Президент Қасым-Жомарт Тоқаев Аралды құтқару қоры Атқарушы комитетінің төрағасын тағайындады, деп жазады Egemen.kz."
KK-D01362,KK,train,RELEVANT,WATER_CRYO,Өңірдегі өзекті мәселе: Трансшекаралық су ресурстары Су – планета мен адамзат өміріндегі ең құнды ресурс. Орталық Азия үшін бұл ресурсты өңірді біртұтас жүйе ретінде қалыптастыратын маңызды
KK-A00386,KK,train,RELEVANT,WATER_CRYO,ЕҚЫҰ-ның Тұрақты кеңесінде Арал проблемасы көтерілді Аралды құтқару халықаралық қорының атқарушы директоры Сағит Ибатуллин Орталық Азия мемлекеттерін Арал теңізі бассейніне төніп тұрған экологиялық қауіппен бірге күресуге шақырды. Ибатуллин бүгін Вена қаласында ЕҚЫҰ-ның Тұрақты кеңесінде сөз сөйледі. Қор төрағасы Орталық Азиядағы Арал...
KK-A00273,KK,train,NOT_RELEVANT,,"Сицилияда ""Үлкен жетілік"" елдерінің саммиті басталады Бүгін Италияның Сицилия аралындағы Таормина қаласында ""Үлкен жетілік"" елдерінің екі күндік саммиті басталады. Саммитке АҚШ президенті Дональд Трамп қатысады. Саммитте оған қатысатын өзге елдердің басшылары Трамптан оның сауда және климаттың өзгеруіне қатысты ұстанымын сұрайды деп болжанып..."
KK-D03485,KK,train,RELEVANT,WATER_CRYO,"«Шөлдегі кемелер»: Арал теңізі апаты туралы шынайы эсселер жинағы Көшпелі өмір салтымен әлемге танымал халқымыз үшін “теңіз” сөзі – шексіздік, кеңістік және терең білімнің символы болған. Тіпті көне жырларда «теңіздей"
KK-D03030,KK,train,RELEVANT,WATER_CRYO,"Қазақстан мен Ресей трансшекаралық өзендерді бірлесіп пайдаланады Халықты және экономика салаларын сумен қамту, ластануың алдын алу, трансшекаралық өзендер суының таусылуы және тағы басқа мәселелер Новосибирск қаласында"
KK-A00250,KK,train,RELEVANT,SCIENCE_GEN,Мальдив үкіметі су астында жиын өткізді Үнді мұхитындағы аралдық мемлекет Мальдив республикасының үкіметі өзінің отырысын су астында өткізді. Олардың жарты сағатқа созылған отырысы ғаламдық жылынуға әлемнің назарын аудару болды. Ғаламдық жылыну проблемасынан туындаған мұхит деңгейінің көтерілуі алдағы 100 жылда бұл мемлекетке...
KK-D00976,KK,train,RELEVANT,WATER_CRYO,Қазақстан мен Өзбекстан сенаторлары Арал проблемасын талқылады Қазақстан Парламенті Сенатының Спикері Мәулен Әшімбаев Өзбекстан Олий Мажлисі Сенатының Төрайымы Танзила Нарбаевамен бірге екі елдің Сенаттары арасындағы
KK-A00388,KK,train,RELEVANT,DISASTER,"Соңғы күндері тұрған аптап ыстықтан Еуропада жаппай өрт шығуда. Кейбір жерде өрт ыстық пен құрғақшылықтан шығып жатса, басқа жерлерде қасақана от қойған жайттар бар. БАТЫС ЕУРОПА: Соңғы күндері тұрған аптап ыстықтан Еуропада жаппай өрт шығуда. Кейбір жерде өрт ыстық пен құрғақшылықтан шығып жатса, басқа жерлерде қасақана от қойған жайттар бар. Корсика аралында от жалыны 2 мың гектардан асатын орман алқабын жайпап үлгеріп, өрт Жерорта теңізіндегі осы аралды..."
KK-C00830,KK,train,RELEVANT,POLICY,Грекия климат мәселесін қолға алды Грекия үкіметі жаздың аптап ыстығынан кейін климаттың өзгеруін қадағалайтын арнайы министрлік құрылатынын мәлімдеді.
KK-A00464,KK,train,RELEVANT,AGRI_LAND,"Орталық Азия аймағында қуаңшылық пен шөлейттенуге қарсы халықаралық бағдарлама жүзеге аспақшы 2007-ші жылдан бастап іске асқалы отырған осы халықаралық бағдарламаға сәйкес алдағы 10 жылда Орталық Азияның Қазақстан, Қырғызстан , Өзбекстан, Түркіменстан және Тәжікстан секілді елдеріндегі шөлейттенген, яғни адам өмір сүруге қолайсыз деп танылған жерлердің құнарлығын халықаралық ұйымдардың көмегімен арттыру шарасы жүзеге асырылғалы отыр."
KK-A00081,KK,train,NOT_RELEVANT,,"Гамбургте G20 басшыларының келіссөзі басталмақ Гамбургте ""Үлкен жиырмалық"" (G20) елдері басшыларының жиыны басталғалы жатыр. Мемлекет басшылары мен АҚШ президенті Дональд Трамп арасында климат өзгеруі мен сауда жайы талқыланбақ. Трамп осы жиын кезінде алғаш рет Ресей президенті Владимир Путинмен кездеспек. Трамп Қытай басшысы Си..."
KK-A00401,KK,train,RELEVANT,WATER_CRYO,"Бішкекте белсенділер үкіметті ""мұздықтарды сақтауға"" шақырды Бішкекте сәрсенбіде үкімет үйі алдында белсенділер Су кодексіне Құмтөр кенішіндегі мұздықтарды көшіруге рұқсат беретіндей түзету енгізуге қарсылық акциясын өткізді. Акцияға қатысқан азаматтық белсенділер мен саясаткерлер Қырғызстан парламентін аталған заң жобасын қабылдамауға шақырды. Олардың..."
KK-A00462,KK,train,NOT_RELEVANT,,"Байден қызметіне кірісе сала Трамптың бірқатар шешімдерінің күшін жойды 20 қаңтарда Вашингтондағы Капитолий сарайында ант беріп, президент қызметіне кіріскен Джо Байден салтанатты рәсімнен соң бұрынғы президент Дональд Трамптың бірқатар шешімдерінің күшін жойды. Атап айтқанда, президент АҚШ-ты климат жөніндегі Париж келісіміне қайта қосып, АҚШ-тың Дүниежүзілік..."
KK-C00338,KK,train,RELEVANT,ENERGY,«Самұрық-Қазына» мен «SANY Renewable Energy» арнайы экономикалық аймақтағы зауыттың іргетасын қалады Шу қаласында орналасқан «Жібек жолы» арнайы экономикалық-индустриялық аймағында алдағы жылдары ондаған жоба жүзеге асырылады. Солардың бірін
KK-A00194,KK,train,RELEVANT,ENERGY,Жел қуатын энергия көзі ретінде пайдалану жобасын Қазақстан бастап кетті Қазақстанның кең жазира даласы мен көгінен төгілер шұғылалы күн сәулесі бұл елде осы табиғи құбылыстарға негізделген қуат көздерін өндіруге мол мүмкіндіктердің бар екендігіне мегзеп отыр. Осы орайда Қазастан өткен жылы елдің оңтүстік-шығысындағы Алматы облысында күн көзінен қуат алу бағдарламасын бастап кеткен болатын. Бұл бағдарламаны бастапқы кезде құрған БҰҰ жанындағы Даму бағдарламасы және Канаданың халықаралық даму агенттігі еді. Қазіргі таңда Орта Азияның біраз елдерінде жел энергиясын өндіру ісі өз бастауын тапқан.
KK-C01359,KK,train,RELEVANT,SCIENCE_GEN,Жоғары білім бағдарламалары: Климаттық өзгерістер Абай атындағы Қазақ ұлттық педагогикалық университетінде «Климат өзгерісі бойынша білім берудің болашағы: педагогтар мен стейкхолдерлер арасында синергия
KK-D01502,KK,train,RELEVANT,SCIENCE_GEN,Астана «Жер сағаты» дүниежүзілік экологиялық акциясына қатысты АСТАНА. 20 наурыз. Кеше Астана қаласы «Жер сағаты» халықаралық акциясына қатысты. Әлем бойынша миллиардтаған адам планетамыздың болашағына немқұрайлы
KK-00008,KK,train,RELEVANT,WATER_CRYO,"26 наурыз – Арал теңізі, Әмудария және Сырдарияның халықаралық күні болып бекітілді Астанада өткен Халықаралық Аралды құтқару қоры құрылтайшы мемлекеттер басшыларының саммиті қорытындысы бойынша 26 наурыз Арал теңізі, сондай-ақ Әмудария мен…"
KK-C01206,KK,train,RELEVANT,WATER_CRYO,"Жайық таязданып, аралдар пайда бола бастады Экология, геология және табиғи ресурстар министрлігі Жайық өзені таяздығы және Атырау маңында аралдар пайда болуының негізгі себептерін атады, деп"
KK-00563,KK,train,RELEVANT,HEALTH_SOCIETY,"Еуропаның үш елінде қатты ыстықтың салдарынан адам өлімі жиіледі Франция, Нидерланды және Бельгияда маусымдағы аптап ыстық кезінде 3700 қосымша өлім тіркеді. Билік бұл көрсеткіш артуы мүмкін екенін мәлімдеді деп жазды Reuters. Қосымша өлім – бұл белгілі бір кезеңде әдетте тіркелетін өлім санынан артық тіркелген өлім көрсеткіші. Францияда 2025 қосымша өлім тіркелген – әсіресе 45 жастан асқандар арасында өлім-жітім жиілеген. Бельгияның денсаулық сақтау министрлігі 18-29 маусым аралығында 1200 қосымша өлім тіркелген. Ал Нидерландыда бұл көрсеткіш шамамен..."
KK-C00484,KK,train,RELEVANT,WATER_CRYO,"Арал теңізінің құрғап қалған аймағы орманға айналады Мұндай жоба Өзбекстан Республикасының орман шаруашылығы жүйесін 2030 жылға дейін дамыту тұжырымдамасына сәйкес әзірленген қаулы аясында іске асады, деп"
KK-A00130,KK,train,RELEVANT,WATER_CRYO,"Кейінгі 70 жылда Қырғызстандағы мұздықтар 16% азайған Қырғызстан президенті Садыр Жапаров кейінгі 70 жылда елдегі мұздықтардың аумағы 16 пайызға азайғанын мәлімдеді, 2100 жылға қарай олардың жартысы жоғалуы мүмкін. 4 сәуірде Самарқанда (Өзбекстан) өткен «Орталық Азия жаһандық климаттық қауіп-қатерлерге қарсы: ортақ гүлдену үшін ынтымақтастық» атты..."
KK-D03062,KK,train,RELEVANT,DISASTER,"Канадада аптап ыстықтан ормандар өртеніп жатыр Канадада аптап ыстық салдарынан ормандар өртеніп жатыр, деп хабарлайды Egemen.kz trt.net.tr сайтына сілтеме жасап."
KK-00899,KK,train,RELEVANT,ENERGY,Ірі энергетикалық нысандардан тарайтын зиянды шығарындылар 35 пайызға азаяды Астанада өтіп жатқан Өңірлік экологиялық саммиттің пленарлық отырысында Президент Қасым-Жомарт Тоқаев
KK-C02133,KK,train,RELEVANT,WATER_CRYO,"Қазақстан мен ДДҰ Аралды құтқару мақсатында күш біріктіреді Парламент Сенаты Төрағасының орынбасары Ольга Перепечина ДДҰ Еуропалық өңірлік бюросының директоры Ханс Клугемен кездесу өткізді, деп хабарлайды Egemen.kz."
KK-C00346,KK,train,RELEVANT,ENERGY,Маңғыстауда жасыл энергетика бағытында халықаралық жоба қолға алынды Маңғыстауда жасыл энергетика бағытындағы халықаралық жоба талқыланды
KK-C01729,KK,train,RELEVANT,WATER_CRYO,Арал қорының отырысы өтті Аралды құтқару халықаралық қорының отырысы онлайн режімде өтті. Қазақстан тарапынан шараға Премьер-Министрдің бірінші орынбасары Роман Скляр қатысты.
KK-D01901,KK,train,NOT_RELEVANT,,"Көкарал Аралдың табанынан су кеткенмен, халқының жүрегінен жыр кеткен жоқ. Теңізі тартылған ай­маққа барған сайын қараша ха­лықтың қайсарлығын көріп, тәнті"
KK-00636,KK,train,RELEVANT,AGRI_LAND,"Тозған жайылым, торыққан шаруа: Түйін қашан тарқатылады? Үкімет Ауыл шаруашылығы министрлігі дайындаған «Мал шаруашылығын дамытудың 2026-2030 жылдарға арналған кешенді жоспарын» бекітті. Аталған құжат саланы"
KK-D00143,KK,train,RELEVANT,SCIENCE_GEN,"НЗМ оқушысы Финляндия президентімен климат мәселелерін талқылады «Президент Австралия, Мексика, Чили, Нидерланды, Қазақстан, Тунис және Финляндия жастары кіретін World Summit of Students for Climate хатшылығымен"
KK-C00546,KK,train,RELEVANT,WATER_CRYO,"Экологияны жақсартатын технология Дүниежүзілік банктің болжамынша, еліміздегі таза су қоры жыл санап азайып келеді. Сарапшылардың айтуынша, сегіз жылдық мерзімде таза суға тапшылықты 15"
KK-A00291,KK,train,RELEVANT,WATER_CRYO,Орталық Азия қалалары су ресурстарын тиімсіз басқарудан зардап шегіп отыр Орталық Азия елдерінің басшылары мұздықтардың еруі мен жауын-шашынның азаюы мәселесін шеше алмайды. Бірақ ресурстарды дұрыс басқару халық саны қарқынды өсіп келе жатқан өңірдегі су дағдарысының алдын алуы мүмкін.
KK-A00213,KK,train,RELEVANT,POLICY,ЕуроОдақтың ғаламдық жылынуға байланысты құжаты қабылданды ЕуроПарламент аталған құжатты желтоқсанның 17-де мақұлдады. Одаққа мүше 27 ел құжаттағы 6 бап шарттарымен қазірдің өзінде келісті. Құжаттың аты “20+20+20” деп аталады. Яғни ЕуроОдаққа мүше елдер 2020 жылға қарай ауаға бөлінетін көмірқышқыл газын 20 пайызға азайтатын болады. Жаңаланатын энергия...
KK-A00241,KK,train,RELEVANT,WATER_CRYO,"Стамбулда азайып бара жатқан су қоры мәселесі қаралуда Стамбулда сарапшылардың ғаламдық су дағдарысы етек алуда деген дабылымен бесінші әлемдік су форумы өтіп жатыр. 130 елдің өкілдері келген бұл жиынның ашылуында сөйлеген Түркия президенті Абдулла Гүл әлемнің 6,8 млд адамы су тапшылығын көріп отыр деді. БҰҰ-ның деректеріне сүйенсек, бір миллиард..."
KK-D01128,KK,train,RELEVANT,AGRI_LAND,"Аралдағы шаруашылықтарға жем-шөп жеткізілуде Қуаңшылықтың қиындығын тартып отырған Арал ауданындағы шаруашылықтарға жем-шөп жеткізіле бастады. Күні кеше ауданға 116 тонна жоңышқа шөбі апарылса,"
KK-C01469,KK,train,RELEVANT,POLICY,"Нұр-Сұлтанда Париж келісімінің мақсаттары туралы халықаралық конференция басталды «Париж келісімінің мақсаттарына қол жеткізу жолдары және Қазақстанның көміртегі бейтараптылығы» халықаралық конференция басталды, деп хабарлайды Egemen.kz."
KK-C01262,KK,train,RELEVANT,POLICY,Қазақстанның экологиялық батыл бастамасы Елордада ел Президенті Қасым-Жомарт Тоқаевтың қатысуымен Париж келісімінде белгіленген мақсаттар мен міндеттерге қол жеткізу және климаттың өзгеруіне
KK-D01356,KK,train,RELEVANT,WATER_CRYO,"АРАЛДЫҢ БОЛАШАҒЫ АЛДА Жұма күні Алматыда БҰҰ Бас хат­шы­сының орынбасары, БҰҰ-ның Еуро­палық экономика­лық комиссиясының атқарушы хатшы­сы Ян Кубиш­тің, сон­дай-ақ БҰҰ-ның"
KK-D00920,KK,train,RELEVANT,WATER_CRYO,Жаңа Су кодексіне мұздықтарды қорғау шаралары енгізілді Су ресурстары және ирригация министрлігі Мәжіліс депутаттарымен және сарапшылармен бірлесіп
KK-A00233,KK,train,RELEVANT,SCIENCE_GEN,«Жер сағаты» акциясы 31 наурыз күні Қазақстан бүкіл әлеммен бірге «Жер сағаты-2012» деп аталатын акцияға қатысады. Cенбі күні кешкі 20:30-да миллиондаған адам бір сағатқа электр жарығын сөндіреді. Бұл шараның мақсаты - ғаламдық климаттың өзгеру проблемасына назар аударту.
KK-D02743,KK,train,RELEVANT,DISASTER,"Үндістанда мұздықтың еруінен қаза тапқандар саны 54-ке жетті Үндістанның Уттаракханд штатында мұздықтың еруінен қаза тапқандар саны 54-ке жетті, деп хабарлайды Egemen.kz"
KK-D03430,KK,train,RELEVANT,ENERGY,Халықаралық шараға Қарқаралының үлесі Биыл Қарқаралы ауданында «Жасыл экономика» тұжырымдасының аясында жел электр стансаларын салу жоспарланып отыр. Құрылғылардың құрылысы ағымдағы жылдың
KK-D02469,KK,train,RELEVANT,WATER_CRYO,Кіші Арал кемеріне келсін десек... Жуырда Парламент Мәжілісінің депутаты Мұрат Ергешбаев Үкімет басшысының орынбасары Қанат Бозымбаевқа депутаттық сауал жолдады. Кіші Аралдың ертеңіне
KK-D00541,KK,train,RELEVANT,SCIENCE_GEN,"Климаттық өзгеріс халықтың азаюына әкеледі Басылымның жазуынша, жаһандық климаттық дағдарыс салдарынан 30 жылдан кейін әлем халқы 1,2 млрд адамға азаяды. Мұн­дай шешімге Сидней Экономика"
KK-A00397,KK,train,RELEVANT,POLICY,"Ғаламдық жылымық жайлы құжат жобасын 200-дей ел құптады Ғаламдық климаттың жылынуына қарсы күрес жөніндегі келісім жобасына жұма күні әлемнің 200-ге жуық мемлекеті қол қойды. Алайда, жер бетінде ауа температурасының жылдық орташа көрсеткішінің жоғарылауына себеп болып отырған атмосфераға бөлінетін «парник газының» көлемін қысқарту жолдары жайлы ең..."
KK-A00283,KK,train,RELEVANT,POLICY,Мәскеуде Қоршаған ортаны қорғау жөніндегі бес күндік басқосу басталды. Ауаны ластайтын газ көлемін қысқарту жөніндегі Киото келісіміне қол қоюға Ресей мәжбүрленіп отыр. Жердегі климатқа тікелей әсер ететін улы газдарды көп бөлуші елдердің бұл келісімге қол қоюы шарт. Ол келісімге бұған дейін ауаны 44 пайыз көлемде ластаушы елдер қол қойған болатын. 2001-ші жылы...
KK-C00962,KK,train,RELEVANT,WATER_CRYO,Ақтауда климаттық өзгерістердің Каспий экожүйесіне ықпалы талқыланды Ақтау қаласында Каспий күніне орай ұйымдастырылған «Таза Қазақстан» экологиялық акциясы аясында «Ғаламдық климаттық өзгерістер жағдайындағы Каспий теңізі»
KK-A00052,KK,train,NOT_RELEVANT,,"Экономика бойынша Нобель сыйлығы иегерлері жарияланды Биыл экономика бойынша 50-рет берілетін Нобель сыйлығына америкалық Уильям Нордхаус пен Пол Ромер ие болды. Нобель комитеті ресми сайтының хабарлауынша, оларға сыйлық макроэкономикаға ұзақ мерзімдік талдау жасауға климаттың өзгеруі мен технологиялық инновацияны кіріктіргені үшін берілді...."
KK-A00522,KK,train,NOT_RELEVANT,,"Қазіргі Солтүстік мұзды мұхиттың орнында тұщы суы бар алып көл болған МӘСКЕУ. Осы күні мұз болып жатқан Солтүстік полюсте 55 млн. жыл бұрын тропикалық климат болып, судың беті 23 градус жылы болған көрінеді. Ол уақытта Солтүстік мұзды мұхиты алып көлге ұқсап, оның суы тұзсыз, пайдалануға жарайтын болған. 2004-інші жылы Солтүстік мұзды мұхитының түбін бұрғылау..."
KK-D00367,KK,train,RELEVANT,WATER_CRYO,"2018 жылы Солтүстік Аралды құтқару жобасының екінші кезеңі іске аса бастайды Биыл Қызылорда облысында ""Сырдария өзенінің арнасын Реттеу және Арал теңізінің солтүстік бөлігін сақтау"" (САРАТС) жобасының алғашқы 4 бөлігі іске"
KK-C00860,KK,train,RELEVANT,WATER_CRYO,Аралдың қайта оралуы Елбасының арқасы «Арал тағдыры қай кезде де Елбасының тікелей назарында болды. Тәуелсіздік жылдарынан бері Аралды сақтап қалу үшін жасалған талай бастамаларға куә болдық.
KK-C00832,KK,train,RELEVANT,POLICY,БҰҰ Қазақстанның экология саласындағы бастамаларына қолдау жасайды БҰҰ климат саласындағы мақсаттарға қол жеткізу үшін Қазақстан бастамаларына қолдау жасайды. Бұл туралы БҰҰ-ның Қазақстандағы тұрақты үлейстірушісі Микаэла…
KK-D02815,KK,train,RELEVANT,SCIENCE_GEN,"Климаттың суытуы мен Американы жаулап алуда қандай сабақтастық бар? ХV ғасырда Американы жаулап алуға деген талпыныс климаттың өзгеруіне алып келді. Миллионға тарта адам қаза тауып, ормандардың қаулап өсуі нәтижесінде парниктік…"
KK-D02560,KK,train,RELEVANT,POLICY,Климаттың өзгеруіне Қазақстан да алаңдаулы Қазақстан президенті Қасым-Жомарт Тоқаевтың Бакуде COP29-ға қатысуы күтіліп отыр. Бұл туралы Қазақстанның Әзер­бай­жандағы Елшісі Әлім Байел Әзер­бай­жан
KK-A00494,KK,train,RELEVANT,ENERGY,"Қазақстан және жасыл энергия Қазақстан билігі елдегі энергияның 50 пайызын қайта қалпына келетін көздерден (жел, су, күннен алынатын энергия) алуды жоспарлайды. 2019 жылдың алты айында қайта қалпына келетін көздерден алынған энергия мөлшері 1,77 пайыз болған. Билік бұл көрсеткішті 2020 жылы үш пайызға дейін көтермек."
KK-C00232,KK,train,RELEVANT,WATER_CRYO,"Ашхабад форумы: Президент Халықаралық су ұйымын құруды ұсынды Президенттің пайымдауынша, жаһандық су дипломатиясын дамытуда мемлекеттер арасындағы ықпалдастықтың маңызы зор"
KK-A00116,KK,train,RELEVANT,WATER_CRYO,Тәжікстандағы мұздықтардың еруіне қатысты хабарды тыңдаңыз
KK-A00049,KK,train,RELEVANT,AGRI_LAND,"Ауғанстанның 2 млн.-дай халқы азық-түліктен мұқтаждық көріп отыр КАБУЛ: Кеше Ауғанстан үкіметі мен БҰҰ-ы халықаралық қоғамды ауған еліндегі құрғақшылықтың салдарымен күресу үшін және елдің оңтүстігіндегі қақтығыстардан қашып қоныс аударғандарға 43 млн. доллардың көмегін бөлуге шақырды. БҰҰ-ының осы мәлімдемесінде айтылғандай, Ауғанстанда астықтың жетіспеуінен..."
KK-A00224,KK,train,RELEVANT,ENERGY,"CAN: ""Росатомның"" Орталық Азия елдерінде АЭС салуының саяси сипаты басым Халықаралық климат әрекеттер желісі (Climate Action Network – CAN) Қырғызстанда атом электр станциясын салу жобасына қатысты болжамын жариялады. CAN желісінің Шығыс Еуропа, Кавказ және Орталық Азия елдеріндегі үйлестірушісі Ольга Бойконың пікірінше, ""Росатомның"" Орталық Азияда АЭС салуының..."
KK-A00368,KK,train,RELEVANT,POLICY,"АҚШ-тың іскер компанияларының басшылары билікті климатты қорғауға шақыруда Жақында әлемнің біраз бөлігіндегі ауа-райы әдеттен тыс құбылыс болғанымен, бірақ климаттың өзгеруі туралы соңғы кезде көп айтылып жүрген. Өткен аптада БҰҰ-ның жаңа бас хатшысы Бан Ки Мун өзінің Ақ Үйдегі алғашқы кездесуінде, климаттың өзгеруін өзекті тақырып етіп көтерді. Және бірқатар әлемдік іскер топтар мен саяси жетекшілер Давоста осы аптада болатын Дүниежүзілік Экономикалық Форумда ауа-райының өзгеруін талқылайтын болады. Ал, дүйсенбі күні бірқатар американдық ірі компания басшылары АҚШ президенті Джордж Буш пен Конгресті ғаламдық жылынудың алдын алу үшін көбірек әрекет етуге шақырды."
KK-C01610,KK,train,RELEVANT,WATER_CRYO,Арал теңізін құтқару жайы талқыланды Премьер-министр Олжас Бектенов Қазақстанның төрағалығымен өтіп жатқан Халықаралық Аралды құтқару қоры (ХАҚҚ)
KK-D03174,KK,train,NOT_RELEVANT,,"Панфилов ауданында сел шайып кеткен ауылға жедел көмек көрсетілді Күн райының қысқа күнде қырық құбылып, жауын-шашын мөлшерінің көп түсуі табиғат апатына себеп болуда. Кеше Алматы облысының Панфилов ауданына қарасты"
KK-D03316,KK,train,RELEVANT,AGRI_LAND,Форум аясында өзгермелі климатқа ауыл шаруашылығын бейімдеу мәселелері талқыланды VII Астана экономикалық форумы аясында қазіргі өзгермелі әлемдік климатқа ауыл шаруашылығы саласын бейімдеуге арналған сессия болып өтті. Сессия жұмысына
KK-D02249,KK,train,RELEVANT,WATER_CRYO,Аралды құтқару – адамзатты құтқару Бирмингем қаласында (Ұлы­британия) Еуропадағы Қауіпсіздік және Ынтымақтастық Ұйымы Парламенттік Ассамблеясының жазғы сессиясы өз жұмысын бас­тады. Оған
KK-D01760,KK,train,RELEVANT,POLICY,Климат өзгеруінің геосаясаты БРЮССЕЛЬ. Еуропалық Одақ климат өзгеруі саласындағы көшбасшыға айналды. Таяуда ғана заңгерлер мен Одаққа мүше мемлекеттер Еуропаның климат заңы туралы
KK-D01539,KK,train,NOT_RELEVANT,,Халықаралық ауқымды шараға қатысып қайтты Малайзияның Куала-Лумпур қаласында өткен та­би­ғи апаттар мен қоршаған ортаны қорғауға арналған Азия саяси партияларының халықаралық конферен­ция­сы
KK-00004,KK,train,RELEVANT,POLICY,Рае Квон Чунг: Қазақстан климаттық сын-қатерлерді жаңа мүмкіндіктерге ұштастырып отыр Сәтбаев оқулары Satbayev International Conference 2026 дәстүрлі халықаралық конференцияның ашылу салтанатына
KK-C00491,KK,train,RELEVANT,WATER_CRYO,"Қазақстан өзінің су қауіпсіздігін толық қамтамасыз етеді: Үкіметте жаңа шаралар бекітілді Үкімет отырысында Су ресурстарын басқару жүйесін дамытудың 2024-2030 жылдарға арналған тұжырымдамасының жобасы қабылданды, деп хабарлайды"
KK-D02102,KK,train,RELEVANT,WATER_CRYO,Қызылордада бірінші халықаралық Арал форумы өтіп жатыр Қызылордада бірінші Арал халықаралық тұрақты даму форумы өтіп жатыр.
KK-D00467,KK,train,RELEVANT,WATER_CRYO,"Оңтүстік Корея Арал теңізіне 1,5 млн доллар бөледі Оңтүстік Корея Республикасы Арал теңізінің құрғап қалған ұлтанында фитоорманмелиорациялық жұмыстар жүргізу үшін 1,5 млн АҚШ долларын бөлуді жоспарлап"
KK-A00076,KK,train,RELEVANT,WATER_CRYO,"""Аралдан көшіп кеткендер қайта келіп жатыр"" Қызылорда облысы Арал ауданы Бөген ауылының балықшысы Ғабит Зейноллаев Арал теңізі тартылған кездегі және Кіші Арал теңізі қалпына келгеннен кейінгі балықшылар өмірі туралы әңгімелейді."
KK-C01015,KK,train,RELEVANT,WATER_CRYO,Орталық Азия Арал тағдырына алаңдаулы Бүгінде Арал теңізінің ахуалы адамзатты алаңдатып отыр. Сондықтан Орталық Азия және Каспий маңы елдері Арал теңізін қорғау бағытында ортақ іске мүдделі.
KK-A00495,KK,train,RELEVANT,HEALTH_SOCIETY,"Аралдың бұлыңғыр болашағы | Деректі фильм Дүниежүзілік банк есебінше, Орталық Азия елдері климат өзгерісіне тез бейімделмесе, 2050 жылға қарай климаттық миграция ұлғаюы мүмкін. Арал өңірі де осындай қауіп төніп тұрған аумаққа кіреді. Азаттықтың ""Мигрант Медиа"" жобасы теңізді жағалай қонған елмен сөйлесіп, тақырыпқа тереңірек үңілді."
KK-A00165,KK,train,RELEVANT,WATER_CRYO,"""Қазір құм мен тас қана жатыр"" Каспийдің тартылуы Түркіменстандағы жалғыз жағажай курортқа қалай әсер етті? Түркіменстанның теңіз жағасындағы қымбат курорты жазғы демалысқа қажеттің бәрін ұсынады. Тек теңіз ғана жоқ. Ұзақ жылдардан бері Каспийдің су деңгейі төмендеп келеді. Бұл әлемдегі оқшау мемлекеттің беткеұстар туристік орнын теңізсіз қалдырды. Аваза 2007-2017 жылдары Түркіменстанның өкілетті..."
KK-A00232,KK,train,RELEVANT,POLICY,"Париж келісімін мақұлдаған ондаған ел ""жасыл энергетикаға"" көшуге ниетті Климаттың өзгеруі мәселесіне қатысты Мароккода өткен БҰҰ-ның дүниежүзілік конференциясында әлемнің 200-ге жуық елі Париж келісімін жүзеге асырудың іс-қимыл жоспарын жасады деп хабарлайды БҰҰ радиосы. Ондаған ел 2050 жылға қарай жаңғырмалы энергия көзіне толықтай көшуді қамтамасыз ету жұмыстарына..."
KK-C00215,KK,train,RELEVANT,SCIENCE_GEN,Ғалымдар климаттық өзгерістерге алаңдаулы Орегон мемлекеттік университетінің (OSU) ғалымдары жазған жаңа зерттеуінде қауіпті климаттық кері байланыс циклдары туралы мәселе қозғалды. Мақала One
KK-D00708,KK,train,RELEVANT,ENERGY,"МЕТАН ГАЗЫ ҚАШАН КӘДЕГЕ ЖАРАТЫЛАДЫ? Сөз басын бұлайша бастауымыздың себебі бар. Бүгінде әлемде 20 елдің осы шикізат түрін электр және жылу қуатын өндіру үшін балама көзге ай­налдырып, оны"
KK-D01898,KK,train,RELEVANT,AGRI_LAND,Елімізде агроклиматтық полигон құрылады Парниктік газдардың кесірінен ғаламдық климаттың өзгеруі жер бетіндегі барлық мемлекетте өзекті мәселеге айналып отыр
KK-A00408,KK,train,RELEVANT,WATER_CRYO,"""Аралдың кебін киюі мүмкін"". Каспий жағадан ұзап барады Бес мемлекет суын пайдаланып отырған Каспий теңізінің жағдайы өте күрделі екенін Қазақстан үкіметінің өкілдері растайды. Маңғыстауда жергілікті халық барған сайын жағалаудан ұзай түскен Каспийдің мәселесін дереу шешпесе, ол Арал теңізінің кебін құшуы мүмкін деп алаңдайды."
KK-D00759,KK,train,RELEVANT,WATER_CRYO,"Трансшекаралық өзендерді пайдалану тәсілдерін саралады Бүгінде жер шары тұрғындары ауыз су тапшылығының зардабын шегуде. БҰҰ дерегі бойынша, 2000 жылы әлемде ауыл шаруашылығы, өнеркәсіптік қажеттіліктерді"
KK-A00343,KK,train,RELEVANT,POLICY,Астанада қоршаған орта және даму жөніндегі Азия-Тынық мұхиты форумының бесінші отырысы өтуде Мамырдың 25-і күні Астанада тұңғыш рет қоршаған орта және даму жөніндегі Азия- Тынық мұхиты форумының басқосуы өтті. Екі күндік форум барысында Киото хаттамасын және Арал теңізіне қатысты хаттамаларды бекіту мәселесі де талқыланбақ. Аталған форумның төрағасы Жапонияның бұрынғы...
KK-D02107,KK,train,RELEVANT,WATER_CRYO,Арал тағдырына Орта Азия алаңдап отыр Арал теңізінің ахуалы адамзатты алаңдатып отыр. Сондықтан Орталық Азия және Каспий маңы елдері Арал теңізін қорғау бағытында ортақ келісімдер мен шешімдер
KK-A00531,KK,train,RELEVANT,POLICY,Лондонда ауаның ластануына қатысты жиын өтуде Әлемдегі көміртегі қышқылын ауаға көп шығаратын елдер ғаламдық жылынуға қатысты келіссөздерін Лондонда бастады. Үлкен Экономикалық Форумға мүше 17 елдің өкілдері дамушы елдермен бірге және БҰҰ-ның ресмилерімен кездесуде. Олардың басқосуы БҰҰ-ның климат жөннідегі Копенгаген конференциясына 50...
KK-D02198,KK,train,NOT_RELEVANT,,Сыр өңірінде Арал теңізі күні аталып өтті Қызылорда облысында Халықаралық Аралды Құтқару Қорының 25 жылдығы және Арал теңізінің күніне арналған мерекелік шаралар өтті.
KK-A00190,KK,train,RELEVANT,WATER_CRYO,"""Жағалау алыстап барады"". Каспийдің қазіргі күйі қандай? Каспий теңізінің жағасында өскен жұрт балалық шағын күрсіне еске алады. Олар бір кездері ернеуінен асып жатқан теңіздің жағалауы жыл өткен сайын алыстап бара жатқанын айтады. Жұртты Каспийдің келешегі алаңдатады."
KK-C02114,KK,train,RELEVANT,POLICY,COP26: Жаһандық жылынумен күрес қарқын алмақ Ұлыбританияда Бірік­кен Ұлттар Ұйымы ұйым­дастырған климат­тың өзгеруі жөніндегі конференция (COP26) өтуде. Бірнеше күнге созылатын жиын барысында
KK-A00048,KK,train,RELEVANT,AGRI_LAND,"БҰҰ-ның шөлейттенуге қарсы бағдарламасы тоқырап тұр БҰҰ Орталық Азияның шөлейттенуіне қарсы 10 жылдық бағдарлама жасаған еді. Бірақ бұл жобаның іске асуы қиынға айналып, қазір тоқтап қалуға шақ тұр."
KK-D01499,KK,train,NOT_RELEVANT,,СЕЛДІҢ ҚАУПІН СЕЙІЛТУ ШАРАЛАРЫ ЖҮРГІЗІЛУДЕ Қаңтардың соңғы күндеріндегі жаңбыр мен қардың мол түсуі өңірде ылғалдың шамадан тыс жиналуына әкелді. Оған ақпандағы ауа райының күрт жылынуы мен жылы
KK-A00182,KK,train,RELEVANT,HEALTH_SOCIETY,"Парижде белсенділер ғаламдық жылынуға байланысты акция өткізді Париж маңындағы Ла-Дефанс қалашығында Total мұнай компаниясының штаб-пәтері және Société Générale банкі ғимаратының алдында белсенділер акция өткізіп, экология министрлігі ғимаратының жолын жапты. Белсенділер билікті ғаламдық жылыну мәселесіне назар аудартуға тырысты. Акцияны..."
KK-C01557,KK,train,RELEVANT,WATER_CRYO,"Жайық өзенінің экологиялық ахуалы күрт нашарлап барады - Президент Бұл туралы Мемлекет басшысы Қасым-Жомарт Тоқаев Үкіметтің кеңейтілген отырысында айтты, - деп хабарлайды Egemen.kz"
KK-A00608,KK,train,NOT_RELEVANT,,Аралдың бүгінгі тынысы Қызылорда облысы Арал ауданына Азаттық тілшісі сапар барысында түсірген фотосуреттерден фотогалерея.
KK-A00095,KK,train,NOT_RELEVANT,,Қазақстан 8 миллион тонна астығын экспортқа шығармақшы Қазақстан президенті әкімшілігінің ауылшаруашылығы жөніндегі өкілі Евгений Аман елде халыққа қажетті астық жетіп артылады және 8 миллион тонна экспортқа шығады деп мәлімдеді. Бұл хабарлама осы жылы Ресейдің құрғақшылық пен алапат өрттерінен астығы азайып отыр деген халықаралық алаңдаушылықты...
KK-D01278,KK,train,RELEVANT,WATER_CRYO,Арал теңізіне 200 млн текше метр су жіберілді Бұл туралы тиісті министрліктен мәлім болды
KK-D01419,KK,train,RELEVANT,WATER_CRYO,"“КІШІ АРАЛ” ҚАШАН КҮШ АЛАР? Әріге ой жүгіртсек ақ бас тол­қындары жарыса жүйткіп, жағаны ұрғылап жататын Арал теңізінің кешегі келбеті көз алдымызда көл­беңдей тұра қалады. Сонау"
KK-A00387,KK,train,RELEVANT,OTHER_CLIMATE,"Тағам қалдығын тыңайтқышқа айналдыратын ""асылтұқымды"" шыбындар Қазақстанда тағам қалдығы көп жағдайда қоқысқа төгіледі, одан әрі полигонға жол тартады. Мұндай қалдық дұрыс шірімесе, метан бөледі. Осылайша ғаламдық жылыну процесін жылдамдатуға ықпал етеді."
KK-A00605,KK,train,RELEVANT,POLICY,Киото хаттамасын алмастыратын құжат дайындалады Оңтүстік Африкада климаттың өзгеруі мәселелері бойынша өтіп жатқан халықаралық конференцияда 194 елдің өкілдері ауаны ластайтын газ мөлшеріне бақылау жасайтын әлемдік жаңа келісім түзу келіссөздерін бастаймыз деп мәмлелесті.Жаңа келісім 2020 жылы күшіне енеді және ол барлық мемлекеттер үшін...
KK-00003,KK,train,RELEVANT,SCIENCE_GEN,Жасанды жаңбыр климатқа әсер ете ме? «Қазгидромет» жауап берді «Қазгидромет» мамандары жауын-шашын мөлшерін жасанды түрде арттыру технологиясының қалай жұмыс істейтінін және оның қандай мақсатта қолданылатынын түсіндірді…
KK-D03525,KK,train,RELEVANT,WATER_CRYO,"Аралға – әлемдік көзқарас Президент Қасым-Жомарт Тоқаев «Egemen Qazaqstan» газетіне берген сұх­батында еліміздің бірнеше беделді халық­аралық ұйымға, оның ішінде Аралды құтқару"
KK-D00466,KK,train,RELEVANT,WATER_CRYO,"Депутаттар Балқаштың экологиялық мәселесін талқылады Мәжіліс депутаттары, Қазақстан Халық партиясы парламенттік фракциясының мүшелері Айжан Скакова мен Ерлан Смайлов Балқашта өткен кездесулерде экология,"
KK-D00823,KK,train,RELEVANT,WATER_CRYO,Кіші Арал – үмітті ертеңге жалғаған теңіз Бір көргенде Арал­дай най­қалған теңізі бар­ Қы­зылорда облы­сы судан тапшылық болмайтындай көрінеді. Мұндағы жағ­­­дайды көзімен көрмеген жұрт солай
KK-D01311,KK,train,RELEVANT,AGRI_LAND,"Қазақстанда Арал теңізінің құрғаған табанында сексеуіл егу бағдарламасы қабылданады ҚР Экология, геология және табиғи ресурстар министрі Қызылорда облысына жұмыс сапары кезінде Арал теңізінің құрғаған табанындағы фитоорманмелиорациялық"
KK-D00066,KK,train,RELEVANT,WATER_CRYO,Солтүстік Аралды сақтаудың екінші кезеңі басталды Қызылорда облысындағы Көкарал бөгетінде Су ресурстары және ирригация министрі Нұржан Нұржігітов
KK-A00491,KK,train,RELEVANT,POLICY,Мэлс Елеусізов: «Қазақстан Киото хаттамасына қосылуға асығар емес» Ақпанның 16-сы күні әлемнің 141 елінде Киото хаттамасы күшіне енді. Ауаға шығарылатын зиянды газдарды шектеу арқылы ғаламдық жылынудың алдын алуға бағытталған бұл хаттамаға Қазақстан әзір қосылмай отыр.
KK-C00257,KK,train,RELEVANT,WATER_CRYO,"БҰҰ Арал теңізін бақылауына алды 2030 жылға дейін Арал теңізі Біріккен Ұлттар Ұйымының жіті бақылауында болады, деп хабарлайды Egemen.kz."
KK-A00293,KK,train,RELEVANT,DISASTER,"Орталық Азияда құрғақшылықтың беті қайтпай тұр Орталық Азияда күн қатты ысып, ауа температурасы көптеген жылдың рекордын жаңартты. Биыл өңірде жаңбыр жаумаған, су деңгейі де төмендеп кеткен. Қуаңшылық кесірінен экономикалық проблема туындады. Өңірдегі құрғақшылық зардабы шаруалар мен малшыларға ғана емес, қарапайым адамдарға да тиіп жатыр."
KK-A00294,KK,train,RELEVANT,HEALTH_SOCIETY,"Қызылорда қаласының тұрғыны Нартай Мағауияұлы сол аймақтағы экология жағдайы туралы - Біздегі экологиялық жағдайды айтқанда, Арал теңізінің тартылуы салдарынан келіп жатқан зардаптар, оның адамдардың денсаулығына әсері алдымен ойға келеді. Барлық трагедиялық жағдайлар, шыны керек, көз алдымызда өтіп жатыр. Қызылорда облысында кез-келген адамның денесінде, ағзасында осы..."
KK-D00350,KK,train,RELEVANT,WATER_CRYO,Халықаралық Аралды құтқару қорының басқарма мүшелерімен кездесті Премьер-министр Олжас Бектенов Халықаралық Аралды құтқару қоры­ның(ХАҚҚ) басқарма мүшелерімен кездесу өт­кізді. Сондай-ақ еліміз атал­ған қорға төрағалық
KK-D02770,KK,train,RELEVANT,WATER_CRYO,"Аралды құтқару қоры қатысушылары Ақордаға келді Халықаралық Аралды құтқару қоры құрылтайшы мемлекеттер басшылары кеңесінің отырысына қатысушылар Ақорда резиденциясына келді, деп хабарлайды Egemen.kz."
KK-A00106,KK,train,NOT_RELEVANT,,"БҰҰ-ы соңғы алты жыл бойғы құрғақшылық салдарларын жою үшін Ауғанстанға 71,3 миллион доллар қаражат керек деп мәлімдеді Ауғанстан мен БҰҰ-ң бірлесіп жариялаған баспасөз-хабарламасында ауған тұрғындарының 37 проценті су тапшылығынан қарындары тойып тамақтанбайды деп атап көрсетілген. Сондай-ақ өткен жылы елдің оңтүстігі мен шығысында астық бағасы екі есе көтеріліп кеткендігі айтылған. БҰҰ-ң өкілі шамамен..."
KK-D00809,KK,train,RELEVANT,WATER_CRYO,"Сырдария сарқылып барады. Экология министрлігі түсініктеме берді Экология, геология және табиғи ресурстар министрлігінің баспасөз қызметі Сырдария өзені бассейніндегі су шарушылығы жағдайына қатысты мәлімдеме жасады,"
KK-D00901,KK,train,RELEVANT,POLICY,"2026 жылы Қазақстанда Өңірлік климаттық саммит өтеді БҰҰ аясында 2026 жылы Қазақстанда Өңірлік климаттық саммит өтеді. Бұл туралы Президент Қасым-Жомарт Тоқаев Климат жөніндегі дүниежүзілік саммитте айтты,"
KK-D02875,KK,train,RELEVANT,WATER_CRYO,"Экология министрі су тапшылығы болатынын айтты Қасым-Жомарт Тоқаевқа Экология, геология және табиғи ресурстар министрлігінің өткен жылғы жұмысының негізгі нәтижелері, сондай-ақ, алдағы уақыттағы"
KK-D00039,KK,train,RELEVANT,WATER_CRYO,Астанада Халықаралық су ұйымын құру бойынша консультациялардың бірінші кезеңі өтеді Өңірлік экологиялық саммитте Президент Қасым-Жомарт Тоқаев Халықаралық су ұйымын құру жөніндегі халықаралық консультациялардың бірінші кезеңі өтетініне…
KK-C00463,KK,train,RELEVANT,WATER_CRYO,Қазақстан Мемлекетаралық су шаруашылығын үйлестіру комиссиясының 79-шы отырысына қатысты Бейнеконференция форматында Мемлекетаралық су шаруашылығы үйлестіру комиссиясының (МҮСК) кезекті 79-шы отырысы өтті. Бұл туралы Экология министрлігі
KK-D00844,KK,train,RELEVANT,DISASTER,Табиғи апат – климаттық өзгеріс салдары Жыл сайын қазан айында бүкіл әлем бойынша аталып өтілетін Халықаралық табиғи апаттар қаупін азайту күніне байланыс­ты Алматыда үлкен жиын өтті. Айта
KK-C00347,KK,train,NOT_RELEVANT,,Таеквондодан халықаралық Malaysia Open додасы өткізілмейтін болды Бүкіләлемдік таеквондо федерациясы жарыс күнтізбесіне тағы да өзгерістер енгізді. Бұл туралы Egemen.kz Olympic.kz баспасөз қызметіне сілтеме
KK-D02277,KK,train,NOT_RELEVANT,,Арал теңізіне қарай ғылыми-танымдық экспедиция жолға шықты Кеше Арал теңізіне қарай QazaqGeography ғылыми-танымдық экспедициясы жолға шықты.
KK-D02468,KK,train,RELEVANT,WATER_CRYO,"Министр Кіші Аралдағы экологияның жақсарғанын айтты Экология, геология жəне табиғи ресурстар министрі Мағзұм Мырзағалиев Қазақстанның оңтүстік өңірлеріне жұмыс сапары кезінде Қызылорда облысына барып, өңір"
KK-C00555,KK,train,RELEVANT,ENERGY,"Қоғамдық көліктер экологиялық таза жанармайға ауысады ҚР Индустрия және инфрақұрылымдық даму бірінші вице-министрі Қайырбек Өскенбаевтың айтуынша, 2030 жылға дейін қаладағы қоғамдық көліктер экологиялық таза"
KK-C00883,KK,train,RELEVANT,WATER_CRYO,"Арал теңізін құтқару бағдарламасы бекітілді Арал теңізі бассейіні елдеріне көмек көрсететін іс-қимыл бағдарламасы бекітілді, деп хабарлайды Egemen.kz."
KK-D02018,KK,train,RELEVANT,ENERGY,Өнеркәсіп пен экология қалай үйлеседі? 2031 жылға дейін «ҚазМұнайГаз» ұлттық компаниясының Атырау облысындағы еншілес кәсіпорындарында көмірқышқыл газы шығарындысы шамамен 400 мың тоннаға
KK-A00313,KK,train,RELEVANT,WATER_CRYO,Иранның су қоры азайып барады Жаздың ыстығы таяған сайын Иран билігі Тегеран мен басқа да ірі қалаларда су тапшылығы бастала ма деп алаңдап отыр. Иранның су қоры жылма-жыл азайып барады.
KK-A00203,KK,train,RELEVANT,WATER_CRYO,"Д.Морган: “Гималайдағы мәңгілік мұздың тез еруі Батыс Қытай мен Непалды және Үндістанның солтүстігін экономикалық және экологиялық зор апатқа ұрындырады. ЖЕНЕВА. Швейцарияда орналасқан табиғатты қорғау бойынша Халықаралық қордың бүгін (дүйсенбі күні) жариялаған есебіне сәйкес, ғаламдық ауа райының жылуы нәтижесінде Азия тауларындағы мәңгілік мұз қатпарының еріп жұқаруы жеделдеп, қазір жұқаруы жылына 10-15 метрге жеткен. Аталмыш қордың өкілі..."
KK-C00332,KK,train,RELEVANT,WATER_CRYO,Аумағы миллион гектардан асатын «Арал орманы» резерваты құрылады Қызылорда облысында еліміздегі ең ірі қорғалатын аумақтардың бірі – Арал орманы мемлекеттік табиғи резерваты құрылуы
KK-A00129,KK,train,RELEVANT,POLICY,"Бакудегі климат саммиті: Тоқаев АЭС салу, Каспийге төнген қауіп, су тасқыны жайлы айтты Қазақстан президенті Қасым-Жомарт Тоқаев Әзербайжанда өтіп жатқан БҰҰ-ның климат жөніндегі конференциясында сөз сөйлеп, елде атом электр станциясын салу, ауыл шаруашылығын дамыту және су тасқыны жайлы айтты. Биыл қазанда өткен референдумда халықтың басым бөлігі елде атом электр станциясын..."
KK-A00410,KK,train,RELEVANT,WATER_CRYO,«Қалаға жақындаған – Кіші Арал теңізі» Қызылорда облысының әкімі Арал теңізінің суы қайта молая бастағанын мәлімдеді. Су ресурстары комитетінің бас сарапшысы Азаттыққа берген сұхбатында суы көбейген теңіздің солтүстік бөлігі ғана екенін айтады.
KK-A00526,KK,train,RELEVANT,POLICY,"""Үлкен жетілік"" елдері ғаламдық климатқа қатысты келісімге келе алмады Италияда ""Үлкен жетілік"" саммитіне қатысушылар ғаламдық жылымыққа қарсы күрес мәселесі бойынша мәмілеге келе алмады. Қорытынды коммюникеде АҚШ-тың ғаламдық жылымық салдарын еңсеру туралы мәселе бойынша әлі шешім қабылдамағаны айтылған. Өнеркәсібі дамыған өзге алты елдің жетекшілері ғаламдық..."
KK-C01046,KK,train,RELEVANT,WATER_CRYO,"Солтүстік Арал толысады Су мәселесі бойынша халық­аралық ынтымақтастық күшейіп келе­ді. Үкіметтің көрші елдермен жүр­гізген келіс­сөздері оң нәти­же беріп, биыл Солтүстік Арал­ға"
KK-C01462,KK,train,RELEVANT,WATER_CRYO,Көкарал бөгеті жаңғыртылады: Солтүстік Аралды сақтаудың жаңа кезеңі басталмақ Су ресурстары және ирригация министрлігі Дүниежүзілік банкпен бірлесіп Солтүстік Арал теңізін сақтау жобасының екінші кезеңін әзірледі. Жоба Көкарал
KK-A00604,KK,train,RELEVANT,HEALTH_SOCIETY,"Токиода климаттың өзгеруіне байланысты храмға барып, дұға жасаушылар көбейген Токиода климаттың өзгеруіне байланысты Кисе Дзиндзя ғибадатханасына барушылар саны көбейген. Бұл жөнінде The Guardian басылымы жазды. Храмның священнигі, метеоролог Дайсин Контанидің сөзінше, климат дағдарысына алаңдаушылар мен тұрақты ауа райын тілейтін халық саны кейінгі екі-үш жылда артқан...."
KK-D02850,KK,train,RELEVANT,WATER_CRYO,Солтүстік Арал жанданды Солтүстік Арал теңізіне 1 млрд текше метр су жіберілді. Бұл жоспарланған көлемнен 100 млн текше метрге артық. Теңіздегі мұндай жұмыстар өткен жылдың қазан
KK-C02118,KK,train,RELEVANT,POLICY,"Климат саммитінде не талқыланды? Өткен аптада жаһандық жылынуға қатысты саммит өтіп, оған әлемнің бір­қатар елінің басшылары қатысты."
KK-C00431,KK,train,RELEVANT,WATER_CRYO,"Арал теңізінде су көлемі ұлғайды Жыл басынан бері Солтүстік Арал теңізіне 1,1 млрд текше метр су келіп, ондағы су көлемі 21,4 млрд текше метрге жетті"
KK-D00593,KK,train,RELEVANT,WATER_CRYO,Аралды құтқару – әлемді құтқарумен пара-пар Аралдың экологиялық проблемасына әлем жұрты алаңдайды.
KK-00253,KK,train,RELEVANT,POLICY,"Қасым-Жомарт Тоқаев: Біз үшін экологиялық қауіпсіздік ұзақмерзімді даму стратегиясының арқауы Мемлекет басшысы Қасым-Жомарт Тоқаев «Тұрақты болашақ – ортақ көзқарас» Өңірлік экологиялық саммитінде сөз сөйледі, деп хабарлайды Egemen.kz."
KK-A00290,KK,train,RELEVANT,AGRI_LAND,Құрғақшылықтан биыл да зардап шеккен қазақ диқандары үкіметтен жәрдем күтеді Қазақстанда соңғы екі жыл қатарынан құрғақшылық болуы егінмен айналысатын шаруаларды әбден күйзелтіп жіберді. Биылғы аптапта астығын күйдіріп алған фермерлер үкіметтен көмек күтіп отыр.
KK-C01516,KK,train,RELEVANT,WATER_CRYO,"Президент Петербургтегі халықаралық форумда Жайықтың мәселесін көтерді Мемлекет басшысы Қасым-Жомарт Тоқаев ЕАЭО елдерінің экологиялық мәселелерін бірлесіп шешуді ұсынды, деп хабарлайды Egemen.kz."
KK-D00259,KK,train,RELEVANT,WATER_CRYO,"ЕҚЫҰ Парламенттік Ассамблеясында Арал теңізі мәселелері талқыланды Сенат Төрағасының Асқар Шәкіров ЕҚЫҰ Парламенттік Ассамблеясының Экономикалық мәселелер, ғылым, технология және қоршаған орта жөніндегі комитетінің"
KK-C01411,KK,train,RELEVANT,SCIENCE_GEN,Қазақстанда алғаш рет Климат сағаты пайда болды Алматы қаласындағы Сәтпаев пен Назарбаев көшелерінің қиылысында Климат сағаты пайда болды. Бұл туралы АҚШ-тың Қазақстандағы елшілігі хабарлады.
KK-C01132,KK,train,RELEVANT,WATER_CRYO,"Президент Аралды құтқару қорын одан әрі дамытуға қатысты ұсыныстарын айтты Президент Аралды құтқару қорының құрылтайшы мемлекеттері басшылары кеңесі отырысында ұйымды одан әрі дамытуға қатысты ұсыныстарын ортаға салды, деп"
KK-A00373,KK,train,RELEVANT,SCIENCE_GEN,"НАСА: Ғарыштағы көмірқышқыл газды бақылау миссиясы іске аспады АҚШ-тың НАСА ғарыш агенттігі хабарлағандай, бүгін таңертең ұшырылған ғаламдық көмірқышқыл газдың бөлінуін бақылайтын жерсерігі зымыраннан ажырамай қалды. НАСА-ның хабарлауынша, жерсерігі Антарктида мұхитына құлаған. Калифорниядан ұшырылған көмірқышқыл газды бақылау миссиясы екі жылдың ішінде..."
KK-D03775,KK,train,RELEVANT,POLICY,"Экология министрлігі мен Bitfury климатты қорғау жөнінде келісімге қол қойды Бүгін Экология министрлігі, Біріккен Ұлттар Ұйымының Қазақстандағы Даму Бағдарламасы (БҰҰДБ) және Bitfury Group компаниясы елімізде климатты қорғау"
KK-A00533,KK,train,RELEVANT,POLICY,АҚШ климат жайлы Париж келісімінен шығу процесін бастады АҚШ ғаламдық климат жөніндегі Париж келісімінен шығу процесін бастады. АҚШ мемлекеттік департменті жұма күні БҰҰ-дағы америкалық делегация аталған ұйымның Бас хатшысы Антониу Гутерришке тиісті хатты табыс еткен туралы хабарлады. АҚШ-тың Париж келісімінен шығу процесі екі жылдан аса уаытқа...
KK-A00185,KK,train,RELEVANT,AGRI_LAND,"Әлемдегі бидай тапшылығы себебінен теңге күшеюі мүмкін Құрғақшылықтан туған астық тапшылығы халықаралық нарықтағы трейдерлерді әбігерге түсірді. Қазақстан астық экспортына тыйым салмаймыз деп ресми түрде мәлімдесе де, Астана Ресейдің қысымына көніп, мұндай шараға баруы мүмкін. Сарапшылар бұл жағдайға байланысты теңге бағамының да өсуі мүмкін деп болжайды."
KK-D00081,KK,train,NOT_RELEVANT,,2016 жылдан бастап елімізде К2 экологиялық сыныбының жанар-жағармайын сату тоқтатылады АСТАНА. 8 шілде. Елімізде 2016 жылдың 1 қаңтарынан бастап Еуразиялық экономикалық комиссияның шешіміне сәйкес К2 экологиялық сыныбындағы
KK-00570,KK,train,RELEVANT,WATER_CRYO,"Қазақстан, Тәжікстан және Өзбекстан жазда суды өзара қалай бөліседі? Су ресурстары және ирригация министрі Нұржан Нұржігітов, Тәжікстанның Энергетика және су ресурстары министрі"
KK-D02269,KK,train,RELEVANT,POLICY,Еларалық инвестициялық форумға қатысты Душанбе қаласында «Жасыл инвестициялар: тұрақты болашақ үшін қазіргі мүмкіндіктер» тақырыбында екінші «Душанбе халықаралық инвестициялық форумы – 2025» өтті…
KK-D03340,KK,train,RELEVANT,WATER_CRYO,"Қасым-Жомарт Тоқаев: Халықаралық Аралды құтқару қорының тиімділігін арттыруға болады Қасым-Жомарт Тоқаев трансшекаралық суды пайдалану, Арал және Каспий теңіздерінде қалыптасқан экологиялық"
KK-C00688,KK,train,RELEVANT,SCIENCE_GEN,"Тынық мұхиттағы аралдар жойылып барады Жаһандық жылыну Тынық мұхиттағы аралдарға үлкен қауіп төн­д­іріп тұр. Климаттың өзгеруіне байланысты өңірде су деңгейі көте­ріліп, нөсер жауын көбейіп,"
KK-D02293,KK,train,RELEVANT,ENERGY,Халықаралық күн альянсын құруды көздейді ЭКСПО-2017 халықаралық көрмесінің аумағында Үндістан мемлекетінің ұлттық күні өтті. Ел тәуелсіздігінің 70 жылды­ғымен тұспа-тұс келген мерекеде
KK-D01670,KK,train,RELEVANT,POLICY,Климаттық саясаттағы құлдырау Жаһанды жайлаған экологиялық ахуалмен күресуге әлем елдерінің күші жетпей жатыр. Еуропаның климаттық саясаты да құлдыраудың аз-ақ алдында тұр. Өйткені
KK-C01586,KK,train,RELEVANT,POLICY,Климат мәселесі күн тәртібінде тұр Қазақстанның экологиялық ұйымдарының қауымдастығы заңды тұлғалар бірлестігі
KK-A00570,KK,train,RELEVANT,POLICY,Жер бетіне қауіп төндіріп тұрған ғаламдық жылыну проблемасы Копенгагенде талқыланады Бүгін Копенгагенде ғаламдық ауа-райының өзгеруіне қатысты БҰҰ конференциясы басталады. 12 күнге жалғасатын жиында алдағы онжылдықта орташа ғаламдық температураның өсу мүмкіндігін тоқтату үшін стратегия жасалады деген үміт бар.
KK-C02335,KK,train,RELEVANT,POLICY,"Экологиялық заң: Бүгінгі көзқарас Өткен ғасырдың 70-жылдары басталған Арал проблемасының шиеленіскен тұсы кеңес одағы тараған кезеңге дөп келді. «Балапан басына, тұрымтай тұсына» кеткен"
KK-D02813,KK,train,NOT_RELEVANT,,"Аралдың табанынан су кеткенмен, жұртының жүрегінен жыр кеткен жоқ Елбасы Нұрсұлтан Әбішұлы Назарбаевтың “Мен Аралға кө­мек­тесемін деген арманыма жеткеніме қуаныштымын” деген сөзі барша аралдықтардың жүрегіне мәңгілікке"
KK-A00468,KK,train,RELEVANT,POLICY,"Киото хаттамасы өз күшіне енеді Бұдан сегіз жыл бұрын Жапонияда мақұлданған ғаламдық жылыну процесіне байланысты зиянды қалдық газдарды ауаға шығаруды шектеуге бағытталған Киото хаттамасы бүгін күшіне енеді. Бұл міндетті заңдық келісімді, Ресей және басқа да 30 ірі индустриялы ел бар, әлемнің 141 мемлекеті ратификациялаған..."
KK-A00229,KK,train,RELEVANT,POLICY,"Тони Блейер ""Үлкен Сегіздіктің"" саммитіне жоғары баға берді Британия бас министрі Тони Блейер ""Үлкен Сегіздіктің"" саммитінде жасалған келісімдерге жоғары баға берді. Саммиті Гленеглис қаласында өткізген Тонни Блейр Африканың және басқа аймақтардың кедей елдеріне халықаралық көмек көрсету және ғаламдық ауа жылынуына қарсы әрекеттерді күн тәртібінде..."
KK-D03366,KK,train,RELEVANT,SCIENCE_GEN,"Биыл климатты бақылау тарихындағы ең жылы уақыт болды Ағымдағы жылдың алғашқы 11 айы ауа райы мен климатты бақылау тарихындағы ең жылы уақыт болды. Желтоқсан айы да өзгеріссіз қалса, 2016 жыл ең жоғары"
KK-A00423,KK,train,RELEVANT,SCIENCE_GEN,"Парник газынан ауа райы өзгеріп көп қиындық болуы мүмкін БҰҰ жариялаған бүгінгі баяндамада жазылғанындай, әлемдегі ғалымдардың 90 пайызға дерлігінің пікірінше, қазіргі ауа райы өзгерісіне - ғаламдық жылылануға адамзаттың өзі кінәлі екен. БҰҰ-ның Климаттық өзгеріс жөніндегі Үкіметаралық комиссиясының өз зерттеулері негізінде ескерткеніндей, парник..."
KK-D01503,KK,train,RELEVANT,DISASTER,Пәкстанда аптап ыстықтан мыңнан астам адам көз жұмды АСТАНА. 25 маусым. Пәкстанның оңтүстігінде аптап ыстықтан қаза болғандар саны мыңнан асты. Елдің Карачи қаласында өткен демалыс күндері ауа температурасы
KK-D02229,KK,train,RELEVANT,POLICY,Неліктен COP26 конференциясы сәтсіз болады? БЕРЛИН. Глазгода өтіп жатқан Біріккен Ұлттар Ұйымының климат өзгеруі жөніндегі конференциясы (COP26) үлкен халықаралық келісімге ұйытқы болуы мүмкін.
KK-A00562,KK,train,NOT_RELEVANT,,"Шетелге көшу, Еуропадағы дискриминация, экологиялық мигранттар ""Бастаңғыда"" шетелге көшу тренд пе, әлде жай медиа шу ма деген тақырыпта әңгімелестік. Қонақтарымыз Нидерланд елінде тұратын урбанист Тина Байнақова мен Қазақстанда тұратын дизайнер Ілияс Жолдасбаймен бірге шетелге көшудің қыр-сырын талқыладық."
KK-A00452,KK,train,RELEVANT,POLICY,"Климат келісімінен шыққан Трампты сынады Одақтастары мен бәсекелестері АҚШ президенті Дональда Трамптың 2015 жылғы Париж климат келісімінен шығу туралы шешімін сынап, оның келісімді қайта жасау туралы ұсынысын шетке ысырды."
KK-D00107,KK,train,RELEVANT,POLICY,"Президент халықаралық конвенция жетекшілерімен кездесу өткізді Мемлекет басшысы қоршаған ортаны қорғау саласындағы бірқатар халықаралық ұйымдар басшыларымен кездесіп, Орталық Азиядағы негізгі экологиялық бастамаларды іске…"
KK-A00026,KK,train,RELEVANT,WATER_CRYO,"""Суы тартылып, балығы азайып барады"". Кіші Аралдың тағдыры не болмақ? ""КІШІ АРАЛ ДА ТАРТЫЛЫП БАРАДЫ"" Тырбық бұта ғана өскен елсіз, сусыз ен дала. Ми қайнататындай ыстық. Кезінде теңіз табаны болған даланың тұзды шаңы көлік терезесін ашуға еш мүмкіндік бермейді. Тек теңізге жақындаған кезде ғана салқын леп сезіліп, тынысың кеңіп сала береді. Арал қаласынан..."
KK-A00188,KK,train,RELEVANT,POLICY,"Ғаламдық жылынудан сақтану үшін 32 ел метанның бөлініп шығуын қысқартады ""Ғаламдық метан міндеті"" жобасына 32 ел қосылып, 2030 жылға дейін метанды ауаға шығаруды 30%-ға қысқарту міндетін алды. Осылай халықаралық қауымдастық ғаламдық жылынуға қарсы тұра алады деп мәлімдеді дүйсенбі күні АҚШ президенті Джо Байден. Жоба қараша айында Шотландияда өтетін БҰҰ-ның..."
KK-A00568,KK,train,RELEVANT,POLICY,"Обама Копенгаген саммитіне көңіл толмаудың жөні бар деді АҚШ президенті Барак Обама адамдар Копенгагендегі климаттың өзгеруіне қатысты конференция қорытындысынан көңілі қалғандарын түсіндіріп жатыр деді. Американдық телеарнадан сөйлеген президент Обама бұл саммитте аз ғана прогресс жасалды дей келе, бірақ соншалықты артқа кету болған жоқ..."
KK-D01896,KK,train,RELEVANT,SCIENCE_GEN,Әлемде табиғат апаттары жиілеп кетті - экологтар 2000-2019 жылдар аралығында әлем бойынша11 мыңнан астам табиғат құбылыстары тіркелген. Нәтижесінде 480 000 адам қайтыс болды. Ал осы уақыт аралығында
KK-A00594,KK,train,RELEVANT,POLICY,"Әлем жетекшілері ауаның жылынуына қатысты конференцияға қатысады Бүгін Копенгагендегі БҰҰ-ның климат мәселелеріне арналған конференциясында бірқатар елдердің жетекшілері сөз алады. Жұма күні ақталатын саммиттің бүгінгі отырысында АҚШ, Ресей, Франция және Бразилия президенттері ғаламдық жылыну проблемалары бойынша өз елдерінің атқаратын шараларын..."
KK-D01832,KK,train,RELEVANT,POLICY,Президент дін көшбасшыларын климат өзгерістеріне қарсы бірлесе әрекет етуге шақырды Бүгін Президент Астанада өтіп жатқан Әлемдік және дәстүрлі діндер көшбасшыларының VIII съезінің ашылуына қатысты
KK-C01476,KK,train,RELEVANT,WATER_CRYO,Биыл Арал теңізіндегі 100 мың гектар жерге сексеуіл егілді 2021 жылы Арал теңізінің құрғаған табанына – шамамен 100 мың гектар жерге сексеуіл егілді. Бұл туралы ҚР ЭГТРМ Орман шаруашылығы және жануарлар дүниесі
KK-A00183,KK,train,RELEVANT,POLICY,"“Киото хаттамасының” орнына жаңа халықаралық келісім болуы мүмкін НЬЮ-ЙОРК: БҰҰ-ының Бас хатшысы Пан Ги-Мунның мәлімдеуінше, әлем лидерлері ғаламдық ауа райының жылынуына қарсы Киото хаттамасын алмастыратын жаңа келісімге келуге “ең басты міндеттеме” алды. Бас хатшы бұл сөзін дүйсенбі күні ғаламдық ауа райының құбылуы тақырыбына арналған конференцияда айтты...."
KK-D00494,KK,train,RELEVANT,WATER_CRYO,"Экология министрлігі Каспий теңізінің тартылып бара жатқанын айтты Әлеуметтік желі қолданушылары бір-біріне Каспий теңізі жағалауының тартылып жатқанын көрсететін бейнеролик таратуда, деп хабарлайды Egemen.kz."
KK-A00279,KK,train,RELEVANT,SCIENCE_GEN,"Жаһандық жылыну жайлы не білесіз? Климаттағы өзгерістер, жаһандық жылыну жайлы біліміңізді тексеріп көрейік."
KK-A00040,KK,train,RELEVANT,DISASTER,"Иркут облысының 23 ауданында құрғақшылық салдарынан төтенше жағдай жарияланды. Деректерге қарағанда ауылшаруашылығындағы шығын 400 млн. рубльге жеткен. Көп жағдайда қайтадан егін егу жүргізлгенімен,жаңбыр жаумағандықтан, егістік күйіп кетіп жатыр. Мұндай құрғақшылық бұл облыста 1949 жылдан бері болмаған көрінеді."
KK-D01226,KK,train,RELEVANT,WATER_CRYO,"Президент Халықаралық Аралды құтқару қорының құрылтайшы мемлекеттері басшыларының отырысына қатысты Қарсы алу рәсімі аяқталған соң, мемлекеттер басшыларының шағын және кеңейтілген құрамдағы отырыстары өтті, деп хабарлайды Ақорданың баспасөз қызметі."
KK-C00153,KK,train,RELEVANT,WATER_CRYO,"Трансшекаралық өзендер мәселесі Жаздың аптап ыстығында диқандар егін суарудан қиыншылық көреді. Елімізде бірнеше ірі өзен бассейні болғанымен, қажет кезінде «тіршілік нәрі» сыздықтап"
KK-D03024,KK,train,RELEVANT,WATER_CRYO,"Сара Камерон: Арал дағдарысы тарихи мәселелерді талқылауға мүмкіндік береді Сара Камерон (Sarah Cameron) – 1977 жылы АҚШ-тың Вашингтон қаласында туған. Стэнфорд университетінде бакалавр және магистр, Йель университетінде PhD"
KK-D03216,KK,train,RELEVANT,WATER_CRYO,"Балқаш Арал теңізінің тағдырын қайталамайды - Экология министрлігі ҚР Экология, геология және табиғи ресурстар министрлігі видеконференцбайланыс режимінде ғылыми қоғамдастық, Алматы, Қарағанды және Жамбыл облыстары"
KK-D01669,KK,train,RELEVANT,WATER_CRYO,Арал қайта оралады Жақында әлеуметтік желіде тараған бір видеодан Арал теңізі айдыны ортаймаған кезіндегі жағалауында иін тірескен кемелерді көрдік. Ине шаншар жер жоқ-ау.
KK-A00027,KK,train,RELEVANT,AGRI_LAND,"Орталық Азияда ""ақ алтыннан"" түсетін табыс азайды. Фермерлер шағынып отыр Ғаламдық экономикалық құлдырау мен климаттың өзгеруі Совет Одағынан мұраға қалған мақта өндірісіне кері әсер етіп отыр. Шаруалар азын-аулақ табыстың көп бөлігі басқа адамдардың қалтасына кетіп жатыр деп шағынады."
KK-C01985,KK,train,RELEVANT,WATER_CRYO,"Арал теңізінің құрғаған бөліктеріне 1,1 млн гектар сексеуіл егіледі Арал теңізінің құрғаған ұлтанына алдағы бес жылда 1,1 млн гектар сексеуіл егіледі, деп хабарлайды"
KK-A00351,KK,train,RELEVANT,WATER_CRYO,"Қызылордада Аралды қорғауға арналған халықаралық форум өтеді Қызылордада 30-31 мамыр аралығында Арал теңізін тұрақты дамытуға арналған халықаралық форум өтеді. Бұл шараға Орталық Азия, БҰҰ, ЕҚЫҰ, Дүниежүзілік банк өкілдері қатысады. Аралды құтқару жөніндегі қорға жетекшілік ету рөлі Өзбекстаннан Түркіменстанға өтті. Ресми Ашхабад қорға енді үш жыл..."
KK-C00130,KK,train,RELEVANT,WATER_CRYO,Қазақстан мен Ресей арасындағы трансшекаралық өзендер мәселесі талқыланды Бүгін Қазақстан Республикасының Парламенті Сенаты мен Ресей
KK-C02462,KK,train,RELEVANT,WATER_CRYO,"Тартылған Арал толып келеді Солтүстік Аралдағы су көлемі 27 млрд текше метрге дейін артты. Солтүстік Арал теңізін құтқару жобасы аясында маңызды нәтижеге қол жетіп, қоймадағы су"
KK-D01724,KK,train,RELEVANT,WATER_CRYO,"Ресейде Арал теңізінің мәселесі талқыланды Аралды қалай құтқару керек? Бұл туралы сұрақтар Орталық Азияның су проблемаларына арналған дөңгелек үстелде талқыланды, деп хабарлады 24.kz."
KK-D00297,KK,train,RELEVANT,POLICY,"Қазақстанда климаттық өзгерістер бойынша өңірлік хаб құрылады 15 маусымда ҚР экология, геология және табиғи ресурстар министрі Мағзұм Мырзағалиев «Қазақстан мен АҚШ сауда-экономикалық қатынастарына 30 жыл» атты"
KK-C00287,KK,train,RELEVANT,WATER_CRYO,"Трансшекаралық өзендерді пайдалануда Орталық Азияға ортақ келісім қажет Белгілі қоғам қайраткері, экономика ғылымдарының докторы, жазушы Мырзагелді Кемел өзекті мәселелерге «Egemen Qazaqstan» газеті арқылы үн қосып тұратын."
KK-D03417,KK,train,RELEVANT,WATER_CRYO,42 экологиялық жоба іске асырылады Астанада Қазақстанның төрағалығымен Халықаралық Аралды құтқару қоры басқармасының екінші отырысы өтті.
KK-C02203,KK,train,RELEVANT,WATER_CRYO,Қазақстан мен Өзбекстан сенаторлары Арал проблемасын талқылады Қазақстан Парламенті Сенатының Спикері Мәулен Әшімбаев Өзбекстан Олий Мажлисі Сенатының Төрайымы Танзила Нарбаевамен бірге екі елдің Сенаттары арасындағы
KK-C00116,KK,train,RELEVANT,WATER_CRYO,"Кіші Аралдан айырылып қалуымыз мүмкін – Депутат Егер шұғыл түрде шаралар қабылданбаса, Кіші Аралдан айырылып қалуымыз мүмкін. Бұл туралы сенатор Мұрат Бақтиярұлы депутаттық сауалында айтып берді, деп"
KK-D03375,KK,train,RELEVANT,HEALTH_SOCIETY,"Арал өңірінде туу көрсеткіші 13,6%-ға төмендеді Сенатор Ақмарал Әлназарова Қазақстан Республикасы Парламентінің Сенаты мен Өзбекстан Республикасы Олий Мәжілісінің Сенаты арасындағы Ынтымақтастық"
KK-A00329,KK,train,NOT_RELEVANT,,Қарағандылық бойжеткен жаңа жел қозғалтқышын ойлап тапты Қарағандыдағы мектеп-интернаттың түлегі Әсия Құсайынованың Қазақстан климатына икемделген жел қозғалтқышы жобасы халықаралық ғылыми-инженерлік конкурста жеңіп шықты. Жас өнертапқыш Әсия Құсайынова Қарағанды қаласында тұрады. Ата-әжесінің бауырында өскен қыз биыл Қарағанды облысының дарынды...
KK-A00459,KK,train,RELEVANT,WATER_CRYO,"""Балқаштың тартылуы экологиялық апатқа әкеледі"" Әлеуметтік желі қолданушылары Жетісу мен Балқаш көлінің экологиясын талқылады. Қытайда салынып жатқан бөгет кесірінен Балқашқа су аз келеді деген болжамға сүйенген жұрт мұның соңы ауыр зардапқа әкеле ме деп қорқады."
KK-A00158,KK,train,RELEVANT,OTHER_CLIMATE,"Қалдықты қазынаға айналдырып жүрген табиғат жанашырлары Бірі қалдық жейтін шыбын өсіреді, бірі қаладан органикалық қоқыс жинайды, енді бірі пластиктен қолөнер туындысын жасайды — алматылық табиғат жанашырлары елдегі қоқыс мәселесін шешуге, жаһандық жылыну процесін баяулатуға үлес қосып жүр. Азаттық тілшісі Мақпал Мұқанқызы олардың жұмысын көріп қайтты."
KK-C01515,KK,train,RELEVANT,WATER_CRYO,Роман Скляр Аралды құтқару халықаралық қорының отырысына қатысты 22 ақпанда Аралды құтқару халықаралық қорының отырысы онлайн режимде өтті. Қазақстан тарапынан шараға Премьер-Министрдің бірінші орынбасары Роман Скляр
KK-D02841,KK,train,RELEVANT,WATER_CRYO,"Экология вице-министрі мен Омбы губернаторы Ертіс өзені мəселесін талқылады Экология, геология және табиғи ресурстар министрлігінің вице-министрі Ахметжан Пірімқұлов РФ Омбы облысының губернаторы А.Бурковпен кездесті, деп"
KK-A00374,KK,train,RELEVANT,HEALTH_SOCIETY,"ДБ: Ғаламдық жылынудан 100 миллион адам зардап шегеді Дүниежүзілік банктің (ДБ) соңғы деректері бойынша, егер кедейлік шегіндегілерді теңіз деңгейінің көтерілуі салдарынан қорғау шаралары жасалмаса ғаламдық жылыну жүз миллион адамды кедейлікке ұрындыруы мүмкін. 8 қарашада жарияланған ДБ есебінде бұл топтағы адамдарға климаттың өзгеруімен..."
KK-A00244,KK,train,NOT_RELEVANT,,"Азаттық тілшісінің Арал жайлы фильмі журналистер одағының жүлдесін алды Азаттық радиосының тілшісі Асылхан Мамашұлының «Қария мен теңіз» фильмі Қазақстан журналистер одағының жүлдесіне ие болды. Бұл туралы ҚазТАГ агенттігі хабарлады. ҚазТАГ-тың жазуынша, Асылхан Мамашұлына «Саяси шолу» номинациясы бойынша жүлде «Арал теңізінің қалыпқа келеріне сенетін авторлық..."
KK-D00050,KK,train,RELEVANT,WATER_CRYO,"Экология министрі су тапшылығын болдырмау амалдарын ұсынды Бүгін ҚР Үкіметінің отырысында Экология, геология және табиғи ресурстар министрі Мағзұм Мырзағалиев 2020 жылдың вегетациялық кезеңінің қорытындылары"
KK-D03607,KK,train,RELEVANT,POLICY,"Түркия Климат жөніндегі Париж келісімін бекітті Түркия парламенті Климат жөніндегі Париж келісімшартын бірауыздан бекітті, деп хабарлайды Egemen.kz."
KK-D01689,KK,train,RELEVANT,DISASTER,"Алматы облысында аптап ыстықтан сел жүру қаупі бар Алматы облысында таулы жерлерде сел жүру қаупі сақталатыны ескертілді, деп хабарлады ҚР ІІМ ТЖК."
KK-D02110,KK,train,RELEVANT,DISASTER,Аралда төтенше жағдай жарияланады Қызылорда облысының Арал ауданында қатты ыстық пен жауын-шашын мөлшерінің аз болуына байланысты қуаңшылық жағдай орын алды. Өңірде төтенше жағдай режимін
KK-C00469,KK,train,RELEVANT,WATER_CRYO,"Халықты суды үнемдеп, қадірлеуге шақырамын - Экология министрі Бұл туралы Экология, геология және табиғи ресурстар министрі Мағзұм Мырзағалиев Twitter парақшасында жазды, - деп хабарлайды Egemen.kz"
KK-D03573,KK,train,RELEVANT,POLICY,"Климаттың өзгеруі дамушы елдерге зор қауіп төндіріп тұр - Мемлекет басшысы Президент Қасым-Жомарт Тоқаев Климат жөніндегі дүниежүзілік саммитте сөз сөйледі, деп хабарлайды Egemen.kz."
KK-D03149,KK,train,NOT_RELEVANT,,"Аралда балық экспорты сегіз есеге артты Арал өңірі балықшыларының ІV слетіне облыс әкімі Қырымбек Көшербаев, ҚР Парламент Мәжілісі депутаттары, Ауыл шарушылығы министрлігінің, Халықаралық Аралды"
KK-C00886,KK,train,RELEVANT,WATER_CRYO,"Балқаш көлі Аралдың кебін киюі мүмкін Балқаш деңгейі 2040 жылға дейін айтарлықтай таяздануы мүмкін. Мұндай болжамды ҚР Экология, геология және табиғи ресурстар министрлігі мамандары айтып"
KK-A00466,KK,train,RELEVANT,SCIENCE_GEN,"Ауа-райының төтенше құбылыстары жер климатының өзгергенін көрсетіп отыр Ғалымдар 2006 жылда қоғамның толығымен жер климатының расында жылынғанын байқағанын айтады. Оның нақты солай болып жатқанын дәлелдейтіндей, ғалымдардан алаңдаушылық хабарлар болмағанымен, ауа-райының тым өзгеріске ұшырағаны айтарлықтай құбылыс болып отыр."
KK-C02232,KK,train,RELEVANT,HEALTH_SOCIETY,Аптап ыстықтан қалай сақтану керек Жаһандық климаттың өзгеруі жер бетіндегі ауа температурасының күрт көтерілуіне әкеп соғуда. Әсіресе жаз мезгіліндегі аптап ыстық адам денсаулығына кері
KK-D02089,KK,train,RELEVANT,WATER_CRYO,Шавкат Мирзиеёв: Арал апатын назардан тыс қалдыруға болмайды Өзбекстан Президенті Шавкат Мирзиеёв Egemen Qazaqstan газетінің 4 желтоқсандағы санына берген сұхбатында Орталық Азиядағы экологиялық күрделі мәселелердің
KK-D01693,KK,train,RELEVANT,POLICY,Климаттың сын-қатерлерін жалғыз еңсеру мүмкін емес - Қ.Тоқаев Бұл туралы Мемлекет басшысы Қасым-Жомарт Тоқаев ШЫҰ плюс саммитінде айтты
KK-C01161,KK,train,RELEVANT,AGRI_LAND,"Маңғыстаудың экологиясы «боздап» тұр Маңғыстау экологиясы көп өзгерді. Қазіргі ту-талақай тақырды бұрын көк шөбі белуардан келетін көгалды тұс десе ешкім сенбес еді. Апталап соғатын, тіпті"
KK-A00566,KK,train,NOT_RELEVANT,,"Күннен қуат алатын ұшақ сапарға аттанды Күн энергиясынан қуат алатын Solar Impulse 2 ұшағына мінген швейцариялық ұшқыш Андре Боршберг бүгін Қытайдың шығысындағы Нанкин қаласынан жалғыз өзі ұзақ сапарға шықты. Ол Тынық мұхитының үстімен алты күнде 8500 шақырым қашықтықты артқа тастап, Гавай аралдарына ұшып жетпек. Бұл жалғыз адамдық..."
KK-A00307,KK,train,NOT_RELEVANT,,"Давос қаласында бүгін Дүниежүзілік экономикалық форум басталады Дәстүрлі мәслихатқа бизнес, саясат, ғылым, баспасөз, азаматтық қоғам салаларынан екі мыңнан астам жетекші келеді. Бес күн жалғасатын форумда ғаламдық ауа-райының жылынуы, Израиль-Палестина дауы, ғаламдық энергетика саудасының мәселелері талқыланбақ. Қазақстан делегациясын президент әкімшілігі..."
KK-D03261,KK,train,RELEVANT,POLICY,Жасыл климат қоры Қазақстанға қаржы бөлді Жасыл климат қоры (GCF) жаңартылатын энергия көздерін Еуропалық қайта құру және даму банкінің (ЕҚДБ) негіздемелік бағдарламасы бойынша жаңартылатын
KK-D00289,KK,train,RELEVANT,WATER_CRYO,"Трансшекаралық өзендер: ортақ су қалай бөлінбек? Трансшекаралық өзендер Қазақстанның экологиялық және стратегиялық сұрағы. Себебі Ертіс, Іле, Сырдария, Жайық, Тобыл, Есіл және Шу секілді елдің бас"
KK-A00114,KK,train,NOT_RELEVANT,,"Нұрқаділов өлімі, ""Нұр Отанның"" мұрагері, жаһан климаты – AzatNEWS | 12.11.2024 Заманбек Нұрқаділовтің жұмбақ жағдайда қаза тапқанына 19 жыл. Істің қайта тергелуіне не кедергі? Amanat партиясы халықтан неге кешірім сұрау керек? Белсендінің көздегені не? Әзербайжан астанасында жаһандық климат саммиті өтіп жатыр. Қазақстан президентін қандай мәселе алаңдадаты?"
KK-01373,KK,train,RELEVANT,WATER_CRYO,Тоқаев: Арал бассейніндегі экологиялық ахуал алаңдатарлық Қасым-Жомарт Тоқаев Халықаралық Аралды құтқару қоры құрылтайшы мемлекеттер басшылары кеңесінің отырысында Солтүстік Аралдың экожүйесін қалпына келтіру бойынша…
KK-C02336,KK,train,NOT_RELEVANT,,"Киік санын реттеу мәселесі қайта қаралатын болды Бұл туралы Экология, геология және табиғи ресурстар министрі Серікқали Брекешев мәлім етті, деп хабарлайды. Egemen.kz."
KK-C01047,KK,train,NOT_RELEVANT,,"Қаралы қаңтар: Елдіктің сын сағаты Елімізді дүрліктірген Қаңтар қасіретіне 1 жыл болды. Бастапқыда бейбіт басталып, соңы қарулы қақтығысқа ұласқан осынау оқиға кезінде халқымыз үлкен"
KK-C00200,KK,train,NOT_RELEVANT,,"Демалыс күндері елордада қандай мәдени шаралар өтеді Қаладағы мәдени ошақтар алдағы демалыс күндері қала тұрғындары мен қонақтарына арнап музыкалық қойылымдар, көрмелер мен экскурсиялар дайындады. Барлық"
KK-D01231,KK,train,NOT_RELEVANT,,Мақтааралда жаңа оқу жылына орай 4 мектеп пайдалануға берілді Жаңадан құрылған Мақтаарал ауданында жаңа оқу жылына орай 4 мектеп пайдалануға берілді. Бүгін аудан әкімі Бақыт Асанов Жаңажол ауылдық округіндегі
KK-A00253,KK,train,NOT_RELEVANT,,"Министрдің көлігі, полиция ұстаған белсенді, қылмысты ашуға талпыныс – AzatNEWS | 22.01.2025 Көлікті аулада 5 минуттан артық қыздырғанға айыппұл салу үкімет қазынасын толтыру ма, әлде экологияны қорғау ма? Экология министрі көлікті қыздыруға 5 минут жеткілікті дейді. Астаналықтар бұған келісе ме? Алматыда сатиралық паблик авторын қолдауға шыққан тағы бір белсендіні полиция ұстады."
KK-C01188,KK,train,NOT_RELEVANT,,"14-29 жас аралығындағы қазақстандықтар Жастар корпусын дамыту жобасына қатыса алады Жастар корпусын дамыту жобасы жастарды қоғам өміріне тарту және олардың қоғамға қызмет көрсету ісіне ат салысуды, жастар арасында өмірлік дағдыларды"
KK-D00202,KK,train,NOT_RELEVANT,,"Төрағаның ұсынысы қаралды Парламент Сенаты Конс­ти­туциялық заңнама, сот жүйесі және құқық қорғау органдары комитетінің кеңейтілген отырысында Бақыт Сәрсенбайұлы Мелдешов пен"
KK-C00771,KK,train,NOT_RELEVANT,,Сот жүйесін жаңғырту бойынша заң жобалары қаралады Қазақстан Республикасы Парламенті Сенаты Бюросының мүшелері осы жылдың 11 наурызында өтетін Палата отырысының күн тәртібін бекітті. Депутаттар батып
KK-C01318,KK,train,NOT_RELEVANT,,"Семейде су басуды алдын алу шаралары басталды Семейде «Көктем-2020» республикалық командалық-штабтық жаттығуы басталды.Семей ақпараттық орталығы мәліметінше, шара аясында «Спартак» стадионында су"
KK-A00197,KK,train,NOT_RELEVANT,,"Le Monde: Астана мен Париж келісімдері күдікке ілінді Францияда Николя Саркози президенттік еткен тұста Қазақстан мен Франция үкіметі арасында жасалған құны екі миллиард еуро көлеміндегі келісімнен заңсыз комиссиялық төлем алу фактісі бойынша тергеу басталды деп хабарлайды француздық Le Monde басылымына сілтеме жасаған BBC. Басылым дерегінше,..."
KK-D02090,KK,train,NOT_RELEVANT,,"Алматы маңында гүлдер алқабын таптап өткен жүргізуші көпшіліктің ашуын туғызды Әлеуметтік желідегі көздің жауын алатын қызылтаңдай гүлдер алқабына BMW көлігімен қойып кетіп, дриф жасаған жігіттің видеосы көпшіліктің ашуын туғызды,"
KK-C01142,KK,train,NOT_RELEVANT,,Елордада коронавируспен күресу үшін қандай шаралар қабылданып жатыр Елорда әкімінің орынбасары Бақтияр Мәкен қаланың қоғамдық кеңесінің отырысында коронавирус пандемиясымен күресу бойынша қабылданып жатқан шаралар туралы
KK-D01924,KK,train,NOT_RELEVANT,,"Қостанай облысында алдын ала эвакуациялау шаралары жүріп жатыр Облыстық жедел штабтың ресми мәліметі бойынша Денисов ауданы Денисов ауылынан 110 адам, Қарабалық ауданының Святослав ауылынан 10 адам эвакуацияланған."
KK-D01126,KK,train,NOT_RELEVANT,,"Шанхай халықаралық кинофестивалі биыл өтпейді Биыл маусымда өтуі тиіс 25-ші Шанхай халықаралық кинофестивалі (SIFF) келесі жылға ауыстырылды, деп хабарлайды Egemen.kz"
KK-C01005,KK,train,NOT_RELEVANT,,Астанада халықаралық іздеуде жүрген қылмыскер ұсталды Астана полиция департаменті экстремизмге қарсы іс-қимыл басқармасының қызметкерлері «Учаске» жедел-алдын алу іс-шарасы барысында халықаралық іздеуде
KK-D01041,KK,train,NOT_RELEVANT,,Қазақстандық оқушылар IChO-2025 халықаралық химия олимпиадасына аттанды 5–14 шілде аралығында Біріккен Араб Әмірліктерінде 57-ші Халықаралық химия олимпиадасы (IChO-2025) өтеді. Олимпиадаға 90-нан астам елдің үздік жас
KK-A00020,KK,train,NOT_RELEVANT,,"Жол апатынан 3 адам қаза болып, 20-дан астам адам жарақат алды Қазақстан Республикасының төтенше жағдайлар жөніндегі министрлігінің желтоқсанның 13-і күнгі мәліметіне қарағанда, Петропавл-Ташкент бағытында кетіп бара жатқан автобус аударылып, бірнеше адам қаза тапқан. Автобус ішінде болған 38 жолаушының дені Өзбекстан азаматтары екен. Олардың 20-дан астамы Балқаш қаласының ауруханасы мен Приозерск кентіндегі әскери госпитальға жеткізілген. Алдын-ала мәліметтерге қарағанда, ол азаматтар Ресейде жұмыс істеп Қазақстан арқылы елдеріне қайтпақ болған."
KK-D02728,KK,train,NOT_RELEVANT,,Үкіметте Астана маңындағы елді мекендерді дамытудың жоспары қаралды ҚР Премьер-Министрі Әлихан Смайыловтың төрағалығымен өткен кеңесте салалық тұжырымдамалардың жобалары мен Астана маңындағы елді мекендерді
KK-D01688,KK,train,NOT_RELEVANT,,"Мәжіліс жалпы отырыста қаралатын мәселелерді нақтылады Бүгін төменгі палата спикері Нұрлан Нығматулиннің төрағалығымен Мәжіліс бюросы алдағы жалпы отырыстың күн тәртібін нақтылады, деп хабарлайды Мәжіліс"
KK-D03432,KK,train,NOT_RELEVANT,,Биыл мүгедектікті белгілеу бойынша сырттай форматта қанша өтінім қаралды? 2025 жыл басталғалы бері мүгедектік тобын белгілеу үшін медициналық-әлеуметтік сараптама жүргізудің сырттай форматы
KK-C01747,KK,train,NOT_RELEVANT,,Мал ұрлығына қарсы шаралар ұдайы жүргізіліп келеді Ел көлемінде наурыз айынан бастап «Мал ұрлығы» жедел алдын алу іс-шарасы өткізіліп келеді. Ішкі істер министрлігінде ұйымдастырылған брифинг барысында
KK-C01769,KK,train,NOT_RELEVANT,,"Президент Түркістандағы халықаралық әуежайға барды Мемлекет басшысы Қасым-Жомарт Тоқаевтың Түркістан облысына сапары жалғасуда, деп хабарлайды Egemen.kz Президенттің баспасөз қызметіне сілтеме жасап."
KK-A00031,KK,train,NOT_RELEVANT,,"«ЛУКОЙЛ» Каспийге инвестиция беруді жоспарлауда Ресейлік «ЛУКОЙЛ» мұнай компаниясы 2009-2013 жылдар аралығында Каспийдегі экологиялық қауіпсіздік бағдарламасын жүзеге асыру мақсатында 120 миллион рубль инвестиция беруді жоспарлап отыр, — деп хабарлайды РИА Новости. «2004-2008 жылдар аралығында Солтүстік Каспийдегі экологиялық қауіпсіздік..."
KK-C01187,KK,train,NOT_RELEVANT,,Экология фестивалі «Таза Қазақстан. Астана – тазалық пен тәртіптің үлгісі» ауқым­ды экологиялық акциясы аясында елорда мектептерінде «Экокүн» экологиялық фестивалі өтті.
KK-C01948,KK,train,NOT_RELEVANT,,Үкіметте электрондық сауданы дамыту мәселелері қаралды Премьер-Министр Асқар Маминнің төрағалығымен өткен Үкімет отырысында электрондық сауданы дамыту мәселелері қаралды. Бұл туралы Премьер-Министрдің баспасөз
KK-D02226,KK,train,NOT_RELEVANT,,"Қазақ күресінің халықаралық федерациясы құрылды Астанада Қазақ күресінің халықаралық федерациясын құру шешімі қабылданды, деп хабарлайды vesti.kz тілшісі. Бүгін, 21 ақпанда ұйым құрылтайшыларының"
KK-D01428,KK,train,NOT_RELEVANT,,"Мәжіліс депутаттары Ақмола облысында бірқатар әлеуметтік нысанды аралады «AMANAT» фракциясының мүшелері Айна Мысырәлімова мен Наталья Дементьева Ақмола өңіріне жұмыс сапарымен барып, партияның сайлауалды бағдарламасы аясында"
KK-D02823,KK,train,NOT_RELEVANT,,Халықаралық тәжірибеге айналып келеді Бас прокуратура қылмысқа қарсы күрес саласында халықаралық ынтымақтастықты нығайту бағытында елеулі іс-шаралар жүргізіп келеді. Бұл жұмыстардың мақсаты ­–
KK-D02495,KK,train,NOT_RELEVANT,,Апатты аймақты аралайды Кеше Қазақстан Президенті жанындағы Орталық коммуника­ция­лар қызметінің ресми өкілі Алтай Әбибуллаевтың қатысуымен журналистерге арналған кезекті брифинг
KK-D01243,KK,train,NOT_RELEVANT,,Байқоңыр экологиясы Қазақстан кодексіне бағынуы керек Бұрнағы күні Қоршаған ортаны қорғау министрі Нұрлан Қаппаров Парламент Мәжілісінің Үкімет сағатында есеп берді. Бұл кездесу депутаттар тарапынан үлкен
KK-C01346,KK,train,NOT_RELEVANT,,"Бүкіләлемдік экологиялық акция Елордада Экология, геология және табиғи ресурстар министрлігінің бастамасымен бүкіләлемдік «World clean up day» экологиялық акция­сы өтті. Іс-шара аясында"
KK-C01243,KK,train,NOT_RELEVANT,,"Қарашөкеев егістік алқаптарды аралады Жамбыл облысының әкімі Ербол Қарашөкеев Байзақ, Жамбыл, Жуалы аудандары мен Тараз қаласындағы егістік алқаптарды аралап, су шаруашылығы және өнеркәсіп"
KK-D01210,KK,train,NOT_RELEVANT,,«Даму» Қоры мен Халықаралық қаржы орталығы әріптестік жайлы меморандумға қол қойды Бүгін «Даму» кәсіпкерлікті дамыту қоры» АҚ Басқарма төрағасының орынбасары Дәулет Әбілқайыров пен «Астана» халықаралық қаржы орталығы (АХҚО) әкімшілігінің
KK-D00601,KK,train,NOT_RELEVANT,,"Азия парламентаралық форумы аяқталды Астанада екі күнге жалғасқан Ғылым, технологиялар және инновациялар жөніндегі Азия парламентаралық форумы аяқталды. Ислам ынтымақтастық ұйымына (ИЫҰ)"
KK-D03000,KK,train,NOT_RELEVANT,,"Паралимпиада-2024: Қазақстан құрамасының қоржынына күміс медаль түсті Паралимпиада ойындарында ел қоржына алғашқы медаль түсті, деп хабарлайды Egemen.kz."
KK-D02731,KK,train,NOT_RELEVANT,,"Ұлтаралық алауыздықты қоздырған Ақмола тұрғыны сотталды Ақмола облысы Астрахан ауданының прокуратурасымен ұлтаралық алауыздықты қоздыру фактісі бойынша қылмыстық істің ашық процесі ұйымдастырылды, деп"
KK-D00483,KK,train,NOT_RELEVANT,,"Бұқаралық спортқа баса мән беріліп келеді Мемлекет басшысы Қасым-Жомарт Тоқаев «Жаңа жағ­дай­дағы Қазақстан: Іс-қимыл кезеңі» атты Жолдауында «Бұқаралық спортқа, дене тәрбиесіне және бала­лар­ға"
KK-D00990,KK,train,NOT_RELEVANT,,Мальдив аралдары туристерді қабылдау ережелерін жаңартты 2020 жылдың 10 қыркүйегінен бастап Мальдив аралына келген барлық туристер мен қысқамерзімді келушілер ПТР-ден теріс нәтиже және денсаулық жағдайы туралы
KK-C00434,KK,train,NOT_RELEVANT,,"Үздіктер дараланған дода Ақтауда каратэден (WKF) ересектер арасындағы еліміздің чемпионаты аяқталды. «Halyk Arena» әмбебап спорт кешенінде 400-ге тарта татами шебері ката, кумите"
KK-C01104,KK,train,NOT_RELEVANT,,"Есірткі тасымалдаған Байқоңыр тұрғыны Аралда ұсталды 13 маусым күні Қызылорда облысы Полиция департаменті Жергілікті полиция қызметі басқармасының патрульдік полиция ротасының қызметкерлері ""Батыс Еуропа –"
KK-C01832,KK,train,NOT_RELEVANT,,Атырауда карантиндік шектеу шаралары ұзартылды Атырау облысының бас мемлекеттік санитарлық дәрігері Асылбек Шаров
KK-C00760,KK,train,NOT_RELEVANT,,"Халықаралық автобус қатынасы қашан қалпына келеді? Пандемия кезінде облысаралық, халықаралық автобус қатынас­тары тоқтатылғаны мәлім. Өкінішке қарай, бұл жағдай са­ланы үлкен шығынға ұшы­рат­ты. Мәселен,"
KK-C02344,KK,train,NOT_RELEVANT,,"Эко-белсенді: Президенттің экология саласындағы бастамасы аса маңызды Бес жылдан аса каспий итбалығы тақырыбын зерттеп жүрген эколог Әсел Баймұқанова ҚР Президентінің халық арасындағы, мектеп жасынан бастап, экологиялық"
KK-C00073,KK,train,NOT_RELEVANT,,Абай мерейтойының халықаралық тұсаукесері өтеді - министр Абай философиясы біздің мәдени және ұлттық бірегейлігіміздің ажырамас бөлігіне айналды. Бұл туралы Мәдениет және спорт министрі Ақтоты Райымқұлова
KK-D03445,KK,train,NOT_RELEVANT,,"Түркістанда «Ясауитану» халықаралық байқауы аяқталды 2017 жылды «Түркістан түркі әлемінің мәдени астанасы» деп жариялауына орай Қазақстан Республикасы Мəдениет және спорт министрлігі, «Әзірет Сұлтан»"
KK-C02435,KK,train,NOT_RELEVANT,,Экология ахуалы талқыланды «Amanat» партиясының республикалық сайлауалды штабының мүшелері өңірлерде сайлаушылармен кездесуді жалғастырып келеді. Бұл жолы аманаттықтар Қарағанды
KK-C02292,KK,train,NOT_RELEVANT,,Жарамсыз жолдардың жыры Ақтөбе тұтастай ел эконо­ми­касының өрге басуына өз үле­сін қосып келе жатқан өркенді өңір­лердің бірі. Облыста былтыр экономикалық өсім 5 пайызды құ­рауы
KK-D03478,KK,train,NOT_RELEVANT,,Мемлекеттік сыйлыққа ұсынылған жұмыстар қаралды Мемлекеттік хатшы Қырымбек Көшербаевтың төрағалығымен әл-Фараби атындағы ғылым мен техника саласындағы Қазақстан Республикасының Мемлекеттік сыйлығын беру
KK-D02475,KK,train,NOT_RELEVANT,,"Түркиядағы қазақстандық туристерге сақтық шараларын сақтауға кеңес берді ҚР ИДМ Туризм индустриясы департаменті Түркияда жүрген қазақстандық туристерге сақ болу, қонақ үйден ұзамау және адам көп жиналған орындарға бармау"
KK-C02244,KK,train,NOT_RELEVANT,,Қазақстанға эколог-заңгерлер қажет Экологиялық мәселелер халықтың әлеуметтік-экономикалық жағдайы мен денсаулығына кері әсер етуде. ҚР
KK-C01071,KK,train,NOT_RELEVANT,,Бақыт Сұлтанов елордамен шекаралас аумақтарды ұшақпен аралады Бүгін Нұр-Сұлтан қаласы Төтенше жағдайлар департаменті тасқынға қарсы жағдайды мониторингтен өткізу мақсатында қаланың шекералық аумағын айналып ұшу
KK-C00887,KK,train,NOT_RELEVANT,,Шығыста шектеу шаралары енгізілді Шығыс Қазақстан облысының халқы арасында COVID-19 коронавирус инфекциясының алдын алу үшін шектеу шаралары енгізілді.
KK-C00729,KK,train,NOT_RELEVANT,,"Халықаралық гольф федерациясы: 2020 жылғы әлем чемпионаты өтпейді Халықаралық гольф федерациясы (IGF) 2020 жылы әуесқой командалар арасында өтетін әлем чемпионатының өтпейтінін мәлімдеді, деп хабарлайды Olympic.kz."
KK-C00637,KK,train,NOT_RELEVANT,,"Елордада экологиялық өмір салты бойынша шеберлік-сабағы өтеді Эко-белсенділер қоқысты бөліп жинау, биопакеттер және басқа да «жасыл бастамаларға» қатысты мәселелерді талқылауға шақырады деп хабарлайды қала"
KK-D03302,KK,train,NOT_RELEVANT,,«Байқоңыр» кешені: жетінші үкіметаралық комиссия жұмысы не дейді Бүгін Қазақстан Республикасы Премьер-Министрінің орынбасары Роман Скляр мен Ресей Федерациясы Премьер-Министрінің орынбасары Юрий Борисовтың төрағалығымен
KK-D00938,KK,train,NOT_RELEVANT,,"Еріктілер мен полицияның қоғамдық көмекшілері Алматыдағы рейдтік іс-шараларға қатысты Еріктілер мен полицияның қоғамдық көмекшілері Алматыдағы рейдтік іс-шараларға қатысты, – деп хабарлайдыEgemen.kz"
KK-C02063,KK,train,NOT_RELEVANT,,"Мұғалімдерге оқушыларды тәрбиелегені үшін жеке айлық төленсін - Нартай Аралбайұлы Депутат Нартай Аралбайұлы мәжілісте балалар арасындағы әлімжеттік пен тұрмыстағы зорлық-зомыбылық мәселесін көтерді, деп хабарлайды Egemen.kz."
KK-D03619,KK,train,NOT_RELEVANT,,"Халықаралық архивистер форумы өтті Мәдениет және ақпарат министрлігі Архив, құжаттама және кітап ісі комитеті, Астана қаласының әкімдігінің ұйымдастыруымен Қазақстан Республикасының «Ұлттық"
KK-C00653,KK,train,NOT_RELEVANT,,"Халықаралық семинар-кеңес өтті Мәдениет және спорт министрлігі Тіл саясаты комитетінің тапсырысы бойынша Шайсұлтан Шаяхметов атындағы ""Тіл-Қазына"" ұлттық ғылыми-практикалық орталығы"
KK-D00180,KK,train,NOT_RELEVANT,,Шаралар ауқымы кең 11 қарашада Қазақстан Республикасы Президентінің көмекшісі – Қауіпсіздік Кеңесінің хатшысы М.Тәжин Ұжымдық қауіпсіздік Шарты ұйымының (ҰҚШҰ) Бас хатшысы
KK-C00750,KK,train,NOT_RELEVANT,,Байқоңыр: 33 әкімшілік іс қаралды ҚР ІІМ Байқоңыр қаласындағы өкілдігі қызметкерлері қауіпсіздік шараларын қамтамасыз ету мақсатында «Батыс Еуропа – Батыс Қытай» тасжолына екі тосқауыл
KK-C01997,KK,train,NOT_RELEVANT,,"Алматыдағы жер сілкінісі: Полицейлер мен өрт сөндірушілер аумақтарды аралап жүр Мегаполистегі жер сілкінісінен кейін полиция жасағы мен өрт сөндіру көліктері аумақтарды аралап жүр, деп хабарлайды Egemen.kz."
KK-A00321,KK,train,NOT_RELEVANT,,"""Балқаштық содырларды"" бас бостандығынан айыруды сұрады Қарағанды облыстық сотында бүгін терроризм айыбы тағылған бірнеше адамның ісі бойынша сотта жарыссөз өтіп жатыр. ""Балқаштық террористер"" деп аталып кеткен сотталушыларды арнайы қызмет радикалдық топқа жатқызады. Бұл іс бойынша сегіз адам - А.Бақытжан, Т.Кеңес, У.Ерлан, К.Нұрбол, У.Думан,..."
KK-D03608,KK,train,NOT_RELEVANT,,Қазақстан туралы жарнамалы бейнеролик Болгариядағы халықаралық фестивальде жүлдеге ие болды «Kazakh Tourism» ұлттық компаниясы түсірген «Біз қайда барамыз?» атымен белгілі бейнеролик Болгариядағы Велико-Тырново қаласында өткен XVI «On the East
KK-D00743,KK,train,NOT_RELEVANT,,"Өмірзақ Шөкеев Арыста бүлінген әлеуметтік нысандарды аралап шықты Түркістан облысының әкімі Өмірзақ Шөкеев Арыс қаласында жарылыстан бүлінген әлеуметтік нысандарды аралап шықты, деп хабарлайды ҚазАқпарат тілшісі."
KK-D03457,KK,train,NOT_RELEVANT,,"Түркістан облысында коронавирустың таралуы 45 пайызға төмендеген Түркістан облысында да, қауіпті инфекцияның таралуы 45 пайызға төмендеді. Мамандардың айтуынша, өткен аптада ковид жұқтырғандар саны 293 болса, осы"
KK-D01016,KK,train,NOT_RELEVANT,,"ХХ ғасырдың Гомері - Ж.Жабаевқа арналған халықаралық конференция өтті Ақын ескерткішіне гүл қойып, рухына тағзым ету рәсімінен басталған «ҰЛЫ ДАЛА АҚЫНЫ» атты халықаралық конференцияға ҚР Президенті Әкімшілігі Басшысының"
KK-D02071,KK,train,NOT_RELEVANT,,"Мағзұм Мырзағалиев: Экологиялық туризмді дамыту қажет Экология, геология және табиғи ресурстар министрі Мағзұм Мырзағалиев экологиялық туризмді дамыту жайында айтты, деп хабарлайды Egemen.kz."
KK-D02995,KK,train,NOT_RELEVANT,,"Америкада Ядролық сынақтарға қарсы халықаралық іс-қимыл күні атап өтілді Америкалық беделді бейбітшілік және ядролық қарусыздану жөніндегі ""Arms Control Association"" үкіметтік емес ұйымы ""Center for Policy Research"""
KK-C00576,KK,train,RELEVANT,DISASTER,"ШҚО-ның 13 учаскесінде сел жүруі мүмкін Шығыс Қазақстан облысы Төтенше жағдайлар департаментінің баспасөз қызметінің мәлімдеуінше, облыстың 13 учаскесінде сел жүру қаупі бар, деп"
KK-D01863,KK,train,NOT_RELEVANT,,"Мақтааралда өнеркәсіп өнімі өсіп келеді Мақтаарал ауданында өнеркәсіп өнімінің көлемі өткен жылы 3,2 млрд тең­гені құраса, биыл 12,5 млрд теңгеге жетті. Осылайша 8 ай­дың қо­ры­тындысымен өнім"
KK-D00067,KK,train,NOT_RELEVANT,,Бағдарлама жобасы қаралды Кеше Премьер-Министр Кә­рім Мәсімов мұнай-газ сала­лары бо­йынша инвестициялық жоба­лар­ды жүзеге асыру мәсе­лелері тал­­қы­лан­ған ведомство­аралық
KK-D02444,KK,train,NOT_RELEVANT,,"Заңнаманы жетілдіру қаралды Заңнаманы жетілдіру қаралды Жұма, 8 маусым 2012 7:54 Қуаныш Сұлтановтың төр­ағалы­ғымен Президент жа­нын­дағы Адам құқықтары жө­ніндегі комиссиясы"
KK-D01692,KK,train,NOT_RELEVANT,,Қазақстан – Ресей: Парламентаралық ынтымақтастық жалғасады Кеше Омбыда Қазақстан Республикасы Парламенті Сенаты мен Ресей Федерациясы Федералдық Жиналысы Федерация Кеңесі арасындағы Ынтымақтастық жөніндегі
KK-C02481,KK,train,NOT_RELEVANT,,Қорықты велосипедпен аралайды Қостанайлық әуесқой велоспортшылар Науырзым қорығына велосипедпен барып қайтуды жөн көріп отыр. Шараны ұйымдастырып жатқан «Қостанай велоқауымдастығы»
KK-D01628,KK,train,NOT_RELEVANT,,Астанада Бакудегі «Қаралы қаңтар» туралы фотокөрме ашылды Бүгін Қазақстан Республикасының Тұңғыш Президенті – Елбасы кітапханасының Музей ғимаратында Бакудегі 1990 жылғы 20 қаңтардағы қайғылы оқиғаларға арналған
KK-C01487,KK,train,NOT_RELEVANT,,"Шекаралық ауылдағы шарапатты шаруа Үшқатты – облыс орталығынан 350 шақырым, Әйтеке би ауданы орталығы Темірбек Жүргенов ауылынан 75 ша­қы­рым қашықтықта орналасқан, 400-ге жуық тұрғыны бар,"
KK-D03539,KK,train,NOT_RELEVANT,,"Қаралы үйді қарызға батыру - күнәһарлық Ажал айтып келмейді. Аяқ астынан көз жұмған жанның жақындары қайғы жұтып қана қоймай, ас беруде абдырап қалып жатады. Оған аруақ риза болсын дегеннен"
KK-C02410,KK,train,NOT_RELEVANT,,Өңірлердегі су тасқыны кезеңінің қауіпсіз өтуі үшін іс-шаралар жүргізілуде - Юрий Ильин Бүгін Орталық коммуникациялар қызметі алаңында Ішкі істер министрінің орынбасары Юрий Ильин елдегі су тасқыны кезеңінің өтуі жайында баяндады.
KK-C01674,KK,train,NOT_RELEVANT,,Қорғаныс министрлігі ТЖ режимі шеңберінде қосымша шаралар қабылдайды Аппарат кеңесі Қорғаныс министрлігінде өтті. Қорғаныс ведомствосының және Қарулы Күштер құрылымдық бөлімшелерінің басшылығы бейнебайланыс арқылы төтенше
KK-D02455,KK,train,NOT_RELEVANT,,"Іс-шаралар жоспары бекітілді Қасым-Жомарт Тоқаевтың төрағалық етуімен болған Сенат бюросының отырысында жоғарғы палатаның 2 наурызда болатын отырысының күн тәртібі талқыланды, деп"
KK-C00766,KK,train,NOT_RELEVANT,,Өңіраралық форумда таныстырылды Ресейдің Омбы қаласында болған ынтымақтастықтың XVI аймақаралық форумында Солтүстік Қазақстан облысында ашылған «Qyzyljar» арнайы экономикалық аймағы
KK-D00427,KK,train,NOT_RELEVANT,,Президент: Еліміздің халықаралық резервтері 90 миллиард долларға жетті Президент Қасым-Жомарт Тоқаев коронавирус пандемиясының жаһандық экономикаға әкелген теріс ықпалы жайында пікір білдірді.
KK-C00772,KK,train,NOT_RELEVANT,,"«Каспий» футбол клубы халықаралық жарыста жақсы нәтиже көрсетті Халықаралық жарысқа алғаш рет қатысқан 12 жастағы жасөспірімдер құрамасы Хорватия Республикасы, Сплит қаласында өткен турнирде үздік бестікке енген."
KK-C02362,KK,train,NOT_RELEVANT,,Көлеңкелі экономика деңгейін төмендету шаралары қарастырылды ҚР бірінші қаржы вице-министрі Берік Шолпанқұлов Үкіметтегі баспасөз конференциясында Қазақстандағы көлеңкелі экономика деңгейін төмендету шаралары туралы
KK-A00480,KK,train,RELEVANT,WATER_CRYO,Су тапшылығынан жоғарғы сағада тұратындар да зардап шегіп отыр Орталық Азиядағы ең ұзын екі өзеннің мәселелері жағалауда тұратын халықтың өміріне әсер етіп отыр.
KK-C02347,KK,train,NOT_RELEVANT,,Бердібек Сапарбаев: Ұлтаралық қарым-қатынас мәселесіне жіті назар аударылуда Жамбыл обылысының әкімі Орталық коммуникациялар қызметінде өткен баспасөз мәслихатында облыс басшысы Бердібек Сапарбаев өңірдегі ұлтаралық қарым-қатынас
KK-D02325,KK,train,NOT_RELEVANT,,Қандастарды қабылдау механизмі қайта қаралады Еңбек және халықты әлеуметтік қорғау министрі Тамара Дүйсенова ҚР Парламенті Мәжілісінде өткен үкімет сағатында депутаттарға Әлеуметтік кодекстің жобасын
KK-C01029,KK,train,NOT_RELEVANT,,"Бұқаралық іс-шаралар сайлаушыларды біріктіреді Сайлауалды үгіт-насихат жұмыстарының аясында жер-жерде түрлі форумдар, мәдени-спорттық іс-шаралар мен флешмобтар ұйымдастырылып жатыр. Олар кандидаттар"
KK-D02633,KK,train,NOT_RELEVANT,,Көлеңкелі экономикаға қарсы шаралар талқыланды ҚР ҚМ Мемлекеттік кірістер комитеті төрағасының орынбасары Жайдар Іңкәрбаев көлеңкелі экономикаға қарсы іс-қимыл жөніндегі іс-шаралар жоспары
KK-C01761,KK,train,NOT_RELEVANT,,"Паралимпиада-2020: Дзюдошы Теміржан Дәулет «алтын» үшін күреседі 73 келіге дейінгі салмақта дзюдодан Паралимпиада турнирінің екінші финалисті анықталды, деп хабарлайды Egemen.kz"
KK-C00905,KK,train,NOT_RELEVANT,,"Үшарал гарнизоны тексерілді Қорғаныс министрі Нұрлан Ермекбаев Үшарал гарнизонына жұмыс сапарымен барды, деп хабарлайды Egemen.kz"
KK-A00064,KK,train,NOT_RELEVANT,,Шредер Набукко жобасын қолдады Германияның бұрынғы канцлері Герхард Шредер Набукко газ құбырының салынуына қолдау білдірді. Бұл жоба Каспийден табиғи газды Еуропаға тасымалдауды көздейді. Астанада Еуразиялық энергетика форумында сөйлеген сөзінде Шредер Еуропа Набукко арқылы тасымалданатын қосымша газға мұқтаж деп атап...
KK-D02705,KK,train,NOT_RELEVANT,,"«Заң керуені» аудан аралап жүр Қызылорда облысының әкімі Н.Нәлібаев және өңірлік құқық қорғау органдарының басшылары аудандарды аралап, жергілікті халықпен кездесіп, әрбір тұрғынның"
KK-D00752,KK,train,NOT_RELEVANT,,Жамбыл облысында шектеу шаралары күшейеді Жамбыл облысында коронавирус індетін жұқтырғандар саны артуда. Осыған байланысты облыс әкімі Бердібек Сапарбаев коронавирустық инфекцияның таралуына қарсы…
KK-D00315,KK,train,NOT_RELEVANT,,"Еуразиялық экономикалық одақтың Кеден кодексі туралы заң жобасы қаралды Парламент Сенаты Экономикалық саясат, инновациялық даму және кәсіпкерлік комитетінің кеңейтілген отырысында «Еуразиялық экономикалық одақтың Кеден кодексі"
KK-C02036,KK,train,NOT_RELEVANT,,"Қостанайда оркестрлер мен ансамбльдердің тұңғыш халықаралық фестивалі өтіп жатыр «Түркі әлемі» фестивалі Қостанай облысы әкімдігі мен облыстық мәдениет басқармасының қолдауымен өтіп жатыр. Оған Алматыдан «Хассақ» ансамьблі,"
KK-D01997,KK,train,NOT_RELEVANT,,"Елордада джиу-джитсудан халықаралық турнир өтеді Астана қаласында 27-29 қаңтар аралығында джиу-джитсудан Халықаралық рейтингтік «Kazakhstan National Pro Jiu-Jitsu Championship – Gi» турнирі өтеді, деп"
KK-C00311,KK,train,NOT_RELEVANT,,"Экология вице-министрі мен «ӨКМ операторы» басшысы ұсталды Экология, геология және табиғи ресурстар вице-министрі Ахметжан Пірімқұлов пен «ӨКМ операторы» ЖШС басқарма төрағасы Медет Құмарғалиев ұсталды. Ақпаратты"
KK-C02025,KK,train,NOT_RELEVANT,,"Сағынтаев Алматыда шектеу шараларының енгізілгенін жариялады COVID-19 таралуын болдырмау үшін Алматыда 5 шілдеден бастап қатаң шектеу шараларын енгізіледі, - деп жазады Egemen.kz"
KK-A00448,KK,train,NOT_RELEVANT,,"Астана мен Таразда сегіз адам уланып ауруханаға түсті Астананың Сарыарқа ауданындағы, сондай-ақ Тараздағы жер үйлерде көмір жағатын пештің ақауының кесірінен сегіз адам, көмірқышқыл газынан уланып ауруханаға жатқызылды, оның төртеуі кішкене балалар, — деп хабарлайды ҚР Төтенше жағдайлар министрлігінің баспасөз қызметі."
KK-D01887,KK,train,NOT_RELEVANT,,Адам көп жиналатын мерекелік шараларға әлі де рұқсат жоқ Адам көп жиналатын кез келген мерекелік басқосуларға тыйым салынады. Бұл туралы Мемлекеттік бас санитарлық дәрігер Айжан Есмағамбетова Денсаулық сақтау
KK-D00074,KK,train,NOT_RELEVANT,,«Ангрен-Пап» аралығындағы Қамшық тоннелі іске қосылды Өзбекстанда Ташкент – Әндіжан арасында қатынайтын жолаушылар пойызы бірінші рет Ферғана жазығымен байланыстыратын «Ангрен – Пап» аралығындағы
KK-D01790,KK,train,NOT_RELEVANT,,Бастама халықаралық Түркі академиясында талқыланды Елбасы Н.Назарбаев Түркияның Бодрум қаласында 2014 жылғы 5 маусымда өткен Түркі кеңесінің ІV саммитінде түркі әлемінің ортақ ақпараттық кеңістігін
KK-C00486,KK,train,NOT_RELEVANT,,"Жетісай мен Мақтааралда 74 587 га егіс алқабы суарылды Су ресурстары және ирригация министрі Нұржан Нұржігітов Түркістан облысына жұмыс сапарымен барып, жергілікті диқандарды суармалы сумен қамтамасыз ету"
KK-D03473,KK,train,NOT_RELEVANT,,"Некесіз туған балалардың құқығы Парламентте қаралды Балалардың құқықтық мәртебесін мойындауға адамзат ғасырлар бойы ұмтылып келеді. Кәмелетке толған, әрекетке қабілетті адамдарға қатысты баланың абсолютті,"
KK-C01399,KK,train,NOT_RELEVANT,,Мақтааралдықтармен бір­геміз «Ауыл» партиясының «Біз – мақтааралдықтармен бір­геміз» атты қайырымдылық автокеруені Мақтаарал ауда­н­ын­дағы топан судан зардап шеккен ауылдарға аттанды.
KK-D03197,KK,train,NOT_RELEVANT,,Алишер Усманов мақтааралдықтарға 5 млн доллардан астам қаржы аударды Әлішер Усманов мақтааралдықтарға 5 млн АҚШ долларынан астам ақша аударды.
KK-D00814,KK,train,NOT_RELEVANT,,"СҚО-да адам саудасы бойынша мемлекетаралық іздеуде жүрген шетелдік ұсталды Апта бойы базарлар, құрылыс нысандары, фермерлік шаруашылықтар мен өзге де нысандар солтүстікқазақстандық полицейлердің ерекше назарында болды."
KK-C01602,KK,train,NOT_RELEVANT,,Қасым-Жомарт Тоқаев «Валдай» халықаралық пікірталас клубының отырысына қатысады Мемлекет басшысы Қасым-Жомарт Тоқаев Ресей Федерациясының Президенті Владимир Путиннің шақыруымен 3 қазанда Сочи қаласында өтетін «Валдай» халықаралық
KK-C01522,KK,train,NOT_RELEVANT,,Экологияға пайдалы шешім қажет Парламент Сенатының төрағасы Мәулен Әшімбаев бастауымен АЭС салуды қолдау жөніндегі Халық штабының мүшелері Абай облысына келді. Олар ауылшаруашылық
KK-C00776,KK,train,NOT_RELEVANT,,"Арал ауданының тұрғынынан тіркелмеген мылтық тәркіленді «Құқық тәртібі» жедел-алдын алу іс-шарасы барысында қызылордалық полицейлер Арал ауданы тұрғынының нөмірі өшірілген 16 калибрлі мылтығын тәркіледі, деп"
KK-C00256,KK,train,NOT_RELEVANT,,Өлімге әкелуі мүмкін: Қазақстанның 4 өңірінде аса қауіпті вирус таралып жатыр Қазақстанда Конго-Қырым геморрагиялық қызбасының (КҚГҚ) таралу қаупі әлі де сақталып отыр
KK-D01585,KK,train,NOT_RELEVANT,,"Мақтаарал ауданында жерді тиімді пайдалану мақсатында арнайы семинар-кеңес өтті Мақтаарал ауданында жер реформасын жергілікті тұрғындарға түсіндіру, ауыл шаруашылық және кәсіпкерлік үшін қолданылып жатқан жерлерді тиімді пайдалану"
KK-C01498,KK,train,NOT_RELEVANT,,Қасым-Жомарт Тоқаев «Bloomberg» халықаралық ақпарат агенттігіне сұхбат берді Бұл туралы ҚР Президентінің баспасөз хатшысы Берік Уәли Facebook-тегі парақшасында жазды.
KK-D01392,KK,train,NOT_RELEVANT,,"Экологиялық білімсіз табиғатты сақтау қиын Пандемия басталғалы бері еліміздің табиғатына түскен жүктеме бірнеше есеге артты. Өкінішке қарай, ішкі туризмнің әлеуеті көтерілгенімен, адамдардың"
KK-C01141,KK,train,NOT_RELEVANT,,Электронды сауда нарығы банкаралық комиссияны төмендетуді қажет етеді Карантин аяқталғаннан кейін шағын және орта бизнесті жылдам қалыпқа келтіру мақсатында электронды сауда саласының өкілдері банкаралық комиссияны
KK-00726,KK,train,NOT_RELEVANT,,Ғұсман Қырғызбаев Гран-при турнирінің күміс жүлдегері атанды Дзюдошы Ғұсман Қырғызбаев Қытайдың Циндао қаласында өткен Гран-при турнирінің финалында бақ сынады. Ол 66 келіге дейінгі салмақ дәрежесінде төрт дүркін әлем…
KK-00360,KK,train,NOT_RELEVANT,,Президент Чехия Премьер-министрін І дәрежелі «Достық» орденімен марапаттады Қасым-Жомарт Тоқаев Андрей Бабишке бұл мемлекеттік награда Чехия мен Қазақстан арасындағы стратегиялық серіктестікті нығайтуға қосқан елеулі үлесі үшін…
KK-00351,KK,train,NOT_RELEVANT,,"Нью-Йорктегі зауыттағы жарылыстан 16 адам зардап шекті Нью-Йорктегі Статен-Айленд аралындағы кеме жөндеу зауытында болған жарылыс пен өрт салдарынан 16 адам зардап шекті, деп хабарлады Egemen.kz."
KK-01334,KK,train,NOT_RELEVANT,,Филиппинде жойқын жер сілкінісі болды Филиппинде жойқын жер сілкінісі болды
KK-00081,KK,train,NOT_RELEVANT,,АҚШ-та қанды қылмыскер өлім жазасынан құтылып кетті АҚШ-тың Теннесси штатында өлім жазасына кесілген сотталушыны жазалау әрекеті сәтсіз аяқталғаны туралы CNN телеарнасы
KK-00479,KK,train,RELEVANT,SCIENCE_GEN,RES 2026 халықаралық саммиті: Әуезов университеті ғалымдарының экологиялық жобалары таныстырылды Астанада бірқатар ел басшыларының қатысуымен өткен Өңірлік экологиялық RES 2026 саммиті аясында жасыл технологиялар
KK-00102,KK,train,NOT_RELEVANT,,"Алматы зообағында қонжықтарға ат қою науқаны басталды Алматы зообағында Тянь-Шань қоңыр аюларының отбасында екі қонжық өмірге келді,"
KK-01101,KK,train,NOT_RELEVANT,,"Брайль қарпі, сурдоаударма және еріктілер: Дауыс беру учаскелерінде барлық жағдай жасалған Атырау облысының Аумақтық референдум комиссиясының төрағасы Әсия Қыстаубаева өңірдегі дауыс беру барысы туралы баяндады. Оның айтуынша, референдумды"
KK-01108,KK,train,NOT_RELEVANT,,"Мемлекет басшысы ҰҚШҰ Бас хатшысы Таалатбек Масадыковты қабылдады Таалатбек Масадыков Қасым-Жомарт Тоқаевқа ҰҚШҰ Бас хатшысы лауазымындағы жоспарын таныстырды, деп жазады Egemen.kz Ақорданың баспасөз қызметіне сілтеме жасап."
KK-01132,KK,train,NOT_RELEVANT,,Жеті театрды жігерлендірген би Биылғы Наурыз мейрамында Алматы театрлары «Қара жорға» биінің ырға­ғы­мен тоғысты. Алматының беткеұстар театрлары көктемнің кел­генін әй­гі­л­ейтін мереке
KK-00207,KK,train,NOT_RELEVANT,,"Ұландықтар «Привет, Андрей!» бағдарламасында өнер көрсетті Ұлттық ұланның Ән-би ансамблінің Ерлер хоры Мәскеу қаласында танымал тележүргізуші Андрей Малахов жүргізетін «Россия-1» телеарнасындағы кешкі музыкалық"
KK-00638,KK,train,NOT_RELEVANT,,"Алдағы үш күнде ауа райы қандай болады? Қазақстан аумағының басым бөлігінде атмосфералық фронтальды бөлімдердің өтуіне байланысты ауа райының тұрақсыз сипаты сақталады, жаңбыр жауып, найзағай…"
KK-01427,KK,train,NOT_RELEVANT,,"Оралда әкесінің көлігін айдап кеткен жасөспірім жол апатына ұшырады Орал қаласының тұрғыны полицияға JAC маркалы көлігінің ұрланғаны туралы айтып, арызданған. Көлік Зачаганск кентінде тұрған, деп хабарлайды Egemen.kz."
KK-00574,KK,train,NOT_RELEVANT,,"Бурабайда шанаға отырып ағашқа соғылған қыз қайтыс болды 14 ақпанда Бурабай кентінде шанамен ағашқа соғылған жас қыз комаға түсіп, бүгін, 23 ақпанда жансақтау бөлімінде көз жұмды, деп хабарлайды Egemen.kz."
KK-01211,KK,train,NOT_RELEVANT,,"Қазақстан Қытай қор нарығына алғаш рет тәуелсіз панда-облигацияларын шығарды 2026 жылғы 26 мамырда Қазақстан Республикасы Қытай қор нарығында юаньмен номинацияланған панда-облигациялардың алғашқы шығарылымын сәтті жүзеге асырды, деп…"
KK-00998,KK,train,NOT_RELEVANT,,Биылдан бастап елімізде жүк тасымалдайтын ұшақтар ұша бастайды Үкімет отырысында Премьер-министр Олжас Бектенов Мемлекет басшысы қойған міндеттер аясында елімізде жүк тасымалдайтын отандық әуе компаниясын құру жөніндегі…
KK-00617,KK,train,NOT_RELEVANT,,"«Ауыл» партиясы жаңа Конституцияны «Нағыз халықтық» деп бағалады Бүгін, «Ауыл» партиясы Саяси кеңесінің Президиумы жаңа Конституция бойынша өткен жалпыхалықтық референдум қорытындысын қолдау туралы арнайы мәлімдеме"
KK-00347,KK,train,NOT_RELEVANT,,Астанада мереке күндері қай көшелер жабық болады? Астанада А.Байтұрсынов пен Қ.Аманжолов көшелерінің қиылысында көлік қозғалысы уақытша шектеледі
KK-00919,KK,train,NOT_RELEVANT,,"Оралу одиссеясы Шарханды баяғыдан білемін дей алмаймын. Бірақ оны баяғыдан жақсы көремін дей аламын. Солай бола ма өзі? Олай болуы қиын. Қиын, бірақ мүмкін."
KK-01213,KK,train,NOT_RELEVANT,,"Кәдір биден жеткен кәделер Жақында Ұлытау облысының тарихи-археологиялық музейі «Төрт босаға» атауымен танымал, ел бірлігі мен татулығын ту еткен тұлғаның бірі – Кәдір биге қатысты құнды…"
KK-00552,KK,train,NOT_RELEVANT,,"Жетісу облысында әкесін ұрып-соққан екі жігіт ұсталды Жетісу облысы Ақсу ауданының 62 жастағы тұрғыны Бақытбек балаларының өзін жүйелі түрде қорлап келе жатқанын айтып, қоғам белсендісі Данияр Бейісқалиге"
KK-00678,KK,train,NOT_RELEVANT,,"Қытайда жарылыс болды: 7 адам көз жұмды, 17 адам зардап шекті Қытайдың Гуанси-Чжуан автономиялық ауданында болған жарылыстан 7 адам қаза тауып, 17 адам жараланды, деп хабарлайды Egemen.kz."
KK-01339,KK,train,NOT_RELEVANT,,Робототехника додасы: Қазақстан оқушылары екі бірдей басты марапатқа ие болды UK First Lego League Championship халықаралық робототехника чемпионатында Қазақстан намысын қорғаған елордалық
KK-01263,KK,train,NOT_RELEVANT,,Қазақстан Horizon Europe ғылыми бағдарламасына қосылуды жоспарлап отыр Қазақстан ғылым мен инновация саласындағы Еуропалық одақтың ең ірі бағдарламаларының бірі Horizon Europe бағдарламасына қауымдастырылған ел мәртебесімен…
KK-00625,KK,train,NOT_RELEVANT,,Қазақстанға шетелден көлік алып келу және оларды рәсімдеу тоқтатылды Қазақстанда шетелден әкелінген жеңіл автокөліктерді кедендік рәсімдеуде қиындықтар туындады. Бұл мәселе 30 маусым күні кешкі сағат 19:00 шамасында…
KK-00665,KK,train,NOT_RELEVANT,,"15 наурызда доллар мен теңге қаншадан саудаланып жатыр? Астана мен Алматы ақша айырбастау орындарында шетелдік валюта бағамы ұсынылды, деп хабарлайды Egemen.kz."
KK-00514,KK,train,NOT_RELEVANT,,Елімізде «Аңсаған сәби» бағдарламасының арқасында 11 мыңнан астам бала дүниеге келді Қазақстанда Мемлекет басшысының тапсырмасы бойынша бастамашылық етілген отбасыларды қолдауға арналған ауқымды мемлекеттік «Аңсаған сәби» бағдарламасын
KK-00845,KK,train,NOT_RELEVANT,,Атыраудағы отбасының өлімі: Атышулы іске қатысты сот отырысы басталды Атырау облысының Жангелдин ауылында болған бір отбасының төрт мүшесінің қазасына қатысты резонансты қылмыстық іс бойынша сот отырысы басталды.
KK-00720,KK,train,NOT_RELEVANT,,"Жамбыл облысында жүк көлігі аударылып, өрт шықты Оқиға Жуалы ауданындағы Алматы - Ташкент автожолының 560-шақырымында, Нұрлыкент ауылының маңында болған, деп хабарлайды Egemen.kz"
KK-00758,KK,train,NOT_RELEVANT,,"Президент: Биыл шалғай елді мекендерді ауыз сумен қамтамасыз етуге мүмкіндік беретін 12 ірі жоба іске қосылады Былтыр Қазақстанда 20 миллион шаршы метрден астам тұрғын үй салынды. Бұл туралы Мемлекет басшысы Парламент палаталарының бірлескен отырысында айтты, деп…"
KK-00383,KK,train,NOT_RELEVANT,,Алматыдағыдан 3 есе қуатты: Бағдат Мусин Қазақстанның жаңа суперкомпьютері туралы айтты Қазақстанда деректерді өңдеу инфрақұрылымын дамыту және жаңа буын есептеу қуаттарын енгізу жұмыстары жалғасып жатыр
KK-00535,KK,train,NOT_RELEVANT,,"Қазақстан құрамасы Армениямен жолдастық кездесу өткізеді 6 маусым күні футболдан Қазақстан ұлттық құрамасы Ереван қаласында Армения құрамасына қарсы жолдастық кездесу өткізеді, деп хабарлайды Egemen.kz"
KK-00216,KK,train,NOT_RELEVANT,,Qazaqstan Barysy Grand Slam турнирін Қазақстан құрамасы 8 жүлдемен аяқтады 8-10 мамырда Астана қаласында төртінші рет ұйымдастырылған Qazaqstan Barysy Grand Slam додасы өз мәресіне жетті
KK-00784,KK,train,NOT_RELEVANT,,Сән әлеміндегі соны бастама Сән индустриясында жасанды интеллектінің игілігін көріп отырған жобалар баршылық. Солардың бірі – кәсіпкер Мөлдір Алмасбек негізін қалаған «SoulSis»…
KK-00055,KK,train,NOT_RELEVANT,,"Киелі аспапты жанына серік еткен «Қобыз әже» Қобыз – қазақ халқының рухани әлемін тереңнен толғайтын, сыры тылсым, үні мұңға толы өзгеше аспап. Бұдан 4 000 жыл"
KK-00054,KK,train,NOT_RELEVANT,,Экология – өндіріс үдерісінің ажырамас бөлігі Дүниежүзілік қоршаған ортаны қорғау күніне орай Астанада «Интергаз Орталық Азия» АҚ-ның ұйымдастыруымен экологиялық форум өтті. Жиынға «QazaqGaz» ұлттық…
KK-01117,KK,train,NOT_RELEVANT,,Иран Нетаньяхудың кеңсесіне соққы жасады Таяу Шығыстағы жағдай барған сайын шиеленісіп барады. Иран тарапы Израиль Премьер-министрі Беньямин Нетаньяхудың кеңсесіне соққы жасалғанын мәлімдеді.
KK-00353,KK,train,NOT_RELEVANT,,Әл-Фараби даңғылындағы апат: Айыпталушы көлікте ақау болғанын айтты Алматы қаласындағы Әл-Фараби даңғылында болған жол-көлік апаты бойынша сот процесі жалғасып жатыр. Сотта айыпталушы Александр Пак алғаш рет апатқа қатысты…
KK-01042,KK,train,NOT_RELEVANT,,"Мемлекет басшысы VEON компаниялар тобының бас атқарушы директорын қабылдады Мемлекет басшысы Қасым-Жомарт Тоқаев VEON компаниялар тобының бас атқарушы директоры Мухтерем Каан Терзиоглуды қабылдады, деп хабарлайды Egemen.kz."
KK-00086,KK,train,NOT_RELEVANT,,Әскери дипломаттар Қытайда қаза тапқан жауынгерлердің рухына тағзым етті Қытай Халық Республикасының Хэбэй өлкесіндегі Чжанцзякоу қаласына қарасты Чжанбэй уезінде Ұлы Отан соғысындағы жеңістің 81 жылдығына орай кеңес және моңғол…
KK-00733,KK,train,NOT_RELEVANT,,"Білім берудегі әділетсіздікке тосқауыл: Депутат емтихандарды цифрлық форматқа көшіруді талап етті Мәжіліс депутаты Әбутәліп Мүтәлі Үкіметке жолдаған сауалында жоғары және орта білім беру жүйесіндегі өзекті мәселелерді көтеріп, білім сапасын бақылауды"
KK-00994,KK,train,NOT_RELEVANT,,"Бүгін 1 доллар қанша теңгеден саудаланып жатыр? Астана, Алматы қалаларындағы ақша айырбастау орындарында бүгін доллар, еуро, рубль, юань қанша теңгеден саудаланатыны белгілі болды, деп хабарлайды Egemen.kz."
KK-01197,KK,train,NOT_RELEVANT,,"Тоқаев Түркия Президентін «Қожа Ахмет Ясауи» орденімен марапаттады Мемлекет басшысы Түркия Президенті Режеп Тайип Ердоғанды Қазақстанға мемлекеттік сапары аясында «Қожа Ахмет Ясауи» орденімен марапаттады, деп…"
KK-00757,KK,train,NOT_RELEVANT,,Алматыда оқушы қыз мектепке балта алып келген Алматы қаласының полиция департаменті мектептердің бірінде болуы мүмкін қайғылы жағдайдың алдын алғанын хабарлады.
KK-00389,KK,train,NOT_RELEVANT,,"Алматы – Қорғас тасжолында жеңіл көліктерге зақым келді Алматы – Шелек – Қорғас тасжолында жүк көліктері бетон жабындысын бүлдіріп, салдарынан жеңіл көліктерге зақым келтірілді. Зардап шеккен көлік иелеріне…"
KK-00874,KK,train,NOT_RELEVANT,,"Монтессори ғылыми зерттеу зертханасы ашылады Осы күні Монтессори орталықтары мен балабақшалары қаптап кетті. Бекер емес. Көптің көңіліне қонымды, нәтижесі нанымды көрінеді. Атақты италиян педагогінің…"
KK-01370,KK,train,NOT_RELEVANT,,"Қазақстан мен Моңғолия президенттері шағын құрамда келіссөз жүргізді Ақордада Моңғолия Президенті Ухнаагийн Хурэлсухты салтанатты қарсы алу рәсімі өтті, деп хабарлайды Egemen.kz."
KK-01171,KK,train,NOT_RELEVANT,,"Қырғызстанда жынысын ауыстырған азаматтардың құжаттары өзгертілмейді Қырғызстанда құжаттардағы жынысты өзгертуге, сондай-ақ жынысты ауыстыру операциялары мен гормондық терапияға тыйым салу ұсынылып отыр, деп хабарлайды Egemen.kz"
KK-00718,KK,train,NOT_RELEVANT,,Экономиканың өсу қарқынын оң бағалады Премьер-министр Олжас Бектенов лауазымдық міндеттерін атқаруға биылғы ақпан айында кіріскен Халықаралық валюта қорының Қазақстан бойынша миссиясының басшысы…
KK-00439,KK,train,NOT_RELEVANT,,Әзербайжан Иранға гуманитарлық көмек жіберді 8-наурыз күні Әзербайжан президенті Ильхам Әлиев пен Иран Ислам Республикасының президенті телефон арқылы сөйлескен
KK-00269,KK,train,NOT_RELEVANT,,"Ертең елімізде тұман түсіп, жаңбыр жауады «Қазгидромет» Қазақстан аумағы бойынша 2026 жылғы 29 наурызға арналған жалпы ауа райы болжамын жариялады, деп хабарлайды Egemen.kz."
KK-00185,KK,train,NOT_RELEVANT,,"Атырауда екі автобус соқтығысып, алты адам жарақат алды Атырау қаласында екі жолаушылар автобусы соқтығысты. Оқиға салдарынан алты адам зардап шекті, деп хабарлайды Egemen.kz."
KK-00572,KK,train,NOT_RELEVANT,,«Бес бойдақтың тойы»: жаңаша көзқарас Махамбет атындағы Атырау облыстық қазақ драма театры жақында Тынымбай Нұрмағамбетовтің «Бес бойдаққа бір той» комедиясын сахналады. Қойылымды тамашалағанда…
KK-01378,KK,train,NOT_RELEVANT,,Ақтөбеде лицензиясы жоқ ломбард 93 миллион теңге табыс тапқан Ақтөбеде заңсыз кәсіпкер лицензиялық ломбардпен 93 миллион табыс тапқан. Бұл туралы ақпаратты Қаржылық мониторинг агенттігі Ақтөбе облысы департаменті…
KK-01356,KK,train,NOT_RELEVANT,,Енді көлік нөмірін туыстарға беруге болады: Жаңа түзетулер күшіне енді Ішкі істер министрлігінің көлікті тіркеу қағидаларына енгізген өзгерістері күшіне енді. Енді бұрын қолданылған мемлекеттік тіркеу
KK-01130,KK,train,NOT_RELEVANT,,"Әлемдік нарықта мұнай бағасы тағы қымбаттады АҚШ пен Иран арасындағы келіссөздердің тығырыққа тірелуі әлемдік мұнай нарығындағы алаңдаушылықты күшейтіп, мұнай бағасының тағы да өсуіне әсер етті, деп…"
KK-00571,KK,train,NOT_RELEVANT,,Жастар арасындағы Азия біріншілігінде балуандарымыз тағы алты медаль еншіледі Вьетнамның Дананг қаласында жастар арасындағы күрес түрлерінен Азия чемпионаты жалғасып жатыр. Жарыстың екінші күнінде Қазақстан құрамасы тағы алты медаль…
KK-00770,KK,train,NOT_RELEVANT,,Мемлекет басшысы: «Айбынның» басты миссиясы – интеллектуалды әскери элитаны қалыптастыру Мемлекет басшысы Қасым-Жомарт Тоқаев «Айбын» XII халықаралық әскери-патриоттық жастар жиынында сөйлеген сөзінде елімізде құрылған «Жас сарбаз» қозғалысының жас…
KK-01419,KK,train,NOT_RELEVANT,,"Қазақстанда есірткі бизнесімен айналысқан 76 шетел азаматы ұсталды Биылғы төрт айдың ішінде есірткі қылмыстары үшін 76 шетел азаматы ұсталған, олардың ішінде 23-і есірткі сатқаны үшін"
KK-00334,KK,train,NOT_RELEVANT,,Екі көлікпен соқтығысқан: Алматыда автобус жүргізушісі жол үстінде қайтыс болды Алматы қаласында автобус басқарып келе жатқан жүргізуші қайтыс болды. Қайғылы оқиға Жетісу ауданында болған. Бұл ақпаратты қалалық полиция департаменті ресми…
KK-01191,KK,train,NOT_RELEVANT,,"Бразилия құрамасы ойынның соңғы минутында Жапониядан жеңісті жұлып әкетті Әлем чемпионатының 1/16 финалындағы кездесуде Бразилия мен Жапония құрамасы арасындағы ойында 2:1 есебімен Бразилия командасы жеңіске жетті, деп…"
KK-01295,KK,train,NOT_RELEVANT,,"Ұшқышсыз ұшу аппараттары құтқарушылардың жұмысын қалай жеңілдетті? Төтенше жағдайлар министрлігі өз қызметіне заманауи технологияларды кең ауқымда енгізуді жалғастырып, ұшқышсыз ұшу аппараттарын белсенді түрде қолданып"
KK-01368,KK,train,NOT_RELEVANT,,Чжао Лэцзи І дәрежелі «Достық» орденімен марапатталды Қасым-Жомарт Тоқаев Қазақстан мен Қытай арасындағы екіжақты стратегиялық серіктестікті тереңдетуге үлес қосқаны үшін Чжао Лэцзиді І дәрежелі «Достық» орденімен…
KK-00969,KK,train,NOT_RELEVANT,,«Таза Қазақстан»: Орманшылар оқушылармен бірге ағаш екті Бүгінде еліміздің түкпір-түкпірінде «Таза Қазақстан» экологиялық акциясы аясында тазалық іс-шаралары қарқынды жүріп жатыр. Елдегі экологиялық жағдайды
KK-00165,KK,train,NOT_RELEVANT,,Таразда құтқарушылар өрт кезінде 7 адамды эвакуациялады Жамбыл облысының Тараз қаласында бес қабатты тұрғын үйдің кіреберісінде 4 және 5-қабаттардың арасында орналасқан қойма бөлмесінде 4 шаршы метр аумақта жиһаз…
KK-00508,KK,train,NOT_RELEVANT,,"Үндістанда әскери ұшақ апатқа ұшырап, 5 адам қаза тапты Үндістанның әскери-әуе күштеріне тиесілі Ан-32 әскери-көлік ұшағы елдің солтүстік-шығысындағы Ассам штатының Джорхат авиабазасына қону кезінде апатқа ұшырады…"
KK-00950,KK,train,NOT_RELEVANT,,"Мемлекет басшысы Қасым-Жомарт Тоқаев Нұрсұлтан Назарбаевты туған күнімен құттықтады Мемлекет басшысы құттықтауында Тұңғыш Президенттің заманауи қазақ мемлекеттілігінің негізін қалау, Қазақстан Республикасын құру, еліміздің экономикалық…"
KK-01323,KK,train,NOT_RELEVANT,,"Қарағандыда көлік студент қызды қағып кетті: Бойжеткен оқиға орнында көз жұмды Қарағанды қаласында жол-көлік оқиғасы болып, Бөкетов атындағы университеттің студенті қаза тапты, деп хабарлайды Egemen.kz."
KK-01461,KK,train,NOT_RELEVANT,,"Маңғыстау облысында 100-ден астам жылқы қырылып қалды Маңғыстау облысында қатты жел мен нөсер жаңбыр салдарынан 100-ден астам жылқы қырылды, деп хабарлайды Egemen.kz."
KK-01158,KK,train,NOT_RELEVANT,,«Digital Qazaqstan» жалпыұлттық стратегиясы қабылданды Мемлекет басшысы 2029 жылға дейінгі «Digital Qazaqstan» ауқымды цифрландыру және жасанды интеллект технологияларын енгізудің жалпыұлттық стратегиясын бекіту…
KK-01279,KK,train,NOT_RELEVANT,,Зейнетақы шегінің өсуі тұрғын үй бағасына қалай әсер етеді? Ел тұрғындары өздерінің зейнетақы жинақтарын тұрғын үйге 2021 жылдан бастап белсенді түрде пайдалана бастағаны мәлім.
KK-00051,KK,train,NOT_RELEVANT,,Парапланды тізгіндеген Көк жүзінен ағараңдаған параплан ағындатқан күйі Шешек асуындағы жазыққа қонды. Әскери ардагер ұшқыш Николай Петинцев референдум учаскесіне дауыс беруге
KK-01322,KK,train,NOT_RELEVANT,,"Қостанай облысында қоныс аударушылар баспана алу кезінде алаяқтық жасаған Қарабалық ауданының прокуратурасы қоныс аударушыларға тұрғын үй сатып алу үшін берілетін мемлекеттік көмекті заңсыз пайдалану фактілерін анықтады, деп…"
KK-00807,KK,train,NOT_RELEVANT,,"Автобуспен 1,5 сағат: LRT арқылы әуежайдан вокзалға дейін қанша уақытта жетуге болады? Астанадағы ең көп талқыланған әрі көптен күткен жеңіл рельсті көліктің (LRT) қозғалыс схемасы қаланың электронды карталарына енгізілді. Енді елорда тұрғындары…"
KK-00881,KK,train,NOT_RELEVANT,,Блогер Ерболат Жанабылов пен жұбайына қатысты сот үкімі шықты Астана қаласының қылмыстық істер жөніндегі ауданаралық соты танымал блогерлер Ерболат Жанабылов пен Эльмира Төлегеноваға қатысты үкім кесті. Ерлі-зайыптылар…
KK-01097,KK,train,NOT_RELEVANT,,Мәулен Әшімбаев: Референдум – «Халық үніне құлақ асатын мемлекет» тұжырымдамасының жарқын көрінісі Парламент Сенатының Төрағасы Мәулен Әшімбаев жаңа Конституцияға байланысты республикалық референдумда дауыс берді. Палата Спикері өз таңдауын Ұлттық
KK-00014,KK,train,NOT_RELEVANT,,"Жасанды интеллект: мифтен механикаға дейін Адам баласында арман таусылған ба? Қиялына қанат бітіріп, талаптың тұлпарын мінгізетін осы құдіреттің арқасында өркениет өрге басты. Күнделікті өмірімізге"
KK-00529,KK,train,NOT_RELEVANT,,"Алматыда әйелдердің көшбасшылық әлеуетін дамытуға арналған тренинг басталды Алматыда әйелдердің көшбасшылық әлеуетін дамытып, еліміздің саяси өміріне қатысуын арттыруға бағытталған үш күндік тренинг өз жұмысын бастады, деп хабарлайды…"
KK-00193,KK,train,NOT_RELEVANT,,29 мамыр – Бітімгер күні: Қазақстанның 900-ден астам әскери қызметшісі БҰҰ миссияларына қатысты Бүгін елімізде алғаш рет ресми түрде Бітімгер күні аталып өтіп отыр. Кәсіби мереке БҰҰ-ның Халықаралық бітімгерлер күнімен
KK-00023,KK,train,NOT_RELEVANT,,Астанадағы көпқабатты үйдегі өрт: Зардап шеккен әйелдің жағдайы қалай? 12 сәуірге қараған түні Астанадағы Есіл ауданы Түркістан көшесінде орналасқан 21 қабатты тұрғын үйдің 15-қабатындағы пәтерде өрт шыққан. Тілсіз жау
KK-00652,KK,train,NOT_RELEVANT,,"Әділ қоғам жауапкершіліктен басталады Сыбайлас жемқорлық – қоғамның мемлекетке деген сенімін әлсіретіп, кез келген жүйенің дамуына тұсау болатын залалды әлеуметтік құбылыс. Оған қарсы күрес"
KK-00555,KK,train,NOT_RELEVANT,,"«Тобыл» Суперкубок иегері атанды 28 ақпанда «Астана Арена» стадионында футболдан маусымашар дода Қазақстан Суперкубогының финалдық кездесуі өтті, деп хабарлайды Egemen.kz."
KK-01371,KK,train,NOT_RELEVANT,,"«SARAP» отырысында жаңа Конституция жобасындағы әлеуметтік кепілдіктер мәселесі талқыланды Бүгін, 2026 жылғы 4 наурызда, Астанада «Конституция қоғамдық келісім ретінде: әлеуметтік кепілдіктер теңгерімі мен азаматтардың талап-тілегі» атты «SARAP»"
KK-01372,KK,train,NOT_RELEVANT,,Инабаттың игілікті ізденісі Сабағын үздік оқуымен бірге ғылымға бет бұрған оқушылар аз емес. Сондай талапты оқушының қатарында атыраулық Инабат Шабахова да бар.
KK-00898,KK,train,NOT_RELEVANT,,"Бостандық жолы бұралаң... Пенде баласы жаралғалы бері қой үстіне бозторғай жұмыртқалаған заманды аңсап, әділетті қоғам құруды армандап келеді. Содан да болар, әлем әркез еркіндік…"
KK-01448,KK,train,NOT_RELEVANT,,"Алматыда Мемлекет басшысының атынан отандық БАҚ қызметкерлері марапатталды Бұқаралық ақпарат құралдары қызметкерлері күні қарсаңында Алматы қаласында медиа саласы өкілдерін марапаттау рәсімі өтті, деп хабарлайды Egemen.kz"
KK-00656,KK,train,NOT_RELEVANT,,"Қазақстан Ауғанстанның астанасынан сауда үйін ашты ҚР Премьер-Министрінің орынбасары, Ұлттық экономика министрі Серік Жұманғарин бастаған қазақстандық делегацияның бизнес-миссиясы аясында Казақстанның Кабул…"
KK-00775,KK,train,NOT_RELEVANT,,Астанада мереке күндері CTS Орталық кассасы жұмыс істемейді «City Transportation Systems» алдағы мереке күндеріне байланысты Орталық кассаның жұмыс кестесінде өзгерістер болатынын хабарлады
KK-00591,KK,train,NOT_RELEVANT,,Ақжарда спорт кешені ашылды Тарбағатай ауданының орталығы Ақжар ауылында «Ауыл – ел бесігі!» мемлекеттік бағдарламасы аясында салынған дене шынықтыру-сауықтыру кешенінің ашылуы ауыл…
KK-01254,KK,train,NOT_RELEVANT,,"Мемлекет басшысы Режеп Тайип Ердоғанмен телефон арқылы сөйлесті Ең алдымен Қазақстан және Түркия президенттері Ораза айт пен Наурыз мерекелеріне орай бір-біріне ізгі тілектерін жеткізді, деп хабарлайды Egemen.kz."
KK-00695,KK,train,NOT_RELEVANT,,"Қазақстанның медиа саласының дамуы: институционалдық жаңғыру және ақпараттық кеңістікті нығайту Қазақстанда медиа саласын жаңғырту жұмыстары жүйелі түрде жалғасуда. Цифрлық инфрақұрылым дамып, заңнамалық база жетілдіріліп, отандық БАҚ-тың халықаралық…"
KK-00495,KK,train,NOT_RELEVANT,,Ламин Ямаль «Алтын доп» иегері атануы мүмкін бе? Жаңартылған рейтинг жарияланды Футбол әлемінде ең беделді жеке жүлде Алтын допқа үміткерлер рейтингінде жаңа көшбасшы анықталды
KK-00189,KK,train,NOT_RELEVANT,,"Арынғазы ханның ұрпақтары Ақтау қаласының тұрғыны, зейнеткер дәрігер Әзірбай Жүрсінбайұлы Ораз Ақтөбе облыстық тарихи-өлкетану музейіне 1816­–1821 жылдары Кіші жүз ханы болған Арынғазы…"
KK-00317,KK,train,NOT_RELEVANT,,Еуропалық нарыққа бағыт алған кәсіпорын «Қазақстандық металл құрылымдар зауыты» ЖШС агроөнеркәсіп пен мұнай-газ салалары­на арналған жоғары тех­нологиялық жабдық­тар өндіреді. Зауыт – республика
KK-00044,KK,train,NOT_RELEVANT,,"Айқын, Айдын, Арсен: Түркістанда үшем дүниеге келді Түркістан қаласында бір отбасының шаңырағын шаттыққа бөлеген ерекше оқиға тіркелді, деп хабарлайды Egemen.kz."
KK-01484,KK,train,NOT_RELEVANT,,"Мемлекет басшысы Вьетнам Президенті То Ламға құттықтау жеделхатын жолдады Қасым-Жомарт Тоқаев Вьетнам Коммунистік партиясы Орталық комитетінің Бас хатшысы То Ламды Президент болып сайлануымен құттықтады, деп"
KK-00561,KK,train,NOT_RELEVANT,,Бокстан Азия чемпионатында ел намысын кімдер қорғайды? 30 наурыз-10 сәуір аралығында Моңғолия астанасы Ұланбатырда World Boxing ұйымының ұйымдастыруымен ересектер арасындағы алғашқы Азия чемпионаты өтеді
KK-01416,KK,train,NOT_RELEVANT,,"Кемелер кептелісі немесе Ормуз бұғазындағы дүрбелең Иран ондаған жыл бойы Ормуз бұғазын еларалық түйткілдерді шешудің басты құралына айналдырып отыр. Бұғазды біресе ашып, біресе жауып, әлемдік мұнай нарығын"
KK-01462,KK,train,NOT_RELEVANT,,Президент: Қазақстан технологияны нетто-экспорттаушы мәртебесін дәлелдеді Астанада Президент Қасым-Жомарт Тоқаевтың төрағалығымен Жоғары Еуразиялық экономикалық кеңестің кеңейтілген құрамдағы кезекті отырысы өтті. Жоғары кеңестің…
KK-00396,KK,train,NOT_RELEVANT,,Жалпыұлттық коалиция: Жаңа Конституция Қазақстанның әділетті әрі орнықты дамуының негізіне айналады «Әділетті және Прогрессивті Қазақстанның Халықтық Конституциясы үшін!» жалпыұлттық коалициясының мүшелері Қостанай облысының тұрғындарымен жаңа
KK-01405,KK,train,NOT_RELEVANT,,Алматы облысында алып ірімшік зауыты салынады Ауыл шаруашылығы министрі Айдарбек Сапаров пен ирандық азық-түлік холдингінің президенті Голам Али Сулеймани сүтті терең өңдеу саласындағы ірі жобаны іске…
KK-00461,KK,train,NOT_RELEVANT,,"Ұлттық домбыра күні: ШҚО құтқарушылары ерекше челленджке қатысты Ұлттық домбыра күніне орай ШҚО құтқарушылары қазақтың ең танымал күйлерінің бірін орындап, өңірдің қала-аудандары арасын жалғаған ерекше рухани көпірге…"
KK-00609,KK,train,NOT_RELEVANT,,Қайрат Сатыбалдының бизнес-орталығы 61 миллиард теңгеге сатылады Алматыда қайтарылған активтерді басқару компаниясы (КУВА) Kaisar Plaza сауда-кеңсе орталығын сатуға шығармақ.
KK-00863,KK,train,NOT_RELEVANT,,Михаил Шайдоров «Милан-2026» Олимпиада жұлдыздарының шоуына қатыспайтын болды Алматыда 5 сәуір 17:00-де «Милан-2026» Олимпиада жұлдыздарының шоуы өтеді
KK-01019,KK,train,NOT_RELEVANT,,"800 мың теңге: Павлодарда нәрестесін сатпақ болған әйел ұсталды Павлодар облысында полиция жаңа туған сәбиін сатпақ болған әйелдің заңсыз әрекетін әшкереледі. Алдын ала мәліметке сәйкес, 23 жастағы Түркістан облысының"
KK-01236,KK,train,NOT_RELEVANT,,Туристік маусымға әзірлік жайы талқыланды Премьер-министрдің орынбасары – Мәдениет және ақпарат министрі Аида Балаева мен Туризм және спорт министрі Ербол Мырзабосынов Жетісу облысындағы туристік
KK-00750,KK,train,NOT_RELEVANT,,Отандасымыз Закир Найманбаев UFC лигасында үздік үштікке енді UFCPower Slap – UFC президенті Дана Уайтқа тиесілі күшті соққылар бойынша жарыс лигасы
KK-00880,KK,train,NOT_RELEVANT,,"Картаны кассаға айналдырғандар мобильді аударымдарды бақылауға себеп болып отыр Қазір мобильдік аударымдардың «дәурені» жүріп тұр. Сауда да, қызмет те, қарыз қайтару да, туысқа көмек жіберу де телефон арқылы жүзеге асады. Егер 2021 жылы…"
KK-00590,KK,train,NOT_RELEVANT,,Қызылорда медицина колледжінің 1-курс студентін жатақханада ұрып өлтірген Қызылордадағы «Болашақ» медициналық колледжі жатақханасында бірінші курс студенті қаза тапты. Марқұмның туыстары оның өліміне жүйелі буллинг себеп болғанын…
KK-01466,KK,train,NOT_RELEVANT,,"Президент: Алатау қаласы құрылысының негізгі қағидалары жаңа Конституцияға енгізілді Мемлекет басшысы Қасым-Жомарт Тоқаев Алатау қаласын дамыту жөніндегі кеңесте сөз сөйледі, деп хабарлайды Egemen.kz."
KK-01075,KK,train,NOT_RELEVANT,,Бекзат Алмаханның UFC-дегі қарсыласы анықталды UFC-де күш сынасып жүрген Бекзат Алмахан өзінің келесі жекпе-жегін 27 маусымда Бакуде Жан Мацумотоға қарсы өткізеді
KY-F01831,KY,train,NOT_RELEVANT,,"АКШ-Индонезия кызматташуусун жакшыртууда АКШ жана Индонезия терроризмге жана климаттын өзгөрүүсүнө каршы күрөштөгү, соодадагы кызматташууну жакшырталы деп макулдашты. Келишим тууралуу АКШ президенти Барак Обама жана Индонезия президенти Сусило Бамбанг Юдхойоно шейшемби күнү Жакартада жар салышты. Бул жөнүндө Барак Обама: ""Эки арадагы..."
KY-F01822,KY,train,RELEVANT,HEALTH_SOCIETY,"Климаттын өзгөрүшүнө чара көрүүгө чакырган акцияга Бишкекте уруксат берилген жок Бишкекте климаттын өзгөрүшүнө чара көрүүгө чакырган акция-жүрүшкө уруксат берилген жок. Бул тууралуу уюштуруучулар “Твиттердеги” баракчасына жазышты. Калаа мэриясы Биринчи май райондук сотунун 30-сентябрга чейин шаардын борбордук бөлүгүнө чогулууга, митингдин бардык түрүн өткөрүүгө тыюу салган..."
KY-R200145,KY,train,RELEVANT,SCIENCE_GEN,"Абанын булганышы рекорддук чекке чыкты Метеорология боюнча дүйнөлүк уюмдун маалыматына караганда, көмүр кычкыл газынын (CO2) атмосферадагы концентрациясы акыркы 800 миң жыл ичиндеги эң жогорку деңгээлге чыкты. Метеорология уюмунун журналында 30-октябрда жарыяланган эсептер боюнча 2015-жылы көмүр кычкыл газынын концентрациясы бир..."
KY-F02066,KY,train,RELEVANT,POLICY,"БУУда КЛИМАТТЫН ӨЗГӨРҮШҮ БОЮНЧА МАСЕЛЕ КАРАЛУУДА Мээрим Султангазы, Нью-Йорк 24-сентябрда Нью Йорк шаарында БУУнун баш кеңсесинде климаттын өзгөрүшүнө арналган жыйын өз ишин баштады. Ага 80ге жакын мамлекеттин башчылары, бардыгы болуп 150дөн ашуун өлкөнүн расмий өкүлдөрү катышты. Жыйында глобалдык жылуулукка себепкер болгон булганыч газдардын көлөмүн кыскартуу боюнча дүйнө лидерлери чечкиндүү кадамдарды жасашы керек экендиги айтылды."
KY-F01738,KY,train,RELEVANT,POLICY,"Барак Обама климаттын өзгөрүүсүнө каршы “тикеден тик турууга” чакырды Саммитке катышып жаткан дүйнө мамлекеттеринен келген 150 лидерге кайрылган Кошмо Штаттардын президенти Барак Обама,“тикеден тик туруп”, климаттын өзгөрүүсүнө каршы күрөшүүгө үндөдү. 30-ноябрда сүйлөгөн сөзүндө Барак Обама, “кайра калыбына келүүчү энергияны” кеңири колдонууга чакырды. Саммитти..."
KY-F02141,KY,train,RELEVANT,POLICY,"“Чоң жетинин” лидерлери климаттын өзгөрүшүн талкуулайт Британияда өтүп жаткан “Чоң жетинин” саммитинин акыркы күнүндө өлкө лидерлери климаттын өзгөрүшүн талкуулайт. Саммит учурунда натуралист Дэвид Аттенбороу дүйнө лидерлерине кайрылып, адам баласы экологиялык апаатка кабылбашы үчүн шашылыш түрдө чараларды көрүшү керектигин эскерткен. “Чоң жетиге”..."
KY-F02352,KY,train,RELEVANT,SCIENCE_GEN,"Бишкекте экологиялык коопсуздук жөнүндө жазган журналисттердин жыйыны өтөт Бишкекте ""Жалпыга маалымдоо каражаттарында экологиялык коопсуздукту жана климаттын өзгөрүшүн чагылдыруу"" эл аралык конференциясы өтөт. Ага кыргызстандык журналисттер менен катар Германия, Орусия, Казакстан жана Өзбекстандан келген адистер катышат. Борбор Азиядагы айлана чөйрөнү коргоо..."
KY-F00939,KY,train,RELEVANT,ENERGY,"Дүйнө көмүргө кайтты, глобалдык аптап коркунучу Бириккен Улуттар Уюмунун айлана-чөйрөнү коргоо программасы өнөр-жай тармактары газ, мунай жана көмүр өндүрүүгө ашкере көп байланган өлкөлөрдүн өкмөттөрүнө глобалдык жылуулук коркунучтуу деңгээлге жетип калганын эскертти."
KY-F00105,KY,train,RELEVANT,POLICY,"Жапонияда климаттын өзгөрүшү боюнча эл аралык жыйын башталды Жыйын өлкөнүн батышындагы Кобе шаарында өтүп жатат. Үч күнгө созулуучу кеңешмеде Чоң сегиздин тобуна кирген жана Бразилия, Кытай, Индия, Индонезия, Мексика, Австралия, Түштүк Корея, Түштүк Африка өңдүү ыкчам өнүгүп келе жаткан мамлекеттердин өкүлдөрү глобалдык жылуулукка өбөлгө болгон булганыч..."
KY-F00915,KY,train,RELEVANT,ENERGY,"""Жашыл планета"": Кыргызстанда биотүрдүүлүккө кам көрүү кандай? Атом энергетикасы Жер шарын сактап калабы? “Жашыл планета” деп аталган жаңы рубрикабызды баштайбыз. Жаңы чыгарылышта биздин өлкөбүздөгү биологиялык түрдүүлүктүн учурдагы абалына токтолобуз. Глобалдык климат өзгөрүп жаткан шартта атом энергетикасы жашыл планетаны сактап калабы?"
KY-F02158,KY,train,RELEVANT,POLICY,Бүгүн Брюсселде Евробиримдиктин 27 мүчөсүнүн катышуусунда эки күндүк саммит башталат Жолугушуунун негизги темасы - климаттын өзгөрүүлөрү менен күрөшүүнүн жолдорун табуу. Евробиримдиктин лидерлери 2020-жылга карата көмүр кычкыл газдарынын калдыктарын 1990-жылга салыштырмалуу 20 пайызга кыскартуу долбоорун талкуулашат. Бүгүнкү күндө дүйнөдөгү өндүрүштүк газдардын атмосферага...
KY-F01729,KY,train,RELEVANT,WATER_CRYO,"Мөңгүлөрдү сактоо боюнча мыйзам даярдалууда Бул тууралуу Жогорку Кеңеште ""Кыргызстандагы мөңгүлөр жөнүндө"" мыйзам долбоорун талкуулоо учурунда айтылды. Аны депутат Эркингүл Иманкожоева иштеп чыккан. Депутаттын айтымында, мыйзам долбоор өлкөдөгү мөңгүлөрдү сактоо максатын көздөйт. Өлкөдөгү мөңгүлөрдүн тизмеси түзүлүп, аларга көзөмөл..."
KY-F01375,KY,train,RELEVANT,POLICY,Дүйнө лидерлери Копенгагенге чогулууда Дүйнө лидерлери климаттын өзгөрүүсү боюнча Копенгагенде өтүп жаткан Улуттар уюмунун жыйынына катышуу үчүн чогулууда. Алар абага өнөр жай ишканалары чыгарган газдан улам абанын ысып жатышына каршы орток бир пикирге келиши керек. Кошмо Штаттарынын президенти Барак Обама башка 120 лидерлердин...
KY-F00886,KY,train,RELEVANT,HEALTH_SOCIETY,"Рим папасы жаштарды климаттын өзгөрүүсүнө каршы күрөшүүгө чакырды Рим Папасы Франциск 3-августта жаштарды планетага кам көрүп, климаттын өзгөрүүсүнө жана жакырчылыкка каршы күрөшкө көңүл бурууга чакырды. ""Биздин жалпы үйүбүзгө токтоосуз кам көрүшүбүз керек экенин моюнга алуубуз зарыл. Бирок көз карашты чындап өзгөртмөйүнчө муну ишке ашыруу мүмкүн эмес"", -..."
KY-F00555,KY,train,NOT_RELEVANT,,"“АЛМА-ЭКСПО"" 1- күзгү айыл чарба жармаңкеси өтүп жатат Бишкектеги ""Вефа"" соода борборунда өтүп жаткан иш-чарада Кыргызстанда өндүрүлгөн натуралдык жана органикалык азыктардын көргөзмөсү да болот. Уюштуруучулардын белгилөөсү боюнча, климаттык кескин өзгөрүүлөрдүн шартында жана Борбор Азия менен Кыргызстандагы азык-түлүк коопсуздугун камсыздоодо..."
KY-F00520,KY,train,RELEVANT,DISASTER,"""Климаттык өзгөрүү боюнча мамлекеттик саясат керек"" 14-июлда нөшөрлөгөн жаандан улам Ош облусунун аймагында катуу сел жүрүп, адам өмүрү кыйылып, бир катар кыйроолорду алып келди. Селдин себеби катары климаттын өзгөрүүсү айтылууда. Жаратылыш кубулуштарын эске алуу менен бийлик кандай чаралары көрүшү керек жана эмнелерге даяр болгону оң?"
KY-F00730,KY,train,RELEVANT,ENERGY,"Садыр Жапаров Бишкекте жашыл энергия боюнча аймактык борбор түзүүнү сунуштады Кыргызстандын президенти Садыр Жапаров 17-сентябрда Астана шаарында өтүп жактан ""Борбор Азия - Германия"" саммитинде сүйлөп жатып, Германия менен бирге Бишкек шаарында Энергияны натыйжалуу жана ресурстарды үнөмдөөчү технологияларды киргизүү боюнча регионалдык борбор түзүүнү сунуштады...."
KY-F00065,KY,train,RELEVANT,WATER_CRYO,"Дүйнөдө 880 млн.адам таза сууга муктаж Бул тууралуу “Кызыл чырым” эларалык федерациясы билдирди. Бүгүн дүйнөдө Суу күнүн белгилөө менен аталган уюм климаттагы өзгөрүүлөр, пландалбаган шаарлардын өсүшү жана миграция дүйнөдөгү эң жакыр коомдорго терс таасирин тийгизип жатканын айтты. Быйыл Суу күнү анын сапаты үчүн күрөшүү чакырыгы..."
KY-F00192,KY,train,NOT_RELEVANT,,"Кыргызстан үч көмүр кенин кытай компаниялары менен чогуу иштетет 25-октябрда Кытайдын премьер-министри Ли Цяндын Бишкектеги расмий сапарынын алкагында 12 документке кол коюлду. Алардын арасында кытай компаниялары менен Кыргызстанда үч көмүр кенин бирге иштетүү, шамал жана күн энергиясын өндүргөн ишканаларды чогуу куруу жана кыргыз-кытай чек арасына чукул..."
KY-R200213,KY,train,RELEVANT,POLICY,Дүйнөдө айлана чөйрөнү коргоонун планы бекитилди Мексиканын Канкун шаарындагы конференцияга катышкан мамлекеттер 2020-жылга чейин 100 млрд.доллар чогулта турган болушту. Ал акча өздөрүндө айлана-чөйрөнү коргош үчүн жакыр мамлекеттерге таратылат. Мексиканын тышкы иштер министри Патрисия Эспиноса муну “климаттын өзгөрүшүнө байланыштуу эл аралык...
KY-F01786,KY,train,RELEVANT,POLICY,Бүгүн БУУ климаттагы өзгөрүүлөрдү талкуулайт 100дөн ашуун мамлекеттин лидерлери климаттагы өзгөрүүлөрдү талкуулоо үчүн бүгүн Бириккен улуттар уюмунун Нью-Йорктогу баш-кеңсесиндеги жыйынга катышууда. Аба-ырайынын ысышына түрткү болгон абага чыгарылып жаткан булганыч газдын көлөмүн кыскартууда саясий эрк керектиги айтылды. Бул жолку талкуу...
KY-F01863,KY,train,RELEVANT,POLICY,"БУУнун климат боюнча сүйлөшүүсү соңуна чыгууда Бириккен Улуттар уюмуна кирген 200 өлкөнүн өкүлдөрү Катарда жарым айдан бери дүйнөдө климаттын өзгөрүшүнүн кесепеттерин талкуулашты. Кабарчылардын билдиришинче, бул кесепеттерди жоюнун чыгымын ким көтөрөт деген маселеде пикир келишпөөчүлүктөр келип чыкты. Жыйында саналуу гана өлкөлөр, анын..."
KY-R200323,KY,train,RELEVANT,WATER_CRYO,"Экология көйгөйүн баяндаган көргөзмө өтүп жатат Бишкекте экология көйгөйү тууралуу баяндаган мультимедиа көргөзмөсү өтүп жатат. “Кешик” деп аталган көргөзмөнү каалоочулар Гапар Айтиев атындагы Көркөм өнөр музейинен же долбоордун Интернеттеги расмий сайтынан көрө алышат. Анда климат канчалык өзгөрүп жатканын чагылдырган мөңгүлөрдүн эрүүсү,..."
KY-F02308,KY,train,RELEVANT,WATER_CRYO,ЮНЕСКОдо Кыргызстандагы мөңгүлөрдүн абалы айтылды Кыргыз делегациясы ЮНЕСКОнун штаб-квартирасында тоолорду туруктуу өнүктүрүү жана мөңгүлөрдү сактоо боюнча беш жылдык пландын максаттары жана иш-чаралары жөнүндө презентация жасады. Бул тууралуу президенттик администрация билдирди. ЮНЕСКОнун штаб-квартирасында (Франция) 20-21-мартта Мөңгүлөрдү...
KY-F02000,KY,train,RELEVANT,AGRI_LAND,"Өкмөт жайыттардын үчтөн бир бөлүгүн зыяндуу өсүмдүктөр басып кеткенин билдирди Министрлер кабинети 2024-2029-жылдарга карата Кыргызстандын жайыттарын өнүктүрүү программасын бекитти. Деградация болгон жайыттарды жакшыртуу үчүн кабыл алынган программа климаттын өзгөрүү шартында жайыттарды сактоо, аларды натыйжалуу башкаруу аркылуу айыл калкынын жашоо деңгээлин жогорулатууну..."
KY-F01392,KY,train,RELEVANT,WATER_CRYO,"Садыр Жапаров КМШ саммитинде суу ресурстарын пайдалануу маселесин көтөрдү Президент Садыр Жапаров Көз карандысыз Мамлекеттер Шериктештигине мүчө-мамлекет башчыларынын саммитинде климаттын туруктуулугун камсыздоо үчүн жасалып жаткан иштерге токтолду. Аймактагы суу ресурстарынын 40% жакынын Кыргызстандагы суулар түзөрүн, аймакты суу менен камсыз кылууда Кыргызстан өз..."
KY-F01021,KY,train,RELEVANT,POLICY,Инвесторлор климаттын өзгөрүшү менен күрөштө чукул чараларды талап кылышты 34 триллион доллар өлчөмүндөгү капиталды башкарган ири инвесторлор климаттын өзгөрүшү менен күрөштө чукул чара көрүүнү талап кылган ачык кат жазышканын «Reuters» агенттиги кабарлады. Катка дүйнөлүк инвестициялык капиталдын дээрлик жарымын түзгөн 477 инвестор кол койгон. Инвесторлор Бириккен...
KY-F01544,KY,train,RELEVANT,WATER_CRYO,"Казакстан: Арал деңизин өнүктүрүү боюнча эл аралык форум өтөт Аралды өнүктүрүү боюнча эл аралык форум 30-31-майда Казакстандын Кызыл-Ордо шаарына белгиленген. Иш-чарага Борбор Азия өлкөлөрүнүн, БУУнун, ЕККУнун жана Дүйнөлүк банктын өкүлдөрү чакырылган. Аралды сактоо фондун жетектөө укугу быйыл үч жылга Өзбекстандан Түркмөнстанга өттү. Буга чейин..."
KY-F00158,KY,train,RELEVANT,POLICY,"Евробиримдик тарыхый планды бекиткени турат Евробиримдиктин лидерлери Брюсселде бүгүн аяктачу саммитте глобалдык жылуулакка жана экономикалык кризистен чыгуу боюнча чечим кабыл алышат. Алдын ала макулдашууларга ылайык, Биримдикте көмүртектин кошкычкылын абага бөлүү 2020-жылга 20 процентке кыскартылууга тийиш."
KY-F00479,KY,train,NOT_RELEVANT,,"Кыргызстан Арал деңизи боюнча фонддун ишине катышуусун токтотту Кыргызстан Арал деңизин сактап калуу боюнча эл аралык фонддун жана анын органдарынын ишине катышуусун убактылуу токтотту. Бул тууралуу тышкы иштер министринин биринчи орун басары Динара Кемелова Брюсеелде өткөн ""Евробиримдик – Борбор Азия"" жыйынында билдирди. Кемелованын белгилешинче, аталган..."
KY-R200304,KY,train,NOT_RELEVANT,,"Өкмөт көмүрдү байытуу менен ышты азайтууну көздөйт Көмүрдү байытып, сапатын жакшыртуу ыш маселесин 50% чейин азайта алат. Бул тууралуу жаратылыш ресурстары, экология жана техникалык көзөмөл министри Медетбек Маметов 8-декабрда журналисттерге билдирди. Министр Кыргызстандагы ыш маселесин чечүү үчүн көп кадамдар жасалып жатканын белгиледи. Анын..."
KY-F00113,KY,train,RELEVANT,AGRI_LAND,"Ачарчылык коркунучу Ооганстан үчүн талиптерден да олуттуу Мындай эскертүүнү Лондондон британиялык аналитикалык борборлордун бири- Падышалык бириккен Куралдуу күчтөрдүн институту жасады. Аталган институттун айтымында, азык-түлүктүн дүйнөлүк баасынын жогорулоосу, жайдагы кургакчылык быйыл кышта Ооганстанды ачарчылыкка алып баруусу мүмкүн. Институттун..."
KY-F00743,KY,train,RELEVANT,POLICY,"КИОТО ПРОТОКОЛУН АТКАРУУГА КАЛИФОРНИЯ ШТАТЫ ӨЗ АЛДЫНЧА КИРИШТИ Нарын АЙЫП, Прага 5-июнда бүткүл дүйнөдө Жаратылышты коргоо күнү белгиленди жана ал күнү АКШнын Сан-Франциско шаарында америкалык шаарлардын мэрлеринин ири жыйыны болуп өттү. АКШ Киото келишиминен чыгып кеткени белгилүү, бирок жыйында көтөрүлгөн маселелер жана анда кабыл алынган чечимдер - жаратылышты коргоо милдетин Америкада өзүнө жергиликтүү бийлик алууга ынтызар экенин көрсөттү."
KY-F01524,KY,train,RELEVANT,SCIENCE_GEN,"ТЫНЧТЫК БОЮНЧА НОБЕЛЬ СЫЙЛЫГЫН “КЛИМАТТЫН ӨЗГӨРҮШҮ” УТТУ АКШнын мурдагы вице-президенти, айлана-чөйрөнү коргоо боюнча белгилүү активист Альберт Гор менен Бириккен улуттар уюмунун климаттагы өзгөрүштөрдү иликтеген адистер тобу Тынчтык боюнча быйылкы Нобель сыйлыгын утуп алышты. Бул сыйлык үчүн жалпысынан 181 киши атаандашкан эле. Эми Гор менен БУУнун адистер тобу бир жарым миллион долларлык баш-байгени тең бөлүп алышат."
KY-F01823,KY,train,RELEVANT,POLICY,КЛИМАТ БОЮНЧА СҮЙЛӨШҮҮЛӨРДӨ ИРИ ЖЫЛЫШ ЖАСАЛДЫ Кызуу талаш-тартыш менен өткөн Бириккен улуттардын климатка байланышкан жыйынында жер абасынын ысышы боюнча келишимди 2009-жылга карата түзүү макулдашылды.
KY-F00142,KY,train,NOT_RELEVANT,,"Италияда болсо «чоң сегиздин» саммити өтүп жатат Дүйнөдө өндүрүшүнүн кеңдиги боюнча сегиз ири мамлекетинин башчыларынын саммити кечээ башталган. Лидерлер климаттагы өзгөрүүлөрдү жана глобалдык соода-сатык маселелерин, атап айтканда, андагы америкалык валюта – доллардын - ролун талкуулап атышат. Кечээ, саммиттин биринчи күнүндө, президенттер..."
KY-F02361,KY,train,RELEVANT,WATER_CRYO,"Жапаров Париждеги саммитте Кыргызстанда мөңгүлөр азайып жатканын айтты Кыргызстандын президенти Садыр Жапаров 10-ноябрда Париж шаарындагы “Бир планета” жыйынына катышып, өлкөдөгү мөңгүлөрдүн азайып жатканын айтып, аны сактоо чараларына токтолду. Бул тууралуу президенттин басма сөз кызматы маалымдады. Жапаровдун айтымында, соңку 70 жыл ичинде мөңгүлөрдүн аянты..."
KY-F00333,KY,train,NOT_RELEVANT,,"НЬЮ-ЙОРКТО БИРИККЕН УЛУТТАРДЫН ЖЫЛДЫК ЖЫЙЫНЫ АЧЫЛАТ Нью-Йоркто бүгүн Бириккен Улуттар Уюмунун Башкы ассамблеясынын кезектеги жылдык жыйыны ачылат. Жүздөн ашуун лидерлер азыркы дүйнөнүн чалкеш проблемаларын талкуулашат. Алардын ичинде климаттын жылышы, Улуттар Уюмунун реформасы, Ирактагы жана Ооганстандагы кырдаал жана башка маселелер негизги темалардан болмокчу."
KY-F02195,KY,train,RELEVANT,POLICY,АКШ климаттык өзгөрүү боюнча саясатын карап көрүүгө шашпайт Бул тууралуу мамлекеттик катчы Рекс Тиллерсон Аляскадагы арктикалык форумда сүйлөгөн учурда билдирди. АКШ президенти Дональд Трамп буга чейин климаттык өзгөрүү тууралуу илимди сындаган. Трамп дүйнөнүн 195 өлкөсү кол койгон Париж келишиминен чыгарын да билдирген. АКШ президенти мындан тышкары...
KY-R00016,KY,train,RELEVANT,POLICY,"Обама Копенгагендеги саммиттин жабылышына катышат Бул кабарды Дания жылуу кабыл алганын билдирди. Буга чейин АКШнын президенти Барак Обама Копенгагенде Бириккен улуттар уюмунун саммитинин ачылышына катышаары айтылган болчу. Келерки аптада ачыла турган саммитте дүйнө лидерлери климаттагы өзгөрүүлөрдү талкуулап, натыйжада Киото протоколунун..."
KY-R200212,KY,train,NOT_RELEVANT,,"""Азаттыктын"" журналисти эл аралык сынактан жеңди Европа Биримдигинин Борбор Азиядагы өкүлчүлүгү уюштурган ""Кайра калыбына келчү энергия булактарына өтүү - көмүртек нейтралдулугуна жетишүү үчүн биздин салым"" деп аталган экологиялык эл аралык сынакта ""Азаттык"" радиосунун журналисти Сабыр Абдумомунов 1-орунду алды. Сынактын жыйынтыгы 6-июнда..."
KY-F00836,KY,train,RELEVANT,POLICY,"Евробиримдикте экологиялык келишим иштеп калышы мүмкүн Брюсселде бүгүн Евробиримдиктин саммити ишин улантып жатат. Андагы негизги маселелердин бири – климаттагы өзгөрүүлөргө каршы күрөшүү. Азырынча сунуш кылынып жаткан планга ылайык, Евробиримдик 2020-жылга чейин абага чыгарылып жаткан көмүр кычкыл газын, 1990-жылдагы деңгээлге салыштырмалуу, 20%га..."
KY-R200404,KY,train,RELEVANT,SCIENCE_GEN,"ЖЕРДИН ЖЫЛЫШЫ АЛААМАТКА АЛЫП КЕЛЕТ 30-октябрда Дүйнөлүк Банктын мурдагы жооптуу кызматкери Николас Стерн аба ырайынын жылып баратканы жана анын глобалдык экономикага тийгизе турган таасири туралуу баяндамасын Британ өкмөтү менен коомчулугуна сунуш кылды. Британ өкмөтүнүн тапшырмасы менен жүргүзүлгөн иликтөөдө эгерде климаттын жылып баратканына каршы токтоосуз чаралар көрүлбөсө, адамзатты чыныгы алаамат күтүп тургандыгы деп айтылат."
KY-F00921,KY,train,RELEVANT,DISASTER,"Климаттык өзгөрүүлөр. Сел, суу ташкындын себеби Өзгөчө кырдаалдар министрлигинин адистери Кыргызстандагы сел, суу ташкындын көбөйүшүн климаттык өзгөрүүлөр менен байланыштырууда. Алардын баамында, абанын ысышы менен жаан-чачындын көбөйүшү жана мөңгүлөрдүн тездик менен эрип жатышы жаратылыш кырсыктарына себеп болуп жатат."
KY-F00872,KY,train,RELEVANT,SCIENCE_GEN,"8:10 Бишкекте бүгүн климаттын кескин ысышын талкуулаган жыйын өтөт БУУнун өнүктүрүү программасы уюштуруп жаткан бул жыйын аба ырайынын кескин өзгөрүшүнүн кесепеттери тууралуу коомчулукка тереңирээк маалымат берүү максатын көздөйт. Анда бул көйгөй менен күрөшүү үчүн жаңы каржы булактарын табуу, эл аралык экологиялык конвенцияларды кабыл алуу сыктуу маселелер..."
KY-F00795,KY,train,RELEVANT,HEALTH_SOCIETY,АӨБ: Климаттын өзгөрүшү миграциянын өсүшүнө түрткү болот Азиялык Өнүктөрүү банкы климаттын өзгөрүшү пайда кылган жаратылыш кырсыктарынын кесепетинен үстүбүздөгү кылымда Азияда 42 миллиондон ашык киши орун которууга мажбур болушу мүмкүн. Банктын директору Барт Эдес уюмдун интернет сайтында жайгаштырылган видеодон буларды айтты: - Биз бул...
KY-F02133,KY,train,RELEVANT,POLICY,Бүгүн Киото протоколу күчкө кирди Эл аралык келишим жердин глобалдуу ысышына алып келчү эмиссияны же зыяндуу чыгындыларды азайтууну көздөйт. Протокол түзүү боюнча сүйлөшүүлөр 8 жыл илгери Япониянын Киото шаарында башталган. Бүгүн “Гриинпис” экологиялык уюму жер жерлерде майрамдык акция уюштуруп жатат. Еврокомиссиянын айлана...
KY-F01866,KY,train,NOT_RELEVANT,,"Швеция Европа Биримдигинин президенттигин Чехиядан өткөрүп алды Өлкө жарым жыл ичинде башкы көңүлдү экономикалык кризиске жана климаттын өзгөрүшүнө бура тургандыгын өкмөт башчысы Фредрик Рейнфелдт билдирди. Швеция президенттикти 27 мүчөлүү биримдик үчүн татаал мезгилде өткөрүп алууда. Европалык парламент эми шайланды, аткаруу бийлиги болгон Европалык..."
KY-F01325,KY,train,RELEVANT,POLICY,"""Чоң жетилик"" терроризм коркунучу менен климаттын өзгөрүшүн талкуулоодо Баварияда өтүп жаткан ""Чоң жетилик"" саммитинин экинчи күнү терроризм коркунучу менен климаттын өзгөрүүсүнө байланышкан маселелерге арналууда. Дүйнөлүк жети ири экономикалык держава: Британия, Канада, Германия, Франция, Италия, Жапония жана АКШ лидерлеринин жолугушуусуна Ирактын премьери..."
KY-R00131,KY,train,RELEVANT,SCIENCE_GEN,Брюсселде дүйнөлүк аба-ырайынын өзгөрүүсү боюнча БУУнун изилдөөсү жарыяланды Анда климаттын жылдан-жылга ысып баратышы дүйнөдөгү жашоону түп тамырынан өзгөртөөрү айтылган. Жарды тропикалык өлкөлөргө аба температурасынын көтөрүлүшү суу тартыштыгын жана ачарчылыкты алып келет. Бирок Орусия жана Канада өңдүү өлкөлөргө айыл-чарбаны өркүндөтүү үчүн өтө ыңгайлуу шарттар...
KY-F02302,KY,train,RELEVANT,WATER_CRYO,"Мөңгүлөрдү сактап калууга арналган акция өтөт Жарандык активисттер президент Алмазбек Атамбаевге кайрылып, мөңгүлөр боюнча сунушталып жаткан мыйзам долбооруна кол койбоого чакырышат. Бул тууралуу бүгүн “Азаттык” радиосуна “Биздин укук” коомдук фондунун жетекчиси Калича Умуралиева билдирди. Анын айтымында, 8-ноябрда Ак үй алдында..."
KY-F00439,KY,train,RELEVANT,WATER_CRYO,Кыргызстан БУУда ГЭСтерди куруу маселесин көтөрдү Дүйнөлүк климаттын өзгөрүп жатканына байланыштуу Кыргызстанда 2025-жылы мөңгүнүн көлөмү 30-40 пайызга азаяры эсептелип чыкты. Андыктан Кыргызстан жана Тажикстандагы ГЭСтердин курулушу Борбор Азиядагы суу маселесин чечет. Бул тууралуу тышкы иштер министри Эрлан Абдылдаев БУУнун Башкы...
KY-F02005,KY,train,RELEVANT,POLICY,"Климаттын өзгөрүүсүнө каршы күрөшүү келишимине 198 өлкө кол койду Климаттын өзгөрүшүнө каршы биргелешип күрөшүү келишимине 198 өлкө кол койду. Ал Дубайда өткөн COP28 глобалдык климаттык саммит жыйынтыгында кабыл алынды. Макулдашууда атмосферага зыяндуу заттарды чыгарууну азайтуу, экологиялык жактан таза, кайра калыбына келүүчү энергия булактарына өтүү планы..."
KY-F00978,KY,train,RELEVANT,POLICY,"Депутат өкмөт БУУнун 50 млн доллар грантын ала албай жатканын сындады Бириккен улуттар уюмунун (БУУ) Азык-түлүк жана айыл чарба программасынын Жашыл климаттык фонду Кыргызстанга 50 миллион доллар грант берүү тууралуу чечимин кабыл алган. Мунун 22 миллион доллары айыл чарбага жумшалат. Калганы климаттын өзгөрүшүнө, айлана чөйрөнү коргоого жана энергетика тармагына..."
KY-F00803,KY,train,RELEVANT,SCIENCE_GEN,"Абада булганыч газдардын топтолушу эң жогорку чекке жетти Бул тууралуу Метерология боюнча дүйнөлүк уюм билдирди. Ал белгилегендей, булганыч газдардын абадагы концентрациясы тарыхтагы эң жогоркку чекке жетүү менен катар өсүү да үстүндө. Өнөр – жай ишканаларынын ишмердүүлүгүнүн натыйжасы катары эсептелген булганыч газдар глобалдык жылуулуктун эң башкы..."
KY-F02011,KY,train,RELEVANT,POLICY,Пан Ги Мун климаттын өзгөрүшүнө көңүл бурууга үндөдү Бириккен Улуттар Уюмунун баш катчысы Пан Ги Мун Катарда өтүп жаткан жыйында дүйнө үчүн аномалдуу аба ырайы көнүмүшкө айланып баратканын жана өлкөлөр жаратылыш кырсыктарына каршы турууга даярданышы керектигин билдирди. Баш катчы климаттын өзгөрүшүнө алып келген “буу газдарын” азайтуу үчүн жаңы...
KY-F00586,KY,train,RELEVANT,POLICY,"Депутат Париж келишимине бут тоскондорду жазалоону сунуш кылды Кыргыз өкмөтү Климаттын өзгөрүшүнө каршы Париж келишимин ратификациялоого бут тосуп жаткан кызматкерлерин жазалашы керек. Бүгүн парламенттин жалпы жыйынында ушундай талап коюлду. ""Республика - Ата Журт"" фракциясынын депутаты Экмат Байпакпаев Тышкы иштер министрлиги жана Айлана-чөйрөнү коргоо..."
KY-F02153,KY,train,RELEVANT,POLICY,Индонезияда Бириккен улуттар уюмунун глобалдык жылуулукка каршы чечүүчү конференциясы ачылды 190дой өлкөдөн чогулган илимпоздор менен ырасмий делегациялар абаны ысыткан парник газдарын чектөө боюнча эл аралык Киото келишиминин мөөнөтү 2012-жылы аяктаган соң кандай аракет көрүлөөрүн талкууламакчы. 10 миңдей киши катышып жаткан жыйынды утурлай илмипоздор глобалдык жылуулукту жайлатуу...
KY-R00200,KY,train,NOT_RELEVANT,,"БУУ: 2020-жылы дүйнөдө кырдаал дагы курчушу мүмкүн Бириккен Улуттар Уюму 2020-жылга карата божомолун жарыялап, климат мындан да ысып, согуш көбөйүп, ар кандай дарттар жайыларын билдирди. Уюмдун баяндамасында согуштардан улам көп адамдар эмделбей калып жатканы, коомдун саламаттыгын көзөмөлдөө оорлошуп баратканы белгиленди. Мунун жыйынтыгында..."
KY-F00319,KY,train,RELEVANT,POLICY,Климаттагы өзгөрүүлөр боюнча жаңы келишим иштеп чыгуу макулдашылды Түштүк Африкада климаттагы глобалдык өзгөрүүлөр боюнча өтүп жаткан конференцияда 194 мамлекеттин өкүлдөрү климат боюнча жаңы келишим тууралуу сүйлөшүүнү баштайлы деп чечишти. Ал жаңы документ 1997-жылы кабыл алынган Киото протоколунун оордуна иштейт. Бир өзгөчөлүгү – Киото протоколу жалаң...
KY-F01775,KY,train,RELEVANT,DISASTER,"Индияда муз көчкү жүрүп, 170тей адам дайынсыз Индияда мөңгүдөн муз бөлүнүп түшүп, курулуп жаткан гидроэлектрстанцияны басып калды. Ошондой эле өлкө түштүгүн сел капташына түрткү болду. Кеминде 14 киши өлүп, 170тей адамдын дайыны белгисиз. Алардын көбү - гидроэлектростанциянын курулушунда иштегендер. Бийлик сел каптаган Уттаракханд..."
KY-F01645,KY,train,RELEVANT,SCIENCE_GEN,"Бишкекте экологиялык фестиваль өтүүдө Бишкекте “350” деген аталыш менен экологиялык фестиваль өтүп жатат. Бул тууралуу фестивалдын башкы координатору Туян Өмүрбекова билдирди. “Бүгүнкү күндө атмосферадагы кычкылтек газынын көлөмү бир кубметрге 390 молекуланы түзүүдө, нормада ал 350 болуш керек эле. Ушул себептен фестиваль “350”..."
KY-F00653,KY,train,NOT_RELEVANT,,"Эксперттик комиссиянын баяндамасы депутаттардын сынына кабылды “Өнүгүү-Прогресс” фракциясынын депутаты Мирлан Бакиров ""Кумтөр"" алтын кенинин айланасындагы мөңгүлөрдүн эришин иликтеген эксперттик комиссиянын баяндамасын бир тараптуу деп сынга алды. Ал Давыдов мөңгүсү ""Кумтөр"" ишканасынан улам эрип, такыр калган жок деп билдирди: -Сиздер баяндаманы..."
KY-F01882,KY,train,RELEVANT,WATER_CRYO,Президент Жапаров БУУнун саммитинде мөңгүлөрдү сактоо маселесин айтты Кыргызстандын президенти Садыр Жапаровдун АКШга сапары башталды. Жапаров 18-сентябрда Бириккен Улуттар Уюмунун (БУУ) Башкы Ассамблеясынын 78-сессиясынын Туруктуу өнүгүү максаттары саммитинде сүйлөдү. Бул тууралуу президенттин басма сөз кызматы маалымдады. Анда Кыргызстандын президенти уюмдун...
KY-R200224,KY,train,RELEVANT,SCIENCE_GEN,"Быйылкы июль 1850-жылдан берки эң ысык ай болду Июль 1850-жылдан берки эң ысык ай болгону расмий аныкталды. Бул тууралуу климатты изилдөө боюнча европалык Copernicus кызматы билдирди. Изилдөөчүлөрдүн маалыматында айтылгандай, июлда дүйнө жүзү боюнча абанын орточо температурасы 17 градус болгон. Бул өнөр жай дооруна чейинки абанын табынан..."
KY-R200215,KY,train,RELEVANT,DISASTER,"Жети-Өгүздө суу ташкын коркунучу жоюлду Аба ырайынын кескин ысыганына байланыштуу тоолордогу мөңгүлөр эрип, Жети-Өгүз суусунун дэңгээли көтөрүлгөн. Натыйжада Жети-Өгүз айылдык аймагына караштуу Чырак айылындагы дамбанын айрым жерлерин суу агызып кеткен. Элдин турак-жайына жана эгин талааларына зыян келтирбеш үчүн ӨКМ тарабынан..."
KY-R200209,KY,train,RELEVANT,POLICY,"Бүгүн Копенгаген саммити башталууда Бүгүн Даниянын борбор шаары Копенгагенде климаттагы өзгөрүүлөр боюнча саммит башталууда. 140тан ашуун өлкөдөн келген расмий адамдар аба ырайынын ысышы жараткан проблемаларды талкуулап, Киото протоколун алмаштыра турган эл аралык келишим боюнча мунаса табууга аракеттенишмекчи. БУУнун баш катчысы..."
KY-F01119,KY,train,RELEVANT,ENERGY,"Евросоюз алтернативдүү энергияга өтөт Бул үчүн күндүн, шамалдын кубаты жана башка булактар колдонулат. 2020-жылы алардын эсебинен жалпы электрэнергиянын бештен бир бөлүгү камсыздалууга тийиш жана климаттын жылышына себепчи болгон газ калдыктары мындан он беш жылдагыга караганда 20 процентке кыскартылышы керек. Союзга кирген бардык..."
KY-F01984,KY,train,RELEVANT,AGRI_LAND,"Эл аралык уюм ачарчылык менен климаттын өзгөрүш индексин жарыялады Глобалдык ачарчылык көйгөйүн иликтеп жүргөн уюм (Global Hunger Index - GHI) XIV жылдык баяндамасын жарыялады. Анда глобалдык, аймактык жана улуттук деңгээлде ачарчылыктын кесепети, тамак-аш тартыштыгынын балдардын саламаттыгына тийгизген таасири иликтенген. Уюм өз иликтөөсүндө быйыл 117..."
KY-R200340,KY,train,RELEVANT,POLICY,"Климаттын өзгөрүүсүнө карата улуттук салым долбоору аныкталды Париж келишими менен климаттын өзгөрүүсүнө карата Кыргызстандын улуттук салымына байланышкан долбоор кабыл алынды. Бул тууралуу БУУнун басма сөз кызматы кабарлады. Долбоорду талкуулоого 27-сентябрда Министрлер кабинетинин төрагасы Улукбек Марипов, Экология жана климат боюнча мамлекеттик..."
KY-F01238,KY,train,NOT_RELEVANT,,"Садыр Жапаров Глазгого менчик учак жалдап барды Кыргызстандын президенти Садыр Жапаров Шотландиянын Глазго шаарындагы Бириккен Улуттар Уюмунун климаттын өзгөрүшүнө арналган конференциясына менчик учак менен барды. Бул тууралуу ""Азаттыктын"" ишенимдүү булактары кабарлады. Президенттин администрациясы кайсы жана канча каражатка, кимдин учагы..."
KY-R200383,KY,train,RELEVANT,WATER_CRYO,"КЫРГЫЗСТАН ЭНЕРГЕТИКАЛЫК КЫЙЫНЧЫЛЫКТАН КАНТИП ЧЫГАТ? Евробиримдиктин коопсуздук боюнча башкы комиссары Хавьер Солано биримдиктин жакында өткөн жыйынында жасаган докладында Борбор Азияда климат катуу өзгөрүп, ал регионду кыйын кырдаалга алып келатат жана Кыргызстанда акыркы 40 жылда миң мөңгү жок болду деп билдирди. Мындай кырдаал бара-бара Кыргызстан гана эмес жалпы регионду катуу кризиске дуушар кылышы ажеп эмес. Мына ушул проблеманын алдын алуу жөнүндө экс-депутат Райымбек Мамыров “Азаттык” менен ой-пикир бөлүштү."
KY-F00229,KY,train,RELEVANT,POLICY,"Меркел: ""Чоң жыйырманын"" саммити климатка көңүл бурат Немис канцлери Ангела Меркел климаттын өзгөрүшүн алдын алууну көздөгөн Париж келишимин ишке ашыруу маселеси ""Чоң жыйырманын"" кийинки аптадагы саммитинин өзөгүн түзөрүн билдирди. Ал 29-июнда парламенттеги кайрылуусунда АКШ президенти Дональд Трамп менен бул темада сүйлөшүү оор болорун..."
KY-R00224,KY,train,RELEVANT,HEALTH_SOCIETY,"ТҮШТҮК ЧӨЛГӨ АЙЛАНАБЫ? Кыргызстандын түштүгүндөгү калк өлкөнүн түндугүн көздөй ооп жатат. Бүгүнкү күндө Чүй облус калкынын 40 пайызын түштүк тараптан ооп келгендер түзөт. Бул сан дагы көбөйүшү мүмкүн. Эмне себептен? Кеп саясатта эмес, климаттын тездик менен өзгөрүп жатышы, жашоого жакшы турмуш кыла турган жай издөө..."
KY-R200241,KY,train,RELEVANT,WATER_CRYO,"ЖЕР ОРТОЛУК БАССЕЙНИНДЕ СУУЛАР БӨКСӨРҮП, ЖЕР КАКЫРООДО Элдин саны ылдам темп менен өсүшү, климаттагы өзгөрүштөр жана туура эмес ирригация схемалары дүйнөнүн айрым чөлкөмдөрүндө жер астындагы, жер үстүндөгү суу булактарынын бөксөрүүсү өңдүү олуттуу кесепеттерди пайда кылууда. Андай чөлкөмдөрдүн бири Түркияны да камтыган Жер ортолук бассейни."
KY-F01914,KY,train,RELEVANT,POLICY,"ДҮЙНӨЛҮК ЭКОЛОГИЯНЫ ЖАКШЫРТУУ БОЮНЧА ЕВРОПА ЖАҢЫ СУНУШ ЖАСООДО Нарын АЙЫП, Прага 8-9-март күндөрү Брюссел шаарында Европа Биримдигинин бийик жолугушуусу өтүп жатат жана анда негизгилерден болуп энергетика менен экология маселелери каралууда. Дүйнө жүзүндөгү аба ырайынын өзгөрүп баратканына себеп болгон калдык газдардын атмосферага чыгышын кыскартуу жөнүндө план иштелип чыкты."
KY-F00647,KY,train,NOT_RELEVANT,,"НОБЕЛЬ СЫЙЛЫГЫ ЭЭЛЕРИНЕ ТАПШЫРЫЛДЫ Улан Алымкул уулу, Прага Швеция жана Норвегиянын борборлору Стокгольм менен Ослодо бүгүн 2007 –жыл үчүн Нобель сыйлыгын тапшыруу салатанаттары өтүүдө. Салтанат оболу Ослодо башталды. Ал жерде Нобель Тынчтык сыйлыгын АКШнын мурдагы вице президенти Альберт Горго жана климаттын өзгөрүшү боюнча БУУнун эксперттеринин өкмөттөр аралык тобуна ыйгарылды. Ал эми адабият, медицина, химия, экономика боюнча сыйлыктар Стокгольмдан тапшырылат."
KY-F00778,KY,train,NOT_RELEVANT,,"Трамптын алгачкы жарлыктары: Миграция, TikTok, энергетика жана климат АКШнын 47-президенти Дональд Трамп шайлоо алдындагы сөзүнө туруп, мыйзамсыз миграцияны ооздуктоо чараларын жарыялады. Трамп кызматка киришкенден кийин кол койгон документтерге ылайык, өлкөнүн түштүк чек арасында өзгөчө кырдаал киргизилди."
KY-F00601,KY,train,RELEVANT,HEALTH_SOCIETY,"Кырсык көп болгон жерде жашаган аялдар менен балдардын абалы талкууланат Бүгүн Бишкекте климаттын өзгөрүшүнүн аялдардын жана балдардын жашоосуна тийгизген таасири талкууланат. «Гендердик теңчилик аркылуу аялдардын жана балдардын мүмкүнчүлүгүн кеңейтүү» деген семинарды «Бир дүйнө - Кыргызстан» укук коргоо уюму уюштурууда. Уюмдун маалыматына караганда, талкууга..."
KY-F02054,KY,train,RELEVANT,POLICY,"БУУда Кыргызстан карызды ""жашыл экономикага"" алмашуу механизмин күчөтүүнү сунуштады Планетанын жашоосуна коркунуч келтирген эң кооптуу чакырыктардын бири болуп турган климаттын өзгөрүшү Кыргызстандан үч эсе аракетти талап кылууда. Бул тууралуу 24-сентябрда Нью-Йоркто БУУнун Башкы Ассамблеясынын 79-сессиясынын жалпы дебаттарында сүйлөп жатып президент Садыр Жапаров билдирди...."
KY-F00561,KY,train,RELEVANT,POLICY,ЕБ лидерлери климаттын өзгөрүшүн токтотуу жолдорун талкуулашат Брюсселдеги жыйында аба-ырайындагы өзгөрүүлөргө каршы атайын корго чамасы чарк өлкөлөр кошчу каражатты табуу маселеси сөз болот. Айрым өлкөлөр Евробиримдикке мүчө казнасы каржалган тараптар бул корго азыраак акча кошсун деп сунуш кылышкан. Брюссель маселени Улуттар Уюму декабрда өткөрө турган...
KY-F01584,KY,train,RELEVANT,SCIENCE_GEN,"16:40 Климаттын кескин ысышын талкуулаган тегерек стол болуп өттү Бул иш чараны Г.Мерцбахер атындагы мөңгүлөрдү сактап калуу фонду, Славян университети жана “Ыссыккөл” биосфералык аймагы менен бирге уюштурушкан. Тегерек столдо климаттын кескин ысышы, анын мөңгүлөргө жана жалпы эле экологияга тийгизген таасири талкууланды. Жыйынга Чынгыз Айтматов, өзгөчө..."
KY-F01844,KY,train,NOT_RELEVANT,,"Казакстандын алты районунда суу тартыштыгынан улам өзгөчө кырдаал жарыяланды Катуу ысыкка жана сугат суунун тартыштыгына байланыштуу Казакстандын Байзак, Жамбыл, Кордой, Мерке, Т.Рыскулов жана Талас райондорунда өзгөчө кырдаал жарыяланды. Бул тууралуу Жамбыл облусунун акимчилиги кабарлады. Мекеменин сайтындагы билдирүүдө жабыр тарткан фермерлерге казак өкмөтүнүн..."
KY-F01001,KY,train,RELEVANT,WATER_CRYO,"БУУ: 15 жылдан кийин суунун көлөмү 40% азаят Эгерде сууну колдонуу жаатында саясат өзгөрбөсө, 2030-жылы дүйнө жүзү боюнча суунун запасы 40% кыскарышы мүмкүн. Бул тууралуу БУУнун докладында айтылат. Докладда жер алдындагы суунун запастары азайып жатканы, климаттын өзгөрүүсүнө байланыштуу жаан-чачын аз жаай турганы белгиленет. 2050-жылы..."
KY-F02028,KY,train,NOT_RELEVANT,,"Садыр Жапаров Британ ханзаадасынын сый тамагына чакырылды Президент Садыр Жапаров Глазгодо өтүп жаткан Глобалдык климат саммитинде Британ ханышасынын үй-бүлөсү уюштурган сый тамакка чакырылды. Бул тууралуу делегациянын курамындагылардан белгилүү болду. Бүгүн, 1-ноябрда Садыр Жапаров Британиянын премьер-министри Борис Жонсон, Бириккен Улуттар Уюмунун..."
KY-R200270,KY,train,RELEVANT,SCIENCE_GEN,"НАТО: Орусия Арктиканын климаты боюнча маанилүү маалыматты жашырууда Financial Times гезити НАТОнун жогорку даражалуу өкүлүнө шилтеме кылып, Орусия Арктикадагы климаттын өзгөрүшүнүн масштабы жана кесепеттери боюнча окумуштууларга зарыл болгон маанилүү маалыматтарды жашырып жатканын жазды. Арктика планетанын эң ылдам ысып бараткан аймагы болуп саналат. Андагы..."
KY-R00110,KY,train,NOT_RELEVANT,,"Вашингтондо бүгүн британ премьери Тони Блэр президент Жорж Буш менен жолугат Ырасмий маалыматтарда тараптар Африкалык өлкөлөрдүн карыздарын жеңилдетүү, глобалдык климаттын проблемаларын талкуулайт деп айтылууда. Мындан тышкары эки лидер өнөржайлуу сегиз өлкөнүн эмдиги айда өтө турган саммитине байланыштуу маселелерди да кеп кылышы мүмкүн."
KY-F01080,KY,train,RELEVANT,HEALTH_SOCIETY,"Казакстан экологиялык кырсыкка кабылган аймактардын тургундарын көчүрөт Казакстандын айыл чарба министринин орун басары Лилия Мусинанын бүгүнкү жарыясына караганда, жер которуштурууга Семипалатинск чөлкөмү менен Арал деңизинин айланасында жашагандар дуушар болот. Бирок бул программа 2007-жылдан кийин гана башталышы мүмкүн. Казакстандын айыл чарба министринин орун..."
KY-F01816,KY,train,RELEVANT,SCIENCE_GEN,"Глобалдык жылуулуктун Европага көбүрөөк таасири тийүүдө Глобалдык жылуулук чөлкөмдө климаттын начарлашына, деңиздерде суу деңгээлинин көтөрүлүшүнө жана башка кеспеттерге алып келип жатат. Жогорудагыдай эскертүү Европанын Айлана-чөйрө боюнча агенттигинин докладында айтылган. Анда белгиленгендей, континенттин түндүгүндө жамгырдын көптүгү, ал эми..."
KY-F01731,KY,train,RELEVANT,WATER_CRYO,Дүйнөлүк банк суу боюнча жаңы баяндамасын жарыялады Дүйнөлүк банктын 26-августта жарыяланган жаңы баяндамасы “Климат өзгөрүп жатканда сууну баары үчүн сактоо” деп аталат. Анда Борбор Азия өлкөлөрүндө сууну пайдалануу боюнча улуттук стратегиялар даярдалса да мамлекеттер ортосунда саясий пикир келишпестиктерден улам аймактык суу стратегиясын иштеп...
KY-F02102,KY,train,RELEVANT,POLICY,Сирия менен Никарагуа Париж келишимине кошулат Расмий Дамаск Париж келишимине “мүмкүн болушунча тез кол койо” турганын бул өлкөнүн экология министринин орун басары Вада Катмави Улуттар уюмунун климат боюнча Бонндогу конференциясында жарыялады. 2015-жылы келишимге 195 өлкө кол койгондо ага Сирия менен Никарагуа гана кирбей калган. Буга...
KY-F00708,KY,train,RELEVANT,POLICY,"АКШда Париж келишиминин аткарылышын колдогон топ түзүлдү 5-июнда Нью-Йорк шаарынын мурдагы мэри Майкл Блумберг миңден ашуун губернатолор, мэрлер жана бизнес өкүлдөрү өткөн аптада президент Дональд Трамп четке каккан климатты сактоо боюнча Париж келишиминин максаттарын ишке ашырууга макулдашканын билдирди. Улуттар Уюмунун баш катчысынын шаарлар жана..."
KY-F01020,KY,train,RELEVANT,AGRI_LAND,15: 26 Бүгүн чөлгө айланууга жана кургакчылыкка каршы күрөшүүнүн бүткүл дүйнөлүк күнү Бул күн дүйнө мамлекеттеринде 1994-жылдан тартып ар жыл сайын белинеп келет. Быйыл 17-июнь - чөлгө айланууга жана кургакчылыкка каршы күрөшүүнүн күнү “Кургакчылык жана климаттын өзгөрүшү – бир глобалдык коркунуч” деген аталышта белгиленүүдө. Анын алкагында БУУнун кургакчылыкка каршы күрөшүү...
KY-F00391,KY,train,RELEVANT,POLICY,"Бишкекте климатка арналган улуттук форум өтөт Парламенттин Жашыл экономика боюнча коомдук кеңеши Бишкекте климатка арналган улуттук форум уюштурууда. 17-декабрда ""Орион"" мейманканасында болчу жыйында Кыргызстандын экологиялык өнүгүүдөгү оош-кыйыш маселелери талкууланат. Уюштуруучулардын айтымында, эксперттер климатты коргоо жаатындагы..."
KY-F02326,KY,train,RELEVANT,WATER_CRYO,"БАЙЛЫКТЫН БААРЫ САРЫЖАЗДА ЖАТАТ Окумуштуулардын айтымында, соңку жылдары аба-ырайы өзгөрүп, мөңгүлөр эрий баштаганынан улам Кыргызстандагы көлдөрдүн, дарыялардын деңгээли көтөрүлүп жаткан кез. Кандай болгон күндө да 2030-жылдарга чейин Кыргызстанда суунун мол бойдон калары айтылууда. Андан соң суу деңгээли акырындан азайышы күтүлөт. Гидроэнергетика жана суу маселеси боюнча институтунун директору Дүйшөн Маматкановдун айтымында, азыркы тапта Кыргызстанда суу ресурстары мол болгондуктан аны туура пайдаланып калуу керек. Маселен, бир гана Сарыжаз дарыясы өлкөгө аябагандай мол каражат алып келет дейт окумуштуу."
KY-F02292,KY,train,RELEVANT,WATER_CRYO,Тянь-Шандын мөңгүлөрү эрип баратат
KY-F00419,KY,train,RELEVANT,POLICY,"Климаттагы өзгөрүүлөр боюнча саммит аяктады Климаттагы өзгөрүүлөр боюнча саммиттин катышуучулары энергиянын толуктанып турчу булактарын көбүрөөк пайдалануу жана өнүгүп келаткан өлкөлөргө жардам берчү фондго акча чогултуу жөнүндө макулдашты. БУУ уюштурган бир күндүк жыйында 2030-жылга чейин тропикалык токойлордун кыскарышын токтотуу,..."
KY-F01491,KY,train,RELEVANT,HEALTH_SOCIETY,"Гаагадагы нааразылык акциясында 1500дөн ашуун активист кармалды Гаагада Extinction Rebellion экологиялык кыймылы уюштурган нааразылык акциясында 1500дөн ашуун активист кармалды. Ишемби күнү алар Нидерланд өкмөтүнүн күйүүчү май өндүрүү субсидияларына нааразылык билдирип, жол тосушкан. Полициянын маалыматына караганда, алар демонстранттарды таратуу үчүн суу..."
KY-F01194,KY,train,NOT_RELEVANT,,Өлкө башчысы К.Бакиев тажик президенти Э.Рахмон менен жолугушту 28-апрелде Алма-Ата шаарында Аралды сактап калуу боюнча эл аралык кору уюштурган саммитин алкагында өлкө башчысы Курманбек Бакиев менен Тажикстандын президенти Эмомали Рахмондун ортосунда эки тараптуу жолугушуу өткөрүлдү. Кездешүү учурунда мамлекет башчылары эл аралык уюмдардын алкагында да...
KY-F01099,KY,train,RELEVANT,POLICY,"Обама АКШнын климат боюнча жаңы планын тарыхый деп атады Барак Обама бул тууралуу АКШнын көмүр менен электр кубатын өндүрүүчү жайларынан булганыч газдардын бөлүнүшүнө биринчи ирет чектөө киргизилерин жарыялап жатып билдирди: - Биздин келечекке, биздин муундардын келечегине эң чоң коркунучту климаттын өзгөрүшү жаратарына мен ишенем. Климаттын..."
KY-F00160,KY,train,RELEVANT,WATER_CRYO,"Бишкекте ""Эрип жаткан мөңгүлөрдүн бийи"" аттуу көргөзмө өтүп жатат Гапар Айтиев атындагы көркөм сүрөт музейинде ""Эрип жаткан мөңгүлөрдүн бийи"" аттуу көргөзмө коомчулуктун көңүлүн азайып бараткан мөңгүлөргө буруу, аларды сактап калуу, глобалдык жылуулук мезгилинде сууну сарамжалдык менен колдонууга чакыруу максатында уюштурулган. Саамалык 9-июлда аяктайт...."
KY-F01281,KY,train,RELEVANT,POLICY,"ГЕРМАНИЯДА ӨНҮККӨН СЕГИЗ ӨЛКӨНҮН САММИТИ БАШТАЛДЫ Германияда Өнүккөн Сегиз өлкөнүн чоң жыйыны башталууда. Үч күндүк самитте климаттын өзөрүшү көңүл борборунда болот дешет. Ошол эле убакта АКШ менен Орусиянын ортосундагы тирешүүнүн күч алышы да көпчүлүктүн көңүлүн өзүнө буруп жатат. Самиттеги ""Азаттыктын"" өз кабарчысы билдиргендей, бүгүн (6-июнда) орус президенти Путин германиянын канцлери Ангела Меркель менен жолугушууда. Анын алдында Меркель АКШнын президенти менен климаттын өзгөрүшү боюнча сүйлөшүү жүргүзгөн."
KY-R200252,KY,train,RELEVANT,POLICY,"Копенгагенде Кыргызстан төрт демилге көтөрдү Бул тууралуу Айлана-чөйрөнү коргоо жана токой чарбачылыгы боюнча Мамлекеттик агенттиктин директору Арстанбек Давлеткелдиев бүгүнкү маалымат жыйынында билдирди. Анын айтымында, Копенгагенде өткөн глобалдык климаттын өзгөрүүсү тууралуу Улуттар Уюмунун конференциясында Кыргызстандык расмий топ төрт..."
KY-F00919,KY,train,RELEVANT,POLICY,Киото протоколу 2020-жылга чейин узартылды Катардын баш калаасы Доха шаарында эки жүзгө жакын өлкөнүн өкүлдөрү катышкан конференцияда Киото протоколун 2020-жылга чейин узартуу чечимине келишти. Айлана-чөйрөнү булгаган көмүр кычкыл газын азайтуу боюнча 1997-жылы кабыл алынган бул эл аралык документтин мөөнөтү үстүбүздөгү жылдын соңунда...
KY-F00273,KY,train,RELEVANT,POLICY,"Кыргызстанда “Жашыл мурас” улуттук өнөктүгү башталды Президент Садыр Жапаров Кыргызстандагы Тоолордун экосистемасын коргоо жана климаттык туруктуулук жылынын алкагында ""Жашыл мурас"" улуттук өнөктүгү башталганын жарыялады. 12-мартта, ""Ала-Арча"" мамлекеттик жаратылыш багынын аймагында көчөт отургузуу менен өткөн иш-чарага эл аралык уюмдардын,..."
KY-F00302,KY,train,RELEVANT,WATER_CRYO,Түндүк муз океандын Канададагы жээгинен муз ажырап кетти Океандын Канададагы жээгинен аянты 50 чарчы километр келген муз ажырап кеткенин тууралуу канадалык окумуштуулар билдиришти. Алардын болжолунда жогорудагы көрүнүш - климаттагы өзгөрүүлөрдүн айныксыз далили. Муз Элсмир деп аталган аралдын жээгинен август айынын башында эле ажырап кеткен жана азыр...
KY-R200179,KY,train,RELEVANT,POLICY,Копенгагенде кызыл чеке талаш Даниянын борборунда өтүп жаткан Улуттар уюмунун климаттын өгөрүшү боюнча жыйынында Африка менен Түштүк Американын жарды мамлекеттери нааразылыгын айтышты. Сенегалдын президенти Абдулай Вад өнүккөн мамлекеттерди алардын үмүттөрүнө суу сээп атканы үчүн айыптады. Ал эми Боливиянын президенти Эво...
KY-F00873,KY,train,RELEVANT,POLICY,"Никарагуа Париж келишимине кошуларын жарыялады Никарагуа 23-октябрда климат боюнча Париж келишимине кошуларын жарыялады. Борбордук Америкадагы бул өлкөнүн вице-президенти жана биринчи айымы Розарио Мурильо тийиштүү документтерди Улуттар Уюмуна жөнөтүшкөнүн билдирди. ""Бул климаттык өзгөрүүгө жана табият кырсыктарына каршы туруудагы..."
KY-F01022,KY,train,RELEVANT,HEALTH_SOCIETY,"12:40 Бүгүн Бүткүл дүйнөлүк денсоолук күнү Буга байланыштуу саламаттык сактоо министри Марат Мамбетов маалымат жыйынын өткөрүп жер жүзүндө аба ырайынын кескин ысышына көзөмөл жүргүзбөсө адамзаат оор кырсыктарга кабылып оору-сыркоо, өлүм-житим көбөйөрүн белгиледи. Анын пикиринде адамдардын денсоолугуна глобалдык жылуулуктун тийгизген..."
KY-F00090,KY,train,RELEVANT,POLICY,"БАЛИ ФОРУМУ: ТАРАПТАР МУНАСАГА КЕЛЧҮДӨЙ БУУнун климаттын өзгөрүшүн талкуулаган форуму аяктоо алдында турат. Балидеги форумда Киото келишими кызуу талкууга алынып жатат. Бул келишимдин мөөнөтү 2012-жылы бүтөт. Евробиримдик жана өнүгүп келе жаткан өлкөлөр 2020-жылга чейин зыяндуу газ калдыктарын атмосферага чыгаруунун көлөмүн мындан он беш жылдагыга караганда 25-40 пайызга кыскартууга милдеттендирген жобону сунуш кылышты. Бирок АКШ, Жапония жана башка айрым өлкөлөр бул нормага каршы чыкты."
KY-F01395,KY,train,RELEVANT,POLICY,Кытай менен Индия климаттагы өзгөрүүлөр боюнча Копенгаген саммитинин документин жактырышты Эки мамлекет тең бул тууралуу кечээ билдиришти. Буга чейинки Киото протоколунун оордуна иштей турган келишимди жактырган өлкөлөрдүн саны 100дөн ашты. Дүйнөдө абага булганыч газды эң көп чыгарган ири мамлекеттердин ичинде азыр Орусия гана аны жактыра элек.
KY-F00063,KY,train,RELEVANT,POLICY,"Шотландияда эртең “Чоң сегиздик” тобуна кирген өлкөлөрдүн саммити ачылат АКШ президенти Жорж Буштун саммитти утурлай жасаган билдирүүсүнө караганда, Вашингтон жыйындын күн тартибиндеги маселердин бири - глобалдык климаттын өзгөрүүсү боюнча кандайдыр бир жаңы макуладашууларга барбайт. Британ телеканалына берген маегинде, Жорж Буш климаттын өзгөрүүсүн олуттуу проблема..."
KY-F01558,KY,train,RELEVANT,POLICY,"Парижде климаттын өзгөрүүсү боюнча БУУнун саммити башталды Франция баш калаасында БУУнун климаттык өзгөрүүлөр боюнча 21-жыйыны өтүп жатат. Жер жүзүндөгү экологиялык абалды коргоого багытталган көп тараптуу жаңы келишимди кабыл алуу максатын көздөгөн бул жыйын 11-декабрга чейин созулуп, ага 150дөй өлкөнүн лидерлери катышууда. Саммитке президент Алмазбек..."
KY-F01416,KY,train,RELEVANT,SCIENCE_GEN,Президент Жапаров британиялык басылмага экология боюнча маек берди Президент Садыр Жапаров Британиянын The Independent басылмасына климаттын өзгөрүүсүнүн Кыргызстанга таасири жана өлкөдөгү экологиялык абал жөнүндө маек берди. Бул тууралуу президенттин басма сөз кызматы билдирди. Анда президент Кыргызстан сыяктуу тоолуу өлкөлөрдө мөңгүлөр тездик менен эрип...
KY-F01139,KY,train,RELEVANT,WATER_CRYO,"12:00 Кыргызстан мөңгүлөрүн сактоого тийиш Мындай пикирди кыргыз өкмөт башчысы Игорь Чудинов Глобалдык экологиялык фонддун аткаруучу директору Моника Барбю менен бейшемби күнкү жолугушууда билдирип, Тянь-Шань жана Памир тоолорундагы мөңгүлөрдүн абалы ири ГЭСтер менен ТЭЦтерди курулушу менен бузулушу мүмкүн деген кооптонуу бар экендигин..."
KY-F01531,KY,train,RELEVANT,SCIENCE_GEN,Антарктикада муздун эриши тездеди Бул тууралуу окумуштуулардын эл аралык тобунун жаңы жарыяланган баяндамасында айтылат. Алардын иликтөөсү 1992-жылдан бери Антарктикада дээрлик үч триллион тонна муз жоголгонун аныктаган. Ушундан улам дүйнөдө деңиз деңгээли 1990-жылдардын башынан бери бир сантиметрге жакын көтөрүлгөн. Бул өз...
KY-F00461,KY,train,RELEVANT,WATER_CRYO,"14:11 Мөңгүлөрдүн аянтынын азайуусунан Борбордук Азия экологиялык проблемага дуушар болот Климаттын кескин ысышына байланыштуу Кыргызстан менен Тажикстандын тоолорундагы мөнгүлөрдүн аянты азая баштады. Бул тууралуу Тажикстандын Каржы министринин орун басары Жамшед Норинов БУУнун баш кеңсесинде сүйлөгөн сөзүндө билдирди. Нориновдун пикиринде, жакынкы келечекте бул аймактарда өлкөнүн..."
KY-F01857,KY,train,RELEVANT,HEALTH_SOCIETY,"БУУнун жыйынында Грета Тунберг дүйнө лидерлерин уяткарды Нью-Йоркто БУУнун Башкы Ассамблеясынын климаттын өзгөрүшүнө арналган жыйынында 16 жаштагы швециялык активист Грета Тунберг дүйнө лидерлерин жетиштүү чара көрбөй жатканы үчүн уяткарды. Ал өз сөзүндө: «Силер курулай убадаңар менен менин балалыгымды, менин кыялымды уурдадыңар! Ушуга кантип..."
KY-F00374,KY,train,RELEVANT,HEALTH_SOCIETY,"Бишкекте “350” деген аталыштагы акция өттү Бүгүн Бишкектеги тарых музейинин алдында климат кризисин алдын алууга багытталган “350” акциясы болду. Анда жаш активисттер алмадан жана эки жүзгө чукул акцияга келген адамдардан 350 санын курашып, аны бийиктиктен сүрөткө түшүрүштү. Ошондой эле ”InsideOut” жана “EastArt” уюмдары тарабынан 350..."
KY-F02338,KY,train,RELEVANT,POLICY,Кытай менен АКШ климат боюнча Париж келишимин ратификациялады Ханчжоу шаарындагы салтанатта АКШ президенти Барак Обама менен Кытайдын башчысы Си Цзиньпин ратификациялаган документтер расмий түрдө БУУнун баш катчысы Пан Ги Мунга тапшырылды. Обама “Париж келишимине кошулуу менен биз климаттын өзгөрүүсүнө каршы күрөшүү милдетин бөлүшөбүз” деди. Париж...
KY-F01302,KY,train,RELEVANT,POLICY,Садыр Жапаров Ашхабаддагы саммитте жаратылышты коргоого чакырды Кыргызстандын президенти Садыр Жапаров Ашхабад шаарында өтүп жаткан Экономикалык кызматташтык уюмунун (ЭКУ) 15-саммитинде сүйлөгөн сөзүндө уюмдагы өнөктөштөрүн жаратылышты сактап калууга чакырды. Мамлекет башчысы абадагы көмүртекти азайтууда жана жашыл экономиканы өнүктүрүүдө кызматташтыктын...
KY-F01089,KY,train,RELEVANT,WATER_CRYO,Жээнбеков Ташкенттеги жыйында суу маселесин көтөрдү Президент Сооронбай Жээнбеков 29-ноябрда Ташкентте өткөн Борбордук Азиянын мамлекет башчыларынын экинчи консультативдик жолугушуусунда аймактагы суу көйгөйүн көтөрдү. - Азыр окумуштуулар Кыргызстандагы мөңгүлөрдүн азайып баратканын белгилеп жатышат. Биздин тоолордо аймактагы суу ресурстарынын...
KY-F00842,KY,train,RELEVANT,WATER_CRYO,"“Жаңы муун” кыймылы мөңгүлөрдү сактоо боюнча митинг өткөрүүдө Акциянын катышуучулары митинг мөөнөтсүз болоорун билдирүүдө. Эколог Калия Молдогазиеванын айтымында, эгер Суу кодексине өзгөртүү киргизилсе, анын мөңгүлөр үчүн кесепети оор болот. Ал кендин өзүндө өзгөчө кырдаал жарыялап туруп, маселени жеринде чечүү зарылдыгын билдирүүдө. Жогорку Кеңеш өткөн..."
KY-F00839,KY,train,RELEVANT,POLICY,Меркел Трамптын чечимин “абдан өкүнүчтүү” деп атады Немис канцлери бүгүн парламентте сүйлөгөн президент Дональд Трамптын АКШны климат боюнча Париж келишиминен чыгаруу чечимин “абдан өкүнүчтүү” деп атоо менен анын өлкөсү 2015-жылкы келишимдеги милдеттенмесин аткарууну улантарын кошумчалады. Ангела Меркел ага катар Париж келишимин глобалдык...
KY-F00922,KY,train,RELEVANT,POLICY,"Обама климаттагы өзгөрүүнү токтотуу үчүн жаңы план сунуштады АКШ президенти Барак Обама климаттагы өзгөрүүлөрдү токтотуу, абаны булгаган көмүр кычкыл газын азайтуу жана энергияны сактоого багытталган жаңы планын сунуштады. Ага ылайык, АКШдагы электрстанцияларына абага көмүртекти каалагандай өлчөмдө бөлүүнү токтотуу каралган. Жоржтаун университетиндеги..."
KY-F01541,KY,train,NOT_RELEVANT,,"Тамак-аш адамзаттын өңү-түсүн өзгөрткөн Байыркы адамдардын өңү-түсүнө жана генине айлана-чөйрө жана климаттык шарттар эмес, байыркы кишилердин жеген тамак-ашы таасир эткен. Алыскы Церера эргежээл планетасында суунун буусу табылды. Ал эми биздин планетабызда былтыркы жыл 1880-жылдан берки эң ысык төртүнчү жыл болгону маалым болду."
KY-F00307,KY,train,RELEVANT,HEALTH_SOCIETY,"Копенгагенде нааразылык акциясы болуп атат Копенгагенде жүздөгөн адамдар нааразылык акциясына чыгышты. Алар Улуттар уюмунун климаттын өгөрүшү боюнча жыйыны олуттуу бир жыйынтыкка келе албаганына нааразылык билдиришүүдө. Бийликтердин маалыматы боюнча, полиция жыйын өтүп жаткан имаратка бараткан демонстранттарды таратуу үчүн көздөн жаш..."
KY-F02279,KY,train,RELEVANT,WATER_CRYO,"Мөңгү мыйзамына каршы акция өкмөт уюштурган талкууда уланмай болду Бишкекте мөңгүлөрдү сактап калууга арналган тынч митинг аяктады. Анын уюштуруучулары эми ушундай эле акцияны жума күнү, 10-ноябрда “Парк отель” мейманканасынын алдында улантарын билдиришти. Алардын айтымында, бүгүн Ак үй алдына чыккан митингчилердин өкүлдөрү Жогорку Кеңештин Агрардык саясат,..."
KY-R200337,KY,train,RELEVANT,POLICY,Акциялар менен коштолгон COP-26 саммити аяктады Шотландиянын Глазго шаарында БУУнун климат боюнча 26-саммити аяктады. 1-14-ноябрдагы саммиттин соңку күндөрү дүйнөдөгү кубаттуу державалар жакыр жашаган өлкөлөрдүн климаттын өзгөрүшүнө ыңгайлашуусу үчүн каражат бөлүү маселесин кызуу талкуулашты.
KY-R200059,KY,train,RELEVANT,POLICY,"АКШнын Кытайдагы элчиси Дэвид Рэнк кызматтан кетти Ал президент Трамптын климаттык өзгөрүүлөр боюнча Париж келишиминен чыгуу тууралуу чечимине байланыштуу кызматынан баш тартканы айтылууда. Маалыматтарга ылайык, Дэвид Рэнк Бээжиндеги элчилик кызматкерлерине АКШнын Париж келишиминен чыкканы тууралуу расмий маалымат жеткирүүдөн көрө, кызматын..."
KY-F00475,KY,train,RELEVANT,POLICY,"30-ноябрь, 2015-жыл Парижде Бириккен улуттар уюмунун экологиялык саммити башталды. Казакстандын президенти Нурсултан Назарбаев бугүн Астанада казак элине салттуу кайрылуусун жолдоду."
KY-R200138,KY,train,RELEVANT,WATER_CRYO,Кыргызстан Арал деңизин сактап калуу боюнча эл аралык фонддун саммитине катышат Саммитке аталган фондго мүчө өлкөлөрдүн мамлекет башчылары катышмакчы. Апрель айынын аягында Алматы шаарында өтөрү күтүлүп жаткан жыйынга Кыргызстандын президенти Курманбек Бакиев барат. Бул тууралуу “Азаттыкка” президенттик басма сөз кызматынын жетекчиси Алмаз Турдумаматов кабарлады. Ошондой...
KY-F00449,KY,train,RELEVANT,POLICY,"Кыргызстан Аярлуу климат форумуна кирди Кыргызстан Чыгыш Европа, Кавказ жана Борбор Азия өлкөлөрүнүн ичинен биринчилерден болуп Аярлуу климаттын дүйнөлүк форумуна (Climate Vulnerable Forum) кирди. 4-октябрда чыккан бул чечим тууралуу Жаратылыш ресурстары, экология жана техникалык көзөмөл министринин орун басары Бексултан Ибраимовдун..."
KY-F00267,KY,train,RELEVANT,POLICY,"Европа лидерлери АКШны Париж келишиминен чыкпоого чакырууда Президент Дональд Трамптын айтымында, АКШ глобалдык климаттын өзгөрүүсү боюнча келишимде калар-калбасы бүгүн жарыяланат. Америкалык медиа кечээ Вашингтондогу өз булактарына шилтеме жасап кабарлагандай, Трамп АКШны 2015-жылы Парижде 195 өлкө кол койгон келишимден чыгарышы мүмкүн...."
KY-R200157,KY,train,RELEVANT,POLICY,Польшада бүгүн климаттын өзгөрүшү боюнча БУУнун сүйлөшүүсү башталууда Познан шаарындагы жарым айлык жыйында булганыч газдардын абага ташталышын азайтуу боюнча 2009-жылдын аягына чейин жаңы келишим түзүү маселеси такууланат.
KY-F01821,KY,train,RELEVANT,POLICY,"ЖМК: АКШ Париж келишиминен чыкканы турат Президент Дональд Трамп АКШны климаттык өзгөрүүнү токтотууга багытталган Париж келишиминен чыгаруу алдында турганын Америка медиасы кабарлап чыкты. ""ABC-Ньюс"" каналы, ""Рейтер"" агенттиги өз булактарына таянып, президент Трамп аталган келишимден чыгууну чечкенин кабарлашты. “Ассошиэйтед пресс”..."
KY-F01403,KY,train,RELEVANT,WATER_CRYO,Изилдөө: 2100-жылы мөңгүлөрдүн 68% жоголушу мүмкүн Глобалдык климаттык өзгөрүүнүн натыйжасында 2100-жылга карата Жер шарындагы мөңгүлөрдүн 68% жоголушу мүмкүн. Эң начар прогноздо балким 83% эрийт. Бул тууралуу Science журналында жарыяланган гляциологдордун жаңы изилдөөсүндө айтылат. Окумуштуулар жер бетиндеги 200дөн ашуун мөңгүнү изилдеп...
KY-F01768,KY,train,RELEVANT,WATER_CRYO,"Мөңгү мыйзамына каршы акция өттү Бишкекте Ак үй алдында ""Суу кодексине"" сунушталган өзгөртүүлөргө каршы акция өттү. Ага жарандык активисттер, саясатчылар катышып, бул өзгөртүүлөрдү четке кагууга парламентти чакырышты."
KY-F01683,KY,train,RELEVANT,POLICY,"Блумберг Париж келишимин аткаруу боюнча коалиция түзөт Америкалык миллиардер Майкл Блумберг АКШнын климат боюнча Париж келишиминде калышын жактагандардын коалициясын түзөт. Учурда бул коалицияга 30 шаар, 3 штат, 100дөн ашык компания жана 80дей университет кирери кабарланууда. Коалициянын катышуучулары АКШнын климаттын өзгөрүшүнө каршы Париж..."
KY-F01076,KY,train,NOT_RELEVANT,,Кытай Орусиянын газын жагат Журналисттин ишин иликтөөдө жаңы жайгдайлар ачыкка чыкканы өкмөт кризиске кептелди. Испаниянын баш калаасы Мадридде Улуттар Уюмунун климаттын өзгөрүшүнө арналган эки жумалык саммити башталды.
KY-F01652,KY,train,RELEVANT,POLICY,"БУУнун башкатчысы климат боюнча чара көрүүгө чакырды Пан Ги Мундун айтымында, эгер дүйнө климаттагы өзгөрүүлөргө каршы күрөшүү үчүн шашылыш чара көрбөсө, “туңгуюкту көздөй багыт алат”. Ал бул тууралуу бүгүн Женевада, климаттагы өзгөрүүлөргө арналган конференцияда 150дөй өлкөнүн өкүлдөрүнө кайрылган учурунда белгиледи. БУУнун башкатчысы ага катар..."
KY-F01353,KY,train,RELEVANT,HEALTH_SOCIETY,"8:15 Бүткүл дүйнөлүк денсоолук күнү белгиленет Баш калаада 5-7 апрелде Бүткүл дүйөлүк денсоолук күнү белгиленет. Бишкек мэриясынын басма сөз кызматынын маалыматына караганда бул күнү “Климаттын өзгөрүшүнөн ден соолукту сактайбыз” деген ураан астында райондордо, жаңы конуштарда, мектеп окуучуларынын, студенттердин арасында чың денсоолукта..."
KY-R200349,KY,train,NOT_RELEVANT,,"Президент Атамбаев Париждеги теракттын курмандыктарын эскерди Бүгүн Кыргызстандын мамлекет башчысы Алмазбек Атамбаев 13-ноябрдагы террордук кол салуунун курмандыктарын эскерип, өзүнүн жана Кыргызстан элинин атынан гулчамбар койду. Президент Атамбаев 30-ноябрда Париждеги БУУнун климаттын өзгөрүшүнө арналган конференциясына катышып, өз сөзүндө мөңгүлөрдүн..."
KY-F02067,KY,train,RELEVANT,POLICY,"Ош, Баткендеги өкмөт өкүлдөрү ПРООН менен жаңы долбоорлорду баштайт Ош облусунда ишке кирери күтүлүп жаткан “Санариптик көндүмдөрдү өнүктүрүү” жана Баткен облусунда ишке ашуучу “Климаттын өзгөрүшүнө туруктуулукту бекемдөө” долбоорлору боюнча бүгүн тараптар журналисттерге басма сөз жыйынын өткөрүшөт. Мындан тышкары жыйында ""Орусия ПРООН” трасстык фонду каржылаган..."
KY-F02138,KY,train,NOT_RELEVANT,,"“Мөңгүлөр жөнүндө” мыйзамды өзгөртүү сунушталууда Мындай демилгени ЖК депутаты, КСДП фракциясынын мүчөсү Эркингүл Иманкожоева бүгүн парламентте ""Кендер тууралуу"" мыйзам долбоору каралып жатканда көтөрдү. Анын айтуусунда бул мыйзам өзгөртүлсө, Кумтөр ишканасын алтын кенин иштетүүнү ачык эмес, жер алдында жүргүзүүгө мажбур кылмак: - Учурда..."
KY-F00166,KY,train,RELEVANT,AGRI_LAND,"Орусия башка өлкөлөргө буудай чыгарууга чек койду Мындай чектөө бери дегенде ушул жылдын аягына чейин сакталат дагы Орусиянын ичиндеги тамак-аштын кымбатташына жол бербөө аракетин көздөйт. Орусия буудай өскөн аймактарындагы быйылкы кургакчылыктын айынан жылына өндүргөн буудайдын төрттөн үч гана бөлүгүн алды. Орусия дүйнөдөгү буудай, сулуу, арпа..."
KY-F02225,KY,train,RELEVANT,POLICY,COP-26: Кыргызстандын жаштарынын атынан жалгыз делегат катышты Глазгодо өз ишин аяктаган Бириккен Улуттар Уюмунун климаттык өзгөрүүгө байланыштуу тараптардын 26-саммитине Кыргызстандагы жаштардын атынан студенттеринин жашыл экономика үчүн коомдук бирикмесинин директору Омар Дайыров жалгыз өзү катышты. Ал саммиттеги жаштардын кайрылууларына арналган...
KY-F01588,KY,train,NOT_RELEVANT,,"ТҮНДҮК МУЗ ОКЕАНЫНА ЭЭЛИК КЫЛУУ БОЮНЧА СҮЙЛӨШҮҮ БАШТАЛДЫ Элеонора Бейшенбек кызы, Прага Арктиканы бойлой жайгашкан беш мамлекет Түндүк муз океанын бөлүп алуу боюнча сүйлөшүүлөр башталды. Гренландиядагы эки күндүк жыйынга Канада, Дания, Норвегия, Орусия жана АКШнын өкүлдөрү катышып жатат. Глобалдык жылуулуктун таасири менен муздун --> http://rfe.azattyk.org/rubrics/society/ky/2008/05/20B52F3C-AD2E-4647-BAAA-43394EC07408.asp калың катмарлары ээрип, океан түбүндө жаткан мунай баштаган чийки заттардын мол байлыгына жол ачылчудай. Эми кайсы мамлекет канча үлүштөгү байлыкка ээлик кылаарын чечүү гана калды окшойт."
KY-F01050,KY,train,NOT_RELEVANT,,"""Гринпистин"" жетекчиси Путин менен жолуккусу келет ""Гринпис"" эл аралык уюмунун жетекчиси Куми Найду президент Владимир Путин менен жолугушууну кааларын билдирди. Бир нече апта мурун айлана-чөйрөнү коргоо уюмунун 30 чакты активисти “Газпромдун” Арктикада мунай өндүрүшүнө каршы акция өткөрүп жаткан кезинде орус күч структуралары тарабынан..."
KY-R00498,KY,train,NOT_RELEVANT,,Бүгүн Брюсселде Европа Биримдигинин саммити өтүп жатат Анда дүйнөдөгү экономикалык кризис жана глобалдык жылуулук проблемалары талкууланууда.
KY-00006,KY,train,RELEVANT,POLICY,Президент: Климаттын өзгөрүшүнө ыңгайлашуу үчүн Кыргызстанга $3 миллиард керек - | 24.KG Климаттын өзгөрүшүнө ыңгайлашуу үчүн Кыргызстанга $3 миллиард керек. Бул тууралуу өлкө президенти Садыр Жапаров Шотландиянын Глазго шаарында өтүп жаткан климаттын өзгөрүшүнө арналган COP26 саммитинде 2-ноябрда сүйлөгөндө айтты.
KY-F00132,KY,train,RELEVANT,POLICY,"""Талибан"" биринчи жолу БУУнун климаттык конференциясына катышат ""Талибан"" кыймылынын өкүлдөрү Ооганстандагы бийликти 2021-жылы кайра басып алгандан бери алгачкы жолу Бириккен Улуттар Уюмунун (БУУ) климаттык ири конференциясына катышканы жатат. Бул тууралуу 10-ноябрда Ооганстандын Айлана-чөйрөнү коргоо боюнча улуттук агенттиги билдирди. БУУнун климаттык..."
KY-F01511,KY,train,NOT_RELEVANT,,"Кыргызстанда дүйнөнүн муз аллеясы ачылышы мүмкүн Мындай сунушту Г.Мерцбахер атындагы “Мөңгү” коомдук фондунун жетекчиси Үрүстөм Кабылбеков бүгүн экология жана муздарды коргоого арналган тегерек үстөлдө билдирди. Анын айтымында, Кыргызстанга муз аллеясын ачуу туристтерди тартуунун жакшы жолу болуп бермек. “Бул долбоордун жардамы менен глобалдык..."
KY-F00303,KY,train,RELEVANT,SCIENCE_GEN,"ЖЕР БАСЫМЫНЫН ЫСЫШЫН ТОКТОТУУ ҮЧҮН КООМ ӨЗГӨРҮШҮ ЗАРЫЛ Жердин абасы ысып атабы? Ысыса адам баласынын кылганынанбы? Же бул табигаттын өзүндө боло жүрчү көрүнүшпү? Анын кесепеттери катастрофага алып келеби же акырындык менен өтүп кетеби? Бириккен Улуттардын Климаттын өзгөрүшү боюнча өкмөттөр аралык комиссиясынын бир эмес, төрт отчетун жарыялагандан кийин ушуга окшогон ондогон жылдан берки бүтпөс талаштарга чекит койгондой болду."
KY-F00626,KY,train,RELEVANT,POLICY,"Дүйнө лидерлери климаттын өзгөрүшүн талкуулайт Лидерлер бул маселени Бириккен улуттар уюмунун алкагында талкуулашат. Уюмдун баш катчысы Пан Ги Мун 120дан ашуун өлкөнүн лидерлерин климаттын өзгөрүшүнө байланыштуу жаңы чараларды көрүүгө чакырды. - Климаттын өзгөрүүсү - өтө кыйынчылык менен жетишилген тынчтыкка, бакубатчылыкка, миллиарддаган..."
KY-R200368,KY,train,RELEVANT,HEALTH_SOCIETY,Лейлек: Климат көчмөндөрү “Данисте” бул жолу Баткен облусунун Ак-Терек айылынан журт которууга аргасыз болгон экологиялык мигранттар тууралуу айтып берет. 300дөй түтүн жашаган айылдын 10% чукулу талкаланган үй-жайын таштап кетүүгө мажбур болгон.
KY-F00700,KY,train,RELEVANT,POLICY,Мэттис: Трамп Париж келишимин талкуулоо үчүн ачык Президент Трамп климаттын өзгөрүүсү боюнча кабыл алынган Париж келишимин талкуулоого “ачык” экенин коргоо министри Жеймс Мэттис 28-майда СВS телеканалына берген маегинде айтты. 27-майда Трамп Твиттер баракчасына “Париж келишими боюнча акыркы чечимди кийинки аптада кабыл алам” – деп жазган....
KY-F01248,KY,train,RELEVANT,POLICY,"Париж: Дүйнө лидерлери климаттын өзгөрүшүн талкуулайт Франциянын борбору Парижде Бириккен улуттар уюмунун климаттын өзгөрүүсүнө байланыштуу 21-конференциясы башталууда. Ага 150дөн ашуун мамлекеттин президент жана өкмөт башчылары катышууда. ""Азаттыктын"" кабарчысы Замира Кожобаеванын билдиришинче, катышуучу лидерлерди БУУнун баш катчысы Пан Ги Мун..."
KY-F01782,KY,train,RELEVANT,POLICY,"АКШнын климат боюнча атайын өкүлү болот Буш администрациясынын саясатынан дагы бир ажырымга жол салып, АКШнын Мамкатчысы климаттын өзгөрүшү боюнча атайын өкүл дайындады. Хиллари Клинтон ошондой эле айлана-чөйрөнү коргоо саясатын багыттоодо Обаманын администрациясы АКШга болгон ишенимди жана анын лидерлик ролун калыбына келтирет деп ишендирди."
KY-F01924,KY,train,RELEVANT,HEALTH_SOCIETY,«Time» журналы Грета Тунбергди «Жылдын адамы» деп тапты Америкалык «Time» журналы экологияны коргоо боюнча өспүрүм активист Грета Тунбергди «Жылдын адамы» деп тапты. Бул журналдын тарыхында анын баасын алган эң жаш адам болуп калды. «Time» журналы 16 жаштагы швециялык өспүрүмдү «Жыл адамы» деп табууда анын климаттын глобалдык өзгөрүшүнө каршы демилге...
KY-R00600,KY,train,NOT_RELEVANT,,"Обама атомдук электр станция курганга 8 миллиард доллар бөлдү Жоржия Штатында курулчу АЭСтин курулушунда, Барак Обаманын билдиришинче, миңдеген адамдар иштешет жана станция болочокто 800 адисти туруктуу иш менен камсыздайт. “Бул коопсуз, экологиялык жактан таза жана энергетикалык жактан эффективдүү технологияны өнүктүрүүгө жаңы чыйыр салат”, деди президент..."
KY-F00373,KY,train,RELEVANT,HEALTH_SOCIETY,COP-26: Глазгодо он миңдеген киши демонстрацияга чыкты Шотландиянын Глазго шаарында 5-6-ноябрда он миңдеген адам климаттык адилеттүүлүктү талап кылган демонстрацияга чыгышты.
KY-F01431,KY,train,RELEVANT,POLICY,"Улуттар уюмунда бүгүн климаттын өзгөрүшү боюнча саммит болот Ага 80дей мамлекет башчысы, 154 өлкөнүн расмий өкүлдөрү катышары күтүлүүдө. БУУнун башкатчысы Пан Ги Мун өткөрүп жаткан бул конференциянын максаты глобалдык жылуулукка өбөлгө болгон булганыч газдардын өлчөмүн кыскартуу боюнча мунаса табуу. Буга чейин ушул багытта кабыл алынган эл аралык документ..."
KY-F01601,KY,train,RELEVANT,POLICY,"Евробиримдиктин лидерлери Жер климатынын өзгөрүшү боюнча эскертүү жарыялашты Брюсселдеги жыйындын соңунда алар абаны өзгөчө көп булгаган мамлекеттер бирдиктүү аракет көрүүгө макулдашпаса, кырдаал көзөмөлдөн чыгып кетээрин эскертишти. Евробиримдикке кирген өлкөлөр булгач газдарды азайтуу боюнча өзүнүн иш-аракеттерин тактап жатышат. Бирок бардык мамлекеттер бирдиктүү..."
KY-C00430,KY,train,RELEVANT,WATER_CRYO,Мөңгүлөрдү иштетүүгө уруксат берген мыйзамды жокко чыгаруу сунушу сотто каралат - | 24.KG Бишкек шаардык райондор аралык соту Суу кодексине киргизилген акыркы өзгөртүүлөрдү жокко чыгаруу боюнча «Демократия жана жарандык коому үчүн» коалициясынын арызын карайт. Бул тууралуу укук коргоочу Азамат Адилов.
KY-R200195,KY,train,RELEVANT,WATER_CRYO,АРАЛ ДЕҢИЗИН КАЛЫБЫНА КЕЛТИРҮҮ БОЮНЧА ЖЫЛЫШТАР Казакстандын өкмөтү Дүйнөлүк Банкка Арал деңизин сактап калуу аракеттеринин экинчи баскычына жаңы карыз сурап кайрылды. 40 жылдай соолуп келген деңиз соңку 2-3 жылда кайра толо баштаганы маалым. Адистердин болжолунда Аралдын түндүк бөлүгү 40 пайызга калыбына келди. Бирок Өзбекстанга караган түштүк бөлүгү мурдагыдай эле бөксөрүп жатат.
KY-F00588,KY,train,RELEVANT,POLICY,"БУУнун климат форумунда жер абасынын ысышы боюнча келишимди 2009-жылга карата түзүү макулдашылды ""Жол картасы"" тууралуу макулдашуу америкалык делегация өз каршылыгынан баш тарткандан кийин жетишилди. Пландалган келишим жер абасын ысыткан булганч газдарды кыскартуу тууралуу2012-жылга чейин эсептелинген Киото келишиминин мөөнөтү 2012-жылы аяктагандан кийин күчүнө кирет."
KY-R00234,KY,train,RELEVANT,AGRI_LAND,"АЗЫК-ТҮЛҮК КААТЧЫЛЫГЫНАН ЧОЧУГАНДАР КӨБӨЙДҮ Ош облусунун көпчүлүк райондорунда оруп-жыюу өнөктүгү кызыды. Жергиликтүү дыйкандар жана эксперттер быйылкы кургакчылыктан улам түшүм ойдогудай болбой жаткандыгына кейип, мамлекет чукул арада чара көрбөсө, азык-түлүк каатчылыгы күтүлөт деп кооптонушууда. Ошол эле учурда бийлик башчылары былтыркыдай тартыштыкка жол берилбейт деген ишенимде."
KY-R00037,KY,train,RELEVANT,ENERGY,"Баткен: альтернативдүү электр кубаты тууралуу талкуу өттү Аймакта иш алып барган эл аралык донордук уюмдардын, жергиликтүү бийлик өкүлдөрүнүн жана ишкерлердин катышуусунда электр энергиясынын альтернативдүү жолдорун изилдөөгө багытталган кеңешме өттү. Кеңешменин жүрүшүндө эл аралык донордук уюмдардын өкүлдөрү Баткен облусунда алар тарабынан ишке..."
KY-F00949,KY,train,RELEVANT,SCIENCE_GEN,"2100-ЖЫЛЫ АЛАТООДО АФРИКАНЫН КЛИМАТЫ ОРНОЙТ, БАНАН ӨСӨ БАШТАЙТ Акыркы 100 жылдыкта климаттын глобалдык түрдө ысышынын натыйжасында кар менен муздун жалпы көлөмү 10-15 пайызга азайып, кыштын орточо узактыгы эки жумага кыскарып, суу ташкындары көбөйдү. Климаттын ысышы Борбор Азиядагы суу ресурстарынын орчундуу бөлүгү жайгашкан Кыргызстандагы жаратылышка, тоо дарыяларына жана мөңгүлөргө да сезилерлик таасир этүүдө. Изилдөөчүлөрдүн божомолу боюнча 2100-жылы Кыргызстанда субтропикалык климат орноп, Бишкекте цитрус өсүмдүктөрү алма-алчадай эле өсүп калышы мүмкүн. Ал эми кыш өтө жумшак болуп, кар дээрлик түшпөй калышы да ыктымал. Жай болсо айрыкча ысык жана узак келип, эки жолу түшүм алса болот."
KY-F01501,KY,train,RELEVANT,SCIENCE_GEN,"БЫЙЫЛКЫ СУУК БИР ТОП МАСЕЛЕ ЖАРАТТЫ Нарын АЙЫП, Прага Акыркы күндөрдө мурда болуп көрбөгөндөй суук Орусияга гана эмес, бир топ европалык мамлекетке да келди жана кээ бир өлкөлөр өз өндүрүшүнүн ишин да басаңдатты. Айрым эксперттер болсо, мындай көрүнүш планета климатынын жалпысынан жылып баратканына каршы келет деген пикир айтты."
KY-F00468,KY,train,RELEVANT,POLICY,"БУУнун климаттын өзгөрүшүнө арналган дүйнөлүк жыйыны ишин баштайт Бүгүн, 1-ноябрда Шотландиянын Глазго шаарында Бириккен Улуттар Уюмунун (БУУ) климаттын өзгөрүшүнө арналган дүйнөлүк жыйыны ишин баштайт. 12-ноябрга чейин өтө турган конференцияга Кыргызстандын президенти Садыр Жапаров баштаган делегация да катышат. Анын курамында тышкы иштер министри Руслан..."
KY-F00226,KY,train,NOT_RELEVANT,,"Садыр Жапаров креативдүү индустрия жаатында ЮНЕСКОдон колдоо сурады Президент Садыр Жапаров Бишкекте 8-июнда ЮНЕСКОнун башкы директору Одрэ Азуле менен жолукту. Анын басма сөз кызматынын билдиришинче, анда климаттын өзгөрүшүнүн кесепетин алдын алуу, маданий жана тарыхый мурастарды сактоо жана өнүктүрүү жаатында кызматташуу маселелери тууралуу пикир алмашуу..."
KY-F02062,KY,train,RELEVANT,WATER_CRYO,"Садыр Жапаров Глазгодо мөңгүлөрдү сактап калуу маселесин көтөрдү Кыргызстандын президенти Садыр Жапаров Шотландиянын Глазго шаарында өтүп жаткан климаттын өзгөрүшүнө арналган COP26 саммитинде мөңгүлөрдү сактап калуу маселесин козгоду. Жапаров эл аралык жыйында 2-ноябрда сөз сүйлөдү: ""Кыргызстан үчүн кылымдардан бери келе жаткан мөңгүлөрдү, суу ресурстарын..."
KY-R200103,KY,train,RELEVANT,AGRI_LAND,Бурундиде 600 миңдей адам ачка жашайт Борбордук Африкадагы Бурунди өлкөсүндө ачарчылыкта күн кечирип жаткан адамдар 600 миңге чамалады. Бириккен Улуттар Уюмунун Азык-түлүк программасы бул сан жакын арада 700 миңге жетиши ыктымалдыгын билдирүүдө. Бурундинин түндүк жана чыгыш тарабындагы эл былтыркы кургакчылыктан жана суу...
KY-R200249,KY,train,RELEVANT,WATER_CRYO,18:00 Ош аймагында дыйканчылыкка керектелчү суу тартыш Ош облус губернаторунун орун басары Болот Бүргөeв аймактагы көйгөйдү мындайча жарыя кылды: “ Жылдан жылга мөңгүлөр азайып бара жатат. Кар аз жаап жатат. Ошол эле Папанга Ак-Буура дарыясы сууну аз куюууда. Быйыл дагы азайды. Дыйкандары көп райондорго маал-маалы менен суу берип жатабыз. Найманда...
KY-F00317,KY,train,NOT_RELEVANT,,"Чоң Сегиздин саммитинде бүгүн расмий сүйлөшүүлөрдүн алгачкы күнү Германиянын Хайлигендамм шаарындагы жыйында талкууланчы башкы маселер – глобалдык жылуулукка каршы күрөшүү, Сербиянын Косово провинциясынын болчок статусу жана Ирандын өзөктүк программасы. Чоң Сегиздин саммитине ошондой эле миңдеген антиглобалисттер да жыйыналды. Бүгүн полициянын катерлери..."
KY-F00342,KY,train,RELEVANT,WATER_CRYO,"АРАЛ ЭКОЛОГИЯСЫН ЖАКШЫРТУУ АРАКЕТТЕРИН ГЕРМАНИЯ КОЛДООГО АЛУУДА Өзбекстандын Хорезм дубанында пахтанын ордуна боек берүүчү баалуу өсүмдүктү өстүрүү долбоору ишке киргизилүүдө. Ал соолуп бараткан Арал деңизинин айланасындагы калктардын турмуш деңгээлин көтөрүп, экологиялык алааматтын кесепеттерин азайтуу максатын көздөйт. Германиянын Өнүктүрүүнү изилдөө борборунун катышуусу менен жүргүзүлүп жаткан долбоордо башка да баалуу табылгалар жок эмес."
KY-F00512,KY,train,NOT_RELEVANT,,"Жапония Кыргызстанга эки ири долбоорго 8 млн. доллар бөлмөй болду Жапон өкмөтү Кыргызстанга эки ири долбоорду ишке ашырууга 8 миллион доллар бөлмөй болду. Бул тууралуу макулдашууларга 11-мартта Бишкекте кол коюлду. Бөлүнгөн сумманын 4 миллиону өлкөдөгү шайлоо системасын жакшыртууга, калган 4 миллиону өзгөчө кырдаалдар шартында жана климаттын өзгөрүү..."
KY-F02051,KY,train,RELEVANT,SCIENCE_GEN,"Дүйнөнүн ар тарабында бүгүн “электрсиз саат” өткөрүлөт Гринвич убактысы боюнча кечки саат 8де 35 өлкөдөгү 370тей шаарды электр жарыгы бир саатка өчүрүлөт. Глобалдык жылуулук, климаттагы чоң өзгөрүүлөргө каршы бул акция, уюштуруучулардын айтымында, энергияны үнөмдөө канчалык маанилүү экенин эске салууну көздөйт."
KY-R200108,KY,train,RELEVANT,SCIENCE_GEN,Бишкекте климаттык фестиваль өтүп жатат Бишкектеги Э. З. Гареев атындагы Ботаникалык бакта климаттык фестиваль өтүп жатат. Алгачкы жолу өтүп жаткан иш-чара «Жашоо климаты» долбоорунун алкагында Бишкек мэриясы менен чогуу уюштурулуп жатат. Фестивалда Туруктуу өнүгүү үчүн жашыл альянстын жана айлана-чөйрөнү коргоо тармагындагы...
KY-F01026,KY,train,RELEVANT,WATER_CRYO,"""Жасалма мөңгү экологияны калыбына келтирүүгө жардам берет"" Абдималик Эгембердиев кайдыгер эмес жарандардын тобу менен бирге Кыргызстан боюнча он жасалма мөңгүнү ишке киргизүү аракетинде. Мөңгүлөр күн жылыганда эрип, жайыттарга жан киргизип, айдоо жерлердин сугат суусун камсыздайт."
KY-F00874,KY,train,RELEVANT,POLICY,Европарламент климат боюнча Париж келишимин жактырды 1-октябрда Евробиримдикке мүчө өлкөлөрдүн айлана-чөйрөнү коргоо министрлери келишимге кол коюшкан эле. БУУнун баш катчысы Пан Ги Мун муну тарыхый добуш берүү деп атады. Еврокомиссиянын айлана-чөйрө маселелери боюнча комиссары Мигель Ариас Канете эми өкмөттөр алдында уулуу газдарды абага...
KY-F00341,KY,train,RELEVANT,POLICY,"“Тоо чакырыктары-2013” конференциясы өтүүдө Парламентте бүгүн «Тоо чакырыктары - 2013: жаратылыш кырсыктары, климаттын өзгөрүүсү, тоолуу райондогу суу» аттуу эл аралык конференция башталды. Жаратылыш кырсыктарынын, климаттык өзгөрүүлөрдүн себептерин талкуулоого арналган иш-чараны Жогорку Кеңештин Эл аралык иштер боюнча комитети менен..."
KY-F00036,KY,train,RELEVANT,WATER_CRYO,"8:08 Бүгүн Бишкекте мөңгү көлдөрүнүн проблемалары талкууланат Бүгүн Бишкекте Борбор Азиядагы жырылып кетүү коркунучу бар мөңгү көлдөрүнүн проблемалары талкууланганы жатат. Ага Кыргызстандагы, Өзбекстандагы, Тажикстандагы, Казакстандагы жана Орусиядагы Өзгөчө кырдаалдар министрликтеринин, илимий мекемелердин адистери жана Европадагы чыгаан окумуштуулар..."
KY-F01043,KY,train,RELEVANT,POLICY,"Экологиялык коопсуздукту камсыз кылуу тууралуу жарлыкка кол коюлду Президент Садыр Жапаров 19-мартта «Экологиялык коопсуздукту жана климаттык туруктуулукту камсыз кылуу боюнча чаралар жөнүндө» жарлыкка кол койду. Ага ылайык, экологиялык коопсуздукту камсыз кылуу, улуттун саламаттыгын сактоо, элдин жана келечек муундардын кызыкчылыгы үчүн өлкөнүн жаратылыш..."
KY-F02182,KY,train,RELEVANT,WATER_CRYO,"АРАЛ АРМАНЫ- АЙМАК АРМАНЫ Чолпон Орозобекова, Прага Өзбекстан менен Казакстандын ортосунда созулуп жаткан Арал деңизи бир убакта чоңдугу боюнча дүйнөдөгү төртүнчү көл болчу. Учурда Арал деңизинин көлөмү эки эсе кичирейди. Бул экологиялык алаамат жергиликтүү калктын саламаттыгына терс таасирин тийгизүүдө."
KY-F00913,KY,train,RELEVANT,POLICY,Кыргызстан Глазгодогу климаттык конференцияда өз милдеттемесин сунуштайт Кыргызстан 31-октябрдан 12-ноябрга чейин Шотландиянын Глазго шаарында өтө турган Бириккен Улуттар Уюмунун климат боюнча сүйлөшүүлөрүнө улуттук милдеттенмесин сунуштады. Бул тууралуу БУУнун Өнүктүрүү программасынын Кыргызстандагы өкүлчүлүгү кабарлады. 26-октябрда Бишкекте өткөн жыйынга...
KY-F00749,KY,train,RELEVANT,SCIENCE_GEN,"Алдыдагы 40 жылда дүйнөдө климат өзгөрөт, экономика жайлайт Бул тууралуу адамзат болочокто кабылуучу көйгөйлөрдү анализдөө менен алектенген эл аралык уюм - Рим клубунун жаңы жарыяланган баяндамасында айтылат. Алардын болжолунда алдыдагы 40 жылда дүйнө климаттын өзгөрүүсүнүн жана экономикалык төмөндөөнүн кесепеттерин тартат. Рим клубунун..."
KY-00634,KY,train,NOT_RELEVANT,,"Чаткалда көпүрөнү сел алып, 40тан ашык чет элдик турист жайлоодо калды Чаткалдагы Каныш-Кыя айыл аймагынын Чакмак-Суу айылындагы Кара-Токой тилкесинде жайлоого барган жолдо көпүрөнү сел алып кетти. Анын кесепетинен 38 чет элдик жаран ара жолдо калды. Мындай маалыматты Жалал-Абад облустук администрациясы билдирди. Окуя 5-июль түшкү саат 1де болгон. Маалыматка ылайык, нөшөрлөп жааган жаандан улам дарыядагы суунун көлөмү көтөрүлүп, анын кесепетинен көпүрө жарактан чыкты. Азыркы тапта ара жолдо калгандардын бири айланма жол аркылуу өткөрүлүп, Талас облусуна жеткирилген. Ал эми калган туристтер суунун көлөмү азайышын күтүп, Арпа-Төктү жайлоосунда чатыр тигип жатат. Аларга Каныш-Кыя айыл өкмөтү тамак-аш уюштуруп берген. Ошондой эле азыркы учурда аларды жогорку жактагы жөө адамдар өтүүчү көпүрө аркылуу өткөрүү аракети жүрүүдө. Суу алган көпүрөнү калыбына келтирүү иштери жүрүүдө. Окуя болгон жерде Орусия, Казакстан жана Кыргызстандын 40тай жараны бар экени кошумчаланды. Расмий маалыматка ылайык, Кыргызстанда ушул жылы 283 сел кырсыгы катталды."
KY-F00804,KY,train,RELEVANT,POLICY,Польшанын Познань шаарында Улуттар уюмунун климаттык өзгөрүүлөр боюнча жыйыны аяктады 12 күндүк талкууларга 190дөй мамлекеттин өкүлдөрү катышты. Бирок анда кедей өлкөлөргө жердин глобалдуу ысышы менен күрөшүү үчүн 60 миллион доллар бөлүп берүү чечиминен башка ири прогресске жетишлген жок. БУУнун баш катчысы Пан Ки Мун Европа мамлекеттерин жана АКШны алааматты алдын алуу күрөшүн...
KY-F00186,KY,train,RELEVANT,WATER_CRYO,"Хорст: Мөңгүлөр жылына жарым метрге жукарууда Кыргызстандын Суу кодексине жакында киргизилген өзгөртүүлөр өлкө аймагындагы мөңгүлөрдүн келечегине дагы бир жолу көңүл бурдурду. Кыргызстандын мөңгүлөрүн иликтеген адис, Швейцариядагы Цюрих университетинин кызматкери Хорст Махгут (Horst Machguth) бизге маек берди."
KY-F01881,KY,train,RELEVANT,POLICY,Дүйнөнүн ири өлкөлөрү абанын жылышы алып келген зыяндын өлчөмүн аныктайт Германиянын Потсдам шаарында өнөр жайы өнүккөн жана өнүгүп бараткан 13 өлкөнүн айлана чөйрөнү коргоо министрлеринин 2 күндүк жыйыны өтүүдө. Жума күнү министрлер климаттын глобалдык өзгөрүүсүнүн таасирин изилдөө боюнча жаңы демилге кабыл алышты. Ага ылайык климаттын өзгөрүүсүнүн биологиялык көп...
KY-F00404,KY,train,RELEVANT,ENERGY,Баткенде облустук бийлик имараты күн энергиясы менен камсыздалат Президенттин Баткен облусундагы ыйгарым укуктуу өкүлүнүн аппараты жайгашкан имаратка күн панелдери орнотулду. 20 кВт кубаттуулуктагы панелдерди орнотуу иштери Баткен облустук бийлиги менен Кытайдын “Sun Energy Co” компаниясынын кызматташуусу алкагында ишке ашканы кабарланды. “Бул демилге...
KY-F00905,KY,train,RELEVANT,POLICY,Президент Жапаров Глазгодо дүйнө лидерлеринин саммитине катышат Президент Садыр Жапаров 1-2-ноябрда Британиянын Глазго шаарында БУУнун климаттын өзгөрүшүнө арналган конференциясына катышат жана дүйнө лидерлеринин саммитинде кайрылуу жасайт. Бул тууралуу Президенттик админстрациядан кабарлашты. Кыргызстан климат боюнча сүйлөшүүлөргө улуттук милдеттенмесин...
KY-F02226,KY,train,RELEVANT,WATER_CRYO,"Гренландиянын мөңгүлөрү тез ээрип жатканын илимпоздор тастыкташты Дүйнөдө аба ырайы ылып бараткандан улам Гренландиянын эң чоң эки мөңгүсү акыркы кезде тез эрий баштаган. Уэльстин Свансии университетинин соңку изилдөөсүнө караганда, мөңгүлөр байкоо башталган 1990-жылдан бери кийинки эки жылда эки эсе ылдам ээриген. Амирбек Азам уулу, Прага"
KY-F00070,KY,train,RELEVANT,POLICY,"Баткенде климаттын өзгөрүшүнө ыңгайлашуу маселеси талкууланды Жаратылыш ресурстары, экология жана техникалык көзөмөл министрлиги менен БУУнун Дүйнөлүк азык-түлүк программасы (БУУ ДАТП) климаттын өзгөрүшүнө ыңгайлашуу боюнча тажрыйба алмашуу үчүн үч облустун өкүлдөрүнүн жолугушуусун уюштурду. Иш-чарага министрликтин, кайра иштетүү, өнөр жайынын өкүлдөрү..."
KY-F00223,KY,train,RELEVANT,ENERGY,Кытай чет өлкөлөрдө көмүр менен иштеген станцияларды курбайт Кытайдын президенти Си Цзинпин анын өлкөсү чет мамлекеттерде көмүр менен иштеген станцияларды мындан ары курбайт деп билдирди. Кытай лидери БУУнун Башкы ассамблеясында видео аркылуу жасаган кайрылуусунда климаттын өзгөрүшүн алдын алууга байланыштуу бир топ убадаларды берди. Кытай дүйнөдө...
KY-F00705,KY,train,RELEVANT,WATER_CRYO,"БАЛКАШ АРАЛДЫН ТАГДЫРЫН КАЙТАЛАЙБЫ? Еврошаркеттин жана эл аралык уюмдардын өкүлдөрү 21- мартта Казакстандын Алматы шаарында жолугушуп, дүйнөнүн эң ири тузсуз көлдөрүнүн бири Балкашты сактап калуу маселесин талкуулашат. Тузсуз болгондуктан бул көлдүн суусунун 20 процентин калк ичүү үчүн алат. Көл суусунун керектөөсү чоңойуп бараткандыктан, экологдор Балкаш Арал деңизинин тагдырына дуушар болушу ыктымал деп жатышат."
KY-F00808,KY,train,RELEVANT,WATER_CRYO,"Кытайда дүйнөдөгү эң бийик тоолордун мөңгүлөрү тез эрип жатат Жер абасынын ысышына байланыштуу, Чингай-Тибет тоо кыркалары жылыга 7 пайызга жукарууда. ""Бул процесс бара-бара Тибетти жана анын айланасын чөлгө айлантышы мүмкүн"" деп жазды Синхуа кабар агенттиги."
KY-F02081,KY,train,RELEVANT,DISASTER,"Ооганстан кургакчылыктан улам чукул жардамга муктаж БУУнун өкүлү Маноел де Алмейда Силванын бүгүн Кабулдагы басма сөз жыйында билдиргенине караганда, Ооганстанга акыркы алты жылдагы кургачылыктын кесепеттери менен күрөшүү үчүн тезинен 71,3 миллион доллар керек. Ал белгилегендей, азыркы кургакчылык Ооганстандын тарыхындагы эң узак жана эң оор..."
KY-F00870,KY,train,RELEVANT,POLICY,"АКШда АЙРЫМ КОМПАНИЯЛАР КИОТО КЕЛИШИМИНИН ТАЛАБЫНА ЫЛАЙЫК ИШТӨӨДӨ Киото протоколу бүгүнтөн (шаршембиден) тартып күчүнө кирүүдө. Айлана-чөйрөнү коргоого багытталган бул келишимге Кошмо Штаттар кошулган жок. Бирок расмий Вашингтондун бул эл аралык келишимге каршы болгонуна карабастан, өлкөнүн түндүк-чыгышындагы штаттар көмүр кычкыл газын чыгарууну чектөө жаатында өз алдынча иш-чараларды жүргүзө башташты. «Чикаго климат биржасы» аттуу уюм дал ушул багытта үзүрдүү иш алып барууда."
KY-R00150,KY,train,NOT_RELEVANT,,"АКШ президенти жана жапон премьери алаканы тереңдетүүнү убада кылды Барак Обама менен Юкио Хатояма Токиодогу бүгүнкү сүйлөшүүлөрдө коопсуздук чөйрөсүндөгү байланыштарды, Ооганстандагы кырдаалды, өзөктүк куралды жайылтпоого, климаттын өзгөрүүсүнө байланышкан маселелерди талкуулашты. Сүйлөшүүлөрдөн кийинки маалымат жыйынында эки лидер алар АКШ менен Жапониянын 50..."
KY-F01368,KY,train,RELEVANT,AGRI_LAND,Ат-Башыда немис илимпоздору картөшкө өстүрөт Германиянын Киль университетинин окумуштуулары Нарында илимий долбоорду ишке ашырууда. Алар климаттын өзгөрүшү картөшкө менен көп жылдык чөпкө кандай таасирин тийгизип жатканын иликтешүүдө.
KY-F01129,KY,train,RELEVANT,WATER_CRYO,"Кичи Арал тартылды. Кароосуз кайыкка толгон жээк Арал деңизинин айлана-тегерегиндеги казак айылдарында балыкчылар азайып баратат. Айрымдары курулушка кетсе, кайсы бири жалданып иштеп, акча табууга аргасыз. Соңку беш жылда Кичи Арал тартылып, суунун деңгээли эки жарым метрге чейин төмөндөп кетти. Балык уулап, жан баккандар да азайды."
KY-F00019,KY,train,NOT_RELEVANT,,"25-февраль, 2015 Тажикстандын улуттук акчасы акыркы бир нече күндүн ичинде кайрадан арзандап кетти. Ооганстан быйыл күтүлүп жаткан кургакчылыктын кесепеттерин алдын алууга эл аралык коомчулуктан жардам сурады."
KY-F02327,KY,train,RELEVANT,POLICY,COP26: Глазгодо дүйнө лидерлеринин саммити башталды Шотландиянын Глазго шаарында дүйнө лидерлеринин климаттын өзгөрүшүнө арналган саммити башталды. Ага катышуу үчүн 120дан ашуун мамлекеттин башчылары жана жогорку жетекчилери Улуу Британияга келди. Алардын арасында Кыргызстандын президенти Садыр Жапаров да бар. Дүйшөмбүдөгү саммиттин ачылышында...
KY-R200044,KY,train,RELEVANT,POLICY,"Дүйнөлүк Жаратылыш Федерациясы экологиялык атайын план иштеп чыгууну сунуш этти Штаб-квартирасы Швейцарияда жайгашкан бул уюм өнүккөн сегиз өлкөнү энергетикалык коопсуздукту климаттын өзгөрүшү менен чогуу карап, экинчи дүйнөлүк согушта Европаны калыбына келтирген Маршалл планы өндөнгөн демилге менен чыгууга чакырды. Орусияда келерки аптада өтө турган сегиз өлкөнүн..."
KY-F02191,KY,train,RELEVANT,SCIENCE_GEN,"2025 эң ысык жылдардын бири болду. Келечекте эмне күтөт? Мындан он жыл мурун 200 чакты өлкөнүн лидерлери Париж келишимине кол коюп, Жер шарынын ысышын 1,5 градустан ашырбоо жөнүндө макулдашкан. Бирок окумуштуулар климаттагы өзгөрүүлөрдү ооздуктоо кыйын болуп баратканын, максатка жетүү дээрлик мүмкүн эмес экенин айтышат."
KY-F01806,KY,train,RELEVANT,WATER_CRYO,Пан Ги Мун Борбор Азия лидерлерин Арал көйгөйүн ынтымакта чечүүгө үндөдү БУУнун башкатчысы Пан Ги Мун Кыргызстандан кийин сапарын Өзбекстанда улантууда. Ал жекшемби күнү Арал деңизин тик учак менен айланып көрдү жана деңиз аалам үрөйүн учурчу ахывалда экенин айтты. Ошондой эле Борбор Азия лидерлерин жаратылышка байланыштуу проблемаларга каршы чогуу аракеттенүүгө...
KY-F00660,KY,train,RELEVANT,HEALTH_SOCIETY,"Лондондо экологияга байланыштуу акцияда миңден ашык киши кармалды Лондондо бийликтен климаттын өзгөрүшүнө каршы кескин чара көрүүнү талап кылып жаткан акция сегиз күндөн бери уланууда. Лондон полициясынын маалыматына караганда, миңден ашык адам кармалып, алардын 53үнө айып коюлду. Жекшембиде өздөрүн «Extinction Rebellion» деп атагандар өкмөт сүйлөшүүлөргө..."
KY-F00598,KY,train,RELEVANT,DISASTER,"Таиландда соңку жарым кылымдагы эң чоң суу каптоо жүрүүдө Атайын күчтөр баш калаа Банкоктун тегерегин бекемдеп, суу каптоону болтурбоо аракетин көрүүдө. Шаардын көпчүлүк бөлүгү деңиз деңгээлинен 2 метр ылдый тургандыктан, Банкокту кесип өткөн Чаупхрая дарыясы ташып, шаарды каптап кетүү коркунучу жогору. Талиландда суу каптоо башталгандан бери..."
KY-F00917,KY,train,RELEVANT,WATER_CRYO,"Түркмөнстанда эки суу сактагыч кургап калды Түркмөнстандын Балкан аймагында кургакчылыктан улм Мямметкөл жана Делили суу сактагычтары толугу менен кургап калды. Бул суу сактагычтар Этрек дарыясынан келген суу менен толуп турчу. Бул тууралуу 23-ноябрда ""Метеожурнал"" маалымдады. 2024-2025-жылдары кар жана жаан дээрлик аз болуп, суу..."
KY-F00222,KY,train,NOT_RELEVANT,,"""АКШ-Кытай алакасы 21-кылымдын жүзүн аныктайт"" Вашингтондогу эки тараптуу сүйлөшүүнү ачып жатып, АКШнын президенти ошондой эле эки өлкө тең ядролук куралдын жайылышын токтотууга кызыкдар экендигин билдирди. Обама Кытай менен АКШ климаттын өзгөрүшү боюнча жаңы келишимди бирге иштеп чыгышы керек деп эсептейт. Бир эле мезгилде америкалык..."
KY-F01314,KY,train,RELEVANT,POLICY,"БУУнун Дүйнөлүк климаттык саммити башталат 29-ноябрда дүйнө жүзүндө жүз миңдеген адамдар көчөгө чыгып, Парижде климаттык саммитке чогулган лидерлерден глобалдык жылуулукка каршы чараларды кабыл алуу талабын коюшту. Өзгөчө кырдаалдарга байланыштуу тыюу салынганга карабай, Париждин борборунда миңдеген адамдар нааразылык акциясына..."
KY-F01583,KY,train,RELEVANT,ENERGY,"Пакистан: Электр жарыгы кымбат, күн панелдерин колдонуу көбөйдү Пакистандыктардын жапырт күн панелдерине өтүп жатканы мамлекеттик энергетика компаниясынын башына түйшүк түшүрдү. 200 миллион киши жашаган өлкөдө электрэнергиясынын баасы өтө кымбат болгондуктан, карапайым калк Кытайдан алынган арзан күн панелдерин жапырт сатып алууда."
KY-F00171,KY,train,RELEVANT,POLICY,"Европа 2035-жылдан баштап күйүүчү май менен жүргөн машинелерден баш тартат Европа Биримдигинин өлкөлөрү Люксембургда климатты коргоо жөнүндө жаңы мыйзам кабыл алды. Ага ылайык, Европа өлкөлөрүндө 2035-жылдан баштап күйүүчү май менен жүргөн жаңы автоунаалар сатылбайт. Климаттык фонд түзүлүп, көмүр кычкыл газын азайтууда авиация жана кеме жолдоруна дагы чектөөлөр..."
KY-F01091,KY,train,RELEVANT,POLICY,"Байден айлана-чөйрөнү коргоо тобун тааныштырды АКШнын шайланган президенти Жо Байден өзүнүн болочокку өкмөтүнүн айлана-чөйрөнү коргоо жана отун-кубат тармагындагы мүчөлөрүн тааныштырды жана алар климаттык өзгөрүү көйгөйлөрүн чечүүдө олуттуу шериктерден болоорун айтты. 19-декабрда Делавер штатынын Уилмингтон шаарында сүйлөп жатып, Жо Байден..."
KY-R200217,KY,train,RELEVANT,POLICY,"Климат боюнча жаңы келишимге чейинки ""жарым жол"" Польшанын Познань шаарында климаттын өзгөрүшү боюнча Улуттар уюмунун конференциясы башталды. Эки аптага созулуучу бул жыйын -климаттын өзгөрүшүнө каршы глобалдык жаңы келишимдин шарттарын аныктоо боюнча аракеттердин кезектеги баскычы."
KY-F00604,KY,train,RELEVANT,WATER_CRYO,"Алма-Атада мамлекет башчылары биргелешкен билдирүү кабыл алышты Аралды сактап калуу боюнча эл аралык корунун (АСЭФ) саммитинин кеңейтилген курамдагы отуруму ишин аяктаган соң мамлекет башчылары биргелешкен билдирүү кабыл алышты. Анда тараптар Арал деңизинин бассейниндеги кризистин кесепеттерин жоюу боюнча кызматташууну арттырууну БУУнун системасында түзүү,..."
KY-F02125,KY,train,RELEVANT,POLICY,"Өңүт. Париждеги климат боюнча конференция. Париж саммитине Кыргызстан 2030-жылга чейин 2013-жылга салыштырмалуу көмүр кычкыл газын 20 пайызга кыскартабыз деген сунуш менен барып, аны эл аралык трибунадан президент Атамбаев өзү жарыялады. Расмий Бишкектин сунушу тууралуу кесиптешим Замира Кожобаеванын баянынан уксак."
KY-F02207,KY,train,NOT_RELEVANT,,"7:40 Кумтөрдөгү кен казуудан мөңгүлөр жок болуп кетүү коркунучунда Бул тууралуу билдирген “Карек” коомдук уюмунун жетекчиси Эркингүл Иманкожоеванын билдиргенине караганда алтын кени казылып жаткан кенге жакын Давыдов, Лысый мөңгүлөрү кийинки он жыл аралыгында тез ээрип Петров көлүнө куюп атат. Чех окумуштуулары былтыр келип изилдөө жүргүзгөндө аталган көлдүн..."
KY-F01804,KY,train,RELEVANT,POLICY,Ак үй: Трамптын Париж келишиминен чыгуу тууралуу ою өзгөргөн жок Ак үй АКШнын президенти Дональд Трамп климатты сактоо боюнча 2016-жылы кабыл алынган келишимден чыгуу чечимин өзгөртүп жатканы тууралуу маалыматтарды жокко чыгарды. Бул жөнүндө The Hill басылмасы жазды. АКШ президентинин администрациясы Париж келишими боюнча Американын позициясы өзгөрбөгөнүн...
KY-F00379,KY,train,RELEVANT,AGRI_LAND,ЧӨЛ КӨЙГӨЙҮ МАДРИДДЕ ТАЛКУУЛАНУУДА Испаниянын борбору Мадридде бул күндөрү дүйнөдө чөлгө айланган аймактардын аянты көбөйүшүн токтотуунун жолдорун талкуулаган эл аралык жыйын өтүүдө. Ага дүйнөнүн 200гө жакын өлкөсүнөн 2000дей делегат чогулду. Эки аптага созулуучу жыйын – айлана-чөйрөнү коргоо жаатындагы ушул айда өтүүчү маанилүү эл аралык кеңешмелердин бири.
KY-F01799,KY,train,RELEVANT,AGRI_LAND,"""Жайыттар деградация болуп, токойлорду талкалап жатабыз"" ""Токой аянтын кысартып жатканыбыз - мөңгүлөрдүн аянты кыскарышына алып келүүдө""."
KY-F00356,KY,train,RELEVANT,SCIENCE_GEN,"БУУ климаттын өзгөрүшүн токтотууга чечкиндүү чара көрүүгө чакырды Улуттар Уюмунун эксперттери чукул арада глобалдык жылуулукка каршы чекиндүү чара көрүп, абанын табынын көтөрүлүшүн 1,5 градустан өткөрбөй кармап туруунун зарыл экенин белгилешет. “Коомдо чукул жана кеңири масштабда өзгөрүүлөр болгондо гана” Жердеги абанын температурасын ошондой деңгээлде..."
KY-F01919,KY,train,RELEVANT,WATER_CRYO,"Кумтөрдөгү мөңгүлөрдү көргөн активисттер өз ойлорунан кайткан жок Бүгүн Жогорку Кеңештин алты депутаты, кыркка жакын активисттер, экологдор, журналисттер, вице-премьер-министр Дүйшөнбек Зилалиев баштаган өкмөт өкүлдөрү Ысык-Көл облусундагы Кумтөр кенине барышып, мөңгүлөрдүн абалы менен таанышты. ""Азаттык"" радиосунун кабарчысынын билдиришинче, мөңгүлөрдү көргөн..."
KY-F01306,KY,train,NOT_RELEVANT,,"Жон Керри Европа жана Балкан өлкөлөрүн кыдырат АКШнын мамкатчысы Жон Керри 30-ноябрдан 4-декабрга чейин Европа жана Балкан өлкөлөрүн кыдырат. 30-ноябрда Парижде өтө турган климаттык өзгөрүүлөр боюнча жыйынга Барак Обаманы коштоп барып, 1-декабрда Белгиянын баш калаасында болчу НАТОго мүчө өлкөлөрдүн тышкы иштер министрлеринин жыйынына да..."
KY-F02174,KY,train,NOT_RELEVANT,,Жер күнү: булганыч шаарлар 22-апрелде бүткүл дүйнөдө Жер күнү белгиленди. Буга байланыштуу 195 өлкөдө курчап турган чөйрөнү жана экологияны сактоо боюнча акция өттү. Бүгүнкү күндө булганыч заттардын көбү Азия өлкөлөрүнөн чыгууда. Кайсы жерлер көбүрөөк булганып жатканы бул фото баянда.
KY-F01212,KY,train,RELEVANT,POLICY,"КЕЛЕЧЕК ҮЧҮН ҮЧ МИЛЛИАРД ДАРАК Баян Жумакадыр кызы, Прага Еврокомиссия жер шарындагы климаттын өзгөрүүсүн токтотууга байланыштуу программасын ишке киргизди. Еврошаркеттин аткаруучу органы климаттын өзгөрүүсүн жок дегенде жайлатуу үчүн алтернативдүү, өзүнөн-өзү жаңыланып туруучу, зыянсыз энергияга өтүү зарылдыгын белгиледи. Бирок, эксперттер жалгыз бул чаралар климаттын өзгөрүүсүн токтото албасын, ал үчүн кыйылып жаткан токойлордун ордун толтуруу керек экенин айтып жатышат."
KY-R200236,KY,train,RELEVANT,WATER_CRYO,"Баткен: Жасалма мөңгү тоңдурган элеттиктер Климаттын өзгөрүүсүнөн, кургакчылыктан улам сугат мезгилинде суу таңкыстыгы күчөдү. Баткендиктер суу таңкыстыгын чечүү, жайытты жакшыртуу, кайрак жерлерге суу жеткирүү үчүн бир топ жылгаларга жасалма мөңгү тоңдуруп жатышат."
KY-F01646,KY,train,RELEVANT,DISASTER,"ӨКМ: Сибирь токойлорундагы өрткө адамдар күнөөлүү Орусиянын Өзгөчө кырдаалдар министрлиги Сибирдин токойлорундагы өрттүн башкы себеби катары өрт коопсуздугун сактабаган адамдардын шалаакылыгын белгиледи. Мекеме өрт адеп тутанган жерлердин көбү жолго жакын болгонун билдирди. Буга чейин Айыл чарба министрлиги өрттү кургакчылык, чагылган менен..."
KY-R200066,KY,train,RELEVANT,ENERGY,"Евробиримдик газ кымбаттагандан бери көмүр колдонууну карап жатат Европа Биримдигинин аймагында газ кымбаттап, калктын көпчүлүгү көмүргө өтө баштаганын ""Евроньюс"" телеканалы кабарлады. Ошол эле маалда Европа өлкөлөрүнүн көпчүлүгү таза, экологиялык жашыл энергияны колдонууга өтүү стратегиясын даярдап жатат. Европада көмүр энергиянын кымбат булагы болуп..."
KY-01353,KY,train,RELEVANT,WATER_CRYO,«Улуттук энергохолдинг» казак тарапка суу берилгенин таксыктады - | 24.KG «Улуттук энергохолдинг» компаниясы жай мезгилинде казак фермерлери үчүн Токтогул суу сактагычынан кошумча суу агызылганы тууралуу Казакстан премьер-министри Аскар Маминдин маалыматын тастыктады.
KY-F01266,KY,train,RELEVANT,POLICY,"Вашингтондо эл аралык экономикалык форум өтөт Апрелдин соңунда Вашингтондо отун-кубат жана климаттын өзгөрүүсүнө арналган эл аралык экономикалык форум өтөт. Бул тууралуу АКШнын президенти Барак Обама билдирди. Ак үй тараткан маалыматка ылайык, 27-28-апрел күндөрү өтө турган форумга экономикасы өнүккөн 16 өлкөнүн лидерлери чакырылды. Форум..."
KY-F00980,KY,train,NOT_RELEVANT,,"Тазабек Икрамов жарактан чыккан электромобилдер маселесин көтөрдү Жогорку Кеңештин Транспорт, коммуникациялар, архитектура курулуш боюнча комитетинин отурумунда депутат Марлен Маматалиев жана бир канча депутат демилгечи болгон “Айрым мыйзам актыларына жашыл экология маселелери боюнча өзгөртүүлөрдү киргизүү жөнүндө” мыйзам долбоору экинчи окууда каралды. Анда..."
KY-F02306,KY,train,RELEVANT,WATER_CRYO,"Өзбекстан Арал деңизинин айланасын өнүктүрөт Өзбекстан Арал деңизинин айланасындагы аймакты өнүктүрүүгө беш жыл ичинде 2,6 миллиард доллар сарптоону көздөп жатат. Президент Шавкат Мирзиёев кол койгон тиешелүү токтом 30-январда күчүнө кирди. Документ боюнча ал каражат жумуш орундарын түзүү, калкты таза суу менен камсыз кылуу жана..."
KY-F00510,KY,train,RELEVANT,POLICY,АКШ Париж келишиминен чыгуу жараянын баштады Бул тууралуу Кошмо Штаттардын мамлекеттик катчысы Майк Помпео 4-ноябрда жарыялады жана тиешелүү маалымат Бириккен Улуттар Уюмуна жөнөтүлгөнүн билдирди. Келишимден чыгуу жараяны кеминде бир жылга созулмакчы. Дональд Трамп президенттикке аттанып жатканда ошол кездеги Кошмо штаттардын лидери...
KY-F01108,KY,train,RELEVANT,HEALTH_SOCIETY,"БУУ: Миграциядан улам кылымдын аягында тилдердин көбү жоголушу ыктымал Глобалдык жылуулук менен байланышкан табигый кырсыктардан улам көп адамдар өз тилинде сүйлөй албаган жерлерге көчүп жатышат. БУУнун эсебинде, XXI кылымдын аягына чейин азыркы жети миң тилдин көбү жок болушу мүмкүн. Канададагы Квинс университетинин тилдерди изилдеген бөлүмүнүн директору..."
KY-F01938,KY,train,RELEVANT,POLICY,"Дурбанда климаттын өзгөрүшү талкууланат Бүгүн Түштүк Африкада климаттын өзгөрүүсүнө байланыштуу чоң жыйын ачылат. Ага өкмөтүк адамдар жана табиятты коргоочулар болуп, 20 миңдей делегат катышат. Дурбан шаарындагы сүйлөшүү өндүрүштүк газдарды абага бөлүүнүн лимитин узартуудагы акыркы мүмкүнчүлүк. Азыркы лимиттин мөөнөтү келерки жылы..."
KY-F01251,KY,train,RELEVANT,WATER_CRYO,"Атамбаев: мөңгүлөр эрип баратат Париждеги климаттын өзгөрүүсү боюнча Улуттар уюмунун саммитине Кыргызстандын делегациясын президент Алмазбек Атамбаев баштап барды. Атамбаев сөз сүйлөп, Борбор Азияда мөңгүлөр ыкчам эрип жатканын билдирди."
KY-F01836,KY,train,RELEVANT,SCIENCE_GEN,"ЖЕР ШАРЫН КАНТИП САКТАП КАЛСА БОЛОТ? Чолпон Орозобекова, Прага Голливудда тартылган “Бүрсүгүнү” аттуу кинотасмада климаттын кескин өзгөрүшү ааламды кандай кыйраканга салаары сүрөттөлгөн. Анда адам баласы Жердеги аба ырайынын ысышын таптакыр токтото албаса да, аны кантип жайлатса болоору тууралуу сөз козголгон."
KY-R200311,KY,train,NOT_RELEVANT,,Токтогул: Күйүп кеткен мектеп ордуна жаңысы курулат Бул тууралуу Өзгөчө кырдаалдар министрлигинен кабарлашты. Аталган минстрлик азыр беш жылууланган чатыр берди. Ар бир чатырга кырктан окуучу батат. 9-августта чагылгандын айынан Токтогулдагы Тоолук айылында мектеп толугу менен күйүп кеткен. (EBM)
KY-R200113,KY,train,RELEVANT,HEALTH_SOCIETY,"ГЛОБАЛДЫК КЛИМАТТЫ КОРГООГО ТИЛЕКТЕШТИК КОНЦЕРТИ Кечээ дүйнөнүн бир катар өлкөлөрүндө эң белгилүү ырчылардын катышуусунда 24 сааттык концерт болду. Сиднейде башталып, Бразилия менен АКШда аяктаган марафон кеңири коомчулуктун көңүлүн Жер шарындагы климаттык өзгөрүүлөргө тартуу максатында өткөрүлгөн."
KY-F01961,KY,train,RELEVANT,SCIENCE_GEN,"БУУнун баш катчысы ""глобалдык кайноо"" доору башталганын билдирди Бириккен Улуттар Уюмунун баш катчысы Антониу Гуттериш 27-июлда өткөргөн маалымат жыйында глобалдык жылуулук доору аяктап, ""глобалдык кайноо"" доору башталганын билдирди. ""Климат өзгөрүп жатат. Азыркы аба менен дем алуу мүмкүн эмес. Бул ысыкка адам чыдай албайт"", - деген Гуттериш чечкиндүү жана..."
KY-F00418,KY,train,RELEVANT,POLICY,"Пан Ги Мун дүйнөнү ката кетирбөөгө чакырды Нью-Йоркто глобалдык жылуулук боюнча БУУнун саммити башталды. Саммитти БУУнун баш катчысы Пан Ги Мун ачты. Өз сөзүндө баш катчы жакынкы айларда дүйнөлүк коомчулук глобалдык жылуулук менен күрөштө бир пикирге келе албаса, бул “кечирилгис ката” болорун айтты. Бул жолку саммиттке 140тан ашуун..."
KY-R00561,KY,train,RELEVANT,POLICY,Париж саммитинде Алмазбек Атамбаев сөз сүйлөдү Климаттын өзгөрүүсүнө байланыштуу дүйнөлүк саммитте сүйлөгөн сөзүндө Кыргызстан президенти планетанын жылуусу алып келе турган коркунучтарды атады: - Божомолдор боюнча 2025-жылга карай Кыргызстандагы мөңгүлөрдүн аянты орто эсеп менен 30-40% кыскарат. Анын натыйжасында Борбор Азиядагы...
KY-F00985,KY,train,RELEVANT,POLICY,БУУнун 69-сессиясына Кыргызстан делегациясы да катышат Ал делегацияны тышкы иштер министри Эрлан Абдылдаев жетектейт. Бул тууралуу Кыргызстандын Тышкы иштер министрлигинен 23-сентябрда кабарлашты. Кыргыз делегациясы ошондой эле БУУнун Климат боюнча саммитине катышат жана эл аралык уюмдардын өкүлдөрү жана чет өлкөлүк дипломаттар менен жолугушуулар...
KY-F02238,KY,train,NOT_RELEVANT,,"Брюсселде Чоң Жетинин саммити уланууда Өнүккөн жети өлкөнүн жетекчилери Брюсселдеги саммитин улантышууда. Кечээ башталган жыйындын акыркы күнүндө негизинен Украинадагы кризис туурасында сөз болду. Бүгүн глобалдык экономика жана соода, энергетика коопсуздугу, климаттын өзгөрүшү талкууланууда. Кечээки билдирүүсүндө Чоң Жетилтиктин..."
KY-F02337,KY,train,RELEVANT,WATER_CRYO,"Мөңгүлөрдү сактоо үчүн 7 млрд дарак отургузуу демилгеси көтөрүлдү Президенттин иш башкармалыгы мөңгүлөрдүн эришин жайлатуу жана экологиялык кризистин алдын алуу үчүн 7 млрд дарак отургузуу демилгесин көтөрдү. Соңку изилдөөлөр көрсөткөндөй, Кыргызстанда акыркы жылдары мөңгүлөр тездик менен эрип, айрымдары жок болуп кеткен. Президенттин иш башкармалыгынын..."
KY-F00583,KY,train,RELEVANT,SCIENCE_GEN,Брюсселде климаттын өзгөрүшү боюнча эл аралык илимий жыйын өтүүдө БУУнун эгидасы астында өтүп жаткан бул жыйында дүйнөнүн алдыңкы окумуштуулары глобалдык жылуулуктун ыктымал кесепеттерин талкуулашат. Окумуштуулардын тыянагы БУУнун атайын комиссиясынын докладына кирет. Ал документ ушул жума күнү жарыяланган жатат. Конференциянын бүгүнкү иш күнүндө...
KY-F00433,KY,train,RELEVANT,POLICY,Мексикада экология маселелери талкууланат Мексикада Улуттар уюмунун климат боюнча конференциясы башталды. Канкун шаарына чогулган 200дөй өлкөнүн өкүлдөрү былтыр Копенгагенде өткөн саммитте козголгон маселелерди талкуулоону улантышат. Ал бийик жолугушууда абанын глобалдык ысышын алдын алуу боюнча жаңы келишимге жетишилбей калган. Бул...
KY-F01448,KY,train,RELEVANT,WATER_CRYO,"АРАЛДА КАЙРАДАН БАЛЫК ЧАРДАЙТ Баян Жумакадыр кызы, Прага шаары Мунайга бай Казакстан Арал деңизинин бир бөлүгүн калыбына келтирүү боюнча долбоорлорду ишке ашыруунун үстүнөн иштеп жатат. Арал деңизи боюнча эксперт Николай Аладиндин айтымында, Дүйнөлүк Банктын долбоору боюнча Арал деңизинин Казакстанга караштуу бөлүгүнүн суусунун көлөмүн алты жарым метрге көтөрүү пландаштырууда. Ал эми 2007-2010 жылдардын аралыгында ишке ашырыла турган долбоор боюнча, Аралдын суусун азыркыдан эки эсеге, деңиз бетинин аянтын азыркыдан үчтөн экиге көбөйтүү пландаштырылууда. Аралды ушул абалга адамдар жеткирген, жагдайды оңдоо адамдардын вазыйпасы, ал иш адам колунан келет, дешет эксперттер."
KY-F00306,KY,train,RELEVANT,POLICY,"БУУнун баш катчысы өнөр-жайчыларды глобалдык жылуулукка каршы күрөшкө салым кошууга чакырды Дания баш калаасы Копенгагенде, ишкерлердин конференциясында сүйлөгөн сөзүндө Пан Ги Мун дүйнө өлкөлөрүнүн өкмөттөрүнүн баарын абага булганыч газдардын бөлүнүшүн кыскартууга ынандыруу зарылдыгын белгилөө менен ишкер чөйрөнүн өкүлдөрүн бул ишке өз салымын кошууга чакырды. Учурда Копенгагенде..."
KY-F02240,KY,train,RELEVANT,SCIENCE_GEN,"Илимпоздор климаттын өзгөрүшүнө байланыштуу чара көрүүгө чакырышты Климатты изилдөө боюнча 17 институттун башын бириктирген альянс дүйнө лидерлерин декабрда Париждеги саммитте сегиз пункттан турган планды кабыл алууга үндөштү. Жер лигасы деген альянс бүгүнкү билдирүүсүндө белгилегендей, мындагы башкы максат - дүйнөнү климаттагы опурталдуу өзгөрүүлөрдөн сактап..."
KY-F01473,KY,train,RELEVANT,POLICY,"Трамптын климат келишими боюнча чечими сынга кабылды АКШнын өнөктөштөрү жана атаандаштары президент Дональд Трамптын өлкөсүн климат боюнча 2015-жылкы Париж келишиминен чыгаруу чечимин сынга алуу менен анын келишимди кайра сүйлөшүү сунушун да четке кагышты. Маселен Франция, Германия, Италия лидерлеринин биргелешкен билдирүүсүндө “биз келишим..."
KY-R200082,KY,train,RELEVANT,SCIENCE_GEN,"Беринг деңизинде климаттан улам он миллиард краб кырылып калды Беринг деңизиндеги он миллиард крабдын ачкалыктан кырылып калышына аймакта климат өзгөрүп, күндүн ысып кеткени себеп. Science журналына жарыяланган баяндаманын авторлору крабдар мындан ары мурункудай көбөйбөй турганын белгилешүүдө. Окумуштуулардын маалыматына караганда, аба табынын..."
KY-F01932,KY,train,RELEVANT,ENERGY,"Токойчулардын үйлөрүнө күн нурунан кубат алган жабдыктар орнотулду Кыргызстандын Жайыл, Жети-Өгүз, Түп, Кочкор, Ак-Талаа, Кочкор-Ата, Кара-Алма жана Ноокат райондорундагы токой чарбалары пилоттук түрдө күн нурунан кубат алуучу шаймандар менен жабдылды. Бул саамалык БУУнун Азык-түлүк программасынын «Климат өзгөрүп жатканда токойлорду жана кен байлыктарын..."
KY-F00428,KY,train,RELEVANT,HEALTH_SOCIETY,Данияда жүздөгөн демонстранттар бошотулду Жүздөгөн активисттер өлкө башкалаасы Копенгагендеги кечээги демонстрациянын учурунда кармалган эле. Алар көчөгө глобалдык жылуулукка каршы күрөшүү үчүн дүйнө өлкөлөрүн абага булганыч газдардын бөлүнүшүн чындап кыскартууга милдеттендирген келишимге жетишүү талабы менен чыгышкан. Дания...
KY-F00035,KY,train,RELEVANT,ENERGY,"""Бир булактын көзүн карап отурган кооптуу"". Чүй, Нарында күндөн энергия алгандар Климаттын өзгөрүшү, кургакчылык Кыргызстандагы ири ГЭСтердин ишине түз таасирин тийгизүүдө. Акыркы жылдары суу сактагычтарга жетиштүү суу топтолбой, өлкө энергетикалык кризиске кабылууда."
KY-F00832,KY,train,RELEVANT,SCIENCE_GEN,"2020-жыл эң ысык жылдардын бири болду 2020-жыл аба ырайына байкоо жүргүзүлүп келгенден бери тарыхтагы экинчи ысык жыл болду. Бул тууралуу Дүйнөлүк метеорологиялык уюм бейшембиде билдирди. Глобалдык жылуулук жагынан 2016-жылы рекорд байкалган. Ал эми быйылкы 12 ай пандемия менен гана эмес, абанын адаттан тыш жогорку температурасы..."
KY-F01960,KY,train,RELEVANT,POLICY,"Данияда климаттын өзгөрүүсү боюнча жыйын башталды Копенгагенде он эки күнгө созулуучу жана тагдыр чечээр бул жыйын климаттагы өзгөрүүлөргө каршы күрөшүү үчүн жаңы глобалдык келишимдин негизги өңүттөрүн макулдашуу максатын көздөйт. Анын жүрүшүндө 192 өлкөнүн өкүлдөрү абага бөлүнүп жаткан булганыч газдардын көлөмүн кыскартуу, бул багытта жакыр..."
KY-F02018,KY,train,NOT_RELEVANT,,"Суу кодекси боюнча талкуу ызы-чуу менен аяктады (видео) Бишкекте Суу кодексине сунушталып жаткан өзгөртүүлөр боюнча жыйын ызы-чуу менен аяктап, жарандык активисттер менен өкмөт мунаса тапкан жок. Активисттер бул өзгөртүүлөр экологияга олуттуу зыян алып келет деген негизде мыйзам долбоорун парламенттен артка чакыртып алууну талап кылышты...."
KY-F01438,KY,train,RELEVANT,POLICY,COP27: Климаттын өзгөрүшүнөн жапа чеккен өлкөлөргө жардам көрсөтүлөт Египеттин Шарм-эль-Шейх шаарында уюштурулган COP27 саммитинин акыркы күнүндө климаттын өзгөрүшүнөн эң көп жапа чеккен өлкөлөргө жардам көрсөтүүчү фонд түзүү демилгеси колдоо тапты. Бириккен Улуттар Уюмунун климаттын өзгөрүшүнө арналган бул иш-чарасына катышкан дүйнөнүн 200дөй өлкөсүнүн...
KY-R200347,KY,train,RELEVANT,HEALTH_SOCIETY,"Климаттын өзгөрүшү улуттук коопсуздукка терс таасирин тийгизет Бул тууралуу АКШ президенти Барак Обама Коннектикут штатында жээк күзөтү академиясынын бүтүрүүчүлөрүнүн алдында сүйлөп жатып билдирди. Анын айтуусунда, климаттын өзгөрүшүнөн дүйнөдө туруксуздук күчөп, чыр-чатак арбышы ыктымал. Президенттин сөзү боюнча климаттын өзгөрүшү америкалык аскерлердин..."
KY-F01526,KY,train,RELEVANT,POLICY,"Евробиримдик климаттын өзгөрүшүнө каршы чараларды кабыл алуунун мөөнөтүн макулдашты Мындай макулдашуу Брюсселдеги саммитте жетишилди. Шаркеттин азыркы төрагасы – Словениянын премьер- министри Янез Яншанын билдиргенине караганда, уюмга мүчө 27 өлкөнүн баары Европанын энергетикалык рыногун быйыл июнь айына карата либералдаштырууну, ал эми декабрда жылуулукка каршы күрөшүү боюнча..."
KY-F01987,KY,train,RELEVANT,POLICY,"Байден Башкы ассамблеяда климат, пандемия маселеси боюнча чогуу иштөөгө чакырат АКШнын президенти Жо Байден БУУнун Башкы ассамблеясындагы алгачкы сөзүндө Вашингтон климаттагы өзгөрүүлөр жана COVID-19 пандемиясы өңдүү жалпы адамзат үчүн маанилүү маселелерди чечүүнүн үстүнөн дипломатиялык аракеттерин күч алдырарына токтолот. Байден 76-ассамблеянын биринчи күнүндө,..."
KY-F00689,KY,train,RELEVANT,SCIENCE_GEN,"Климаттын өзгөрүшү жана туризм: Бүгүн эрте десек, эртең кечпи? Климаттын өзгөрүшү дүйнөнүн эң орчун, анткен менен ага каршы көрүлүүчү чаралар биротоло макулдашыла албай жаткан көйгөйү."
KY-F01324,KY,train,NOT_RELEVANT,,Италияда Чоң сегиздин саммити башталды Үч күндүк жыйын Италиянын апрелдеги быйылкы жер титирөөдөн катуу жабыр тарткан Аквила шаарында өтүп жатат. Глобалдык экономикадагы кризис - саммиттин күн тартибиндеги башкы маселе. Мындан сырткары саммитте климаттын өзгөрүүсү жана ага каршы көрүлүүчү чаралар да талкууланат. Эртеңки...
KY-F00266,KY,train,RELEVANT,ENERGY,"Geos: Отун жакпаган, абаны булгабаган конуш Кадимки отун жана газ жакпаган, зыяндуу заттарды айлана- чөйрөгө такыр бөлүп чыгарбаган конуш бар. АКШнын Колорадо штатындагы Geos конушун экоактивисттер, жашыл энергиянын жактыргандар, окумуштуулар жана курулуш жаатында иштеген адистер негиздеген. “Азаттыктын” кабарчысы жашыл конушта болду."
KY-R00128,KY,train,RELEVANT,WATER_CRYO,"Мөңгүдөн алтын казууга уруксат берген мыйзам үчүнчү окууда колдоо тапты Жогорку Кеңештин агрардык саясат, суу ресурстары, экология жана аймактык өнүгүү боюнча комитети 31-октябрда Суу кодексине киргизилген өзгөртүүлөрдү үчүнчү окууда кабыл алды. Өкмөт иштеп чыккан мыйзам долбоордо алтын казуучу компанияларга айрым учурларда мөңгү аймактарында иш жүргүзүүгө уруксат..."
KY-F01342,KY,train,RELEVANT,WATER_CRYO,"Жээнбеков Аралды сактоо фондун реформалоону сунуш кылды Бүгүн, 24-августта Түркмөнстанда Арал деңизин сактоо маселеси талкууланган саммитте Кыргызстандын президенти Сооронбай Жээнбеков тиешелүү эл аралык фондду реформалоо боюнча демилге көтөрдү. -2016-жылы Кыргызстан Аралды сактоо боюнча эл аралык фонддун ишине катышууну токтоткон. Бул аны терең..."
KY-F02331,KY,train,RELEVANT,POLICY,Кечээ Брюсселде Евробиримдиктин 27 мүчөсүнүн катышуусунда эки күндүк саммит өз ишин баштады Жолугушуунун негизги темасы - климаттын өзгөрүүлөрү менен күрөшүүнүн жолдорун табуу. Евробиримдиктин лидерлери 2020-жылга карата көмүр кычкыл газдарынын калдыктарын 1990-жылга салыштырмалуу 20 пайызга кыскартуу долбоорун талкуулашууда. Бирок Евробиримдиктин мүчөлөрү арасында олуттуу пикир...
KY-F02033,KY,train,RELEVANT,HEALTH_SOCIETY,"Экология жаштарга эле керекпи? Экологияга кам көрүүдө эмнеге улуу муунга караганда жаштар жигердүү? Мамлекеттин экологиялык саясаты канчалык ачык-айкын жана жаштар ага канчалык кызыгат? ЖЕР ЭНЕ подкастында климаттын өзгөрүүсүнүн Кыргызстанга таасири, климаттык активизм жана аны жайылтуу тууралуу баарлашабыз."
KY-F01134,KY,train,RELEVANT,SCIENCE_GEN,"Климаттын жылуусунун таасири Бишкекте талкууланды Бүгүн “Хаят” мейманканасында климаттын өзгөрүүсүнө байланыштуу Кыргызстандын улуттук маалыматынын бет ачаары болду. Маалымат Глобалдык экологиялык фонд жана ПРООНдун жардамы менен даярдалган. Докладдагы эксперттердин маалыматында, климаттын өзгөрүүсү кылым соңунда өлкөдө температуранын 4..."
KY-R00661,KY,train,NOT_RELEVANT,,"ӨКМӨТ ЖАРАТЫЛЫШ КЫРСЫКТАРЫН АЛДЫН АЛУУ ҮЧҮН ЭЛ АРАЛЫК УЮМДАРДАН ЖАРДАМ СУРАЙТ Кыргызстанда быйыл жаратылыш кырсыктары жылдагыдан арбын болоору күтүлүүдө. Иликтөөнүн негизинде ушундай тыянакка келген тиешелүү тармактар болжолдуу кырсыктарды негизинен көчкү жана суу ташкындары менен байланыштырышат. Ошондуктан, кыргыз өкмөтү ушул айдын ичинде жаратылыш кырсыктарын алдын алуу максатында жардам сурап, эл аралык сүрөөнчү (донор) уюмдарга кайрылууну максат кылууда."
KY-00007,KY,train,RELEVANT,POLICY,Жашыл климаттык фонд Кыргызстанга грант катары 10 миллион доллар бөлөт - | 24.KG Жашыл климаттык фонд Кыргызстанга грант катары 10 миллион доллар бөлөт. Бул тууралуу «Азаттыкка» Айлана-чөйрөнү коргоо жана токой чарбасы боюнча мамлекеттик агенттиктин жетекчиси Абдыкалык Рустамов билдирди.
KY-F01926,KY,train,RELEVANT,WATER_CRYO,"Суу кодексине каршы петиция президентке тапшырылат Жогорку Кеңеш тарабынан кабыл алынган ""Суу кодексин өзгөртүү жөнүндө"" мыйзам долбооруна каршы петиция ""Мөңгүлөрдү сактоо боюнча жарандык демилге"" кыймылы тарабынан уюштурулуп, ага эки миңден ашуун киши кол койгон. Бул петиция бүгүн Алмазбек Атамбаевдин президенттик кызматындагы акыркы иш күнүндө..."
KY-F01350,KY,train,RELEVANT,POLICY,"АКШ президенти дүйнө өлкөлөрү климаттагы өзгөрүүгө каршы чара көрүүсү керек деп эсептейт Барак Обама бүгүн БУУнун климат боюнча конференциясында сүйлөгөн сөзүндө белгилегендей, эгер глобалдык климат боюнча макулдашуу жетишилсе, дүйнөнүн бир да өлкөсү каалаганынын баарын эле ала албайт. Ал ошондой эле Америка “Копенгагенде эмне болгонуна карабай”, булганыч газдардын бөлүнүшүн..."
KY-F00863,KY,train,RELEVANT,WATER_CRYO,"COP26: Саммитте Жапаров мөңгүлөрдүн азайышын, суу маселесин көтөрөт Шотландиянын Глазго шаарында дүйнө лидерлеринин климаттын өзгөрүшүнө арналган саммитинде Кыргызстандын президенти Садыр Жапаров 2-ноябрда сөз сүйлөйт. Бул тууралуу президенттин басма сөз кызматы маалымдады. “Мамлекет башчы иш-чаранын катышуучуларынын көңүлүн мөңгүлөрдү жана суу ресурстарын..."
KY-C00276,KY,train,RELEVANT,WATER_CRYO,"Аралдын көйгөйү, Бишкектин таарынычы - | 24.KG Түркмөнстанда Арал деңизинин көйгөйүн чечүүгө арналган жыйын өттү. Ага Борбор Азиянын беш өлкөсүнүн президенттери катышты."
KY-F00276,KY,train,RELEVANT,SCIENCE_GEN,"7:09 Бишкекте бүгүн климаттын өзгөрүшү боюнча докладдын бет ачаары болот “Климаттын өзгөрүшү менен күрөш: чалкеш кеткен дүйнөдөгү тилектештик” деген аталыштагы докладдын бет ачаары Бириккен Улуттар уюумунун Бишкектеги үйүндө өтмөкчү. Маалыматка караганда, бул доклад климаттын өзгөрүшүнө байланышкан курч маселелерди талкуулоого өбөлгө түзөт. (SM)"
KY-F02037,KY,train,RELEVANT,WATER_CRYO,"ЖЕР КУРГАП БАРАТАТ Ушу ташта дүйнөдө эки миллиарддан ашуун киши суу тартыш аймактарда жашайт, эгер жер шарындагы азыркы абал алдыдагы жарым кылымда өзгөрбөсө, мукурап сууга муктаж болгон калктын саны эки эсеге көбөйөт. Төрт жүздөн ашуун гидролог-агроном, башка да илимий адистерден куралган эл аралык эксперттер тобунун дүйшөмбү күнү жарыяланган докладында ушундай эскертүү айтылат."
KY-R200374,KY,train,RELEVANT,WATER_CRYO,"“ЭЛ БАШЫ БОЛГОНЧО, СУУ БАШЫ БОЛ” Бишкекте V Бүткүл дүйнөлүк суу форумунун алкагында эл аралык конференция өтүүдө. Анда Орто Азиядагы суу ресурстарын --> http://rfe.azattyk.org/rubrics/economics/ky/2008/05/DB0254B5-3F14-42C2-AA9E-5083AC46142A.asp пайдалануу жана өнүктүрүү, климаттын өзгөрүүсүндөгү көйгөйлөр козголууда. Айыл, суу чарба жана кайра өндүрүү министри Арстанбек Ногоев жыйында сууну товар катарында кароо маселеси козголорун билдирди. Аталган конференцияны уюштуруп жаткан Түркия өкмөтүнүн айлана-чөйрө жана токой чарбасы боюнча министри Вейсел Эроглу суу маселесинен башка эки өлкөнүн ортосундагы кызматташтыкты мындан ары өркүндөтүү багытында өлкө башчысы Курманбек Бакиев менен жолугушууда кеп болорун кошумчалады."
KY-F00049,KY,train,RELEVANT,AGRI_LAND,"Күндүн ысыгы кайтпай жаткан Орусия буудай экспортуна тыюу салды Температура өлчөнө баштагандан берки эң ысык жайда башталган жүздөгөн өрт очогу өчүрүлө элек, кургакчылыктан буудайдын 20 пайызы күйүп кетти. Орусия дүйнөдөгү эң ири буудай экспорттоочулардын бири. Өлкөдөн экспорт азаят деген чочулоодон улам июндун башынан бери буудайдын дүйнөлүк баасы ансыз..."
KY-R200140,KY,train,RELEVANT,SCIENCE_GEN,"ТОПОН СУУ КОРКУНУЧУ ЖАКЫНДАП КЕЛАТАБЫ? Мээрим Султангазы, Ысыккөл Учурда климаттын өзгөрүшү илимий далилденген факт. Бирок аба ырайынын өзгөрүшүнүн кесепеттери жер жүзүндө кандай таасирин тийгизээрин азырынча так айтуу кыйын. Адистердин жоромолдоруна ылайык аба ырайынын жылышы мөңгүлөрдүн ээришине, ал эми анын кесепеттери көптөгөн өлкөлөр суу астында калуу коркунучуна алып келет. Жер жүзүндө климаттын өзгөрүшү Кыргызстанга кандай таасирин тийгизиши мүмкүн? Мына ушул маселе учурда Ысыккөлдө ББУнун колдоосу менен өтүп жаткан жыйында талкууланып жатат."
KY-F00526,KY,train,RELEVANT,POLICY,Германиянын Бонн шаарында климаттын өзгөрүшү боюнча сүйлөшүүлөрдүн жаңы айлампасы башталды Ага 160тан ашуун өлкөдөн 2000дей делегат жана эксперттердин катышууда. Эки аптага созулуучу Бонн конференциясы - Улуттар уюму өткөрүүчү сегиз жыйындын экинчиси. Бул жыйындарын максаты – климаттын өзгөрүшүнө крата көрүлүүчү чаралар боюнча ушул жылдын соңуна чейин глобалдык жаңы макулдашууга...
KY-F00694,KY,train,RELEVANT,DISASTER,"Тоолуу Бадахшанда сел жана жер көчкүдөн 7 жаран апаат болду Тажикстандын Тоолуу Бадахшан регионунда жер көчкү жана сел акыркы күндөрү жети адамдын өмүрүн алды. Автономиялык облустун өкүлү Нилуфар Асламшоеванын “Азаттык” радиосуна билдиришинче, ээриген мөңгүлөр жараткан жер көчкү жана сел Ванч районунда 70 чакты үйдү кыйратып, электр линияларын жана..."
KY-F01956,KY,train,RELEVANT,POLICY,"БАЛИДЕГИ КЛИМАТ ФОРУМУ: АКШ ДАГЫ ЖАЛГЫЗ КАЛДЫ Эгер Балидеги конференцияда Киото келишимин алмаштыра турган жаңы документ кабыл алынбаса,анда климаттагы өзгөрүштөрдүн салакаларын азайтуу багытында буга чейин жасалган аракеттердин баары текке кетет, деп эскертти бул жерде аяктап жаткан эл аралык форумдун төрагасы Иво де Боер. Жаңы документтин негизги позициялары аныкталды, бирок конкреттүү бир катар милдеттерге айрым өлкөлөр, айрыкча АКШ караманча каршы чыгууда."
KY-F01762,KY,train,RELEVANT,POLICY,"БУУнун башкатчысы дүйнөлүк коомчулукту климаттын өзгөрүшү боюнча 2009-жылга карата кеңири келишим түзүүгө чакырды Пан Ги Мундун айтымында, мындай келишимге жетишүү - ""азыркы муундун моралдык парзы"". Ал бул тууралуу климаттын өзгөрүшү боюнча Индонезиянын Бали аралында өтүп жаткан эл аралык конференцияда билдирди. Жыйынга дүйнө өлкөлөрүнүн экология министрлери катышууда. БУУнун башкатчычсы белгилегендей, жаңы..."
KY-F02059,KY,train,RELEVANT,WATER_CRYO,"13:20 “Мөңгү” экологиялык фондусу Камбарата ГЭСтеринин курулушуна каршы чыгууда Готфрид Мерцбахер атындагы “Мөңгү” экологиялык фондусунун президенти Үрүстөм Кабылбековдун айтымында, Кыргызстанда Камбарата ГЭСтерин куруу экологиялык көйгөйлөргө алып келиши мүмкүн. “Учурда жер жүзүндө климаттын жылып баратышынан улам суунун аянтын кеңейтүү өтө кооптуу. Анткени суунун..."
KY-F01040,KY,train,RELEVANT,SCIENCE_GEN,Быйыл дүйнөдө зыяндуу газдардын абага бөлүнүшү азайган 2020-жылы дүйнөдөгү көмүр кычкыл газынын бөлүнүшү мурдагы жылдарга караганда 7 пайызга азайган. Бул тууралуу Global Carbon Project долбоорунун изилдөөлөрүндө айтылат. Климатка зыяндуу газдардын азайышына быйылкы коронавирус пандемиясынан улам чектөөлөрдүн киргени себеп болгону кабарланды....
KY-F00409,KY,train,RELEVANT,POLICY,"Монреал шаарында климат боюнча экинчи эл аралык форум башталды Канаданын Монреал шаарында бүгүн аба ырайынын дүйнөлүк өзгөрүшү боюнча Бириккен Улуттардын жаңы эл аралык конференциясы башталды. Ага 189 мамлекеттен келген он миңге жакын өкүл катышууда. Киото протоколу кабыл алынгандан бери бул – аталган маселе боюнча уюштурулган экинчи эң ири жыйын, ал 12..."
KY-F01143,KY,train,RELEVANT,POLICY,"БУУ аймактарды өнүктүрүүгө акча берет Кыргызстандын аймактарындагы көйгөйлөрдү азайтууга БУУ тарабынан 16,8 миллион доллар бөлүнөт. Социалдык өнүгүү министрлигинен кабарлашкандай, каражат эки жарым жыл аралыгында табигый кырсыктардын зыяндарын азайтууга жана климаттын өзгөрүшүнө ыңгайлашуу боюнча долбоорлоого жумшалат. Каражаттын..."
KY-R200327,KY,train,RELEVANT,SCIENCE_GEN,"2015-жыл эң ысык жыл деп катталды Бириккен Улуттар Уюмунун Метеорологиялык башкармалыгы 2015-жылдын аба ырайы эң ысык болуп, рекорд койгонун маалымдады. 25-ноябрда чыккан билдирүүдө быйылкы жыл былтыркыга салыштырмалуу өтө ысык болуп, мурдагы жылдардагы климаттык жылуулуктун жогорку көрсөткүчүнө чыкты. Аталган башкармалыктын..."
KY-F02120,KY,train,RELEVANT,POLICY,Евробиримдик: Зыяндуу газдардын абага тарашы 45% азаят Европа дүйнөлүк климаттык коркунучка каршы күрөштүн натыйжалуу болушун каалайт жана климат боюнча Париж макулдашуусун толук ишке ашырууга умтулат. Бул тууралуу Нью-Йоркто Бириккен Улуттар Уюмунун Башкы Ассамблеясынын алкагында жүрүп жаткан жыйында Европа Кеңешинин төрагасы Дональд Туск...
KY-F01267,KY,train,RELEVANT,HEALTH_SOCIETY,"Грета Тунберг «Түндүк кеңешинин» сыйлыгынан баш тартты Швециялык 16 жаштагы активист Грета Тунберг ""Инстаграмдагы"" баракчасына ""Түндүк кеңешинин"" айлана-чөйрөнү коргоо жаатындагы сыйлыгын албай турганын жазды. Окуучу кыз бул уюмга түйшүк мээнетин эске алганына ыраазычылык билдирип, бирок климаттын өзгөрүшүнө жол бербөөгө чакырган кыймыл сыйлыкка..."
KY-F02123,KY,train,RELEVANT,ENERGY,"Садыр Жапаров ЕАЭБ жыйынында энергетикалык коопсуздук маселесин козгоду Президент Садыр Жапаров бүгүн, 14-октябрда, Жогорку Евразиялык экономикалык кеңештин (ЖЕЭК) кезектеги жыйынына онлайн катышты. Ал өз сөзүндө 2025-жылга чейин Евразия экономикалык биримдигинин алкагында экономикалык интеграцияны тездетүү жана климаттын өзгөрүүсүнө жараша көмүртекти аз өндүрүү..."
KY-R200346,KY,train,RELEVANT,WATER_CRYO,Латын Америкада мөңгүлөр ылдам ээрип барат Түштүк Американын Анды тоолорундагы мөңгүлөрдүн көлөмү 1970-жылдан бери 30-50 процентке чейин азайган. Жаңы изилдөө акыркы 300 жылда Анды тоолорундагы мөңгүлөр тез ээрип баратканын аныктаган. “Криосфера” (Cryosphere) журналына жарыяланган изилдөөнүн жетекчиси Антони Рэбетал акыркы отуз жылда...
KY-F02015,KY,train,RELEVANT,WATER_CRYO,"Мөңгү маселеси: эртең кеч “Арай көз чарай” талкуусуна профессор Саламат Аламанов, экология боюнча эксперт Динара Кутманова, география илимдеринин кандидаты, доцент Кайрат Молдошев катышты."
KY-F01887,KY,train,RELEVANT,SCIENCE_GEN,"Атмосферадагы зыяндуу газдардын концентрациясы мурда болуп көрбөгөндөй чекке жетти Өткөн жылы глобалдык жылуулукка себеп болгон көмүр кычкыл газынын, метандын жана азоттун кош кычкылынын атмосферадагы концентрациясы мурда болуп көрбөгөндөй чекке жетти. Бул тууралуу АКШнын Океанды жана атмосфераны изилдөө башкармалыгы билдирди. Көмүр жагуудан, мал чарбасынын жайылышынан жана..."
KY-R200230,KY,train,RELEVANT,WATER_CRYO,К. Бакиев Алматыга Арал боюнча жыйынга барат Президент Курманбек Бакиев 28-апрелде Аралды сактоо боюнча эл аралык фондду түзгөн мамлекет башчылардын Алматыдагы жыйынына катышат. Анда негизинен аталган фонд алкагында кызматташуунун жыйынтыктары талкууланмакчы. Бул тууралуу президенттин маалымат кызматы билдирди. (EBM)
KY-F02357,KY,train,RELEVANT,SCIENCE_GEN,Нобелдин Тынчтык сыйлыгынын лауреаттары аталды Норвегиянын Илимдер падышалык академиясы бүгүн АКШнын мурдагы вице-президенти Алберт Горду жана БУУнун Климаттык өзгөрүүлөр боюнча өкмөттөр аралык адистер тобун Нобелдин Тынчтык сыйлыгынын лауреаттары деп атады. Байгеси 1.5 миллион доллар болгон Тынчтык премиясы ушуну менен бешинчи жолу...
KY-F00594,KY,train,RELEVANT,DISASTER,"Түндүк Корея катуу кургакчылыкка кабылды Түндүк Корея бийлиги өлкө акыркы жүз жылдан берки катуу кургакчылыкка кабылганын, бул өлкөдө азык-түлүк тартыштыгына алып келиши ыктымалдыгын айтып чыкты. Мамлекеттик KCNA жаңылыктар агенттиги жамгыр жаабагандыктан өлкөдөгү шалы аянттары кургап баратканын, чыгымды азайтуу үчүн кургакчылыктан..."
KY-F01916,KY,train,RELEVANT,WATER_CRYO,Бүгүн президент Алма-Атадагы Аралды сактоо боюнча саммитке катышат Бүгүн (28-апрелде) президент Курманбек Бакиев Аралды сактоо боюнча эл аралык корду түзгөн мамлекет башчылардын Алма-Атада шаарындагы саммитине катышат. Бул тууралуу президенттин маалымат кызматы билдирди. Жыйында негизинен аталган кордун алкагында кызматташуунун жыйынтыктары талкууланмакчы. Өлкө...
KY-R200167,KY,train,RELEVANT,POLICY,"Климат боюнча эл аралык келишимди кабыл алуу 12-декабрга калды Франциянын тышкы иштер министри Лоран Фабиус климаттык өзгөрүүлөргө каршы чара көрүү боюнча келишимди кабыл алуу эртеңкиге калганын билдирди. Министр 12-декабрга чейин мунаса табыларына ишенерин айтты. Улуттар Уюмунун климат боюнча конференциясына 195 өлкөнүн өкүлдөрү катышып, ал бүгүн соңуна..."
KY-F01282,KY,train,RELEVANT,WATER_CRYO,"Бишкек-Нарын-Торугарт жолунун жээктерин бекемдөө тапшырмасы берилди Өзгөчө кырдаалдар министрлигинен билдиришкендей, нөшөрлөгөн жаан жана аба ырайынын ысып кетишине байланыштуу мөңгүлөр эрип, 9-10-июнда Чүй облусундагы Чу дарыясындагы суунун деңгээли кескин көтөрүлдү. Бүгүн премьер-министр Сооронбай Жээнбеков абал менен жеринде таанышып, өкмөттүн облустагы өкүлү..."
KY-F01848,KY,train,NOT_RELEVANT,,"Жогорку Кеңештин комитетинде жазгы талаа жумуштарына даярдык каралат Бүгүн Жогорку Кеңештин Агрардык саясат, суу ресурстары, экология жана регионалдык өнүктүрүү боюнча комитети жазгы талаа жумуштарына даярдыктын жүрүшүн талкуулайт. Парламенттин басма сөз кызматы билдиргендей, анда айыл чарба, тамак аш өнөр жайы жана мелиорация министри Нурбек Мурашев маалымат..."
KY-C00380,KY,train,NOT_RELEVANT,,Бишкектеги мектеп окуучуларынын дээрлик үчтөн бири аралыкта билим алууга кирбейт - | 24.KG Бишкектин мектеп окуучуларынын дээрлик үчтөн бири аралыкта билим алууга камтылбайт. Бул тууралуу социалдык маселелер боюнча шаардык кеңештин туруктуу комиссиясынын отурумуна катышкан вице-мэр Айжан Чыныбаева билдирди.
KY-F00884,KY,train,NOT_RELEVANT,,"Бишкекте «Таза шаар» социалдык акциясы өтөт Эртең, 7-ноябрда Бишкектеги Энвер Гареев атындагы Ботаникалык бакта «Таза шаар» аттуу социалдык акция өтөт. Анын максаты - шаар тургундарынын экологиялык маданиятын калыптандыруу жана коомчулуктун көңүлүн баш калаадагы тазалык маселесине буруу экенин «Азаттыкка» иш-чараны уюштуруп жаткан..."
KY-F02047,KY,train,NOT_RELEVANT,,"Кумтөргө байланыштуу митинг тарады Ысык-Көлдүн Жети-Өгүз райондук сотунун жанында Кумтөрдун экологиялык зыянын текшерүүнү талап кылгандардын митинги тарады. Аймактагы кабарчыбыз маалымдагандай, митингге чыккандар райондук соттун төрагасы Болот Эшебаев менен жолугуп, атайын кайрылуу тапшырышты. Сот төрагасы арыз кароонун..."
KY-F01312,KY,train,NOT_RELEVANT,,"Кыргыз-өзбек өкмөттөр аралык комиссиясынын отуруму болот БИШКЕК. Эртең Бишкекте Кыргызстан менен Өзбекстандын эки тараптуу кызматташтык боюнча өкмөттөр аралык комиссиясынын алтынчы отуруму болот. Бул тууралуу бүгүн өкмөттүн басма сөз кызматынан билдиришти. Жыйында соода-экономикалык, суу-энергетика, экология жана туристтик кызмат боюнча маселелер..."
KY-F00852,KY,train,NOT_RELEVANT,,"Гавайидеги жалган тревогага адам фактору себепкер Гавайи штатынын бийлиги аралга учуп келе жаткан ракета тууралуу жалган маалымат Чукул кырдаалдар башкармалыгынын кызматкеринин күнөөсү менен жиберилгенин маалымдашты. Ал нөөмөт алмашуу учурунда туура эмес кнопканы басып алган. 13-январда аралдын жашоочуларынын кол телефондоруна ""баллистикалык..."
KY-R00395,KY,train,NOT_RELEVANT,,"Жогорку Кеңеш ПАСЕден Бакиевдерди экстрадициялоого көмөктөшүүнү суранды Бул тууралуу ушул күндөрү Страсбургда өтүп жаткан Европа Кеңешинин Парламенттик Ассамблеясынын жыйынында Жогорку Кеңештин Эл аралык иштер боюнча комитетинин төрагасы Каныбек Иманалиев айтып чыкты. Ал 2010-жылкы апрел окуялары тууралуу доклад окуп, андагы күнөөлүүлөрдү жазалоого көмөктөшүүнү..."
KY-F02069,KY,train,NOT_RELEVANT,,Күн системасынын сыртында көмүр кычкылтеги бар экени аныкталды АКШнын космос агенттиги – НАСА Хаббл телескопу биринчи жолу Күн системасынын сыртында көмүр кычкылтегин аныктаганын маалымдады. Бул – жашоо башка жерлерде да пайда болушу мүмкүн деген теорияны далилдейт.
KY-C00016,KY,train,NOT_RELEVANT,,Таласта санитардык чаралар күчөтүлдү - | 24.KG Талас облусунда дүкөндөрдүн жана базарлардын иштөө тартиптерине чектөө киргизилди. Бул туурлауу өкмөттүн ыйгарым укуктуу өкүлү Марат Мураталиев маалымат жыйында билдирди.
KY-R00145,KY,train,NOT_RELEVANT,,Газадагы бүгүнкү трагедия эртеңки күн үчүн негиз даярдоодо Газа тилкесиндеги кризистин башталганынан бери эки апта болуп калды. Эл аралык дипломаттар ок атышуунун токтотулушуна жетишүүнүн аракетинде. Евробиримдик тараптарды мунасага келүүгө чакырууда. Газа тилкесиндеги кризис жана согуштун тарыхы тууралуу Эркин Европа/Азаттык үналгысынын берүүлөр боюнча директорунун орун басары Аббас Жавади комментарий жазды.
KY-R200004,KY,train,NOT_RELEVANT,,"Бишкекте жаңы конуштардагы абанын абалы текшерилди Мамлекеттик экотехинспекциянын инспекторлору Бишкек шаарын айланта курчаган жаңы конуштардагы абанын абалын Айлана-чөйрөнү коргоо агенттигинин адистери менен бирге текшерүүдө. Экотехинспекция кызматынын басма сөз катчысы Анара Мамбеталиеванын ""Азаттыкка"" билдиргени боюнча, абанын курамындагы чаң..."
KY-C00115,KY,train,NOT_RELEVANT,,Социалдык маанидеги оорулар. Дарыларды өндүрүшчүлөрдөн түз сатып алуу каралат - | 24.KG Жогорку Кеңештин депутаттары социалдык маанидеги оорулардын дарыларын өндүрүшчүлөрдөн түз сатып алууну сунушташууда. Бул тууралуу маалымат жыйында депутат Дастан Бекешов билдирди.
KY-C00422,KY,train,NOT_RELEVANT,,Эл аралык компания Кыргызстандагы көмүскө экономиканы изилдейт - | 24.KG Экономика министрлиги Европанын реконструкциялоо жана өнүктүрүү банкынын колдоосунда Кыргызстандагы көмүскө экономиканын масштабын иликтейт.
KY-F01746,KY,train,NOT_RELEVANT,,"Жол боюна эстелик орнотууну тыюу сунушталды Жол жээктеринде жол кырсыктарынан каза болгондорго эстеликтерди, аварияга учураган автоунаанын кузовдорун, каркастарын коюуга тыюу салыныш керек. Мындай сунушту бүгүн Жогорку Кеңештин Жер-агрардык маселелер, суу ресурстары, экология жана аймактык өнүгүү боюнча комитети колдоду. Мыйзам..."
KY-C00132,KY,train,NOT_RELEVANT,,Кыргызстандык үч окуучу Эл аралык Менделеев олимпиадасында медалга ээ болушту - | 24.KG Кыргызстандык мектеп окуучулары химия предмети боюнча Эл аралык Менделеев олимпиадасында медалга ээ болушту. Бул тууралуу билим берүү жана илим министринин орун басары Надира Жусупбекова брифингде билдирди.
KY-C00268,KY,train,NOT_RELEVANT,,"УКМКнын кызматкерлери эл аралык террордук уюмдун мүчөлөрүн кармады - | 24.KG УКМКнын кызматкерлери эл аралык террордук уюмдун мүчөлөрүн кармады. Бул тууралуу аталган комитеттен билдиришти. Маалыматка караганда, жалпысынан чет элдик 5 жаран жана кыргызстандык 4 жаран кармалды. Алар Чүй облусунда ишмедүүлүгүн жүргүзүп келишкен. Колго түшкөндөр 2017-жылдан бери Ооганстан жана Сириядагы эл аралык террордук уюмдун катарына башкаларды тартуу менен алектенишкен."
KY-F00345,KY,train,NOT_RELEVANT,,"13:30 Эртең Барскоондогу форумда аймактагы экологиялык маселе да көтөрүлөт Жарандык форумда Барскоон аймагындагы экология маселеси көтөрүлүп Кумтөр кенинин уулу зат калдыктарын сактоочу жай, мөңгүлөрдүн ээриши, Петров көлүндө суунун көбөйүшү, токойлордун соолушуна байланыштуу маселелер талкуулант. Буга чейин цианидтен жабыр тарткан жергиликтүү тургундарга “Кумтөр”..."
KY-R200350,KY,train,NOT_RELEVANT,,"ПРАВИТЕЛЬСТВО ПРИНИМАЕТ МЕРЫ ПО РАЗВИТИЮ МАЛОЙ АВИАЦИИ Бишкек, 3 января. 31 декабря 2003 года премьер-министр Николай Танаев подписал постановление «О развитии малой авиации в Кыргызской Республике». Как сообщает пресс-служба правительства, согласно данному постановлению Министерству экологии и чрезвычайных ситуаций (МЧЭС), Пограничной службе и..."
KY-F01172,KY,train,NOT_RELEVANT,,Кырсыкка кабылган альпинисттерди издөө уланууда БИШКЕК. Хантеңири чокусунда көчкү алдында калган 6 адамды издөө улантылууда. Кырсык болгон жерге Орусиянын күтүүсүз кырдаалдар министрлигинен 30га жакын альпинист жардамга келди. Бул тууралуу Экология жана өзгөчө кырдаалдар министрлигинин басма сөз кызматынан бүгүн кабарлашты. 5-августта таңга...
KY-C00402,KY,train,NOT_RELEVANT,,HRW эл аралык коомчулукту Тажикстандагы укук бузууларга көңүл бурууга чакырды - | 24.KG Human Rights Watch (HRW) эл аралык укук коргоо уюму Бириккен Улуттар Уюму (БУУ) менен эл аралык коомчулукту тажик бийлигин өлкөдөгү адам укуктарынын кейиштүү абалына көңүл бурдуртууга чакырды.
KY-F00264,KY,train,NOT_RELEVANT,,"Пакистан: кар көчкү баскан аскерлер табыла элек Пакистанда аскерлерди басып калган кар көчкүнүн калыңдыгы 20 метрдей болушу мүмкүн. Гималай тоо кыркарларындагы Сиачен мөңгүсүнө чукул жерде кар алдында калган аскерлерди издөө азырынча эч натыйжа бере элек. Издөөгө аскерлер, атайын үйрөттүлгөн иттер жана техника колдонулууда. Соңку..."
KY-C00299,KY,train,NOT_RELEVANT,,"Бишкек-Ош жолунда бензовоз оодарылып, узун тыгын жаралды - | 24.KG Бишкек-Ош жолунун Көк-Бел аймагында бензовоз оодарылып, машиналардын узун тыгыны жаралды."
KY-F01695,KY,train,NOT_RELEVANT,,"Чаткал: Алтын кениндеги 100 млн сомдук зыян боюнча маселе сотто каралды Кыргызстандын Башкы прокуратурасы Чаткалдагы “Чаарат Заав” алтын кен компаниясынын ишмердүүлүгүн текшерип, мыйзам бузулгандыктан экологияга 100 миллион сомдук зыян келтирилгенин айтып чыкты. Мекеменин сайтына 12-майда жарыяланган маалыматка караганда, Жалал-Абад облустук прокуратурасы текшерүү..."
KY-F02273,KY,train,NOT_RELEVANT,,"ЗИЛЗАЛАДАН ЖАБЫРКАГАНДАРГА ӨКМӨТТҮН ЖАРДАМЫ КАНААТТАНДЫРБАЙТ Кочкордогу жана Баткендеги жер титирөөдөн жабыркаган аймактар боюнча 17-январда Жогорку Кеңештин өзгөчө кырдаалдар, токой чарбалар жана экология боюнча комитети кеңейтилген жыйын өткөрдү. Ага өкмөт мүчөлөрү жана Нарын, Баткен облустарынын губернаторлору катышып, кырсыктан жабыркагандарга берилип жаткан жардам тууралуу маалымат беришти. Айрым депутаттар өкмөт жер титирөөдөн жабыркагандарга жакшы көңүл бурбай жатат деп нааразы болушту."
KY-F00898,KY,train,NOT_RELEVANT,,"14:30 “Миң жылдыкты өнүктүрүүнүн максаттары” аттуу эл аралык форум өтөт Анда Түндүк жана Борбор Азия, КМШ аймактарындагы жашоонун деңгээлин көтөрүүгө багытталган миң жылдыкты өнүктүрүү максаттарына байланыштуу маселелер көтөрүлөт. Форумдун күн тартибине айлана-чөйрөнү коргоо, социалдык кызмат көрсөтүүлөрдү жакшыртуу жаатындагы суроолор коюлат. Жыйын Улуттар уюмуму..."
KY-R00138,KY,train,NOT_RELEVANT,,"Эл аралык трафик уурдаган кылмыштуу топ кармалды Алар ""Альфа Телеком"" же ""Мегакомго"" эл аралык трафикти мыйзамсыз жеткирип жүрүшкөнү УКМК «Альфа Телеком» мамлекеттик байланыш операторунун коопсуздук кызматы менен чогуу жүргүзгөн иш-чаранын алкагында аныкталды. УКМКнын маалыматы боюнча, тергөө иштеринин жүрүшүндө бул мыйзамсыз ишти уюштурган үч..."
KY-F00486,KY,train,NOT_RELEVANT,,"В Москве пройдет акция ""Кто ответит за террор?"" В центре Москвы - на Пушкинской площади - сегодня пройдет митинг под лозунгом ""Кто ответит за террор?"" Санкционированную властями акцию проводят активисты различных общественных организаций, среди которых - экологи из подмосковного города Химки. Как сообщила Радио Свобода лидер движения в..."
KY-R00127,KY,train,NOT_RELEVANT,,"Кытайдын Тажикстандагы жашыруун базасы, жасалма интеллектти пайдаланган экстремисттер 8-13-июль аралыгында дүйнө басылмаларына чыккан айрым макала-баяндарга сереп."
KY-F00590,KY,train,NOT_RELEVANT,,"Кечки радио эфир | 22.07.2023 | УКМК Динара Кутманованы коррупцияга айыптады УКМК мурдагы экология министри Динара Кутманованы коррупцияга айыптап чыкты, ал өзү мындай кинени четке кагууда. Кыргызстандык ишканалар АКШнын санкцияларга байланыштуу чектөөлөрүнө кабылды. Серепчилер Орусиядагы мигранттарга каршы рейддердин кесепетин талдап жатышат."
KY-C00364,KY,train,NOT_RELEVANT,,"Өмүрбек Текебаев менен Дүйшөнкул Чотоновдун кылмыш иштери кайра каралбайт - | 24.KG Буга чейин жактоочулар камактагылардын жаза мөөнөтүн кыскартуу тууралуу өтүнүч менен кайрылбай, Өмүрбек Текебаев менен Дүйшөнкул Чотоновдун иштерин Биринчи Май райондук сотуна жаңы жагдайлар боюнча териштирүүгө жиберилишин өтүнүшкөн. Бирок, Жогорку сот өтүнүчтү четке кагып, мурунку өкүмдү күчүндө калтырды."
KY-R200208,KY,train,NOT_RELEVANT,,"Ош-Бишкек автожолу ачылды БИШКЕК. «Кумтөр» ишканасы Ош-Бишкек автожолундагы кар көчкүндөн жабыр тарткан атуулдардын үй-бүлөсүнө жардам катары 100 миң сом акча бөлдү. Бул тууралуу бүгүн «Кумтөр» ишканасынын Бишкектеги өкүлчүлүгүнөн маалымдашты. Ал эми Экология жана өзгөчө кырдаалдар министрлигинин кабарлоосуна караганда,..."
KY-F00619,KY,train,NOT_RELEVANT,,"7:15 Таласта бүгүн аймактагы алтын кендерин иштетүүгө каршы митинг өтүшү күтүлүүдө Облустук акимчиликтин алдында өтүшү күтүлүп жаткан бул нааразылык чара “Таза табият – келечегибиз» деген ураан астында өтмөкчү. Аймактагы кабарчыбыздын маалыматына караганда, элдин нааразылыгына экологиялык маселелер себеп болууда. Мындай митинг 7-мартта Талас районундагы Манас айылында да..."
KY-R00640,KY,train,NOT_RELEVANT,,Эртең өлкө боюнча 4500 көчөт отургузулат Мындай иш-чараны өткөрүү идеясы Улуттук университеттин студенткасы Назира Ибраим кызына таандык. Анын “Экологияны сактоодо жаштардын ролу” аттуу долбоору Ачык коом институту уюштурган эл аралык сынакта жеңген. Долбоорду ишке ашырууга аталган институт 2000 АКШ долларын бөлүп берген. Н.Ибраим...
KY-F00960,KY,train,NOT_RELEVANT,,"Бишкекте тыюу салынган буюмдарды өрттөгөндөрдү текшерүү уланууда Бишкек шаарынын комиссиясы Жаратылыш ресурстары министрлиги менен бирге мончо жана сауналарда тыюу салынган буюмдарды өрттөөгө каршы рейд жүргүздү. Бул тууралуу шаар бийлигинен кабарлашты. Маалыматта акыркы жети күндө Биринчи май районундагы 12 мончо текшерилгени, ал жерлерде экологиялык..."
KY-R00383,KY,train,NOT_RELEVANT,,"Чет өлкөлүктөрдүн сабалышы: Кыргызстан канчалык коопсуз? 18-майга караган түнү Бишкекте Кыргызстандын жарандары чет өлкөлүк студенттердин жатаканасына кирип барып, ал жерде жашагандарды ур-токмокка алган. Бул окуя эмне себептен келип чыкты, укук коргоо органдары кандай иштешти, Кыргызстандын эл аралык коомчулук алдындагы кадыр-баркы кандай болот?"
KY-R200233,KY,train,NOT_RELEVANT,,"Бишкекте калкты химиялык куралдардан коргоого арналган семинар аяктады БИШКЕК. «Калкты химиялык куралдардан коргоо» деп аталган семинар бүгүн Бишкекте өз ишин аяктады. Беш күн бою Экология жана өзгөчө кырдаалдар министрлигинин, жарандык коргонуу кызматтарынын, Коргоо, Тышкы иштер жана Ички иштер министрликтеринин адистери капысынан химиялык курал колдонулуп калса,..."
KY-F02072,KY,train,NOT_RELEVANT,,"Сооронбаев: Бишкектеги ыштын ден соолукка зыяны изилдене элек Бишкекти каптаган ыштын адамдардын ден соолугуна зыяны изилдене элек. Бул тууралуу “Азаттыкка” Саламаттык сактоо министрлигинин өпкө илдеттери боюнча башкы дарыгери, профессор Талант Сооронбаев билдирди. Анын айтымында, борбор калаада экологиялык абал начар экени айтылганы менен бул көрүнүштүн..."
KY-R200268,KY,train,NOT_RELEVANT,,"Токтогулда боз үйдө окуган окуучуларга жылуу чатыр бериле элек Токтогул районунун Кызыл-Өзгөрүш айыл аймагында жайгашкан №36 Анарбек Ибраимов атындагы мектептин башталгыч класстары үчүн атайын жылууланган чатырлар берилген жок. Бул тууралуу “Азаттыкка” Токтогул районунун акиминин орун басары Айна Нават кызы билдирди. Анын айтымында, ӨКМ ""өзгөчө жаратылыш..."
KY-F01005,KY,train,NOT_RELEVANT,,Автоунаалардан чыккан түтүндүн зыяны текшерилүүдө Бүгүн Мамлекеттик экологиялык техникалык инспекция Бишкек шаарындагы автоунаалардан чыккан түтүндүн зыяндуулугун аныктоо боюнча рейд жүргүзүүдө. Мекеменин адистери көпчүлүк учурда тийиштүү нормадан ашыкча уулуу зат бөлүп чыгарып жаткан машинелер эскиргенин же алардын техникалык абалы начар...
KY-F01590,KY,train,NOT_RELEVANT,,"Президент башкы прокурор Зулушев менен министр Тургунбаевге сөгүш берди Президент Садыр Жапаров башкы прокурор Курманкул Зулушев менен жаратылыш ресурстары, экология жана техникалык көзөмөл министри Мелис Тургунбаевге сөгүш берди. Бул тууралуу Президенттин администрациясы кабарлады. Маалыматта айтылгандай, Министрлер кабинетинин төрагасынын орун басары, Улуттук..."
KY-C00050,KY,train,NOT_RELEVANT,,"Бишкек-Кара-Балта жолун куруу. 20,32 чакырым аралыкка асфальт бетон төшөлөт - | 24.KG Кубатбек Боронов Сокулук жана Ак-Суу суулары аркылуу өткөн көпүрөнүн куруу иштеринин жүрүшү менен таанышып, Жайыл районунун Полтавка жана Новониколаевка айылдарында курулуп жаткан тилкелерди, ошондой эле жер өтмөктөрүнүн курулушун көрүп чыкты."
KY-F01007,KY,train,NOT_RELEVANT,,"Айлана-чөйрөнү коргоо агенттигинин кызматкерлери директорго каршы акцияга чыгышты Өкмөткө караштуу Айлана-чөйрөнү коргоо жана токой чарба агенттигинин кызматкерлери директор Динара Кутманованын кызматтан кетишин талап кылышууда. Алар 28-декабрда эртең менен мекеменин алдына чогулушуп, директорду ""Эмгек кодексин бузуп, мыйзамсыз иштерди жасап жатат» деп сындап чыгышты...."
KY-C00383,KY,train,NOT_RELEVANT,,"Юрий Краковецкий дзюдо боюнча Grand Slam эл аралык мелдеште 3-орунду камсыздады - | 24.KG Юрий Краковецкий 100 килограммдан өйдө салмак ченинде күч сынашып, коло медаль тагынды."
KY-C00434,KY,train,NOT_RELEVANT,,Баткенде акыркы 5 ай аралыгында 9 өспүрүм сууга чөгүп каза болду - | 24.KG Баткен облусунда акыркы 5 ай аралыгында 9 өспүрүм сууга чөгүп каза болду. Бул тууралуу Баткен ОИИБнын басма сөз кызматы билдирди.
KY-F01207,KY,train,NOT_RELEVANT,,"Бишкекте коомдук саламаттык сактоону реформалоо боюнча иш чара өтүүдө Коомдук саламаттык сактоону реформалоо жана санэпидкызматтын аткарган иштерине байланыштуу өтүп жаткан жаңы көз карандысыз мамлекеттердин Бишкекте бүгүн башталган саясий баарлашуусунда жугуштуу оорулар, экологиялык факторлордун ден-соолукка тийгизген терс жактары, өзгөчө кырдаалдар, дем алуу..."
KY-F00328,KY,train,NOT_RELEVANT,,"8:10 Балыкчы шаарынын башчысы кызматтан кетти Талант Бекжановду Балыкчы шаар мэрлигинен бошоткон буйрукка өлкө президенти кечээ кол койду. Президенттин кечээ кол койгон дагы бир буйругуна ылайык, Арстанбек Давлеткелдиев айлана-чөйрөнү коргоо жана токой чарбачылыгы боюнча мамлекеттик агенттиктин деректирлигине дайындалды.(SM)"
KY-C00241,KY,train,NOT_RELEVANT,,Чек ара: активисттер Эл аралык кылмыш сотуна кайрылышты - | 24.KG Кыргызстан Эл аралык кылмыш сотунун прокуроруна Тажикстандын бийлигине каршы тергөө ишин баштоо өтүнүчү менен кайрылуу жөнөттү. Мындай арыз менен өлкөнүн активисттери жана юристтери кайрылышты.
KY-C00263,KY,train,NOT_RELEVANT,,Наристелер үчүн берилүүчү сүйүнчү пулга бюджеттен 90 миллион сом каралды - | 24.KG Жыл башынан бери 21 миң 800 киши жаңы төрөлгөн бала үчүн берилүүчү сүйүнчү пулга ээ болушту. Бул тууралуу маалымат жыйында Социалдык өнүгүү министрлигинин мамлекеттик жөлөк пулдар жана акчалай компенсациялар башкармалыгынын башчысы Жыпара Рысбекова билдирди.
KY-R00358,KY,train,NOT_RELEVANT,,"Президент Сооронбай Жээнбеков биологиялык ар түрдүүлүк боюнча саммитте видео кайрылуу жасайт Нью-Йоркто өтүп жаткан биологиялык ар түрдүүлүк боюнча саммитте Кыргызстандын президенти Сооронбай Жээнбековдун сөзү түз көрсөтүлөт. Президенттик аппараттын маалыматына караганда, мамлекет башчы өз кайрылуусунда өлкөнүн тышкы саясатынын маанилүү бөлүгүн «экологиялык» дипломатия жана жашыл..."
KY-F00771,KY,train,RELEVANT,WATER_CRYO,"БОРБОРАЗИЯ: CУУ ЭГЕШИ ЭРЕГИШКЕ АЙЛАНЫШЫ ЫКТЫМАЛ Быйылкы жылды Борборазияда кургакчылык болот, суунун тартыштыгы --> http://rfe.azattyk.org/rubrics/economics/ky/2008/05/F987C33B-503F-4288-BC9C-6525DF57400D.asp айрыкча сезилет деп жатышат. Бу маселе ала жазда эле айрым жерлерде коңшуларды араздаштырганга алып барды. Байкоочулар бул жагдай аймактагы экономикалык кызматташтыкка эле терс таасирин тийгизбейт, саясий кырдаалды, атүгүл улут аралык мамилелерди кучутушу мүмкүн дешет."
KY-F02012,KY,train,NOT_RELEVANT,,"КЫЗЫКТАР ДҮЙНӨСҮНДӨ: СУУ ТҮТҮГҮНӨН АККАН ПИВО, ТҮРКМӨНБАШЫ - ПИНГВИНДЕРДИН КОРГООЧУСУ... Түркмөнбашы – пингвиндердин коргоочусу Дагы бир түбөлүк лидер Түркмөнбашы орус классигинин чыгармасындагы бир каарманга окшоп, улам жаңы долбоор ойлоп чыгарууда. Бул жолу Ашгабаддын айланасында 1 миң квадрат метрлик токой отургузулмакчы. Бул баш калаадагы климатты жакшыртат, - дейт Ниязов...."
KY-C00195,KY,train,NOT_RELEVANT,,Баткенде чек арадагы чырдан кийин кармалгандардын баш коргоо чарасы каралууда - | 24.KG Баткендин Көк-Таш айылында «ээнбаштык жасады» деп милиция камакка алган Зайнидин Бердиев менен Нурбек Сапарбаевдин ишин облустук сот карап жатат. Бул тууралуу «Марал» радиосу билдирет.
KY-C00056,KY,train,NOT_RELEVANT,,Ошто алыш күрөшү боюнча аялдар арасында эл аралык таймаш өтүп жатат - | 24.KG Ошто алыш күрөшү боюнча аялдар арасында эл аралык таймаш өтүп жатат. Бул тууралуу шаардык мэриянын маалымат кызматы билдирет.
KY-F02348,KY,train,NOT_RELEVANT,,"Өзгөн районундагы эки мектеп урап калды ОШ. Мектеп имараттарынын кулап түшүшүнө жумалап жааган жамгыр себеп болгон. Бир имарат 1926-жылы, бири 1961-жылы курулган экен. Кыйроо түнүчүндө болгондуктан адам өмүрүнө забын келгени жок. Экология жана күтүүсүз кырдаалдар министрлиги Жаңгакты айылына 40 орундуу 8 чатыр алып барып, мектептин..."
KY-F02095,KY,train,NOT_RELEVANT,,"Чек арага жакын аймактарда аң уулоого тыюу салынат Жогорку Кеӊештин Агрардык саясат, суу ресурстары, экология жана регионалдык өнүктүрүү боюнча комитети чек арага жакын аймактарда аң уулоого тыюу салуу максатында иштелип чыккан мыйзам долбоорунун концепциясын жактырды. Мыйзамга ылайык чек ара тилкесинин сырт жагынан 1000 метрге чейинки..."
KY-F00144,KY,train,NOT_RELEVANT,,"Ысыккөл биосфералык аймагына кирүү акысы такталды КАРАКОЛ. Облустук кеңештин токтомуна ылайык Ысыккөл, Кызыломпол жана Караталаа экологиялык посттору мындан ары үзгүлтүксүз иштейт. Ысыккөл биосфералык аймагына кирген республиканын жүк ташуучу автоунааларынан, менчигинин түрүнө карабастан 100 сомдон, жеңил автоунаалардан 50 сомдон, ал эми алыскы..."
KY-F02231,KY,train,NOT_RELEVANT,,17:50 Ново-Покровкада жылуулукту көпкө кармай турган «үнөмдүү мешти» ойлоп табышты «Биом» деп аталган экологиялык кыймыл жана айылдык депутаттардын биргелешкен аракеттери менен Новопокровка айылында алгачкы «үнөмдүү меш» курулду. Аталган мешке бир эле учурда тамак жасап жана үч-төрт бөлмө үйдү жылытууга мүмкүн. Жарык тез-тез өчүп турган шартта «үнөмдүү меш» газ менен электр...
KY-F00154,KY,train,NOT_RELEVANT,,"Ысык-Көлдү, жака-белин булгагандарга айып пулду көбөйтүү каралууда Ысык-Көлдү жана анын жака-белин булгагандарга салынган айып пулдун өлчөмүн көбөйтүү каралууда. Бул тууралуу Жаратылыш ресурстары, экология жана техникалык көзөмөл министрлигинин бөлүм башчысы Таалай Далбаев билдирди. Ал айып пулдун көлөмү көп жылдан бери өзгөрө электигин, жогорулатууга..."
KY-F01309,KY,train,NOT_RELEVANT,,"АЛТЫН АЗГЫРЫГЫ: ЧАҢ БАСКАН ТОО, УУЛАНГАН СУУ Акшыйрак тоо кыркасынын түндүк-батыш тарабынан орун алган “Кумтөр” алтын кени советтик геологдор тарабынан 1978-жылы ачылганы менен аны иштетүү 1997-жылдан башталган. Ушу тапта дүйнөдөгү эң ири кендердин бири эсептелген “Кумтөрдө” 2 миң ашуун жумушчу иштейт. Деңиз деңгээлинен 4 миң 400 метр бийиктикте жайгашкан алтын кен комбинаты 182 тоннадан ашуун алтын казып, андан аркыл төлөмдөр, салык эсебинен Кыргызстанга 750 миллион доллар акча түшкөн. Быйыл комбинат 9 тоннадан ашуун алтын казып алууну көздөөдө. “Кумтөр” алтын кен комбинатынын аялуу проблемасы экология, жардыруудан чыккан чаңдардан эриген мөңгүлөр, бузулган тоо, уулуу зат калдыктары сакталган жайдын абалы болууда."
KY-F01884,KY,train,NOT_RELEVANT,,Башкы прокуратура: Айлана-чөйрөнү коргоо агенттиги мамлекетке ири өлчөмдө зыян келтирген Башкы прокуратура Айлана-чөйрөнү коргоо жана токой чарбасы мамлекеттик агенттиги соңку эки жылда 7 290 366 сом зыян келтиргенин билдирди. Бул тууралуу кабарды аталган мекеме өзүнүн порталына жайгаштырды. Анда белгиленгенге караганда агенттиктин 2018-жылдан 2020-жылга чейинки аралыктагы...
KY-R00286,KY,train,NOT_RELEVANT,,"Газа: Ооруканаларда абал оор Шейшембинин кечинде Газа секторуна гуманитардык жардамдын төртүнчү партиясы жеткирилди. Бирок тилкедеги 2 миллиондон ашуун тургундун абалы, өзгөчө ооруканалардагы эң зарыл нерселердин тартыштыгы эл аралык уюмдарды тынчсыздандырууда."
KY-F02151,KY,train,NOT_RELEVANT,,"ОШ : ЧЕГАРА ТЕКШЕРҮҮЛӨРҮ ЭЛДИ КЫЙНАП БҮТТҮ Кубанычбек Жолдошев, Ош Расмий Бишкек менен расмий Ташкендин саясий мамилелери жылуулана баштаганы менен эки тараптын атуулдарынын чегара бекеттеринен эркин өтүү, мыйзамдуу көзөмөлдү жүргүзүү жана чегара соодасын жөнгө салуу багытында маселелери азайган жок. Ары-бери катташкан эки тараптын көпчүлүк атууларды чегара жана бажы текшерүүлөрүнүн мыйзамсыз экенин белгилешти."
KY-F00885,KY,train,NOT_RELEVANT,,"АКШ президенти Лас-Вегаска жана Пуэрто-Рикого барат АКШ президенти Дональд Трамп 3-октябрда Пуэрто-Рико аралына жана Лас-Вегас шаарына барары күтүлүүдө. Эки апта мурда ""Мария"" деп аталган бороон Пуэрто-Рико аралын каптап, аралда ушул күнгө чейин электр жарыгы жок, азык-түлүк, таза суу тартыш. Сан-Хуан шаарынын мэри Кармен Юлин Крус буга чейин..."
KY-R00003,KY,train,NOT_RELEVANT,,"Оштон Стамбулга учак каттай баштайт Бул тууралуу эл аралык Ош аэропортунун директору Орозбек Калдаров “Азаттыкка” кабарлады. Анын айтымында, биринчи каттам 17-июлга белгиленип жатат. Жумасына үч жолу каттай турган учак жолунун акысы азырынча тактала элек. Бүгүн Түркиядан келген компания өкүлдөрү менен кайсы күндөрү, кандай учак..."
KY-F02167,KY,train,RELEVANT,POLICY,"Исаев БУУнун өкүлү менен тышкы карызды ""жашыл"" долбоорго алмашууну сүйлөштү Тышкы иштер министринин орун басары Асеин Исаев 20-апрелде Бириккен Улуттар Уюмунун Өнүктүрүү программасынын (ПРООН) Кыргызстандагы туруктуу өкүлү Луиз Чемберлен менен жолукту. Анда тараптар өлкөнүн тышкы карызын экологиялык долбоорлорго алмаштыруу демилгесин талкуулады. ""Асеин Исаев өлкөнүн..."
KY-R00452,KY,train,NOT_RELEVANT,,АКШнын Мамлекеттик департаменти Кыргызстанда баңгизаттарга каршы жүргүзүлүп жаткан күрөштү азырынча натыйжасыз деп эсептейт БИШКЕК. Кыргызстандын Баңгизаттарга көзөмөл жүргүзүү боюнча комиссиясынын ишмердүүлүгү азырынча ийгиликсиз болууда. Баңгизат менен алектенүү Ош облусунун тургундарынын негизги киреше булагына айланды. Бул тууралуу АКШнын Мамлекеттик департаментинин баңгизатка көзөмөл жүргүзүү боюнча эл аралык...
KY-C00303,KY,train,NOT_RELEVANT,,Өкмөт Кыргызстанды эл аралык рейтингде 50 мыкты өлкөнүн катарына кошот - | 24.KG Өкмөт Кыргызстанды эл аралык рейтингде 50 мыкты өлкөнүн катарына кошот. Бул тууралуу премьер-министр Мухаммедкалый Абылгазиев Бизнести өнүктүрүү жана инвестициялык кеңешмеде билдирди.
KY-F00159,KY,train,NOT_RELEVANT,,"ЖК комитети Ысык-Көлдөн чет элдиктерге мүлк сатууга уруксат берген документти колдоду Чет өлкөлүк жарандарга Ысык-Көлдүн аймагынан мүлк сатып алууга уруксат берген мыйзам долбоорун Жогорку Кеңештин Агрардык саясат, суу ресурстары, экология жана регионалдык өнүктүрүү комитети 10-июндагы жыйынында үчүнчү окуудан колдоду. Документке бир депутат Султанбай Айжигитов “каршы” добуш..."
KY-R00398,KY,train,NOT_RELEVANT,,"USAID администратору Саманта Пауэр “чет элдик өкүл” мыйзамына тынчсыздануусун билдирди АКШнын Эл аралык өнүктүрүү агенттигинин (USAID -ЮСАИД) администратору Саманта Пауэр Кыргызстанда ""Чет элдик өкүл"" мыйзамы боюнча тынчсыздануусун билдирди. Бул тууралуу 16-апрелде Кыргызстандын Министрлер кабинетинин төрагасы Акылбек Жапаров менен Вашингтондо жолугушкан учурунда айтты...."
KY-R00178,KY,train,NOT_RELEVANT,,"Орусияда “Желе"" жамааты боюнча дагы эки киши соттолду Санкт-Петербургда аскердик сот «террордук жамаат» тууралуу иш боюнча айыпталган Виктор Филинковду 7 жылга, Юлий Бояршиновду 5,5 жылга күчөтүлгөн режимдеги колонияга кести. Аларга “Желе (“Сеть”) деп аталган регион аралык террордук анархиялык коомуна” мүчө болгон деген күнөө тагылды. Тергөөчүлөр..."
KY-F01634,KY,train,NOT_RELEVANT,,"ЖАЛАЛАБАТ: УРАН КАЛДЫКТАРЫ УНУТУЛГАН ШААРДЫ УУЛАНДЫРУУДА Облустун “Кызылжар-12” шаарчасындагы уран калдыктарынын күчү адаттагыдан 30 эсе ашык. Жергиликтүү калк жумушсуздуктун айынан уран көмүлгөн жайлардын курулуш материалдарын сатып жан багат. Уулуу заттын калдыктары ден соолукка таасир этип, аялдардын боюнан түшүп, наристелер майып болуп төрөлүүдө. Облустук айлана-чөйрөнү коргоо башкармасынын маалыматы боюнча шаарчадагы жагдайга көңүл бурулбай калган."
KY-R00169,KY,train,NOT_RELEVANT,,"БАТЫШ МЕНЕН ИРАНДЫН МАМИЛЕЛЕРИ ОҢОЛГОНУ КАЛДЫ Баян Жумакадыр кызы,Прага шаары Еврошаркеттин тышкы байланыштар боюнча жооптуу комиссары Хавьер Солана Иранга келип, өлкөнүн атомдук энергия боюнча агенттигинин башчысы Али Лариджани менен сүйлөшүүлөрдү өткөрдү. Солана Ирандын ядролук программасынын айланасындагы кризисти жөнгө салуу боюнча эл аралык жаңы сунуштардын топтомун тапшырды. Бул сунуштар өткөн жумада Улуттар уюмунун Коопсуздук кеңешинин туруктуу мүчөлөрү менен Германиянын катышуусунда иштелип чыккан."
KY-F00355,KY,train,NOT_RELEVANT,,"Жээнбеков: Бишкекти жашылдандыруу саясатын өнүктүрүү керек Президент Сооронбай Жээнбеков Бишкекте жашыл саясаттын жоктугунан, курулушту пландоо начардыгынан экология жабыркап жатканын билдирди. Бул тууралуу өлкө башчысы Бишкектеги жаңы сейил бактын ачылышында сүйлөп жатып билдирди. Ал мындан ары шаардын курулуш эстетикасын жакшыртып, көркүнө, кооз..."
KY-F00535,KY,train,NOT_RELEVANT,,"Транзиттик борбордун жабылышын талап кылган митинг өттү Бүгүн Жогорку Кеңештин алдында""Манас"" аба майданындагы Транзиттик жүк ташуулар борборунун жабылышын талап кылган митинг өттү. Ага отуздай киши катышты. Акциянын уюштуруучусу, ""Асыр"" жаратылышты коргоо бейөкмөт уюмунун жетекчиси Карыпбек Сереновдун ""Азаттыкка"" билдиргенине караганда, Чүйдүн..."
KY-F01319,KY,train,NOT_RELEVANT,,"Бишкекте Кыргызстандагы инвестициялык абал талкууланат «Инвестициялык климат: экономикалык талдоонун жыйынтыгы» деген темадагы ""тегерек үстөл"" инвестициялык мыйзам жоболорун эл аралык ченемдерге ылайык өркүндөтүү максатында уюштурулууда. Жогорку Кеңештин басма сөз кызматы билдиргендей, жыйын ЮСАИД уюмунун колдоосу менен өтөт. Бүгүн Park Hotel..."
KY-C00196,KY,train,NOT_RELEVANT,,"Ошто мэрдин демилгеси менен каралбай калган 2 көп кабаттуу үй оңдоодон өттү - | 24.KG Ош шаарындагы үлгүлүү үй катары оңдоп түзөөдөн өткөрүлгөн Кулатов кичи шаарчасындагы № 6,8-көп кабаттуу үйлөр пайдаланууга берилди. Бул тууралуу каала мэриясы кабарлайт."
KY-C00113,KY,train,NOT_RELEVANT,,Өкмөт коронавируска каршы иш-чараларга 30 миллион сом бөлдү - | 24.KG Өкмөт коронавируска каршы иш-чараларга 30 миллион сом бөлдү. Бул тууралуу маалымат жыйында саламаттыкты сактоо министринин орун басары Төлө Исаков билдирди.
KY-C00181,KY,train,NOT_RELEVANT,,Коронавирус. Штаб массалык иш чараларды азайтуу керектигин эскертет - | 24.KG Коронавирустун алдын алуу боюнча республикалык штаб массалык иш чараларды чектөөнү сунуштады. Бул тууралуу 4-марттагы жыйынында айтылды.
KY-F02214,KY,train,NOT_RELEVANT,,Бишкекте троллейбустарды сактап калууну талап кылган акция өттү Бишкектеги №14 линиядагы троллейбустардын биринде шаарда аталган транспорттун түрүн сактап калууну талап кылган – “Кийинки аялдама” деп аталган акция өттү. Бул тууралуу экология боюнча уюмдардын Ecostan.kg сайты кабарлады. Активисттер транспорттун ичине Бишкектин троллейбус системасынын...
KY-R00120,KY,train,NOT_RELEVANT,,ИИМ: Орусиянын эл аралык издөөдө жүргөн жараны кармалды Ушул жылдын 4-декабрында Ички иштер министрлигинин (ИИМ) Интерпол улуттук борбордук бюросунун жана Нарын облустук ички иштер башкармалыгынын кызматкерлери төрт жылдан бери эл аралык издөөдө жүргөн Орусиянын жаранын кармашты. Бул тууралуу ИИМдин басма сөз кызматы кабарлады. 41 жаштагы М.Вга...
KY-R00349,KY,train,NOT_RELEVANT,,"Ысык-Көлдө эл аралык музыка фестивалы башталат 28-30-июнга белгиленген “Kөl-Fest” музыка фестивалына Европадан, Азиядан, Борбор Азиядан жана Кыргызстандан музыкалык топтор, диджейлер катышат. Жергиликтүү ыктыярчылар уюштуруп жаткан фестивалда европалык жана борбор азиялык музыканттардын шоусу, йога менен машыгуу, бий жана башка иш-чаралар..."
KY-F01853,KY,train,NOT_RELEVANT,,"Кеч болсо да майрамдалган Нооруз Базаркоргондун тоолу Кызыл-Үңкүр айылынын тургундары Нооруз майрамын 21-марта эмес, апрелдин орто ченинде белгилешет. Анткени аймактын климаттык шарты ушуну талап кылат. Жаз өкүмүн жаңыдан сүрүп, жыл жаңырган айылдагы саамалыктан кабарчыбыз Руслан Калматовдун репортажында."
KY-F00275,KY,train,NOT_RELEVANT,,"В КЫРГЫЗСТАНЕ ПРОДОЛЖЕТСЯ СХОД ОПОЛЗНЕЙ БИШКЕК, 27 апреля. Вчера вечером на 76-километре автодороги Ош-Хорог сошел оползень. Никто не пострадал, однако трасса была закрыта. В настоящее время там ведутся работы по очистке завалов. Сообщение об этом было получено сегодня из оперативного отдела министерства экологии и чрезвычайных..."
KY-F02190,KY,train,NOT_RELEVANT,,"Т.Тургуналиевге мамлекеттик кызмат сунушталууда Бул тууралуу “Азаттыкка” Айлана-чөйрөнү коргоо жана токой чарбасы агенттигинин мурдагы жетекчиси Топчубек Тургуналиев билдирди. Анын айтымында ага президенттин саясий маселелер боюнча кеңешчиси кызматы сунушталган. Ал өз сөзүндө президенттин саясий кеңешчиси болууга макул экенин, ал кызматка..."
KY-R00567,KY,train,NOT_RELEVANT,,"'Жол картасы' аттуу тынчтык планы дагы колдонулушу мүмкүн Кечээ күнү Йорданиянын падышасы менен жолуккандан кийин, АКШ президенти Жорж Буш Жакынкы Чыгыш маселесин касташкан тараптар сүйлөшүү аркылуу чечүүгө тийиш деп билдирди. Анын айтымында, ""Жол картасы"" аттуу эл аралык план аткарылууга тийиш. Ошол эле учурда, Буш жөөт премьер-министри Ариел Шарондун..."
KY-F02333,KY,train,NOT_RELEVANT,,"Өкмөт башчы Кыргызстанда инвестициялык климат начарлаганын айтты Мындай пикирин өкмөт башчы Жантөрө Сатыбалдиев бүгүн Бизнес жана инвестицияны өнүктүрүү кеңешинин жыйынында белгиледи. Сатыбалдиев соңку учурда өкмөткө көп сын айтылып жатканын, чындыгында эле бизнес жаатында өнүгүү байкалбай турганын кошумчалап, чет элден инвестиция тартуу абдан оор болуп..."
KY-F01009,KY,train,NOT_RELEVANT,,"Кара-Балтадагы “Жунда” заводуна айыппул салынды Кара-Балтадагы “Жунда” мунайды кайра иштетчү заводуна оңдоо иштерин жүргүзүүдө техникалык эрежелерди сактабаганы үчүн административдик айыппул салынды. Бул тууралуу Техникалык жана экологиялык коопсуздук боюнча мамлекеттик инспекциядан кабарлашты. Маалыматка ылайык, аталган заводдо оңдоо иштерин..."
KY-R00618,KY,train,NOT_RELEVANT,,8:11 Кыргыз-орус өкмөт аралык комиссиянын жыйыны 12-октябрда Бишкекте болот Бул үчүн 11-октябрда Кыргызстанга Россиянын өзөктүк өнөр жай агенттигинин башчысы Сергей Кириенко келет. Ал ошондой эле кыргыз-орус өкмөт аралык комиссиянын орус тарабынын жетекчиси. Өкмөттөр аралык комиссиянын жыйыны 12-октябрда болмокчу.(AiT)
KY-F00443,KY,train,NOT_RELEVANT,,"Кыргызстан ИКУ менен кызматташууну кеңейтүүгө кызыкдар Бүгүн президент Роза Отунбаева Бишкекте Ислам Конференция уюмунун (ИКУ) баш катчысы Экмеледдин Ихсаноглу менен жолукту. Анда тараптар саясий, экономикалык, гуманитардык жана туризм жаатында алака-катышты өнүктүрүү маселелерин талкуулашты. Билим берүү, агрардык жана экологиялык долбоорлорду ишке..."
KY-R00320,KY,train,NOT_RELEVANT,,"Мьянмада аскердик режимге каршы топ менен жоокерлер кагылышты Мьянманын Миндат шаарында аскерлер менен кагылышууда бери дегенде беш адам каза болуп, дагы бешөө кармалды. Бул тууралуу Франциянын Эл аралык радиосу Чин мамлекеттик боштондук күчтөрүнүн козголоңчуларына таянып билдирди. Индиянын баш калаасынан анча алыс эмес жайгашкан Миндат калаасында..."
KY-F00995,KY,train,NOT_RELEVANT,,"Кумтөр боюнча экологиялык макулдашууга кол коюлду Бүгүн кыргыз өкмөтү менен «Центерра Голд Инк.» компаниясынын ортосунда айлана чөйрөнү коргоо жана инвестицияны өнүктүрүү боюнча макулдашууга кол коюлду. Өкмөттүн маалымат кызматынан кабарлашкандай, келишим «Кумтөр» долбоорун ишке ашырууда экологиялык абалды жакшыртууга шарт түзөт. «Центерра..."
KY-R00262,KY,train,NOT_RELEVANT,,"Бек Исраилов ""Жаңы толкунда"" ырдайт Жыл сайын өткөрүлүүчү эл аралык “Жаңы толкун” сынагына бул жолу Кыргызстандын атынан Бек Исраилов катышат. MiT (22-апрель, 2012-жыл)"
KY-F01398,KY,train,NOT_RELEVANT,,"Асман алдында көрсөтүлгөн тасма баяны Бишкекте Э.Гареев атындагы ботоникалык бакта ачык асман алдында эко-кино көрсөтүлүп жатат. 10-августа башталган иш-чарада француз фотографы, экологу Ян Артюс –Бертрандын Жер шарындагы экологиялык көйгөйлөр тууралуу тарткан “Үй” фильми сунушталды. Кийинки кино жума күнү тартууланат."
KY-R00273,KY,train,NOT_RELEVANT,,"Брюсселде Ооганстан боюнча конференция башталууда Брюсселде донор-мамлекеттердин Ооганстан боюнча эл аралык конференциясы башталды. Президент Ашраф Гани баштаган ооган жетекчилери жана 70 өлкөнүн өкүлдөрү миллиарддаган доллар жардам берүү маселесин талкуулашмакчы. Ал үчүн Кабул коррупцияны ооздуктоо, каражатты сарамжалдуу пайдалануу, саясий..."
KY-F01795,KY,train,NOT_RELEVANT,,"БУШ МЕНЕН КЕРРИ ЭКИНЧИ ТЕЛЕАЙТЫШ ӨТКӨРҮШТҮ АКШ президенти Жорж Буш жана анын жакындап калган шайлоодогу башкы атаандашы, демократ Жон Керри жума күнү кечинде экинчи телетаймашка чыгышты. Бул ирет алар ички саясат, жумуш орундары, салык, айлана-чөйрөнү коргоо маселелерин талдашмак. Бирок өткөн аптадагы алгачкы таймаштагыдай эле Ирак темасы кайрадан үстөмдүк кылып кетип, дал ушул маселе телеайтыштын мүнөзүн курчутту."
KY-F02362,KY,train,NOT_RELEVANT,,"Орусияда белгилүү экологду сабап кетишти Орусиянын Краснодар шаарында эколог-активист, коомдук ишмер Андрей Рудомаханы белгисиз адамдар катуу сабап кетишти. Ооруканага жеткирилгенден кийин анын мурду сынып, баш сөөгүнө жарака кеткени белгилүү болду. 53 жаштагы Андрей Рудомаха ""Түндүк Кавказ боюнча экологиялык вахта"" аттуу уюмдун..."
KY-F01235,KY,train,NOT_RELEVANT,,Кыргызстанда уулуу калдыктар сакталган 92 жай бар Аларда 300 миллион тоннага жакын калдык жашырылган. Бул тууралуу Экологиялык жана техникалык коопсуздук боюнча мамлекеттик инспециянын башчысынын орун басары Шайлообек Нарбеков парламентте уранга каршы мыйзам каралып жатканда билдирди. Жогорку Кеңеште уран жана торий кендерине геологиялык...
KY-C00230,KY,train,NOT_RELEVANT,,Сапар Исаковго мамлекет аралык издөө жарыяланды - | 24.KG Мурдагы премьер-министр Сапар Исаковго мамлекеттер аралык издөө жарыяланды. Бул тууралуу Жаза аткаруу боюнча мамлекеттик кызмат (ЖАМК) билдирди.
KY-F02294,KY,train,NOT_RELEVANT,,Экотехинспекциядагы мыйзамсыз иштер аныкталды Экология жана техникалык коопсуздук боюнча мамлекеттик инспекциянын айрым мыйзамсыз иштери аныкталды. Бул тууралуу аталган инспекциянын мурунку басма сөз катчысы Анара Мамбеталиеванын кайрылуусунан кийин түзүлгөн комиссиянын жыйынтыгы боюнча президенттин басма сөз кызматы билдирди. Маалыматта...
KY-F02061,KY,train,NOT_RELEVANT,,"Еврокомиссия Сербияга 178 миллион евро берет Европа комиссиясы Сербия боюнча улуттук программаны жактырды. Ага ылайык, өлкөгө реформа жүргүзүү үчүн 178 миллион евро бөлүнмөкчү. Евробиримдикке кошулуу жараянына жардам иретинде бөлүнгөн акча мамлекеттик башкаруу, транспорт, энергетика, айлана-чөйрөнү коргоо жана айыл чарба тармактарындагы..."
KY-C00018,KY,train,NOT_RELEVANT,,Депутат мурунку президенти каралоо боюнча пикирин айтты - | 24.KG Жогорку Кеңештин жыйынында депутат Анвар Артыков эл өкүлдөрүнүн экс-президент Алмазбек Атамбаевге карата айткан сындары боюнча пикирин айтты.
KY-F01655,KY,train,NOT_RELEVANT,,"""Эненин тиши кариес болсо балага өтөт"" Акыркы жылдары балдардын тиши эрте кетип жатканы айтылып келет. Буга эмне себеп болууда? Тамак-аш сапатыбы, экологиянын бузулушубу же билим деңгээлинин түшкөнүбү? Эмне үчүн кош бойлуу аял тишине кам көрүшү керек? Эшикте ойногон балдардын тиши таза болобу?"
KY-R00667,KY,train,NOT_RELEVANT,,"""Манас"" эпосу хинди тилинде жаңырды Кыргызстандын бир катар жогорку окуу жайларынын өкүлдөрү Индиянын Жавахарлал Неру атындагы эң ири мамлекеттик университети өткөргөн эл аралык конференцияга катышып келди. Аталган университеттин Тил, адабият жана маданият факультети уюштурган бул конференция Улуу Жибек жолундагы билим, маданият..."
KY-R200324,KY,train,NOT_RELEVANT,,"ЖОЛ ЖАБЫК, КЕН ИШТӨӨДӨ, СҮЙЛӨШҮҮЛӨР ЖҮРҮҮДӨ Барскоондогу экологиялык алааматтан бери 9 жыл өттү. Кырсыктан жапа чеккен элдин эки жылы алынбай калган түшүмүнүн акысы да толук төлөнө элек. Канадалык компания “Кумтөр” алтын кенинин мындан аркы тагдыры так аныкталмайынча калган акчаны төлөп берүүнү токтотуп койгон. Ушу тапта кыргыз өкмөтү менен канадалык компаниянын ортосунда сүйлөшүүлөр жүрүүдө. Жергиликтүү эл Башкы келишимди жокко чыгарып, жапа чеккендердин моралдык зыяндарын төлөп берүүнү талап кылып, кенге бараткан жолду эки жерден дагы тосуп салышты."
KY-R00462,KY,train,NOT_RELEVANT,,"Орусиянын коргоо министри Анжиян окуяларына эл аралык иликтөө салууга каршы чыкты Орусиянын коргоо министри Сергей Иванов Брюсселдеги жыйынга жөнөөр алдында бүгүн Өзбекстандын Анжиян шаарындагы кыргын тууралуу сүйлөп, анын себептерин Өзбекстандын өзүнүн бийлиги жана прокурорлору тергөөгө тийиш деп билдирди. Анын айтымында, окуяга эл аралык иликтөө салууга Маскөө каршы. Европа..."
KY-F00807,KY,train,NOT_RELEVANT,,"Казак министрлери кайрадан кызматтарына дайындалууда Казак президенти Нурсултан Назарбаев бүгүн өкмөттүн кээ бир министрлерин өз орундарына кайрадан дайындады. Кайырбек Сулейменов ички иштер министри, Мухтар Алтынбаев коргоо министри, Жаксылык Кулекеев билим берүү жана илим министри, Айткүл Самакова экология министри, Владимир Школьник кубат..."
KY-R00507,KY,train,NOT_RELEVANT,,"БУУ: 12-апрел - Космоско учуунун эл аралык күнү Улуттар уюмунун башкы ассамблеясы 12-апрелди адам космоско алгачкы жол салган күнү катары тааныган резолюцияны кабыл алды. ""1961-жылы 12-апрелде адам биринчи жолу космоско учкан. Ал Орусияда туулган советтик атуул Юрий Гагарин. Бул тарыхый окуя адамзаттын жалпы жетишкендиги үчүн космос..."
KY-F01946,KY,train,NOT_RELEVANT,,Тоодо жараланган орусиялык альпинисттер Ошко жеткирилди Баткенде Ак-Сай капчыгайында тоого чыгып баратып жараланган 4 орусиялык альпинист тик учак менен Ош шаарына жеткирилди. Бул тууралуу 10-августта Коргоо министрлигинен кабарлашты. Cпортчулардын экөө денесинен жаракат алган. Окуя деңиз деңгээлинен 4 чакырым бийиктикте мөңгүнүн этегинде болгон....
KY-R200132,KY,train,NOT_RELEVANT,,Мунай агымы АКШ буга чейин баштан кечирбеген экологиялык алаамат болушу мүмкүн Бул тууралуу АКШ президенти Барак Обама билдирди. Ал кечээ “Бритиш Петролиум” компаниясынын Мексика булуңундагы мунай бургулоочу платформасында орун алган авариянын кесепеттери менен жеринде таанышуу үчүн Луизиана штатында болду. Кырсыктан мына ушул штат эң көп жабыр тартары күтүлүүдө. Обаманын...
KY-R00594,KY,train,NOT_RELEVANT,,“Ош базары” көчүрүлгөндөн кийин ал жерде соода кылууга толук тыюу салынат Бишкек шаарынын мэри Айбек Жунушалиев “Ош базары” көчүрүлө турган жаңы базар үч айдын аралыгында курулуп бүтөрүн жана азыркы аймакта соода кылууга толук тыюу салынарын билдирди. Бул тууралуу шаар мэри 6-мартта “Ош базарында” көчмө жыйын өткөргөн учурда айтты. “Эгерде өзүңөрдүн (ред:...
KY-F01106,KY,train,NOT_RELEVANT,,"Ысыккөл облусунун жетекчилиги аймакты жашылдандыруу тууралуу буйрук чыгарды КАРАКОЛ. Буйрукка ылайык облустун аймагын жашылдандыруу, көрктөндүрүү, айлана-чөйрөнүн экологиялык абалын, микроклиматын, токой тилкелерин түзүүнү жакшыртуу, сел жана жер көчкүлөрүн алдын алуу иштери колго алынат. Бул иш-чараларды өткөрүш үчүн курамы 27 адамдан турган облустук штаб түзүлдү...."
KY-F01092,KY,train,NOT_RELEVANT,,"Бишкекте абанын булганышы нормадан ашканын расмий тарап төгүндөдү Бишкек шаарында абанын булганышы тийиштүү нормадан ашып кеткени тууралу маалыматты Айлана-чөйрөнү коргоо жана токой чарба мамлекеттик агенттиги төгүндөп жатат. ""Move Green"" коомдук кыймылы Бишкектеги аба нормадан 20 эсе көп кирдегенин кабарлаган. Бирок Айлана-чөйрөнү коргоо жана токой..."
KY-R00678,KY,train,NOT_RELEVANT,,"Брюсселде Иракка байланыштуу эл аралык конференция өтүп жатат Ага сексенден ашуун өлкөнүн тышкы иштер министрлери, Арап мамлекеттер лигасынын, эл аралык финансы уюмдарынын өкүлдөрү катышууда. Конференцияны ачып жатып, ООНдун баш катчысы Кофи Аннан эл аралык коомчулук Ирак өкмөтүн жана элин колдойт, коопсуздук кеңешинин резолюциясына ылайык бул өлкөнү кайра..."
KY-R200203,KY,train,NOT_RELEVANT,,"Балыкчы шаарында тарыхый-мемориалдык комплекс курулат Балыкчы шаарынын кире беришине, азыркы экологиялык пост турган жерге этно-тарыхый мемориалдык комплекс курулат. Анын долбоорун тандап алуу боюнча сынак бүгүн Каракол шаарында өттү. Комиссиянын кароосуна 12 долбоор коюлду. Талапка ылайык, комплекске облустагы туристтик жайлар боюнча маалымат..."
KY-F01815,KY,train,NOT_RELEVANT,,"7:55 Жогорку Кеңештин комитетинде Ош облусунда жер титирөөдөн жабыркагандарга жардам көрсөтүү маселеси каралат Парламент ал боюнча буга чейин атайын токтом кабыл алган. Жогорку Кеңештин жер-агрардык маселелер жана экология, регионалдык өнүктүрүү жана жергиликтүү өзүн-өзү башкаруу комитеттеринин биргелешкен жыйынында мына ошол токтомдун аткарылышы талкууланат. Депутаттарга ал боюнча биринчи..."
KY-C00238,KY,train,NOT_RELEVANT,,Эл аралык террордук топтун өкүлү кармалды - | 24.KG УКМК Эл аралык террордук топтун өкүлү кармады. Бул тууралуу мекемеден билдиришти.
KY-C00223,KY,train,NOT_RELEVANT,,Бишкек мэринин милдетин аткаруучу Бакыт Кудайбергенов алгачкы иш-чараларын айтты - | 24.KG Бишкек шаарынын мэринин милдетин аткарууга Бакыт Кудайбергенов дайындалды. Бул тууралуу буйрукка бүгүн премьер-министр Улукбек Марипов кол койду.
KY-F01381,KY,train,NOT_RELEVANT,,"«Кара жыгач токою – Экологиялык парк» аттуу фестиваль өтөт Бишкекте «Кара жыгач токою – Экологиялык парк» аттуу фестиваль өтөт. Аны Борбор Азиядагы Америка Университети, Бишкек мэриясы жана Кыргыз-Француз экотуризм биримдиги өткөрүп жатат. Иш-чаранын алкагында Кара жыгач токою жөнүндө даректүү тасма көрсөтүлүп, балдарга, өспүрүмдөргө ылайыкталган..."
KY-C00369,KY,train,NOT_RELEVANT,,Кыргызстан эл аралык бизнес жана инвестиция жаатында ыңгайсыз өлкөгө айланууда - | 24.KG Октябрдагы окуялардан кийин Кыргызстанда инвестициялык кырдаал өтө начар. Бул тууралуу Казак-немец университетинин профессору Рустам Бурнашев билдирди.
KY-F01452,KY,train,NOT_RELEVANT,,"ЭКОЛОГИЯ ЖАНА ӨЗГӨЧӨ КЫРДААЛДАР МИНИСТРЛИГИНЕ БЫЙЫЛ ИШ КӨП БОЛЧУДАЙ Аманбек Дилденбай, Бишкек Кыргызстанда аба ырайынын кескин өзгөрүшү менен кар көчкү, суу ташкыны, жер көчкү сыңары табигый кырсыктар күч алып, бир топ материалдык чыгым алып келди. Табигый кырсыктар жана алардын алдын алуу боюнча кандай иш-чаралар жасалып жатканын билиш үчүн Экология жана өзгөчө кырдаалдар министрлигине, айрым бейөкмөт уюмдардын өкүлдөрүнө кайрылдык."
KY-F00969,KY,train,RELEVANT,WATER_CRYO,Румыния суунун тартыштыгынан улам атомдук электр станциясын токтотту. Өлкөнүн экономика жана соода министри Дан Иоан Попеску “Дунай дарыясында суунун деңгээли мурда болуп көрбөгөндөй төмөндөп кеткенге байланыштуу” атомдук станциянын реакторун муздатканга суу жетпей калды деп билдирди. Румын өкмөтү суу тартыштыгына каршы күрөшүү үчүн атайын комиссия түздү.
KY-R00317,KY,train,NOT_RELEVANT,,"ОРУСИЯДА АДАМ УКУГУНУН АБАЛЫ АЛЫМСЫНДЫРБАЙТ Муса Мураталиев, Маскөө калаасы 10-декабрь - Адам укугунун эл аралык күнү. Орусияда анализчилер кийинки учурда адам укугунун абалы кескин оорлоп кеткенин белгилешүүдө. ИНТЕРФАКС агенттигине берген маегинде «Мемориал» борборунун жетекчиси Олег Орлов шайлоо мыйзамына кошулган жаңы толуктолор, пенсионерлер менен майыптарга жеңилдиктердин бузулушу, армиядагы жагдай, түрмөлөрдөгү абал, качкындар маселеси, Түндүк Кавказдагы кырдаал адам укуктарына капкан салуу болду деген."
KY-F00315,KY,train,NOT_RELEVANT,,БОРБОР АЗИЯДА ЭКОЛОГИЯЛЫК КЫРДААЛ ОПУРТАЛДУУ 18-декабрда Бишкекте Борбор Азиядагы күтүүсүз кырдаалдардын алдын-алууга даярдык көрүү жана экологиялык коопсуздук» аттуу эл аралык конференция ишин баштады. Европадагы коопсуздук жана кызматташтык уюмунун көмөгү менен өтүп жаткан бул конференцияда Борбор Азиядагы тоолуу эки өлкө - Кыргызстан менен Тажикстандагы экологиялык кырдаал жана анын алдын-алуу көйгөйлөрү талкууланууда.
KY-F01131,KY,train,NOT_RELEVANT,,"Крымдын айрым жерлеринде электр жок Крымдын айрым жерлеринде жекшембиден бери электр жок. Жергиликтүү электр бөлүштүрүүчү ишкана ""энергия Украинадан келчү зымдагы техникалык мүчүлүштүктөн улам үзгүлтүккө учурап жатат"" деди. Жарым аралдын тургундары Крымдын бир нече шаарында, анын ичинде борбор калаа Симферополдо, электр кубаты..."
KY-F01423,KY,train,NOT_RELEVANT,,"Бүгүн Бишкекте үчүнчү билим берүү фестивалы болот Иш - чараны “Роза Отунбаеванын демилгеси” коомдук фонду уюштурууда. Бул фестивал экологияга жана экологиялык билим берүүгө багытталган. Анын ичинде балдарды жана жаштарды айлана-чөйрөгө этияттык менен мамиле кылуу, жаратылыш ресурстарын үнөмдүү пайдалануу, экологиялык маданият - тазалыкты..."
KY-C00095,KY,train,NOT_RELEVANT,,Дүйшөндүн мектеби. Жаңы Ноокат айылынын окуучулары каралбай калган үйдө окушат - | 24.KG Ош облусуна караштуу Ноокат районунун Жаңы Ноокат айылынын окуучулары тоо этегинде каралбай калган үйдө билим алышат. Бул тууралуу 24.kg агенттигине окурмандар билдиришти.
KY-00281,KY,train,NOT_RELEVANT,,«Акылдуу шаардын» акылы толук кире элек. Видео камералардын 4 функциясы гана бар - | 24.KG «Акылдуу шаар» долбоорунун алкагында орнотулган камераларда төрт функциясы гана бар. Бул тууралуу өкмөт башчысы Сапар Исаков 17-апрелде Жогорку Кеңеште билдирди.
KY-00516,KY,train,NOT_RELEVANT,,"Түркияда кыргызстандык жарандар жылкыны өлтүргөндүгү үчүн кармалышты - | 24.KG Түркиянын Кайсери шаарында кыргызстандык жарандар, атасы менен уулу жылкыны өлтүргөндүгү үчүн кармалышты. Бул тууралуу haberturk жазып чыкты."
KY-00732,KY,train,NOT_RELEVANT,,Эл аралык издөөдө жүргөн террорчу кармалды - | 24.KG Кыргызстанда эл аралык издөөдө жүргөн террорчу кармалды. Бул тууралуу УКМКнын басма сөз кызматы билдирди.
KY-00040,KY,train,NOT_RELEVANT,,Коронавируска шектелген бөбөктөн илдет аныкталбады - | 24.KG Коронавируска шектелген бөбөктөн илдет аныкталбады. Бул тууралуу маалымат жыйында коомдук саламаттыкты сактоо башкармалыгынын жетекчиси Айнура Акматова билдирди.
KY-00437,KY,train,NOT_RELEVANT,,Сапар Исаков Сочиге жөнөп кетти - | 24.KG Премьер-министр Сапар Исаков Шанхай кызматташтык уюмунун өкмөт башчыларынын 16-жыйынына катышуу үчүн Сочиге жөнөп кетти. Бул тууралуу анын маалымат кызматы билдирди.
KY-00424,KY,train,NOT_RELEVANT,,Самара Каримова жол кырсыгына кабылып ооруканага жаткырылды - | 24.KG Ырчы Самара Каримова жол кырсыгына кабылды. Бул тууралуу маалыматты Жалал-Абад облустук Ички иштер башкармалыгынан билдиришти.
KY-00720,KY,train,NOT_RELEVANT,,Лейлекте болгон жол кырсыгы 2 адамдын өмүрүн кыйды - | 24.KG Кечээ Баткен облусуна караштуу Лейлек районунун Шор-Кудук аймагында болгон кырсык 2 адамдын өмүрүн кыйды. Бул тууралуу Жол кыймылынын коопсуздугун камсыздоо башкармалыгынан билдиришти.
KY-00106,KY,train,NOT_RELEVANT,,Бишкекте манасчы Сапарбек Касмамбетовдун 85 жылдыгы белгиленет - | 24.KG Бишкекте 12-апрелде көрүнүктүү манасчы жана төкмө акын Сапарбек Касмамбетовдун 85 жылдыгына арналган эл аралык илимий конференция болот. Бул боюнча уюштуруучулар билдиришти.
KY-00232,KY,train,NOT_RELEVANT,,Кыргызстанда балдардын 78 пайызы мектепте зомбулукка дуушар болгонун айтышат - | 24.KG Кыргызстанда балдардын 78 пайызы мектепте зомбулукка дуушар болгонун айтышат. Бул тууралуу БУУнун Балдар фондунун отчетунда маалымдалат.
KY-00605,KY,train,NOT_RELEVANT,,"Кыргызстандын мамлекеттик карызы 4 миллиард доллардан ашты - | 24.KG 2019-жылдын 30-июнуна карата Кыргызстандын мамлекеттик (тышкы, ички) карызы 4 миллиард 471,91 миллион АКШ долларын (310 миллиард 765,75 миллион сомду) түздү. Бул тууралуу Каржы министрлигинен билдиришти."
KY-00274,KY,train,NOT_RELEVANT,,Кар көчкү түшүп жабылган Бишкек-Ош жолу ачылды - | 24.KG Бишкек-Ош унаа жолу кар көчкүдөн тазаланды. Бул тууралуу Өзгөчө кырдаалдар министрлиги кабарлайт.
KY-01164,KY,train,NOT_RELEVANT,,БШК электрондук капчык аркылуу добуш сатып алууга көзөмөл жүргүзөт - | 24.KG Борбордук шайлоо комиссиясы электрондук капчык аркылуу шайлоочулардын добушун сатып алуу коркунучун алдын алууга байланыштуу кеңешме өткөрдү.
KY-00640,KY,train,NOT_RELEVANT,,Новопокровканын тургуну баласына туулгандыгы тууралуу күбөлүк ала албай келет - | 24.KG Facebook социалдык түйүнүнүн колдонуучусу Наргиза Жумабекова Новопокровка айыл өкмөтү бир айдан бери балдарга туулгандыгы тууралуу күбөлүк бербей келет деп нааразычылыгын билдирген.
KY-00674,KY,train,NOT_RELEVANT,,Бишкекте вирус менен ооругандардын саны өсүүдө. Карантин күтүлбөйт - | 24.KG COVID-19дун үчүнчү толкуну Кыргызстанда баштала элек. Бул тууралуу 24.kg агенттигине саламаттыкты сактоо министри Алымкадыр Бейшеналиев билдирди.
KY-01252,KY,train,NOT_RELEVANT,,Өзбекстанда президенттик шайлоодон кийин сөз эркиндигине басым күчөдү - | 24.KG Өзбекстанда бир күндүн ичинде бери дегенде эле үч блогер укук коргоо органдарына суракка чакырылды.
KY-00248,KY,train,NOT_RELEVANT,,"Супермаркеттин жанындагы мушташ. Өкмөт башчы чара көрүүнү талап кылды - | 24.KG Өкмөт башчы Саламаттык сактоо министрлигине жабыркагандарга квалификациялуу медициналык жардам көрсөтүүнү, зарыл дары-дармектер менен камсыздоо тапшырмасын берди."
KY-00241,KY,train,NOT_RELEVANT,,Коронавирус. Парламентте депутаттардын чет өлкөгө сапарын токтотуу сунушталды - | 24.KG Жогорку Кеңеште депутаттардын чет өлкөгө сапарын токтотуу сунушталды. Бул тууралуу Жогорку Кеңештин бүгүнкү жыйынында айтылды.
KY-00322,KY,train,NOT_RELEVANT,,Борбор калаада «Бишкек-2020» деген жазуу түрөндө 30 миң гүл отургузулду - | 24.KG Бишкек шаарындагы Чокан Валиханов көчөсүнүн боюнда «Бишкек-2020» жазуу түрүндө гүлдөр отургузулду. Бул тууралуу мэриянын Facebook баракчасында түз эфирде маалымдалды.
KY-00041,KY,train,NOT_RELEVANT,,"2019-жылдын эки айында Кыргызстанга мигранттар 344,6 миллион доллар которду - | 24.KG 2019-жылдын январь-февраль айында Кыргызстанга 344,6 миллион доллар которулду. Бул тууралуу Улуттук банк маалымдайт."
KY-00619,KY,train,NOT_RELEVANT,,"Баткенде ооруканага бомба коюлганы тууралуу маалымат ырасталган жок Баткен шаардык милициясына 4-июлда облустук биргелешкен ооруканага жардыруучу зат коюлганы кабарланган. Баткен ШИИБдин ыкчам-тергөө тобу жана тиешелүү кызматкерлер жеринде текшерүү иштерин жүргүзүп шектүү зат табылган эмес. ""Бомба коюлду"" деген маалымат жалган болуп чыккан. Кыргызстанда буга чейин Бишкектеги ""Манас"" аэропорту баштаган коомдук жайларга бомба коюлганы тууралуу кабарланып, текшерүү учурунда маалымат аныкталган эмес. Кыргызстанда ""бомба коюлду"" деп жалган маалымат тараткандарга Кылмыш-жаза кодексинин 259-беренеси, тактап айтканда, ""Терроризм актысы жөнүндө атайылап жалган билдирүү жасоо"" айыбы боюнча кылмыш иши козголот. Ага ылайык, айып пул төлөтүү, кара жумушка тартуу же үч жылга чейин эркинен ажыратуу өңдүү жазалар каралган. (JsA)"
KY-01242,KY,train,NOT_RELEVANT,,"Фейктин бийлиги, же калптын казаны кайнап калганда - | 24.KG «Кырнет тармагын фейктер басып алды». «Биз фейктердин өлкөсүнө айландык» деген билдирүүлөр айтылып, алгач Маданият, маалымат жана туризм министрлиги ага каршы күрөшүү зарылдыгын белгилесе, эми Жогорку Кеңеш атайын мыйзам менен чектөөгө алмакчы. Мындай мыйзам долбоордун зарылдыгын депутат Бакыт Төрөбаев демилгелөөдө."
KY-01344,KY,train,NOT_RELEVANT,,Экологиялык жана техникалык коопсуздук боюнча инспекция. Эреже бузуулар болгон - | 24.KG
KY-00361,KY,train,NOT_RELEVANT,,Сапар Исаков Дубай полициясынын штаб-квартирасынын ишмердиги менен таанышты - | 24.KG Премьер-министр Сапар Исаков 10-февралда өкмөттөрдүн дүйнөлүк саммитинин ишине катышуу алкагында Дубай шаарынын (БАЭ) полициясынын штаб-квартирасынын ишмердиги жана алдыңкы технологиярдын колдонулушу менен коомдук тартипти камсыздоо боюнча жыйынтыктары боюнча маалымат алды.
KY-01143,KY,train,NOT_RELEVANT,,Өзбекстанда активисттерди куугунтуктоо уланууда - | 24.KG Өзбекстанда активисттер өлкөдө жарандык коомдун өкүлдөрүнө кысым көрсөтүү уланып жатканын маалымдашты.
KY-01230,KY,train,NOT_RELEVANT,,Депутат отставкага арыз жазган спикерден аны ким куугунтуктап жатканын сурады - | 24.KG Жогорку Кеңештин «Бир-Бол» фракциясынын депутаты Мыктыбек Абдылдаев отставкасын жарыялаган төрага Чыныбай Турсунбековдон аны ким куугунтуктап жатканын сурады.
KY-00702,KY,train,NOT_RELEVANT,,"Сооронбай Жээнбеков Владимир Путинди туулган күнү менен куттуктады - | 24.KG Сооронбай Жээнбеков кесиптешине бекем ден соолук, жакшылык жана мамлекеттик ишмердүүлүгүндө ийгиликтерди каалады."
KY-00559,KY,train,NOT_RELEVANT,,Кыйноолорду алдын алуу боюнча улуттук борбор Аида Салянованы зыярат кылат - | 24.KG Кыйноолорду алдын алуу боюнча улуттук борбордун кызматкерлери кечээ убактылуу кармоочу жайга киргизилген Аида Салянованы зыярат кылуу үчүн жөнөп кетишти. Бул тууралуу 24.kg агенттигине аталган борбордун башчысы Нурдин Сулайманов билдирди.
KY-00482,KY,train,NOT_RELEVANT,,Өкмөттө бала бакчалардын ишин жандандыруу талкууланды - | 24.KG Вице-премьер-министр Аида Исмаилова мектепке чейинки жана жалпы билим берүү мекемелеринин ишин жандандыруу маселеси боюнча жумушчу жыйын өткөрдү. Бул тууралуу өкмөттүн басма соз кызматы билдирет.
KY-01395,KY,train,NOT_RELEVANT,,"Депутат кийинки жылды Экология жылы деп жарыялоону сунуш кылды - | 24.KG Депутат кийинки жылды Экология жылы деп жарыялоону сунуш кылды. Жогорку Кеңештин сессиясында «Республика — Ата Журт» фракциясынын депутаты Рада Туманбаева ушундай демилге көтөрдү. Депутаттын айтымында, учурда экология тармагында чечиле турган маселе көп."
KY-00049,KY,train,NOT_RELEVANT,,Бүгүн Жогорку Сот Садыр Жапаровдун ишин карайт - | 24.KG Жогорку Кеңештин мурдакы депутаты Садыр Жапаровдун иши бүгүн Жогорку Сотто каралат.
KY-01432,KY,train,NOT_RELEVANT,,"COVID-19. Бир суткада 1 миң 127 кишиден вирус аныкталып, 10 киши каза болду - | 24.KG Кыргызстанда 23-июлга карата коронавирус дагы 1 миң 127 адамдан аныкталды. Бул тууралуу Саламаттык сактоо жана социалдык өнүктүрүү министрлигинин басма сөз кызматы билдирди."
KY-00592,KY,train,NOT_RELEVANT,,Сооронбай Жээнбеков бүгүн Москвада Владимир Путин менен жолугушат - | 24.KG Сооронбай Жээнбеков бүгүн Москвада Владимир Путин менен жолугушат. Бул тууралуу өлкө башчысынын маалымат кызматы билдирди.
KY-00466,KY,train,NOT_RELEVANT,,"Юристтер: Stand Up катышуучусун УКМКга чакырууга эч кандай негиз жок - | 24.KG УКМКнын Stand Up шоусунун катышуучусу Назгүл Алымкулованы суракка чакырууга эч кандай негизи жок. Мындан тышкары, бир нече мыйзам ченемдери бузулду. Бул тууралуу Медиа Полис Институтунун адвокаттарынын билдирүүлөрүндө айтылат."
KY-00402,KY,train,NOT_RELEVANT,,"Токтогул суу сактагычында суунун көлөмү 15,9 миллиард кубометрди түздү - | 24.KG Токтогул суу сактагычында суунун көлөмү бүгүнкү күндө 15,9 миллиард кубометрди түзөт. Бул тууралуу күзгү-кышкы мезгилге даярдануу боюнча республикалык штабдын отурумунда Өндүрүш, энергетика жана тоо-кен байлыктарын пайдалануу мамлекеттик комитетинин статс-катчысы Айбек Асанов билдирди."
KY-00892,KY,train,NOT_RELEVANT,,Кара-Балта шаарынын мэри кызматтык унаасын медиктерге берди - | 24.KG Кара-Балта шаарынын мэри Данияр Шабданов жана шаардык кеңештин төрагасы Алмаз Аалыев кызматтык унааларын медицина кызматкерлерине тапшырышты. Бул тууралуу мэриянын пресс-кызматы маалымдады.
KY-00844,KY,train,NOT_RELEVANT,,Экинчи Бурулай. Кыз ала качуу фактысы боюнча кылмыш иши сотко өткөрүлүп берилди - | 24.KG Нарын облусуна караштуу Жумгал районунда кыз ала качуу фактысы боюнча кылмыш иши сотко өткөрүлүп берилди. Бул тууралуу 24.kg агенттигине «Кылым шамы» укук коргоо борборунун башчысы Азиза Абдирасулова билдирди.
KY-00887,KY,train,NOT_RELEVANT,,Ысык-Көлдө эс алып жүргөн өзбекстандык аял чөгүп кетти - | 24.KG Ысык-Көлдө эс алып жүргөн өзбекстандык аял чөгүп кетти. Бул тууралуу окуянын күбөлөрү айтышты.
KY-00095,KY,train,NOT_RELEVANT,,Мирлан Назарбеков шайлоочуларына кайрылуу жасады - | 24.KG «Мекеним Кыргызстан» партиясынан депутаттыкка талапкер Мирлан Назарбеков шайлоочуларына кайрылуу жасады.
KY-01091,KY,train,NOT_RELEVANT,,"АКШнын валютасынын наркы кайра өсүп баштады. Бир суткада 1,3 сомго кымбаттады - | 24.KG АКШнын валютасы сомго карата суткада 1,3 сомго кымбаттады. Бүгүн ал 81,5 сомдон сатылып алынып, 81,9-82 сомдон сатылууда."
KY-00731,KY,train,NOT_RELEVANT,,"Суроо-жооп. Жаныбарларды бычууга ислам жол бербейт - | 24.KG 24.kg агенттигинин окурмандарынан келип түшкөн суроолорго Дин маселелери боюнча маалымат жана кеңеш берүү борборунун адистери (теолог, юрист, психолог) жооп берет."
KY-01122,KY,train,NOT_RELEVANT,,Өмүрбек Бабанов саламаттыгы мыкты экендигин билдирди - | 24.KG Жогорку Кеңештин «Республика-Ата-Журт» фракциясынын депутаты Өмүрбек Бабанов ден-соолугу жана фракция лидерлигинен кеткендигин себебин түшүндүрүп билдирүү жасады.
KY-00212,KY,train,NOT_RELEVANT,,Бишкектин четинен мас айдоочу үч унааны койдуруп кетти - | 24.KG Бишкектин четинен Honda CR-V үлгүсүндөгү унааны башкарып келе жаткан мас айдоочу үч машинаны койдуруп кетти. Бул тууралуу Жол коопсуздугун камсыздоо башкы башкармалыгы билдирди.
KY-01061,KY,train,NOT_RELEVANT,,«Азаттыктын» иликтөөсү. Президентти бул чөйрө менен байланыштыруу аракети - | 24.KG Сооронбай Жээнбековдун инаугурациясы чакырылган коноктордун тизмесин Алмазбек Атамбаевдин аппараты түзгөн. Бул тууралуу президенттин маалыматтык саясат бөлүмүнүн башчысы Толгонай Стамалиева билдирди.
KY-00666,KY,train,NOT_RELEVANT,,ДССУ: 2021-жылы коронавирус дагы бир топ кыйынчылыктарды алып келет - | 24.KG Коронавирус пандемиясынын экинчи жылы биринчи жылга караганда кыйыныраак болушу мүмкүн. Мындай пикирин Дүйнөлүк саламаттыкты сактоо уюмунун Өзгөчө кырдаалдар программасынын директору Майкл Райан түз эфирде билдиргендигин РБК жазды.
KY-01314,KY,train,NOT_RELEVANT,,"Өткөн жылга салыштырмалуу өрт кырсыктарынын саны 20,9 пайызга азайды - | 24.KG Өткөн жылга салыштырмалуу өрт кырсыктарынын саны 20,9 пайызга азайды. Бул тууралуу ӨКМ билдирди."
KY-01448,KY,train,NOT_RELEVANT,,"Курултайдын жыйынтыгы. Делегаттар экс-президентке кылмыш иши козголсун дешет - | 24.KG Айтымдарында, курултайдын катышуучулары кабыл алынган резолюциянын баардык пункттарын кадам-кадам аткаруу ниетинде. Айрыкча, алар Алмазбек Атамбаевге карата УКМК кылмыш ишин козгошу керек деген пикирде. Парламенттен дагы мурунку президентти кол тийбестиктен ажырата турган мыйзамды кабыл алууну талап кылышмакчы."
KY-00138,KY,train,NOT_RELEVANT,,Экономикалык амнистиядан бюджетке 400 миллион сом түштү - | 24.KG Акыркы айда козголгон кылмыш иштеринин алкагында өлкө казынасына 400 миллион сомго жакын каражат түштү. Бул тууралуу Бишкектеги маалымат жыйынында Башкы прокурор Курманкул Зулушев билдирди.
KY-01154,KY,train,NOT_RELEVANT,,Араванда эркек киши иске ууланып каза болду - | 24.KG Араван районундагы Төлөйкөн айылында турак үйдөн өрт чыкты. Бул тууралуу Өзгөчө кырдаал министрлиги билдирет.
KY-01216,KY,train,NOT_RELEVANT,,Зеленский Путинге Донбасста жолугушуу уюштурууну сунуштады - | 24.KG Украинанын президенти Владимир Зеленский Орусиянын мамлекет башчысы Владимир Путинге Донбасста жолугушуу уюштурууну сунуштады.
KY-01327,KY,train,NOT_RELEVANT,,Алматы облусунда саясий репрессиялардын курмандыктарына арналган музей ачылды - | 24.KG Казакстандын Алматы облусунун Жаналык айылында саясий репрессиялардын курмандыктарына арналган музей ачылды.
KY-01163,KY,train,NOT_RELEVANT,,"Айрым райондордо газ да өчүрүлөт - | 24.KG «Газпром Кыргызстан» ЖЧКсынын Бишкек шаарындагы филиалынын маалыматы боюнча, 2021-жылдын 2-5-ноябрына чейин Биринчи май районунун айрым көчөлөрүндө убактылуу газ болбойт."
KY-00372,KY,train,NOT_RELEVANT,,COVID-19. 94 бейтаптын абалы өтө оор - | 24.KG Коронавирус жуктурган 1 миң 696 бейтап ооруканада дарыланууда. Бул тууралуу Саламаттыкты сактоо министрлиги билдирди.
KY-01366,KY,train,NOT_RELEVANT,,Инспекторду капотуна сүйрөп кеткен «Яндекс.Такси» айдоочусуна иш козголду - | 24.KG Милициянын патрулдук кызматынын инспекторун капотуна сүйрөп кеткен «Яндекс.Такси» айдоочусуна карата кылмыш иши козголду. Бул тууралуу ведомствонун маалымат кызматы билдирди.
KY-01411,KY,train,NOT_RELEVANT,,"Табып Хашым Зайналиев «Апрель» телеканалынын кабарчыларына кол көтөрдү - | 24.KG «Биз анын клиникасына барганда сыртта үйүлгөн унааларды көрдүк. Элдер кирип, чыгып жатышыптыр. Алардын бирөөсүнөн сурасак, «бейтапмын», — деди. Демек, элди көрүүсүн дагы деле улантып жатыптыр. Ичине кирсек, ак халаттар илинип туруптур. Ошол кезде Хашым Зайналиев коридордун аркы башынан келе жаткан экен. Биз саламдашканда эле, ал бизге жулунуп, орой сөздөрдү айтып, имараттын ичинен күчкө салып түртүп чыгарды. Аз жерден тепкичтен кулап кеткени калдык. Операторубуздун камерасынын базасы жабыркады. Менин болсо, колум ооруксунуп калды», — деп билдирет кабарчы Юлия Кулешова."
KY-01269,KY,train,NOT_RELEVANT,,Бишкекте кыргыз тилдүү беш гана бала бакча бар - | 24.KG Бишкек шаарында кыргыз тилдүү беш гана бала бакча бар. Бул тууралуу бүгүн Жогорку Кеңештин «Республика-Ата-Журт» фракциясынын жыйынында айтылды.
KY-00841,KY,train,NOT_RELEVANT,,Кыргызстанда интернет аркылуу чет мамлекеттен товар сатып алуу күч алууда - | 24.KG Кыргызстанда интернет аркылуу чет мамлекеттен товар сатып алуу күч алууда. Бул тууралуу Мамлекеттик каттоо кызматы билдирди.
KY-00225,KY,train,NOT_RELEVANT,,COVID-19. Бишкекте бир суткада 125 учур катталды - | 24.KG Бишкекте өткөн суткада 125 кишиден вирус аныкталды. Бул тууралуу Саламаттыкты сактоо министрлиги билдирет.
KY-00895,KY,train,NOT_RELEVANT,,Кыргызстандык мушкер Орусияда өткөн мелдеште алтын медалдын ээси болду - | 24.KG Кыргызстандык мушкер Азат Үсөналиев Орусияда өткөн мелдеште алтын медалдын ээси болду. Бул тууралуу спорттук иш чаранын уюштуруучулары билдиришти.
KY-00097,KY,train,NOT_RELEVANT,,«Кыргыз темир жолундагы» жемкорлук. Алмазбек Ногойбаев финполду кууп чыгыптыр - | 24.KG «Кыргыз темир жолу» мамлекеттик ишканасынын башчысы Алмазбек Ногойбаев Экономикалык кылмыштуулукка каршы күрөшүү кызматынын өкүлдөрүн иш бөлмөсүнө киргизбей койгон. Бул тууралуу парламенттин жыйынында депутат Жанар Акаев билдирди.
KY-01298,KY,train,NOT_RELEVANT,,Гүлчө айылындагы № 36806 кургактагы аскер бөлүгүнүн жоокери токко урунду - | 24.KG Гүлчө айылындагы № 36806 кургактагы аскер бөлүгүнүн жоокери токко урунду. Бул тууралуу 24.kg агенттигине жеке булак билдирди.
KY-00038,KY,train,NOT_RELEVANT,,"Жактоочу: Айбек Калиевдин өнөкөт оорусу курчуп кетти - | 24.KG Анын айтымында, УКМКнын тергөө абагында медициналык санитардык бөлүмүндө керектүү дары-дармектер жана дарыланууга шарттар жок. Ал билдиргендей, жакында Айбек Калиевдин баш коргоо чарасы боюнча Жогорку сотко даттанат."
KY-01139,KY,train,NOT_RELEVANT,,Парламенттин КСДП фракциясы кезексиз жыйынга чогулат - | 24.KG Парламенттин КСДП фракциясы кезексиз жыйынга чогулат. Маалыматты Жогорку Кеңештен ырасташты.
KY-01334,KY,train,NOT_RELEVANT,,Душанбеде кыргыз-тажик чек ара маселелери боюнча сүйлөшүүлөр өтөт - | 24.KG Бүгүн Душанбеде кыргыз-тажик чек ара маселелери боюнча сүйлөшүүлөр өтөт.
KY-00836,KY,train,NOT_RELEVANT,,КСДП: Икрамжан Илмиянов тергөө менен тыкыр иштешкен жок - | 24.KG Кыргызстандын мурунку президентинин экс-кеңешчиси Икрамжан Илмиянов тергөө менен тыкыр иштешкен жок. Бул тууралуу КСДП фракциясынан билдиришти.
KY-00507,KY,train,NOT_RELEVANT,,Кыргызстанда кургак учук менен ооругандардын саны туруктуу - | 24.KG Кыргызстанда кургак учук менен ооругандардын саны туруктуу. Бул тууралуу Саламаттык сактоо министрлигинен билдиришти.
KY-00533,KY,train,NOT_RELEVANT,,Жаңы өкмөт башчы саламаттыкты сактоо тармагын бизнес менен иштешүүгө чакырды - | 24.KG Жаңы өкмөт башчы саламаттыкты сактоо тармагына реформаланууну колго алат. Бул тууралуу премьер-министр Мухаммедкалый Абылгазиев саламаттык сактоо министри Космосбек Чолпонбаев менен өткөргөн жумуш кеңешмеси учурунда билдирди.
KY-01350,KY,train,NOT_RELEVANT,,Чүйдө жергиликтүү тургун өз кызын зордуктаган - | 24.KG Чүй облусуна караштуу Сокулук районунун Жаңы-Жер айылында жергиликтүү тургун өз кызын зордуктаган. Бул тууралуу 24.kg агенттигине укук коргоо органдарынан билдиришти.
KY-00551,KY,train,NOT_RELEVANT,,Орозо айт 15-июнда белгиленет - | 24.KG Орозо айт 15-июнда белгиленет. Бул тууралуу «24.kg» агенттигине КМДБнын басма сөз кызматынан билдиришти.
KY-00971,KY,train,NOT_RELEVANT,,«Бүтүн Кыргызстан» партиясы митингге чыкты. Шайлоо боюнча иши сотто каралат - | 24.KG Бүгүн «Бүтүн Кыргызстан» партиясынын Боршайкомго арызы сотто каралат.
KY-01142,KY,train,NOT_RELEVANT,,"СССРдин Эл артисти Токтоналы Сейталиев дүйнөдөн кайтты - | 24.KG Узакка созулган оорудан улам көрүнүктүү опера ырчысы, СССРдин Эл артисти, Токтогул атындагы Мамлекеттик сыйлыктын лауреаты, профессор Токтоналы Сейталиев 84 жаш курагында дүйнөдөн кайтты. Бул тууралуу 25-февралда Маданият, маалымат, спорт жана жаштар саясаты министрлиги кабарлады."
KY-00870,KY,train,NOT_RELEVANT,,Жаш келиндин кайын журттагы жашоосу. «Келинка» сериалы көрүүчүлөргө тартууланат - | 24.KG Кыргыз тилинде чыккан «Келинка» сериалы октябрдан тарта көрүүчүлөргө тартууланат. Бул тууралуу 24.kg агенттигине тасманын продюсери Мирлан Даанышман билдирди.
KY-00083,KY,train,NOT_RELEVANT,,"Өкмөт Лигласстан ушул аптанын аягына чейин жооп күтөт - | 24.KG Liglass Trading ишканасы 18-октябрга чейин, демек ушул жума аягында 37 миллион долларды которушу керек. Бул тууралуу журналисттерге вице-премьер-министр Дуйшенбек Зилалиев билдирди."
KY-00021,KY,train,NOT_RELEVANT,,Ош шаарындагы аба майдан ишин жандантты - | 24.KG Ош аба майданы ишин жандантты. Бул тууралуу «Манас» эл аралык аэропорту маалымдайт.
KY-01007,KY,train,NOT_RELEVANT,,Бишкек шаардык кеңешинин төрагасы болуп Жаныбек Абиров шайланды - | 24.KG Бишкек шаардык кеңешинин төрагасы болуп Жаныбек Абиров шайланды. Бүгүн жашыруун добуш берилди.
KY-00853,KY,train,NOT_RELEVANT,,Казакстандын элчиси «Талибан» өкмөтүнүн тышкы иштер министри менен жолукту - | 24.KG Казакстандын Ооганстандагы элчиси Алимхан Есенгелдиев 26-сентябрда Кабул шаарында талибдер түзгөн өкмөттөгү тышкы иштер министри Мир Хан Муттаки менен жолугушту.
KY-00278,KY,train,NOT_RELEVANT,,Аткезчилик жол менен 24 миң даана лампочканы ташып бара жаткандар кармалды - | 24.KG Айдаркен чек ара бөлүмү аткезчилик жол менен 24 миң даана лампочканы ташып бара жаткан кыргызстандыктарды колго түшүрдү. Бул тууралуу Чек ара кызматынан билдиришти.
KY-00479,KY,train,NOT_RELEVANT,,Жашы жете электер чет элдик паспорт менен гана өлкөдөн чыга алышат - | 24.KG Юстиция министрлиги «16 жашка толо элек балдарга туулгандыгы тууралуу күбөлүккө тиркеме берүүнү токтотуу» тууралуу токтом иштеп чыкты.
KY-00105,KY,train,NOT_RELEVANT,,Караколдо 8-класстын окуучусу параллель класста окуган балага бычак сайды - | 24.KG Караколдо 8-класстын окуучусу параллель класста окуган баланы бычак менен жарадар кылды. Бул тууралуу 24.kg агенттигине ИИМден билдиришти.
KY-00560,KY,train,NOT_RELEVANT,,Бермет Акаеванын саясатка кайтып келүү ниети бар - | 24.KG Мурдакы президент Аскар Акаевдин кызы Бермет Акаева Кыргызстанга жана саясатка кайтып келүү ниетин NEXT TV каналына берген маегинде билдирди.
KY-00136,KY,train,NOT_RELEVANT,,ИИМ: Тогуз-Тороодо абал туруктуу - | 24.KG Жалал-Абад облусунун Тогуз-Торо районунун Казарман аймагында абал туруктуу. Бул тууралуу «24.kg» агенттигине ИИМдин басма сөз кызматы билдирди.
KY-00489,KY,train,NOT_RELEVANT,,"Кара-Балта шаарынын тургундары жарыктын жоктугуна нааразы - | 24.KG Айтымында, тургундар шаардык администрацияга кайрылышкан, бирок жыйынтык жок."
KY-00098,KY,train,NOT_RELEVANT,,Садыр Жапаровду 11 жыл 6 айга эркинен ажыратуу чечими күчүндө калтырылды - | 24.KG Жогорку Сот экс-депутат Садыр Жапаровду 11 жыл 6 айга эркинен ажыратуу чечимин күчүндө калтырды.
KY-01109,KY,train,RELEVANT,DISASTER,"Лейлекте сел жүрдү. Суу турак жайларды каптап, мал жандыктарын агызды - | 24.KG Баткендин Лейлек районунда сел турак жайларды каптап, мал жандыктарын агызды. Бул тууралуу ӨКМнын басма сөз кызматы билдирди."
KY-00092,KY,train,NOT_RELEVANT,,Вице-премьер-министр Эркин Асрандиев коронавирус жуктуруп алды - | 24.KG Вице-премьер-министр Эркин Асрандиев коронавирус жуктуруп алды. Бул тууралуу өкмөттүн маалымат кызматы билдирди.
KY-00515,KY,train,NOT_RELEVANT,,Кумтөр менен өкмөттүн макулдашуусу -тоо-кен тармагына оң таасирин тийгизет - | 24.KG «Кыргыз Республикасынын Өкмөтү менен «Centerra Gold Inc.» компаниясынын ортосундагы Стратегиялык макулдашуу күчүнө кириши- кен казуу иштерине жана тоо-кен тармагына оң таасирин тийгизет». Бул тууралуу 24.kg агенттигине Тоо-металлургиялык профсоюздун борбордук комитетинин төрагасы Эльдар Тажибаев билдирди.
KY-00079,KY,train,NOT_RELEVANT,,Самаркандда ит капкан тогуз жаштагы бала каза болду - | 24.KG Өзбекстандын Самарканд облусундагы Равонак айылында бир ай мурда ит каап алган тогуз жаштагы бала каза болду.
KY-01256,KY,train,NOT_RELEVANT,,Балбак Түлөбаев кеңешчиси Гуля Алмамбетовага мэриядан кетүүнү сунуштады - | 24.KG Бишкек мэринин кеңешчиси Гуля Алмамбетова шаар башчысынын милдетин аткаруучу Балбак Түлөбаев аны мэриядан кетүүнү сунуштаганын митингден айтты.
KY-01186,KY,train,NOT_RELEVANT,,"Казакстанга аткезчилик жолу менен ташылып бараткан тамеки продукциясын табышты - | 24.KG Маалыматка караганда, тамеки продукциясынын акциздик маркасы жок болуп чыкты."
KY-00996,KY,train,NOT_RELEVANT,,Чүй облусунда 450 кылмыштын бети ачыла элек - | 24.KG Чүй облусунда 450 кылмыштын бети ачыла элек. Бул тууралуу маалымат жыйында Бишкек ШИИББнын 1-жарым жылдык жыйынтыгын чыгаруу маалында аталган башкармалыктын башчысы Самат Курманкулов айтты.
KY-00223,KY,train,NOT_RELEVANT,,1-класстын окуучусу бөбөгүнө памперс сатып берүүнү суранып президентке кат жазды - | 24.KG Биринчи класстын окуучусу бөбөгүнө памперс сатып берүүнү суранып президент Сооронбай Жээнбековго кат жазды Кыздын катын Facebook социалдык түйүнүнө Нургазы Эргешов аттуу колдонуучу жарыялады.
KY-00266,KY,train,NOT_RELEVANT,,Аялдардын эл аралык күнү «Манас» аба майданында музыканын коштоосунда белгиленди - | 24.KG
KY-00273,KY,train,NOT_RELEVANT,,Атамбаевди кол тийбестиктен ажыратуу. Башкы прокуратуранын корутундусу чыкты - | 24.KG Башкы прокуратура Жогорку Кеңешке экс-президент Алмазбек Атамбаевди кол тийбестиктен ажыратуу тууралуу корутундусун жөнөттү. Бул тууралуу 24.kg агенттигине парламенттен билдиришти.
KY-01391,KY,train,NOT_RELEVANT,,Кипрде өзүнүн батиринин терезесинен кыргызстандык жаран кулап кетти - | 24.KG Түндүк Кипр Республикасынын Гирне шаарында өзүнүн батиринин терезесинен кыргызстандык Садырбек Алымбеков кулап кетти. Бул тууралуу Haberkibris порталы билдирди.
KY-00940,KY,train,NOT_RELEVANT,,"Жаранды койдуруп, кырсык катталган жерден качып кеткен айдоочу изделүүдө - | 24.KG Сокулукта жаранды койдуруп, кырсык катталган жерден качып кеткен айдоочу изделүүдө. Бул тууралуу Чүй облустук ИИБнын басма сөз кызматы билдирди."
KY-00393,KY,train,NOT_RELEVANT,,"Тажик операторлору «Кыргызтелекомго» 1,3 млн доллар карыз - | 24.KG Тажикстандын «Телеком Технолоджи» жана «Сатурн-Онлайн» операторлору интернет үчүн «Кыргызтелекомго» 1 млн 349 миң доллар карыз. Бул тууралуу компаниянын башчысы Нурлан Мадаминов Мамлекеттик мүлктү башкаруу фондунун жыйынында билдирди.Анын айтымында, «Сатурн-Онлайн» операторунун бересеси 662 миң долларды түзөт. Эл аралык арбитраждык сот карызды жабууну милдеттендирген, бирок тажик тарап өкүмдү аткарууга ашыга элек."
KY-01044,KY,train,NOT_RELEVANT,,Пара алуу. Каракол шаардык архитектура башкармалыгынын бөлүм башчысы унаа алган - | 24.KG Ысык-Көл облусуна караштуу Каракол шаардык архитектура башкармалыгынын бөлүм башчысы унааны жең ичинен пара катары алган. Бул тууралуу 24.kg агенттигине Каржы полициясынан билдиришти.
KY-00677,KY,train,NOT_RELEVANT,,"Кара-Кулжа районунда токой калыбына келтирилүүдө - | 24.KG Кара-Кулжа районунун жашоочулары аймагындагы токойду өз күчү менен калыбына келтирүүдө. Бул тууралуу «Экологиялык чечимдер институту» коомдук фондунун ачылышында «Мурас кыймылы» уюмунун өкүлү Гамал Соронкулов билдирди. Анын айтымында, 2014-жылы 28 үй-бүлө биригип түзгөн «Арчун» коомдук уюму 110 гектар жерди ижарага алып, токойду калыбына келтирип баштады. «2016-жылы деңиз денгээлинен 1,5 мин чакырымга жакын бийиктикте 800 кара өрүк көчөттөрүн Аксы районунан алып келип отургузду. Ошондой эле өз күчү менен булактан 3,8 миң чарчы метр арык казып келишти. Бирок, 30 гектар жерди суугарып, айланасын тосо алышты. Токойду калыбына келтирүүгө — мал жаюу тоскоол болууда», — дейт Гамал Соронкулов"
KY-01370,KY,train,NOT_RELEVANT,,Бөкөнбаев айылында окуучу баланы унаа сүзүп кетти - | 24.KG Ысык-Көл облусуна караштуу Тоң районундагы Бөкөнбаев айылында окуучу баланы унаа сүзүп кетти. Бул тууралуу Өзгөчө кырдаалдар министрлигинен билдиришти.
KY-00569,KY,train,NOT_RELEVANT,,Балыкчыда алкоголдук продукцияны мыйзамсыз чыгарган фирма аныкталды - | 24.KG Балыкчы шаарында алкоголдук продукцияны мыйзамсыз чыгарган фирма аныкталды. Бул тууралуу Салык кызматынан билдиришти.
KY-01488,KY,train,NOT_RELEVANT,,"Өзбекстанда Ноорузду майрамында өспүрүм селкинчектен кулап, каза болду - | 24.KG Анжиян облусундагы эс алуу парктарынын биринде 16 жаштагы өспүрүм селкинчектен кулап түшүп, мерт болду. Күбөлөрдүн айтымында, трагедия 17-мартта Нооруз майрамына арналган иш-чара учурунда болгон, ага район башчысы катышкан."
KY-00821,KY,train,NOT_RELEVANT,,Бишкекте 39 жаштагы Сулайманкул Халбековго изделүүдө - | 24.KG Бишкекте 39 жаштагы Сулайманкул Халбековго изделүүдө. Бул тууралуу Биринчи май райондук ички иштер башкармалыгынын пресс-катчысы маалымдады.
KY-00203,KY,train,NOT_RELEVANT,,"Депутат: Кыргызстан Гиннестин китебине кириши мүмкүн - | 24.KG Жогорку Кеңештин депутаты Садык Шер-Нияз Каржы министри Адылбек Касымалиевге кайрылып, маданият чөйрөсүнө көп көңүл бурууга чакырды."
KY-00814,KY,train,NOT_RELEVANT,,Сооронбай Жээнбековдун иш сапары Венгрияда уланууда - | 24.KG Сочидеги жолугушуудан кийин Сооронбай Жээнбеков Венгрияга расмий сапар менен келди. Бул тууралуу өлкө башчысынын маалымат кызматы билдирди.
KY-00036,KY,train,NOT_RELEVANT,,"Сокулукта айыл өкмөттүн башчысы акча талап кылгандыгы үчүн кармалган, бирок - | 24.KG Кризиске каршы кызматы Сокулук айыл өкмөтүнүн башчысы Бакыт Сыдыковду акча талап кылгандыгы үчүн кармаган. Бул тууралуу 24.kg агенттигине өздүк булактар маалымдашты."
KY-01433,KY,train,NOT_RELEVANT,,Милиция теңтуштарын сабаган мектеп окуучулары тактап жатат - | 24.KG Социалдык тармакта мектеп окуучулары теңтуштарын сабап жаткандыгы тууралуу видео пайда болду.
KY-00091,KY,train,NOT_RELEVANT,,Сапар Исаковду камакта калтыруу мөөнөтү эки айга узартылды - | 24.KG Бишкектин Биринчи Май райондук соту экс-премьер-министр Сапар Исаковду камакта калтыруу мөөнөтүн эки айга узартты.Чечим аталган ишти караган сот Айбек Эрнис уулу тарабынан кабыл алынды.
KY-00787,KY,train,NOT_RELEVANT,,"Өлкөнүн мыкты 80 студенти президенттик стипендияга ээ болду - | 24.KG Кыргызстандагы жогорку окуу жайлардын алдынкы студенттери ар жыл сайын берилүүчү,50 миң сомдук президенттик стипендияны алышты. Аны бүгүн өлкө башчысы Садыр Жапаров тапшырды."
KY-00873,KY,train,NOT_RELEVANT,,Депутат эл каттоону 2021-жылга жылдырууну сунуштады - | 24.KG Улуттук статистикалык комитет эл каттоону кайсы убакта жандандыруу керектигин азырынча аныктай элек. Депутат Наталья Никитенко эл каттоону 2021-жылга жылдырууну сунуштап жатат.
KY-00949,KY,train,NOT_RELEVANT,,Самара Каримова Боинг-747 учагынын курмандыктарынын элесине ыр арнады - | 24.KG Ырчы Самара Каримова Дача-СУ айылына кулаган учактан мерт болгондордун элесине ыр арнады.
KY-00769,KY,train,NOT_RELEVANT,,Алмазбек Атамбаев Сооронбай Жээнбеков менен жолугушууга даяр - | 24.KG Мурдакы президент Алмазбек Атамбаев өлкө башчысы Сооронбай Жээнбеков менен жолугушууга даяр. Бул тууралуу «24.kg» агенттигине партиянын саясый кеңешинин мүчөсү Марат Аманкулов билдирди.
KY-01070,KY,train,NOT_RELEVANT,,Депутат: Кылмыштарга Жээнбековдордун үй-бүлөсүнүн катыштыгы бар - | 24.KG Алмазбек Атамбаевди күнөөлөп жаткан кылмыштарга Жээнбековдордун үй-бүлөсүнүн катыштыгы бар. Бул тууралуу Жогорку Кеңештин отурумунда депутат Ирина Карамушкина айтып чыкты.
KY-00607,KY,train,NOT_RELEVANT,,Түркия лидери Реджеп Эрдоган коронавируска каршы эмделди - | 24.KG Түркия лидери Реджеп Эрдоган коронавируска каршы эмдөөдөн өттү. Бул тууралуу ал өзүнүн Facebook баракчасында билдирди.
KY-00589,KY,train,NOT_RELEVANT,,Ошто 22 жаштагы келиндин асынып турган денеси табылды - | 24.KG Ош облусуна караштуу Ноокат районундагы турак үйдөн 22 жаштагы келиндин асынып турган денеси табылды. Бул тууралуу Ош ОИИББдан билдиришти.
KY-01454,KY,train,NOT_RELEVANT,,Нарын облусунун эң кары жашоосу 107 жашта - | 24.KG Нарын облусунун эң кары жашоосу 107 жашта. Бул тууралуу өкмөттүн аймактагы ыйгарым укуктуу өкүлчүлүгү билдирди.
KY-00659,KY,train,NOT_RELEVANT,,"Бишкектин мурунку мэри Албек Ибраимов иш бөлмөсүнөн 250 миң доллар пара алган - | 24.KG Анын айтымында, Албек Ибраимов учурда төрт кылмыш иши боюнча айыпталууда. «Дастан Инжиниринг» жана «Дастан» компанияларынын ортосундагы келишимге ылайык, атайын жабдуулар кымбат баада жеткирилген. Анда жалпы чыгым 22 миллион сомду түзгөн. Буга байланыштуу Албек Ибраимовго, анын орун басарына жана башкы бухгалтерине коррупция жана алдамчылык боюнча айып тагылды."
KY-00903,KY,train,NOT_RELEVANT,,"COVID-19. Бир суткада 1 миң 485 кишиден вирус аныкталып, он адам каза болду - | 24.KG Бир суткада 1 миң 485 кишиден вирус аныкталды. Бул тууралуу Саламаттыкты сактоо министрлиги билдирди."
KY-00663,KY,train,NOT_RELEVANT,,Кара-Сууда айдоочу 10 жашар баланы жана 64 койду унаасы менен койдуруп кетти - | 24.KG Ош облусунун Кара-Суу районунан «Мерседес Бенц 711» үлгүсүндөгү унаанын айдоочусу 10 жашар баланы жана 64 койду койдуруп кетти. Бул тууралуу окуяга күбө болгондор билдирди.
KY-00648,KY,train,NOT_RELEVANT,,Асанбай кичирайонундагы кафе абаны булгап жатат - | 24.KG Бишкектеги Асанбай кичирайонундагы Токомбаев менен Сухэ-Батор көчөлөрүнүн кесилишинде жайгашкан кафе абаны булгап жатат. Бул тууралуу 24.kg агенттигине окурман билдирди.
KY-00130,KY,train,NOT_RELEVANT,,Анжелика казак ырчысы менен дуэт ырдап чыгат - | 24.KG Ырчы Анжелика Кайратова казак ырчысы менен дуэт ырдап чыгат. Бул тууралуу ал өзүнүн инстаграмм баракчасында билдирди.
KY-01431,KY,train,NOT_RELEVANT,,Москвадагы кыргызстандыктар Жалал-Абад облусуна дары-дармек жөнөтүштү - | 24.KG Россиядагы кыргызстандыктар Жалал-Абад облусуна дары-дармек жөнөтүштү. Бул тууралуу Москва шаары жана Москва облусу боюнча Жалабад коомдук бирикмеси өкүлдөрү билдиришти.
KY-01286,KY,train,NOT_RELEVANT,,Бишкектин 8 миң абонентинин электр жарыгы дистанциондук түрдө өчүрүлөт - | 24.KG 29-мартта Бишкектин 8 миң абонентинин электр жарыгы дистанциондук түрдө өчүрүлөт. Бул тууралуу «Түндүкэлектр» ААКдан билдиришти.
KY-00635,KY,train,NOT_RELEVANT,,COVID-19. Бир суткада 87 кишиден вирус аныкталды - | 24.KG Бир суткада 87 кишиден вирус аныкталды. Бул тууралуу Саламаттыкты сактоо министрлигинин өкүлү Айнура Акматова билдирди.
KY-01465,KY,train,NOT_RELEVANT,,"Жогорку Кеңештин депутаттары референдумга макулдук беришти - | 24.KG Бүгүн, 11-март күнү Жогорку Кеңештин депутаттары жаңы Конституциянын долбоору боюнча референдум өткөрүүгө макулдук берди."
KY-00670,KY,train,NOT_RELEVANT,,Түркия кыргызстандык жарандардын акысыз дарылануусу үчүн квотанын санын көбөйттү - | 24.KG Түркия кыргызстандык жарандардын акысыз дарылануусу үчүн квотанын санын көбөйттү. Бул тууралуу Саламаттык сактоо министрлигинен маалымдашты.
KY-00680,KY,train,NOT_RELEVANT,,Аба-ырайы бузулат - | 24.KG Кыргызстанда 11-13 августа аба-ырайы бузулат. Бул боюнча Өзгөчө кырдаалдар министрлиги кабарлайт.
KY-01348,KY,train,NOT_RELEVANT,,COVID-19. 18 миң киши вирус менен ооруп жатат - | 24.KG Кыргызстанда 18 миң 934 киши вирус менен ооруп жатат. Бул тууралуу саламаттыкты сактоо министрлиги билдирди.
KY-00264,KY,train,NOT_RELEVANT,,Автомектептерде билим алган 44 миңден ашык киши сынактан өтпөй калды - | 24.KG 2018-жылдын 9 айында автомектептерде билим алган 44 миңден ашык киши жол эрежесинин сынактарынан өтпөй калган. Бул тууралуу Мамлекеттик каттоо кызматынан билдиришти.
KY-00540,KY,train,NOT_RELEVANT,,"COVID-19. Бир суткада 385 кишиден вирус аныкталып, үчөө каза болду - | 24.KG Бир суткада 385 кишиден вирус аныкталды. Бул тууралуу Саламаттыкты сактоо министрлиги билдирди."
UZ-D05168,UZ,train,RELEVANT,POLICY,Hindistonga iqlim o‘zgarishi oqibatlariga qarshi kurashish uchun 2030-yilgacha 1 trln dollar kerak bo‘ladi O‘rtacha yillik haroratning Selsiy o‘lchami bilan ikki darajaga oshishini 800 million hindistonlik sezib ulgurdi
UZ-D04674,UZ,train,RELEVANT,POLICY,"Ўзбекистон делегацияси Иқлим ўзгаришларига қарши курашиш соҳасидаги ҳаракатлар бўйича жаҳон саммитида иштирок этади Унда Ўзбекистон миллий, минтақавий ва глобал даражада иқлим ўзгаришига қарши курашни кучайтириш юзасидан қатор таклиф ва ташаббусларни илгари суради"
UZ-D05425,UZ,train,RELEVANT,SCIENCE_GEN,«Мир – на пороге катастрофы»: в ООН предупредили о последствиях глобального потепления Организация объединенных наций (ООН) предупредила о приближении всемирной катастрофы из-за глобального потепления.
UZ-D03604,UZ,train,RELEVANT,POLICY,O‘zbekistonda iqlim o‘zgarishiga qarshi strategiya ishlab chiqiladi Strategiyani amalga oshirish uchun 2021-yilning 1-sentabriga qadar Prezident qarori loyihasi ishlab chiqiladi
UZ-D02048,UZ,train,RELEVANT,ENERGY,Germaniya iqlim bo‘yicha maqsadlardan orqada qolyapti 2022 yilda Germaniyada karbonat angidrid gazining atmosferaga chiqarilishi deyarli kamaymadi. Bu ko‘mir va neftdan foydalanishning kuchayishi bilan bog‘liq.
UZ-D01284,UZ,train,RELEVANT,AGRI_LAND,"Orol dengizining 363 ming gektar qurigan maydoniga saksovul ekildi Yana 917,2 ming gektar yer ekishga tayyorlangan"
UZ-D02447,UZ,train,RELEVANT,POLICY,Ўзбекистонда Яшил иқлим жамғармасининг минтақавий ваколатхонаси очилиши мумкин Абдулла Арипов Яшил иқлим жамғармаси ижрочи директори Мафалда Дуарте билан учрашув ўтказди
UZ-C01110,UZ,train,RELEVANT,ENERGY,"Renewable energy production in Uzbekistan surges by 37% in early 2026 Uzbekistan’s green energy sector continues to show rapid growth, with the volume of electricity generated from renewable sources exceeding 3 billion kWh since the beginning of this year."
UZ-D03263,UZ,train,RELEVANT,POLICY,"Узбекистан намерен развивать сотрудничество с Зеленым климатическим фондом Сегодня, 22 мая, в Национальном пресс-центре Центр гидрометеорологической службы при Кабинете Министров провел пресс-конференцию и круглый стол на тему «Развитие сотрудничества с Зеленым климатическим фондом»."
UZ-D03317,UZ,train,RELEVANT,POLICY,Ziroat Mirziyoyeva Bokuda yoshlarning iqlimga oid tashabbuslarini keng qo‘llab-quvvatlashga chaqirdi O‘zbekiston birinchi xonimi Ziroat Mirziyoyeva Ozarboyjonda «Yoshlarning iqlim o‘zgarishi bo‘yicha harakatlardagi yetakchiligi» mavzusida tashkil etilgan forumda ishtirok etdi.
UZ-D05565,UZ,train,RELEVANT,POLICY,"Мирзиёев: Узбекистан расширит обязательства по снижению выбросов парниковых газов Узбекистан готов расширить свои обязательства по снижению выбросов парниковых газов к 2050 году, заявил президент Шавкат Мирзиёев на конференции ООН по изменению климата (COP29) в Баку."
UZ-C01250,UZ,train,RELEVANT,SCIENCE_GEN,"Жо Байден иқлим ўзгаришини инсоният учун ягона таҳдид деб атади “Ер шарининг исталган нуқтасида ҳарорат Цельсий бўйича 1,5 даражага кўтарилса, бу жараённи ортга қайтариб бўлмайди”, — деди АҚШ президенти"
UZ-D05382,UZ,train,RELEVANT,SCIENCE_GEN,"Олимлар Қуёш сабабли иқлим ўзгариши содир бўлиши ҳақидаги афсонани рад этди Уларнинг таъкидлашича, бунга космик ҳодисалар эмас, Ер атмосфераси сабабчи"
UZ-C02220,UZ,train,RELEVANT,WATER_CRYO,Ўзбекистон ва Финляндия: Марказий Осиёда иқлим барқарорлиги учун ер ости сувларини рақамли моделлаштириш жараёни қандай кечмоқда? Марказий Осиёда сув танқислиги ва иқлим ўзгарувчанлиги кучайиб бораётган шароитда Ўзбекистон ва Финляндия сув ресурсларини самарали бошқариш бўйича илмий ҳамкорликнинг янги йўналишини амалга оширмоқда. Бу ҳамкорлик рақамли инновациялар ва барқарор ривожланиш тамойилларини бирлаштирган илмий дипломатия намунасига айланди.
UZ-D00219,UZ,train,NOT_RELEVANT,,"Fransiyada 2020 yildan aviareyslar uchun ekologiya solig‘i joriy etiladi Fransiya 2020 yildan mamlakat hududidan amalga oshiriladigan reyslarga ""aviatransport uchun ekosoliq"" joriy etiladi"
UZ-C01899,UZ,train,RELEVANT,AGRI_LAND,"Иқлим ўзгариши туфайли қишлоқ хўжалиги маҳсулдорлиги 50 йилда 21 фоизга пасайиб кетди Қишлоқ хўжалиги маҳсулдорлигининг қисқариши илиқ минтақаларда — Африкада, Лотин Америкасида, Кариб ҳавзаси мамлакатларида юқорироқдир"
UZ-D00604,UZ,train,RELEVANT,POLICY,Ўзбекистон ёшларини иқлим кун тартибига жалб қилиш бўйича миллий стратегия имзоланди Стратегия ЮНИСЕФ ва ЮНЕСКО халқаро экспертлари кўмагида ишлаб чиқилган
UZ-D00839,UZ,train,RELEVANT,HEALTH_SOCIETY,Dunyoda birinchi davlat iqlim sababli boshqa yerga ko‘chishga tayyorgarlik ko‘ra boshladi Tinch okeanidagi bir nechta orollardan tashkil topgan Tuvalu davlati aholisi orollar suv ostida qolishi holatida xavfsiz joyga ko‘chib o‘tishiga to‘g‘ri keladi. Bu haqda Tuvalu tashqi ishlar vaziri Saymon Kofe aytib o‘tdi.
UZ-D05030,UZ,train,RELEVANT,AGRI_LAND,"IVECO planted 10,000 seedlings to address the desertification of the Aral Sea in Uzbekistan IVECO, the brand of Iveco Group N.V. (EXM: IVG) that designs, manufactures, and markets light, medium, and heavy commercial vehicles, is supporting Uzbekistan’s efforts to mitigate the effects of the desertification of the Aral Sea with the plantation of 10,000 seedlings in the exposed seabed."
UZ-D05376,UZ,train,RELEVANT,POLICY,"Узбекистан взял обязательства снизить выбросы парниковых газов к 2030 году Узбекистан примет меры для снижения удельных выбросов парниковых газов на единицу ВВП на 10% к 2030 году, сообщил член комитета Сената по вопросам международных отношений, внешнеэкономических связей, иностранных инвестиций и туризма Рахматулла Назаров, пишет газета «Народное слово»."
UZ-C00463,UZ,train,RELEVANT,POLICY,"Узбекистан сократит выбросы парниковых газов на 16 млн тонн Президент Узбекистана Шавкат Мирзиёев выступил на Самаркандском международном климатическом форуме, где рассказал о планах страны по сокращению выбросов парниковых газов."
UZ-D01232,UZ,train,RELEVANT,SCIENCE_GEN,"Iqlim o‘zgarishlari bizni tentak qiladi. Behazil Xullas, vaziyat murakkab va bu aytilganlardan hech birida yaxshilik alomati ko‘rinmayapti"
UZ-C00037,UZ,train,RELEVANT,ENERGY,"Global iqlim o‘zgarishiga qarshi kurash: elektromobil bozorining umumiy ko‘rinishi, kelajagi va O‘zbekistondagi vaziyati qanday? Jahon bozorida 2012—2021 yillarda elektr transport vositalarini sotilishi 50 baravardan oshdi"
UZ-D00415,UZ,train,RELEVANT,WATER_CRYO,Olimlar yarim asrlik plyonkadagi tasvirlar orqali Antarktidadagi muzliklar erish tezligini hisobladi Ushbu ma’lumotlar asosida hatto o‘tmishda Antarktidada otilgan vulqonlardan qolgan kul qatlamlari va shelf ostida yashiringan suv sizib chiqadigan joylarni ham topishgan
UZ-D04610,UZ,train,RELEVANT,POLICY,"Парламент направил запрос министрам экологии и экономики по реализации «зеленой» стратегии На очередном пленарном заседании Законодательной палаты Олий Мажлиса депутаты рассмотрели вопрос о направлении парламентского запроса министрам экологии, охраны окружающей среды и изменения климата, а также экономики и финансов. Тема обращения — реализация Стратегии по переходу Узбекистана на «зеленую» экономику на период 2019–2030 годов."
UZ-D03677,UZ,train,RELEVANT,ENERGY,Yevropada vodorodli avtomobillar ommalashmoqda. Ekologik toza yoqilg‘i haqida nimalarni bilamiz? Mercedes kelgusi besh yil ichida vodorod texnologiyalarini ishlab chiqarish uchun 20 milliard yevro miqdorida mablag‘ ajratgan
UZ-D05571,UZ,train,RELEVANT,HEALTH_SOCIETY,Dunyoning eng boy odamlari iqlim inqiroziga sabab bo‘ldi — OAV Ko‘p miqdorda yoqilg‘i talab qiluvchi yo‘ltanlamas avtomobillar va samolyotlarning uzluksiz parvozi asosiy muammoga aylandi
UZ-D03767,UZ,train,RELEVANT,DISASTER,Туркманистондаги қурғоқчилик 2018 йилга нисбатан кучлироқ бўлиши мумкин Қиш ва баҳорда ёғингарчилик миқдори кам бўлгани сабабли Помир тоғларида қор етарли даражада тўпланмади. Бунинг натижасида баҳор фаслида Амударёдаги сув миқдори 2020 йилга нисбатан 60 фоизга камроқ бўлди
UZ-D01529,UZ,train,RELEVANT,SCIENCE_GEN,Изменение климата в Центральной Азии: Истории в фотографиях Этот региональный фотоконкурс был организован Всемирным Банком при партнерстве с Региональным экологическим центром Центральной Азии в рамках Программы по адаптации к изменению климата и смягчению его последствий для бассейна Аральского моря.
UZ-C02081,UZ,train,NOT_RELEVANT,,"BMT Qoraqalpog‘istonda suv, kanalizatsiya va ekologiya bo‘yicha yangi loyihalarni ishga tushirdi BMT agentliklari Orolbo‘yi mintaqasi Ko‘p sheriklik trast fondi ko‘magida Qoraqalpog‘istonda ikkita yangi loyihani ishga tushirdi."
UZ-C01194,UZ,train,RELEVANT,POLICY,"AIIB approves $250M financing to accelerate Uzbekistan’s climate transition The Asian Infrastructure Investment Bank (AIIB) has approved $250 million in financing to support the acceleration of Uzbekistan’s climate transition towards a green, inclusive, and resilient economy."
UZ-D00447,UZ,train,RELEVANT,WATER_CRYO,"“Роғун ГЭС Амударё қуйи оқими учун хавф туғдиради” — экологлар Экологлар Тожикистондаги Роғун ГЭС таъсирини баҳолаганлар “кўзи юмуқ ҳолда” иш тутгани, сабаби Амударё ҳавзасидаги реал вазият ва Қўштепа канали таъсири ҳисобга олинмаганини таъкидлади."
UZ-D01856,UZ,train,RELEVANT,ENERGY,"Минэнерго объявило тендер на строительство в Узбекистане первой ветровой электростанции Министерство энергетики Узбекистана объявило о проведении первого в стране тендера на строительство ветровой электростанции мощностью 100 МВт, сообщили в пресс-службе Минэнерго."
UZ-C01417,UZ,train,RELEVANT,POLICY,BMT: Ozarboyjon iqlim o‘zgarishi bo‘yicha dunyodagi eng yirik yillik uchrashuvga mezbonlik qilishga tayyor BMT koordinatori Bokuning IS-29 ni tashkil etish va iqlim o‘zgarishiga qarshi kurashish borasidagi sa’y-harakatlari haqida gapirdi
UZ-D05287,UZ,train,RELEVANT,POLICY,"Vladimir Norov YXHTni Orol dengizidagi ekologik oqibatlarni yumshatish harakatlarida faol ishtirok etishga chaqirdi Tashqi ishlar vazirining ta’kidlashicha, Markaziy Osiyoda ekologik muammolar hamon dolzarb, mintaqadagi iqlim o‘zgarishining sur’ati dunyo bo‘yicha o‘rtacha ko‘rsatkichdan ikki baravar ko‘p"
UZ-D01420,UZ,train,RELEVANT,POLICY,Шавкат Мирзиёев Оролбўйи минтақасини экологик инновация ва технологиялар ҳудуди деб эълон қилиш ҳақида БМТ резолюциясини қабул қилишни таклиф этди «Ушбу муҳим ҳужжат тасдиқланган санани эса Халқаро экологик тизимларни ҳимоя қилиш ва тиклаш куни сифатида нишонлаш мақсадга мувофиқ бўларди» – Шавкат Мирзиёев
UZ-D04550,UZ,train,RELEVANT,POLICY,"Uzbekistan commits to cutting harmful emissions by 50 percent by 2035 Uzbekistan has pledged to halve its harmful gas emissions by 2035 as part of its updated commitments under the Paris Agreement, President Shavkat Mirziyoyev announced, recalling the country’s participation in the recent COP-30 climate conference in Brazil."
UZ-D03668,UZ,train,RELEVANT,POLICY,Janubiy Koreya Osiyoda birinchi bo‘lib iqlim to‘g‘risidagi qonun konstitutsiyani buzayotganini tan oldi Mamlakat Konstitutsiyaviy sudi uglerod neytralligi borasidagi milliy qonun bazaviy inson huquqlariga zidligi to‘g‘risida qaror chiqardi.
UZ-D00695,UZ,train,RELEVANT,AGRI_LAND,Orol dengizining qurigan tubida ekilgan saksovullar kosmosdan ko‘rina boshladi Qoraqalpog‘istonning Mo‘ynoq tumanidagi Orol dengizi suvi qurigan hududda 2018-yilda boshlangan “yashil qoplamalar” barpo etish ishlari bugungi kunda tizimli ravishda tashkil etilmoqda
UZ-C00157,UZ,train,RELEVANT,ENERGY,"Malaysia’s Sunview Group to invest in large-scale solar projects in Uzbekistan Uzbekistan’s Ambassador, Karomiddin Gadoyev, met with Ong Hang Ping, CEO of the Malaysian company Sunview Group, to discuss the company's plans for renewable energy projects in Uzbekistan."
UZ-C01570,UZ,train,RELEVANT,DISASTER,"Балида қурғоқчилик туфайли фавқулодда ҳолат эълон қилинди Бали губернаторининг айтишича, июлдан октябргача давом этаётган қуруқ об-ҳаво 113 та қишлоқда сув танқислигига сабаб бўлган"
UZ-D04372,UZ,train,RELEVANT,ENERGY,"Узбекистан в течение десяти лет построит солнечные электростанции мощностью 5 тыс. МВт Узбекистан планирует в течение десяти лет построить в стране фотоэлектрических (солнечных) электростанций (ФЭС) общей мощностью 5 тыс. МВт, сообщает Министерством энергетики."
UZ-D02719,UZ,train,RELEVANT,POLICY,"President Mirziyoyev proposes green trade corridor and unified climate investment strategy at regional summit Speaking at the Regional Environmental Summit in Astana, President Shavkat Mirziyoyev stated that Central Asian countries must unite to tackle climate and environmental challenges. He emphasized the need to turn existing risks into new opportunities for sustainable growth."
UZ-D02868,UZ,train,RELEVANT,ENERGY,"Узбекистан ищет инвесторов для строительства солнечных электростанций мощностью 2 ГВт Министерство энергетики Узбекистана совместно с Международной финансовой корпорацией (МФК), входящей в состав ВБ, а также Азиатским банком развития (АБР), ведет работа по определению потенциальных инвесторов для строительства 2 ГВт фотоэлектрических (солнечных) станций (ФЭС) до 2025 года."
UZ-D02156,UZ,train,RELEVANT,WATER_CRYO,Иорданияда кучли қурғоқчилик туфайли сув захиралари тугамоқда Иордан дарёсининг ирмоғи Ярмук ҳам саёзлашган
UZ-C00280,UZ,train,RELEVANT,DISASTER,Turkmanistondagi qurg‘oqchilik 2018-yilga nisbatan kuchliroq bo‘lishi mumkin Qish va bahorda yog‘ingarchilik miqdori kam bo‘lgani sababli Pomir tog‘larida qor yetarli darajada to‘planmadi. Buning natijasida bahor faslida Amudaryodagi suv miqdori 2020-yilga nisbatan 60 foizga kamroq bo‘ldi
UZ-D04293,UZ,train,RELEVANT,POLICY,Turkiya iqlim bo‘yicha Parij bitimini ratifikatsiya qildi Qonun loyihasi Turkiya parlamentidagi barcha siyosiy partiyalar tomonidan bir ovozdan qo‘llab-quvvatlangan
UZ-D04635,UZ,train,RELEVANT,ENERGY,"ВБ одобрил финансирование строительства солнечной электростанции в Навоийской области Финансирование строительства фотоэлектрической (солнечной) станции в Навоийской области получило одобрение Советами исполнительных директоров Всемирного банка и Международной финансовой корпорации (МФК) 22 сентября, сообщили в Минэнерго Узбекистана."
UZ-00028,UZ,train,RELEVANT,POLICY,"“Iqtisodiyotni iqlim o‘zgarishiga moslashtirish zarur” - Senat raisi Tanzila Norboyeva 2025 yilda mamlakat rivojlanishining ustuvor yondashuvlari belgilanganini ma’lum qildi. Senat raisiga ko‘ra, belgilangan har bir maqsad va vazifa Global Barqaror rivojlanish maqsadlari bilan hamohang."
UZ-01078,UZ,train,RELEVANT,WATER_CRYO,"O‘zbekiston Jahon bankining Water Forward tashabbusiga qo‘shildi Dastur doirasida O‘zbekistonda 4,1 mln gektarda suv tejovchi texnologiyalar joriy etilib, suv yo‘qotishlari 25 foizga kamaytiriladi."
UZ-D03177,UZ,train,RELEVANT,SCIENCE_GEN,"O‘zbekistonga oid noto‘g‘ri ma’lumot global iqlim tadqiqotida jiddiy xatoga olib keldi Nature jurnalida chop etilgan tadqiqotda iqlim o‘zgarishlari sabab global yalpi ichki mahsulot 2050 yilda 19 foiz, 2100 yilga borib esa 62 foizga kamayishi keltirilgandi. Stenford universiteti mutaxassislarining ta’kidlashicha, O‘zbekiston bo‘yicha kiritilgan xato ma’lumotlar umumiy yo‘qotishni karrasiga oshirib yuborgan."
UZ-D02265,UZ,train,RELEVANT,HEALTH_SOCIETY,"Марказий Осиёда қарийб 2,5 млн одам иқлим муҳожирига айланиши мумкин Бутун дунёда эса иқлим ўзгариши туфайли 216 миллион киши ўзи яшаётган мамлакат ичидаги бошқа ҳудудларга кўчишга мажбур бўлиши мумкин"
UZ-C01304,UZ,train,RELEVANT,WATER_CRYO,«Россия24» телеканалида Орол денгизига бағишланган махсус репортаж эфирга узатилди (видео) Журналист Ольга Курлаева «Орол тўлқинлари» номли махсус репортаж тайёрлади
UZ-C00644,UZ,train,RELEVANT,ENERGY,Yevropa Rossiya gaziga qaramlikni kamaytirish uchun tezroq quyosh energiyasini rivojlantirishga qaror qildi Yevropa Komissiyasi ushbu o‘n yillikning o‘rtalarigacha 300 gigavattdan ortiq fotovoltaiklarni o‘rnatmoqchi
UZ-D02304,UZ,train,NOT_RELEVANT,,Орол денгизи муаммосига бағишланган «Шўрхок» номли янги қисқа метражли фильм намойиш қилинди 18 дақиқалик фильм Орол денгизининг ажойиб табиатини акс эттиради
UZ-D04417,UZ,train,RELEVANT,SCIENCE_GEN,"Rossiya moliyaviy ko‘magida maktablarga «Iqlim qutichasi» o‘quv qo‘llanmasi joriy etilmoqda Bugun, 12 aprel kuni AOKAda o‘quvchilarga mo‘ljallangan iqlim o‘zgarishi bo‘yicha «Iqlim qutichasi» uslubiy qo‘llanmasi taqdimoti bo‘lib o‘tdi. Unda «O‘zgidromet», Respublika ta'lim markazi, BMT Taraqqiyot dasturi vakillari ishtirok etdi."
UZ-C00550,UZ,train,RELEVANT,POLICY,"BMT konferensiyasi ishtirokchilari iqlim o‘zgarishidan zarar ko‘rgan mamlakatlarga badal to‘lashga kelishib oldi Kelishuvga ko‘ra, rivojlanayotgan mamlakatlarning iqlim o‘zgarishi salbiy ta’siridan ko‘rgan yo‘qotishlari va zararlarini qoplash uchun jamg‘arma yaratiladi"
UZ-C00714,UZ,train,RELEVANT,POLICY,"BMTning iqlim bo‘yicha yig‘ilishida O‘zbekistonning tashkilotdagi doimiy vakili Orol muammosi haqida gapirdi Shuningdek, u Prezident Shavkat Mirziyoyevning iqlim o‘zgarishiga qarshi kurashish borasidagi muhim tashabbuslari haqida ma’lumot bergan"
UZ-D04598,UZ,train,RELEVANT,ENERGY,Фотоэлектрическая станция в солнечной степи: она обеспечит электроэнергией 100 000 домов Солнечная электростанция мощностью 100 МВт строится в Нурабадском районе Самаркандской области с участием французской компании. Как идет строительство и каков принцип работы?
UZ-C01665,UZ,train,RELEVANT,WATER_CRYO,"Muzliklar erishi oqibatida 2 mlrd odam jabr ko‘radi Mutaxassislarga ko‘ra, muzliklarning erishi odamlarning suv va oziq-ovqat bilan ta’minlanishiga bevosita ta’sir ko‘rsatadi."
UZ-C01505,UZ,train,RELEVANT,DISASTER,"Uzcosmos and UNESCAP launch project to monitor drought in Central Asia The Uzcosmos Agency, together with the United Nations Economic and Social Commission for Asia and the Pacific (UNESCAP), is developing a project to create a drought monitoring system for Central Asia based on Earth remote sensing technologies."
UZ-D03587,UZ,train,RELEVANT,ENERGY,"Французская Total EREN построит в Узбекистане солнечную электростанцию Французская компания Total EREN планирует построить в Узбекистане солнечную электростанцию, передает корреспондент Kun.uz."
UZ-D00976,UZ,train,RELEVANT,POLICY,O‘zbekistonda Yashil iqlim jamg‘armasining mintaqaviy vakolatxonasi ochilishi mumkin Abdulla Aripov Yashil iqlim jamg‘armasi ijrochi direktori Mafalda Duarte bilan uchrashuv o‘tkazdi
UZ-D03160,UZ,train,RELEVANT,AGRI_LAND,"Экология ёмонлашиши туфайли йўқолиб кетиши мумкин бўлган маҳсулотлар ҳақида маълумот берилди Ҳароратнинг ошиши, қурғоқчилик, ёмғир режимининг бузилиши ҳосилдорликни кескин пасайтиради. Оқибатда ишлаб чиқариш ҳажми камайиб, нархлар ошади. Агар экологик муаммолар чуқурлашса, бу маҳсулотлар яқин келажакда ўта ҳашаматли товарларга айланиши мумкин."
UZ-C01598,UZ,train,RELEVANT,ENERGY,"World Bank approves $3.5 million guarantee for solar power plant in Khorezm region The World Bank has approved a $3.5 million guarantee to support the construction of a 100 MW solar power plant in Uzbekistan's Khorezm region. The project, expected to be operational by November 2025, will annually generate over 240 gigawatt-hours of renewable energy, significantly contributing to the country's green energy goals."
UZ-C00086,UZ,train,RELEVANT,SCIENCE_GEN,"BMT: Iqlim o‘zgarishlari doimiy bo‘lib qolishi mumkin “Issiqxona zaharli gazlari sayyoramizni bo‘g‘ib qo‘ymoqda va milliardlab odamlarni xavf ostida qoldirmoqda”, — deyiladi BMT hisobotida"
UZ-D02639,UZ,train,RELEVANT,DISASTER,"Uzbekistan records warmest May in history alongside historic rainfall and floods Uzbekistan’s spring season wrapped up with unseasonably warm temperatures and intense downpours, culminating in the warmest May since formal meteorological tracking began. Uzhydromet, the national weather service, reported that several regions experienced rainfall intensity unseen in half a century, triggering widespread mudslides and flash floods."
UZ-D02911,UZ,train,RELEVANT,POLICY,O‘zbekiston iqlim o‘zgarishi bo‘yicha Parij bitimiga qo‘shildi Bitimni O‘zbekiston nomidan mamlakatning AQShdagi elchisi Baxtiyor G‘ulomov imzoladi
UZ-C01927,UZ,train,RELEVANT,ENERGY,Ўзбекистонда қуёш энергиясидан фойдаланган ҳолда электромобилларни қувватловчи қурилма яратилди Қурилмага Ўзбекистон иқлим шароитини ҳисобга олган ҳолда энергия сақлаш тизими ҳам ўрнатилган. Бу орқали 950 та электромобилни қувватлаш имконияти яратилган
UZ-C00669,UZ,train,RELEVANT,POLICY,"“O‘zbekistonda anomal ob-havo vaqtida ko‘riladigan choralar bo‘yicha normativ-me’yoriy hujjatlar yo‘q” — iqlimshunos Erkin Abdulahatov “Ob-havo hodisalaridagi xavf ta’sirini kamaytirish bo‘yicha aniq standartlar ishlab chiqilishi zarur”, — dedi mutaxassis"
UZ-D00406,UZ,train,RELEVANT,ENERGY,"EBRD supports 1GW of renewable energy generation in Uzbekistan with a $520 million loan The European Bank for Reconstruction and Development (EBRD) continues to invest in renewable energy power generation and low-carbon technologies in Uzbekistan, to help align the country’s power-sector development with its commitments under the Paris Agreement."
UZ-D05202,UZ,train,RELEVANT,POLICY,"Шавкат Мирзиёев: «Проблемы климата влияют даже на геополитическую архитектуру мира» Климатические проблемы являются главной угрозой устойчивому развитию в мире, заявил президент в своем выступлении на глобальном климатическом саммите. По его словам, повышение температуры в Центральной Азии в два раза превышает среднемировой показатель. За последние годы количество необычно жарких дней в регионе удвоилось, а треть ледников растаяла."
UZ-D02352,UZ,train,RELEVANT,DISASTER,Angliyaning ayrim rayonlarida qurg‘oqchilik e’lon qilindi Bu mazkur rayonlarda yashovchi aholi uchun suvdan foydalanishda cheklovlar joriy etilishini anglatadi. Mamlakatda oxirgi marta 2018 yilda qurg‘oqchilik e’lon qilingan.
UZ-D00233,UZ,train,RELEVANT,ENERGY,20 тысяч объектов социальной сферы и государственных учреждений будут оснащены установками возобновляемых источников энергии Президент подписал постановление «О мерах по ускорению внедрения возобновляемых источников энергии и энергосберегающих технологий в 2023 году».
UZ-D02240,UZ,train,RELEVANT,DISASTER,"Qozog‘istonda fermerlarning qurg‘oqchilikdan ko‘rgan zarari qoplab beriladi Jambil viloyati fermerlarining tabiiy ofatlardan ko‘rgan zararini qoplash uchun 7,6 million dollardan ortiq mablag‘ ajratildi"
UZ-C01138,UZ,train,RELEVANT,WATER_CRYO,Orolbo‘yi iqlimida yog‘ingarchilikni modifikatsiyalash texnologiyalari joriy etiladi Qoraqalpog‘iston Respublikasi Jo‘qorg‘i Kengesi raisi Amanbay Orinbayev boshchiligidagi delegatsiyasi amaliy tashrif bilan Birlashgan Arab Amirliklarida bo‘ldi.
UZ-C01123,UZ,train,NOT_RELEVANT,,Farg‘ona viloyatida “Save Aral—2022” xayriya ommaviy yugurish musobaqalari o‘tkazildi “Save Aral” xayriya ommaviy yugurish musobaqalarining asosiy g‘oyasi — keng jamoatchilik fikrini Orol dengizi atrofidagi ekologik muammoga va Orolbo‘yi mintaqasini qayta tiklashga jalb qilish
UZ-D01712,UZ,train,RELEVANT,ENERGY,Теперь майнинг разрешен только за счет солнечной энергии Положение «О порядке выдачи разрешения для осуществления деятельности по майнингу» прошло государственную регистрацию в Минюсте.
UZ-C00972,UZ,train,RELEVANT,SCIENCE_GEN,"“Haliyam muzlik davrida yashayapmiz” — amerikalik olim Yerda nechta muzlik davri bo‘lgani va hozir so‘nggisi davom etayotgani haqida aytdi AQSHning Arizona shtat universiteti olimi biz hozir ham so‘nggi muzlik davrida yashayotganimiz, ammo nima uchun buni his qilmayotganimizni tushuntirib berdi"
UZ-D02788,UZ,train,RELEVANT,WATER_CRYO,"Sibir daryolari suvi Orol dengiziga yo‘naltirilishi mumkin Rossiyada Sibir daryolari suvining bir qismini Markaziy Osiyoga, shu jumladan, O‘zbekistonga burish bo‘yicha Sovet Ittifoqi davridagi loyihani yangicha usulda tiklash taklif etildi."
UZ-C00465,UZ,train,RELEVANT,WATER_CRYO,"Dunyo muzliklarining erishi tezlashmoqda — yangi tadqiqot Har yili taxminan 273 mlrd tonna muz erib yo‘qolmoqda. Bu, ayniqsa, Markaziy Osiyodagi suv ta’minotiga jiddiy ta’sir ko‘rsatadi."
UZ-D00476,UZ,train,RELEVANT,WATER_CRYO,"Европейский инвестиционный банк подключится к экологическим проектам региона Приаралья В Сенате состоялась встреча председателя Комитета по вопросам международных отношений, внешнеэкономических связей, иностранных инвестиций и туризма Алишера Курманова с делегацией Европейского инвестиционного банка (ЕИБ) во главе с его вице-президентом Василом Худаком, сообщили в пресс-службе верхней палаты парламента."
UZ-00010,UZ,train,RELEVANT,POLICY,Yevroparlament 2040 yilgacha YeIning iqlim maqsadlari haqidagi qonunni qabul qildi Yevroparlament YeIning iqlim neytralligiga erishish yo‘lida yangi majburiy oraliq maqsadni belgilaydigan qonunni qabul qildi. Hujjat 2040 yilgacha tashlamalarni 90 foizga qisqartirishni nazarda tutadi.
UZ-D01812,UZ,train,RELEVANT,AGRI_LAND,Orol dengizi tubida 2024-yili jami 150-200 ming gektar o‘rmonzorlar barpo qilish rejalashtirilgan Orol dengizi tubida saksovul ekish ishlari boshlandi
UZ-C01787,UZ,train,RELEVANT,AGRI_LAND,"Иқлим ўзгариши натижасида Марказий Осиё чўлга айланмоқда Сўнгги 35 йил ичида Хитой, Ўзбекистон ва Қирғизистоннинг бир қисмини ўз ичига олган бутун Марказий Осиёда ҳаво ҳарорати кўтарилган"
UZ-00607,UZ,train,NOT_RELEVANT,,В Ташкенте начали тестировать электробусы нового поколения В Ташкенте начались испытания электробуса нового поколения Yutong E9. Тестовый выход машины на городские дороги стал частью стратегии столичных властей по поэтапному переходу общественного транспорта на экологически чистые источники энергии.
UZ-D04868,UZ,train,RELEVANT,ENERGY,"Итоги первого в стране тендера на строительство фотоэлектрической станции. Определены перспективы развития солнечной энергетики в Узбекистане Сегодня в Министерстве финансов Узбекистана состоялась пресс-конференция по итогам объявления победителя первого в истории страны открытого тендера по привлечению инвестиций в государственно-частное партнерство (ГЧП) в солнечной энергетике, - сообщает корреспондент Kun.uz."
UZ-D01918,UZ,train,RELEVANT,DISASTER,"Жаҳон банки: Марказий Осиё мамлакатларини қурғоқчилик, сув тошқинлари ва ер кўчишлари кутмоқда Фавқулодда вазиятлар Марказий Осиёга жиддий зарар етказиши мумкин, чунки минтақа аҳолисининг қарийб тўртдан бири қишлоқ хўжалиги соҳасида меҳнат қилади"
UZ-D01869,UZ,train,RELEVANT,WATER_CRYO,Узбекский план по спасению Арала В конце лета в городе Туркменбаши главы государств-учредителей Международного фонда спасения Арала (МФСА) собрались на Совет.
UZ-D02946,UZ,train,RELEVANT,SCIENCE_GEN,"Alyaskadagi erigan muzliklar, qurigan Orol dengizi, cho‘lga aylangan o‘rmonlar: xavf yoqasidagi insoniyat Yer orbitasidan turib olingan suratlarga nazar solib, global iqlim o‘zgarishi sayyorani haqiqatan ham halokat yoqasiga olib borayotganiga guvoh bo‘lish mumkin"
UZ-D01950,UZ,train,RELEVANT,ENERGY,В сентябре в Узбекистане будет сдана первая в стране солнечная электростанция 9 апреля Министерство энергетики Узбекистана совместно с Хокимиятом Навоийской области организовали пресс-тур с участием СМИ в Карманинский район Навоийской области с посещением строительной площадки фотоэлектрической солнечной станции (ФЭС) общей мощностью 100 МВт.
UZ-C01874,UZ,train,RELEVANT,POLICY,Chilida ommaviy namoyishlar tufayli BMT iqlim anjumani o‘tkazilishi bekor qilindi Yuzaga kelgan vaziyatda mamlakatga ichki muammolarni hal etishga e’tibor qaratish zarurligi ta’kidlandi
UZ-C01153,UZ,train,RELEVANT,POLICY,Xalqaro yirik iqlim sammiti Ozarboyjonda o‘tadi: COP29’dan nimalar kutilyapti? Yirik xalqaro iqlim konferensiyasi bu yil 11-22 noyabr kunlari Ozarboyjonning Boku shahrida o‘tadi. COP29’da “Yangi hamkorlik miqdoriy maqsadlari” qabul qilinishi rejalashtirilyapti. U rivojlanayotgan davlatlarga moliyaviy paketlarni qanday taqsimlash haqida bo‘ladi.
UZ-C01380,UZ,train,RELEVANT,POLICY,"Bokudagi COP29: iqlim o‘zgarishiga moslashish xarajatlarini kim to‘laydi? Bu yil Bokuda o‘tkazilayotgan COP29 iqlim konferensiyasida katta mablag‘lar masalasi ko‘tarilyapti. Bundan tashqari, iqlim o‘zgarishi oqibatlariga qarshi kurashda rivojlanayotgan mamlakatlar qanday yordam olayotgani ham muhokama qilinmoqda."
UZ-D05324,UZ,train,RELEVANT,WATER_CRYO,"Шавкат Мирзиёев Орол денгизининг қуриган тубини бориб кўрди «Биз шу мураккаб шароитда экиш бўйича катта тажриба орттирдик. Бу ерга ўзим келишимдан мақсад — энди бу ишларни илмий асосланган тарзда давом эттирамиз», — дейди президент"
UZ-D03743,UZ,train,RELEVANT,POLICY,"O‘zbekiston va Germaniya iqlim o‘zgarishi sohasida yangi mintaqaviy loyihani amalga oshiradi Markaziy Osiyoda iqlim xavflarini boshqarish mintaqaviy loyihasi O‘zbekiston, Qozog‘iston, Tojikiston, Qirg‘iziston va Turkmanistonda amalga oshirilishi rejalashtirilgan"
UZ-D02923,UZ,train,RELEVANT,ENERGY,O‘zbekistonda mayning faoliyatini quyosh energiyasi bilan amalga oshirish belgilandi Maynerlar qonunchilik hujjatlarida nazarda tutilgan hollarda yagona elektr energetika tizimiga ulanishi mumkin
UZ-D02621,UZ,train,RELEVANT,AGRI_LAND,"Рекордный урожай яблока в Узбекистане под угрозой уничтожения из-за климатических изменений Весной текущего года в Узбекистане сформировался очень хороший урожай яблока. Фермеры ожидали хорошего, и возможно даже рекордного урожая осенних сортов яблока в 2022 году, в отличие от прошлого сезона, когда две волны заморозков серьёзно повредили завязь и негативно повлияли на объёмы производства и качество фруктов."
UZ-C01522,UZ,train,RELEVANT,ENERGY,"Chinese company begins construction of solar power plant in Tashkent region In the Buka district of Tashkent region, construction has begun on a solar photovoltaic power plant with a capacity of 263 MW."
UZ-D00535,UZ,train,RELEVANT,SCIENCE_GEN,"Sayyora qizib boryapti, Yevropa muzlayapti. 2024 yilda iqlim bo‘yicha antirekord yangilanadi 2024 yil kuzatuvlar tarixidagi eng issiq yil bo‘ladi va global isish birinchi marta 1,5 graduslik chegarani bosib o‘tadi. 2015 yilgi Parij iqlim konferensiyasida dunyo mamlakatlari ushbu chegarani saqlab qolishgan kelishgandi. Yevropalik olimlarning xulosasiga ko‘ra, yil oxirigacha qolgan uch hafta hech narsani o‘zgartirmaydi."
UZ-D03304,UZ,train,RELEVANT,ENERGY,"На здании Кабинета Министров установлена солнечная фотоэлектрическая станция мощностью 630 кВт Солнечная фотоэлектрическая станция способна вырабатывать более 1,1 млн кВтч электроэнергии в год."
UZ-D03778,UZ,train,RELEVANT,WATER_CRYO,Muzliklar erishi oqibatida to‘rtta davlat aholisi suv ostida qolishi mumkin Britaniyalik olimlar iqlim o‘zgarishi oqibatida 15 million odam suv ostida qolishi mumkinligini aytmoqda
UZ-D01696,UZ,train,RELEVANT,POLICY,2035 yildan boshlab Yevroittifoqdagi barcha yangi avtomobillar iqlimga zarar yetkazmaydigan bo‘ladi Yevropa ittifoqi davlatlari 2035 yildan boshlab yangi avtomobillardan chiqadigan zararli moddalar darajasini nolga tushirishni istamoqda. Yevroparlament esa o‘sha yilga qadar ichki yonuv dvigatelli avtomobillar ishlab chiqarishni butunlay taqiqlamoqchi.
UZ-D05563,UZ,train,RELEVANT,WATER_CRYO,Марказий Осиё мамлакатлари Қирғизистонни Орол денгизини қутқариш бўйича музокаралардаги иштирокини яна йўлга қўйишга кўндирмоқда Қирғизистон Орол денгизини қутқариш бўйича фонд мажлисларидаги иштирокини музлатиб қўйган эди
UZ-D05100,UZ,train,RELEVANT,WATER_CRYO,"Amina Muhammad: Orol dengizidagi iqlim falokati milliy yoki mintaqaviy chegaralardan chiqib ketgan BMT rasmiy saytida tashkilot bosh kotibi birinchi o‘rinbosari Amina Muhammadning iyun oyi birinchi yarmida Markaziy Osiyo mintaqasiga tashrifi yakunlari bo‘yicha tayyorlangan “Markaziy Osiyodagi qiyinchiliklar fonida umid bor” sarlavhali maqolasi e’lon qilindi, deb xabar qilmoqda “Dunyo”."
UZ-C01292,UZ,train,RELEVANT,AGRI_LAND,Ўзбекистонда «Яшил Орол денгизи» ташаббусига старт берилди Ташаббус Орол денгизи ҳудудидаги муаммоларни ҳал этиш бўйича кенг миқёсли дастурларнинг бир қисми ҳисобланади
UZ-D04361,UZ,train,RELEVANT,POLICY,Фижи Республикаси иқлим бўйича Париж келишувини ратификация қилган биринчи давлат бўлди Ҳужжат Фижи парламенти муҳокамасига бош прокурор ва адлия вазири Айёз Сайид-Ҳаюм томонидан киритилган
UZ-C01928,UZ,train,RELEVANT,POLICY,"Шавкат Мирзиёев предложил создать региональные механизмы борьбы с загрязнением и опустыниванием Президент Узбекистана Шавкат Мирзиёев в ходе рабочего визита в Казахстан, выступая на Региональном экологическом саммите в Астане, заявил, что страны Центральной Азии должны объединить усилия перед лицом климатических и экологических вызовов, превращая существующие риски в новые точки роста."
UZ-D02330,UZ,train,RELEVANT,ENERGY,"Ўзбекистонда қуёш энергиясидан фойдаланиш учун рухсатнома шарт эмас, бунинг учун солиқ тўланмайди — Энергетика вазирлиги Агар аҳоли фақат қайта тикланувчи энергиядан фойдаланса, улар мол-мулк ва ер солиғидан уч йил муддатга озод қилинади"
UZ-00041,UZ,train,RELEVANT,HEALTH_SOCIETY,"Global isish nafas olish tizimi salomatligiga salbiy ta’sir ko‘rsatmoqda Olimlar nafaqat havoning tozaligiga, balki uning namligiga ham e’tibor berishga chaqirmoqda. Namlik pasayishi nafas yo‘llarining yallig‘lanishi xavfini oshiradi."
UZ-C02188,UZ,train,NOT_RELEVANT,,"Karakalpakstan to host Aral Sea Eco Race On April 18, the Aral Sea Eco Race will be held in the city of Muynak, designed to encourage the desire to protect the environment and restore the Aral Sea by planting trees to create a park, the Ministry of Ecology, Environmental Protection and Climate Change reported."
UZ-D00471,UZ,train,RELEVANT,DISASTER,Венесуэла қурғоқчилик оқибатларини бартараф этишда халқаро ёрдамга муҳтож эканлиги билдирилди Ёмғирлар танқислиги Венесуэла сув омборларида сув сатҳининг камайиши ва электр энергияси ишлаб чиқариш ҳажмининг пасайишига олиб келган
UZ-D05464,UZ,train,RELEVANT,WATER_CRYO,"Qurg‘oqchilik xavotiri: 2022 yilgi yoz qanday bo‘ladi? - Ekspert bilan suhbat Markaziy Osiyoda asosiy suv zaxirasi qor va muz holida shakllanadi. Qishda qorning yildan yilga kam yog‘ishi esa suv taqchilligiga olib keladi. O‘zbekiston ana shu yangi sharoitlarga moslashishi kerak, deydi suv resurslari bo‘yicha xalqaro ekspert Abror G‘afurov. U bu yil yozdagi suv miqdori bo‘yicha prognozlar haqida ham ma’lumot berdi."
UZ-C02110,UZ,train,RELEVANT,POLICY,"Shell CO2 chiqarishni kamaytirish bo‘yicha sud qarori ustidan kiritgan apellyatsiyani yutib chiqdi Haaga sudiga ko‘ra, mazkur neft va gaz kompaniyasi xalqaro iqlim himoyasiga o‘z hissasini qo‘shishi kerak, ammo u chiqarilayotgan zararli gazni aynan «45 foiz yoki boshqa qanchadir foizga qisqartirishga majbur emas»."
UZ-D04165,UZ,train,RELEVANT,ENERGY,PRC company plans to build 500 MW solar power plant in Fergana Investors also discussed a plan to create a recreation area and the construction of hotels on Lake Kirguli.
UZ-D02056,UZ,train,RELEVANT,AGRI_LAND,«Проблема песчаных и пыльных бурь для Узбекистана актуальна как никогда» — глава Минэкологии Сегодня Центральная Азия и Китай занимают второе место в мире по выбросам пыли в атмосферу.
UZ-C01942,UZ,train,RELEVANT,SCIENCE_GEN,“Shimoliy yarim shardagi gigant sovuq antisiklon sayyora haroratini biroz pasaytira oldi” — iqlimshunos olim Sayyorada o‘rtacha sutkalik havo harorati sanoatgacha bo‘lgan davrga nisbatan 1.5 darajadan pastga “sho‘ng‘igan”
UZ-D00435,UZ,train,RELEVANT,POLICY,"Greenpeace Parijda iqlim sammiti arafasidagi qat’iy xavfsizlik choralarini tanqid qildi “Odamlarni erkinlikdan va asosiy huquqlardan mahrum qilish yo‘li bilan iqlim isishiga qarshi kurashib bo‘lmaydi”, — deyiladi ularning bayonotida"
UZ-D00224,UZ,train,NOT_RELEVANT,,"В Узбекистан приходит стандарт «Leed Gold» «Trilliant» в первые в Узбекистане создаёт экологически чистые здания «Trilliant» первый бизнес-парк класса А+ в Узбекистане, проект по международным стандартам, с системой сертификации экологически чистых зданий, олицетворяет лидерство в области энергетики и экологически чистого дизайна, готовится к получению международного сертификата «Leed Gold»."
UZ-D04113,UZ,train,RELEVANT,WATER_CRYO,"Iqlim o‘zgarishining ayanchli oqibatlari: Aydarko‘l ham quriydimi? So‘nggi yillarda iqlim o‘zgarishlari tabiatga keskin zarar yetkaza boshladi. Cho‘llanish kuchaymoqda, ko‘llar qurimoqda, ayrim joylarda kuchli yog‘ingarchiliklar sodir bo‘lmoqda. Boshqa hududlar yomg‘ir va qor kutib yashamoqda. Bularning barchasi insoniyat uchun muammolar keltirib chiqarmoqda. Jumladan, O‘zbekiston aholisi uchun ham."
UZ-D00407,UZ,train,RELEVANT,SCIENCE_GEN,“Bu keyingi yil uchun yomon” — iqlimshunos fevral oyida havo sovishining oqibatlari haqida Keyingi oyda birdaniga sovuq bo‘lishining xavfli jihatlari aytildi
UZ-D00391,UZ,train,RELEVANT,POLICY,"Табиат ресурслари вазирлиги Экология, атроф-муҳитни муҳофаза қилиш ва иқлим ўзгариши вазирлиги деб қайта номланди Вазирликда алоҳида юридик шахс мақомига эга бўлмаган Давлатекология назорат инспекцияси ташкил этилди"
UZ-D03475,UZ,train,RELEVANT,POLICY,Энди ҳар бир вилоятда Марказий Осиё атроф-муҳит ва иқлим ўзгаришини ўрганиш университети техникуми очилади Президент раислигида “Яшил макон” умуммиллий лойиҳаси доирасида амалга оширилган ишлар натижадорлиги ва келгусидаги устувор вазифалар юзасидан видеоселектор йиғилиши бошланди
UZ-D03377,UZ,train,RELEVANT,POLICY,Zelenskiy Qrim va Donbassni «Yevropa markazidagi ekologik bombalar» deb atadi Ukraina prezidenti Rossiyani iqlim bo‘yicha Parij kelishuvini bajarmaslikda aybladi.
UZ-C01392,UZ,train,RELEVANT,POLICY,"Узбекистан получил 7,5 млн долларов от ВБ за сокращение выбросов Узбекистан стал первой страной мира, получившей выплату от Всемирного банка за достижения результатов в рамках программы, поддерживающей реализацию государственной политики в области снижения выбросов в энергетическом секторе."
UZ-C02217,UZ,train,RELEVANT,SCIENCE_GEN,Олимлар Ерда «иқлим билан боғлиқ тартибсизлик» бўлиши ҳақида огоҳлантирди Арктика ва Антарктикада эриётган музлар об-ҳавода экстремал ўзгаришларни келтириб чиқармоқда
UZ-D02740,UZ,train,NOT_RELEVANT,,Орол денгизининг қуриган тубида «Германия» ва «Япония» номли кемалар пайдо бўлади Мўйноқ марказидаги «Буйний» номли кемани кўпчиликнинг таклифига биноан «Ўзбекистон» деб қайта номлаш режалаштирилган
UZ-C01321,UZ,train,RELEVANT,WATER_CRYO,"“Muzliklarimiz tez erib ketmoqda”. Emomali Rahmon BMT sammitida Tojikistondagi iqlim o‘zgarishi muammolarini sanab o‘tdi “Shu kungacha Tojikistondagi 14 ming muzlikdan mingdan ortig‘i to‘liq erib ketgan”, — dedi Tojikiston rahbari"
UZ-D00642,UZ,train,RELEVANT,ENERGY,"“O‘zbekgidroenergo” AJ Xitoy Xalq Respublikasi Hukumatining granti hisobiga shamol elektr stansiyasini quradi “Daryo” internet-nashrining (O‘zbekiston matbuot va axborot agentligi (O‘zMAA, hozirgi O‘zbekiston Respublikasi Prezidenti Administratsiyasi huzuridagi Axborot va ommaviy kommunikatsiyalar agentligi) tomonidan 13.03.2015 yil sanasida 0944-sonli guvohnoma bilan ommaviy axborot vositasi sifatida ro‘yxatga olingan. Matnli materiallarni to‘liq ko‘chirish yoki qisman iqtibos keltirishga, shuningdek, fotografik, grafik, audio va/yoki videomateriallaridan foydalanishga “daryo.uz” saytiga giperhavola mavjud bo‘lgan va/yoki “Daryo” internet-nashrining muallifligini ko‘rsatuvchi yozuv ilova qilingan taqdirda yo‘l qo‘yiladi."
UZ-D02321,UZ,train,RELEVANT,POLICY,O‘zbekiston 2035 yilga qadar zararli gazlar emissiyasini 50 foizga qisqartirish majburiyatini oldi Prezident Shavkat Mirziyoyev yaqinda Braziliyada o‘tgan COP-30 iqlim konferensiyasida O‘zbekistonning Parij bitimi doirasidagi yangi majburiyatlarini e’lon qilganini eslab o‘tdi.
UZ-D05079,UZ,train,RELEVANT,AGRI_LAND,2019 йил Орол денгизидаги кўкаламзорлаштириш ишларига 100 млрд сўм ажратилади Ҳозирда қуриб қолган денгиз ўрнида Оролқум чўли пайдо бўлган
UZ-C01702,UZ,train,RELEVANT,WATER_CRYO,Олимлар ярим асрлик плёнкадаги тасвирлар орқали Антарктидадаги музликлар эриш тезлигини ҳисоблади Ушбу маълумотлар асосида ҳатто ўтмишда Антарктидада отилган вулқонлардан қолган кул қатламлари ва шелф остида яширинган сув сизиб чиқадиган жойларни ҳам топишган
UZ-D02201,UZ,train,RELEVANT,AGRI_LAND,"Орол денгизининг қуриган тубига янги турдаги ўсимлик экилмоқда Ушбу ўсимлик тузли шамолларнинг олдини олади, унинг поясидан қурилиш, тўқимачиликда фойдаланилади"
UZ-D01753,UZ,train,RELEVANT,ENERGY,Shavkat Mirziyoyev signs law on the use of renewable energy sources President of Uzbekistan Shavkat Mirziyoyev signed a law on the use of renewable energy sources (RES).
UZ-D00364,UZ,train,RELEVANT,SCIENCE_GEN,"“Ҳаво ҳарорати энг иссиқ даврга кириб боряпмиз” — иқлимшунос Ўзбекистон ва дунёдаги иқлим ўзгариши ҳақида “2050 йилга бориб Тошкент шаҳрида 50 даражагача иссиқ кузатилади”, — дейди Эркин Абдулаҳатов"
UZ-D04622,UZ,train,RELEVANT,ENERGY,Chinese Tongwei Solar to supply 300 MW photo panels to Uzbekistan The modules are planned to be installed on the roofs of buildings of social facilities and government agencies.
UZ-C01103,UZ,train,RELEVANT,WATER_CRYO,Тожикистонда музликлар эриши тезлашди. Бу музликлар деярли бутун Марказий Осиёни чучук сув билан таъминлайди Тожикистон Атроф-муҳит қўмитаси музликлар эришининг асосий сабабини маълум қилди
UZ-D04500,UZ,train,RELEVANT,ENERGY,Japanese Hanwa to install solar panels in Uzbekistan The company received $200 thousand subsidies for the introduction of alternative energy in the country.
UZ-C00382,UZ,train,RELEVANT,ENERGY,"Шамолми, атомми? Яна АЭСлар ва экологик энергия ҳақида Нега Қуёш ёки шамол эмас, атом станцияси? «Дарё» колумнисти бу борада ўз мулоҳазаларини ўртоқлашади"
UZ-D03194,UZ,train,RELEVANT,WATER_CRYO,«Insoniyat uchun dahshatli saboq» – rossiyalik jurnalistlar Orol dengizi haqida lavha tayyorlashdi 7-8 may kunlari Orol dengizini qutqarish xalqaro fondi ijroiya qo‘mitasi ushbu suv havzasi bilan chegaradosh mamlakatlarga yordam berish dasturini muhokama qiladi.
UZ-D01584,UZ,train,NOT_RELEVANT,,Олимлар Антарктика музликлари остидаги Мерсер кўлигача етиб борди Майдони 140 квадрат километр бўлган муз ости кўлининг тадқиқ этилиши Ернинг номаълум экотизимларини ўрганиш имконини беради
UZ-D04809,UZ,train,RELEVANT,WATER_CRYO,"Гренландия музликлари эриши натижасида Дунё океани сатҳи 5 метрга кўтарилди Агар оролнинг мавжуд музликларининг барчаси эритилса, Дунё океани сатҳи яна 7,5 метрга кўтарилади"
UZ-C01283,UZ,train,RELEVANT,POLICY,Endi har bir viloyatda Markaziy Osiyo atrof-muhit va iqlim o‘zgarishini o‘rganish universiteti texnikumi ochiladi Prezident raisligida “Yashil makon” umummilliy loyihasi doirasida amalga oshirilgan ishlar natijadorligi va kelgusidagi ustuvor vazifalar yuzasidan videoselektor yig‘ilishi boshlandi
UZ-D02651,UZ,train,RELEVANT,DISASTER,Сувсиз ҳаёт: Бразилиядаги қурғоқчилик асоратлари (фото) Бразилиянинг шимоли-шарқий қисмида яшовчи аҳоли сўнгги 30 йилдаги энг кучли қурғоқчиликдан қийналмоқда
UZ-C02025,UZ,train,RELEVANT,POLICY,"O‘zbekiston iqlim o‘zgarishiga qarshi kurashish uchun 2060-yilgacha 400 mlrd dollar ajratishi kerak bo‘ladi Mamlakat suv resurslarini oqilona boshqarish bo‘yicha muammolarga duch kelmoqda, ayni paytda Afg‘onistonda Qo‘shtepa kanali qurilishi mintaqaning biologik xavfsizligiga tahdid solmoqda. Jahon banki ma’lumotlariga ko‘ra, 2060-yilgacha O‘zbekistonga iqlim o‘zgarishi oqibatlariga qarshi kurashish uchun 60 milliard dollar, energetika infratuzilmasini modernizatsiya qilish uchun esa 340 milliard dollar kerak bo‘ladi"
UZ-D01552,UZ,train,RELEVANT,WATER_CRYO,Ўзбекистонда йилига 1 млрд куб метр сел сувлари беҳуда оқиб кетмоқда Уларни кичик манбаларда жамғариш лойиҳалари учун 100 млн доллар жалб қилинади
UZ-D00688,UZ,train,RELEVANT,POLICY,"Iqlim o‘zgarishiga qarshi kurashish uchun dunyoga 1 trln dollar kerak bo‘ladi — BMT Ta’kidlanishicha, yer yuzi aholisining yarmidan ko‘pi iqlim o‘zgarishi xavfini umuman sezmaydi"
UZ-C01435,UZ,train,RELEVANT,POLICY,"Мировой опыт адаптации к изменению климата и управления водными ресурсами В Узбекистане реализуются последовательные реформы в сфере адаптации к изменению климата, эффективного использования водных ресурсов, совершенствования системы управления и модернизации водного хозяйства."
UZ-C00852,UZ,train,RELEVANT,ENERGY,Energy Ministry addresses surge in public complaints over mandatory solar panel installations Uzbekistan’s Ministry of Energy has increased the number of phone lines dedicated to handling public inquiries about solar panel installations. The move comes after an overwhelming number of unanswered calls to the Ministry’s hotline.
UZ-D00267,UZ,train,RELEVANT,POLICY,"YeI 2040 yilga borib CO2 tashlamalarini 90 foizga qisqartiradi Yevropa Komissiyasi 2040 yilga borib Yevropada parnik gazlar tashlamalarini 1990 yilga nisbatan 90 foizga kamaytirish niyatida. Reja, shuningdek, uchinchi mamlakatlarda tashlamalarni kamaytirishni hisobga olish uchun moslashuvchanlik qoidalarini o‘z ichiga oladi."
UZ-D01717,UZ,train,NOT_RELEVANT,,При назначении нового хокима области там будет проведен экологический аудит – президент В Узбекистане к 2030 году необходимо полностью перевести обрабатываемые площади на водосберегающие технологии. Об этом сообщил кандидат в президенты Шавкат Мирзиёев.
UZ-C01455,UZ,train,RELEVANT,DISASTER,Yevropada qurg‘oqchilik: Ispaniya fermerlari 1 mlrd yevro yo‘qotishi kutilmoqda Mintaqa qurg‘oqchilikdan aziyat chekmoqda va hosil past bo‘lishi kutilyapti
UZ-C01340,UZ,train,RELEVANT,DISASTER,Аномал иссиқ Исроилга ҳам етиб борди: мамлакатда ҳам иссиқ иқлим ёнғинларни келтириб чиқарди (видео) Ўрмон ёнғинлари туфайли Қуддус ва Тель-Авивни ўзаро боғлаб турувчи автомобиль йўли вақтинча ёпиб қўйилган
UZ-C01562,UZ,train,RELEVANT,HEALTH_SOCIETY,"Markaziy Osiyoda qariyb 2,5 mln odam iqlim muhojiriga aylanishi mumkin Butun dunyoda esa iqlim o‘zgarishi tufayli 216 million kishi o‘zi yashayotgan mamlakat ichidagi boshqa hududlarga ko‘chishga majbur bo‘lishi mumkin"
UZ-C01716,UZ,train,RELEVANT,ENERGY,АҚШ бензинда юрадиган автомобиллар учун зарарли чиқинди газлар бўйича стандартларни қатъийлаштирди Шу йўл билан Америка расмийлари аҳолини электр ва гибрид автомобилларга ўтишини рағбатлантиришга умид қилмоқда
UZ-D01321,UZ,train,RELEVANT,HEALTH_SOCIETY,"Greta Tunberg va yuzlab ekofaollar Shvetsiyani iqlim bo‘yicha siyosati tufayli sudga berdi Da’voda aytilishicha, Shvetsiyaning iqlim bo‘yicha siyosati uning konstitutsiyasiga, shuningdek, Inson huquqlari bo‘yicha Yevropa konvensiyasiga ziddir"
UZ-D04124,UZ,train,RELEVANT,SCIENCE_GEN,"O‘zbekistonda 2025-yilning oktyabri qurg‘oqchil bo‘ldi Tahlillarga ko‘ra, joriy yil oktyabri boshqa yillardagi oktyabr oyiga nisbatan eng issiq oylardan biri bo‘ldi. Yomg‘ir odatdagidan ancha kam bo‘ldi."
UZ-D02888,UZ,train,RELEVANT,ENERGY,SOLAR NATURE kompaniyasi – quyosh elektr stansiyalarini qurish bilan bog‘liq yechimlarni taqdim etadi! Bugun butun respublika bo‘ylab elektr energiyasi tanqisligi yuzaga kelgani sir emas. Bu esa boshqa muqobil energiya turlaridan foydalanishga olib keladi. Quyosh elektr stansiyalarini ishlab chiqarish va o‘rnatish bilan shug‘ullanuvchi SOLAR NATURE kompaniyasi rahbari Farrux Asralxo‘jayev shu haqda gapirib berdi.
UZ-D03546,UZ,train,RELEVANT,AGRI_LAND,"Орол денгизининг 363 минг гектар қуриган майдонига саксовул экилди Яна 917,2 минг гектар ер экишга тайёрланган"
UZ-D01571,UZ,train,RELEVANT,ENERGY,"Япония планируетреализовать проект по установке экономичных генераторов и солнечных батарей в Узбекистане В посольстве Узбекистана в Токио состоялась встреча с Дайгоро Фукудзава, менеджером японской компании Hanwa Co., Ltd."
UZ-D04491,UZ,train,RELEVANT,WATER_CRYO,"So‘nggi 37 yil ichida Alyaska muzliklarining 68 foizi qisqargan Bu nafaqat havo haroratining oshishi, balki qishki yomg‘irning ko‘payishi bilan ham bog‘liq"
UZ-D05418,UZ,train,RELEVANT,WATER_CRYO,"Al Jazeera produces a short documentary about the Aral Sea, says Uzbekistan and UN are trying to bring the region back to life Al Jazeera news organization has produced a short documentary on the Aral Sea, which speaks about “one of the world’s largest man-made environmental disasters”."
UZ-C00430,UZ,train,RELEVANT,WATER_CRYO,Qirg‘izistonda fermerlar suv tanqisligi tufayli namoyishga chiqdi. Qurg‘oqchilik O‘zbekiston va Qozog‘istonga suv berilayotgani bilan bog‘lanmoqda Namoyishda 300 dan ortiq qishloq aholisi qatnashgan
UZ-D04280,UZ,train,RELEVANT,POLICY,Jon Kerri iqlim bo‘yicha Parij kelishuvini nabirasi Izabel bilan birga imzoladi Parijdagi iqlim bo‘yicha anjumanda qabul qilingan kelishuv bugungi kungacha 175 mamlakat tomonidan imzolandi
UZ-D05600,UZ,train,RELEVANT,ENERGY,"Uzbekistan to boost green energy capacity, reducing emissions by 21 million tons annually The Ministry of Energy of Uzbekistan has announced ambitious plans to enhance the capacity of ""green"" power stations in the country, aiming to increase output by over 20 gigawatts in the next six years. This initiative is projected to generate 50 billion kilowatt-hours of electricity, leading to significant natural gas savings of nearly 15 billion cubic meters annually."
UZ-C00939,UZ,train,RELEVANT,ENERGY,Европада водородли автомобиллар оммалашмоқда. Экологик тоза ёқилғи ҳақида нималарни биламиз? Mercedes келгуси беш йил ичида водород технологияларини ишлаб чиқариш учун 20 миллиард евро миқдорида маблағ ажратган
UZ-D00475,UZ,train,RELEVANT,SCIENCE_GEN,Iqlim o‘zgarishining ayanchli oqibatlarini o‘zida mujassam etgan suratlar Iqlim tufayli tabiat mislsiz o‘zgarishlarga duch kelmoqda
UZ-C00980,UZ,train,RELEVANT,DISASTER,"Moskva va Sankt-Peterburgda jazirama, Kanadada harorat deyarli +50, Kuvaytda esa taxminan +70. Nimalar bo‘lyapti? Endi doim shunday bo‘ladimi? Rossiyalik iqlimshunos ushbu savollarga javob berdi Iqlimshunosning ta’kidlashicha, buyog‘iga kuchsiz sovish davri boshlanadi"
UZ-C01127,UZ,train,RELEVANT,AGRI_LAND,“Har yili ikkita Toshkent maydoniga teng hudud cho‘llashmoqda” — iqlimshunos O‘zbekistonda ekologik xavf ortib borayotganidan ogohlantirdi “Chang ko‘tarilishi va qurg‘oqchilik yuzaga kelishi 2000-yillarda boshlangan” — deydi Erkin Abdulahatov
UZ-D04787,UZ,train,RELEVANT,WATER_CRYO,Saida Mirziyoyeva BMTda Orol dengizi fojiasining oqibatlari haqida nutq so‘zladi U xalqaro hamjamiyatni global suv masalalarida O‘zbekistonning saʼy-harakatlarini qo‘llab-quvvatlashni davom ettirishga chaqirgan
UZ-D02665,UZ,train,RELEVANT,DISASTER,"Yevropaga oxirgi 500 yillikdagi eng yomon qurg‘oqchilik xavf solmoqda Yevropa qurg‘oqchilik observatoriyasining avgustdagi hisobotiga ko‘ra, qit’aning 47 foizi tuproq namligi tanqisligi bilan ogohlantirish, 17 foiz hududi esa favqulodda holatga tushib qolgan."
UZ-D03110,UZ,train,RELEVANT,WATER_CRYO,"2023 yilgi qurg‘oqchilik dunyo daryolarining 50 foizini sayozlashtirdi Shuningdek, yuqori harorat muzliklarning so‘nggi 50 yildagi eng ko‘p erishini ham keltirib chiqardi."
UZ-D00587,UZ,train,RELEVANT,ENERGY,"“Ўзбекгидроэнерго” АЖ Хитой Халқ Республикаси Ҳукуматининг гранти ҳисобига шамол электр станциясини қуради “Дарё” интернет-нашрининг (Ўзбекистон матбуот ва ахборот агентлиги (ЎзМАА, ҳозирги Ўзбекистон Республикаси Президенти Администрацияси ҳузуридаги Ахборот ва оммавий коммуникациялар агентлиги) томонидан 13.03.2015 йил санада 0944-сонли гувоҳнома билан оммавий ахборот воситаси сифатида рўйхатга олинган. Матнли материалларни тўлиқ кўчириш ёки қисман иқтибос келтиришга, шунингдек, фотографик, график, аудио ва/ёки видеоматериалларидан фойдаланишга “daryo.uz” сайтига гиперхавола мавжуд бўлган ва/ёки “Дарё” интернет-нашрининг муаллифлигини кўрсатувчи ёзув илова қилинган тақдирда йўл қўйилади."
UZ-C00975,UZ,train,RELEVANT,ENERGY,O‘zbekiston 2050-yilgacha uglerod-neytral energetikaga o‘tishni rejalashtiryapti Bu borada “yo‘l xaritasi”ni ishlab chiqish uchun xalqaro ekspertlar konsorsiumi jalb etilgan
UZ-D04352,UZ,train,NOT_RELEVANT,,"В трастовом фонде при ООН утвердили финансирование проектов в Приаралье на $6 млн Руководящий комитет многопартнерского трастового фонда по человеческой безопасности для региона Приаралья (МПТФЧБ), созданного под эгидой ООН, в рамках второго приема заявок утвердил финансирование 3 проектов на общую сумму более 6 млн долларов США по направлениям «Молодежь, инновации и здравоохранение»."
UZ-D05127,UZ,train,RELEVANT,SCIENCE_GEN,Ilk bor beshta global xavfning barchasi ekologiya bilan bog‘landi Ilk bor keyingi 10 yillik uchun beshta asosiy global xavfning barchasi ekologik omillar bilan bog‘landi. Bu haqda Butunjahon iqtisodiy forumining “Global xavflar” hisobotida aytilgan. Hisobot Marsh & McLennan va Zurich Insurance Group kompaniyalarining hamkorligida tuzilgan.
UZ-D02951,UZ,train,RELEVANT,ENERGY,"Masdar secures $159 million for solar power plant construction in Bukhara region The 250 MW power plant and storage project is financed by IFC, ADB, the Netherlands, and Japan."
UZ-D04770,UZ,train,RELEVANT,ENERGY,Ўзбекистоннинг қуёш энергияси салоҳияти йилига 51 млрд тонна нефть эквивалентига тенг Соф энергия олиш учун 11 миллион гектардан ортиқ ердан фойдаланиш мумкин
UZ-00007,UZ,train,RELEVANT,POLICY,"AQSh rasman Parij iqlim kelishuvidan chiqdi AQSh chiqib ketgandan so‘ng, mamlakat endi kelishuvni, jumladan, issiqxona gazlari chiqindilarini kamaytirish va xalqaro iqlim uchrashuvlarida ishtirok etish majburiyatlarini bajarmaydi."
UZ-C01251,UZ,train,RELEVANT,DISASTER,"Австралияда бошланган ёмғирлар ўрмон ёнғинларини ўчирмоқда, бироқ энди қитъада янги хавф пайдо бўлган бу – сел ва тошқинлар (видео) Олимларни ёнғинлар оқибатида 13 камёб ҳайвонлар турининг йўқ бўлиш хавфи ташвишга солмоқда"
UZ-D03770,UZ,train,RELEVANT,WATER_CRYO,"Qurg‘oqchilikka qarshi kurashishning yangi usuli topildi Dubaydagi suv fermasida yiliga 1,5 million litrga yaqin suv olinadi."
UZ-00290,UZ,train,RELEVANT,SCIENCE_GEN,"Yaqin 75 yil ichida dengiz sathi uch metrga ko‘tarilishi mumkin - olimlar Mazkur holat Daniya uchun jiddiy tahdid tug‘diradi, chunki uning qirg‘oq hududlarini katta qismi dengiz sathiga nisbatan past joylashgan."
UZ-D00027,UZ,train,RELEVANT,WATER_CRYO,Baykal ko‘li Orol dengizi kabi yo‘qolib ketishi mumkin Selenga daryosi va uning irmoqlarida uchta gidroelektr stansiyasi qurilishi Baykal ko‘lining qurishiga olib kelishi mumkin
UZ-D04260,UZ,train,RELEVANT,WATER_CRYO,"«Музликларимиз тез эриб кетмоқда». Эмомали Раҳмон БМТ саммитида Тожикистондаги иқлим ўзгариши муаммоларини санаб ўтди «Шу кунгача Тожикистондаги 14 минг музликдан мингдан ортиғи тўлиқ эриб кетган», — деди Тожикистон раҳбари"
UZ-D01693,UZ,train,RELEVANT,HEALTH_SOCIETY,Guardian иқлим билан боғлиқ фавқулодда ҳолат туфайли нефть компанияларини реклама қилишдан бош тортди Guardian Media Group даромадининг 40 фоизи реклама ортидан келади
UZ-C02229,UZ,train,RELEVANT,SCIENCE_GEN,"Iqlim o‘zgarishi Afrikadagi qariyb 120 mln kishiga xavf tug‘dirmoqda Xalqaro meteorologiya tashkilotiga ko‘ra, Sahroi Kabirdan janubda joylashgan Afrika davlatlari keyingi o‘n yillikda iqlimga moslashish uchun yiliga 30-50 milliard dollar yoki YaIMning 2-3 foizini sarflaydi."
UZ-D04557,UZ,train,RELEVANT,ENERGY,"«Общественная поддержка дает нам силы» – министр заявил, что предложения по экологии теперь принимаются быстро Министр экологии Азиз Абдухакимов сказал, что переход на уголь был вынужденным из-за ситуации в январе 2023 года, но как министр отрасли он обязан потребовать запрета на уголь и мазут."
UZ-C01197,UZ,train,RELEVANT,ENERGY,President launches construction of 500 MW solar power plant in Fergana region Shavkat Mirziyoyev participated in the ceremony marking the start of several industrial and energy projects in the Fergana region.
UZ-C00080,UZ,train,RELEVANT,ENERGY,"BMT Taraqqiyot dasturi va Global ekologiya jamg‘armasi Toshkentda elektrobuslar sotib olishga 3,9 mln dollar ajratadi Pilot loyiha shaharda “yashil transport yo‘lagini” joriy etishni nazarda tutadi"
UZ-D01075,UZ,train,RELEVANT,HEALTH_SOCIETY,2050 yilgacha Markaziy Osiyoda 5 million iqlim muhojiri paydo bo‘ladi Iqlim o‘zgarishlari sabab Yer yuzi mintaqalarida paydo bo‘ladigan iqlim muhojirlari haqida Jahon banki hisob-kitoblari haqida ma’lumot berildi.
UZ-D03129,UZ,train,RELEVANT,DISASTER,"Farmers in Kushkupir district suffer from drought Residents and farmers in the Kushkupir district, Katagan village, have complained that the water problem has not been resolved for several years. Agricultural lands, fish ponds, people’s backyards have dried up from drought."
UZ-D04189,UZ,train,RELEVANT,POLICY,"Жорж Сорос авторитар ҳукуматлар ва иқлим ўзгаришларига қарши кураш учун 1 млрд доллар ажратади 80 ёшли миллиардерга кўра, айнан шу икки муаммо цивилизациянинг омон қолишига таҳдид туғдиради"
UZ-D00561,UZ,train,RELEVANT,ENERGY,"Gov’t mandates solar panels and energy-efficient heating in new buildings Starting from June 1, 2025, Uzbekistan will introduce new heating supply requirements. All new and renovated buildings will be required to install solar panels, water heaters, and heat pumps. Additionally, centralized heating systems will transition to a closed-loop system."
UZ-D02483,UZ,train,RELEVANT,ENERGY,"В Ташкенте стартовала выставка возобновляемой энергетики С 28 по 29 июля в Ташкенте проходит выставка, цель которой является популяризация развития возобновляемых источников энергии и доведения до широкой публики продукции местных производственных предприятий."
UZ-C00487,UZ,train,RELEVANT,POLICY,Тўқаев: “Қозоғистон 2060 йилгача углерод нейтраллигига эришишни мақсад қилган” У МО давлатлари раҳбарларини муқобил энергия манбаларига ўтиш бўйича биргаликдаги саъй-ҳаракатларни фаоллаштиришга чақирди
UZ-C00562,UZ,train,RELEVANT,WATER_CRYO,"Тревожный прогноз: через 15 лет ситуация с ледниками в регионе достигнет критической точки К 2040 году ледники Центральной Азии начнут стремительно таять, предупреждают учёные. Эти прогнозы прозвучали 16–17 сентября на научной конференции «Инновационные методы мониторинга горных ледников в условиях изменения климата и актуальные проблемы гляциологии»."
UZ-D01134,UZ,train,RELEVANT,AGRI_LAND,"Ekologiyani tiklash kerak: Paynet AJ Birlashgan Millatlar Tashkiloti Taraqqiyot dasturi (UNDP) bilan birgalikda Orol dengizi tubini ko‘kalamzorlashtirish dasturidagi ishtiroki haqida “Daryo” internet-nashrining (O‘zbekiston matbuot va axborot agentligi (O‘zMAA, hozirgi O‘zbekiston Respublikasi Prezidenti Administratsiyasi huzuridagi Axborot va ommaviy kommunikatsiyalar agentligi) tomonidan 13.03.2015 yil sanasida 0944-sonli guvohnoma bilan ommaviy axborot vositasi sifatida ro‘yxatga olingan. Matnli materiallarni to‘liq ko‘chirish yoki qisman iqtibos keltirishga, shuningdek, fotografik, grafik, audio va/yoki videomateriallaridan foydalanishga “daryo.uz” saytiga giperhavola mavjud bo‘lgan va/yoki “Daryo” internet-nashrining muallifligini ko‘rsatuvchi yozuv ilova qilingan taqdirda yo‘l qo‘yiladi."
UZ-D03790,UZ,train,RELEVANT,ENERGY,"Energetika vazirligi quyosh energiyasidan shaxsiy manfaatlarda foydalanish uchun shartnoma tuzish talab etilmasligini bildirdi Agar aholi faqat qayta tiklanuvchi energiyadan foydalangan holda, ya'ni mavjud energiya tarmoqlaridan to‘liq uzilgan taqdirda, ularga jismoniy shaxslarning mol-mulk solig‘idan va yer solig‘idan uch yil muddatga ozod qilinadi."
UZ-D01795,UZ,train,RELEVANT,SCIENCE_GEN,"Ўзбекистонда энди қор ёғмаслиги, қурғоқчилик авж олиши, иқлим мигрантлари кўпайиши ростми? Иқлимшунос билан суҳбат «Охирги пайтларда исиш жараёни бутун дунёда тезлашиб бормоқда», — дейди Эркин Абдулаҳатов"
UZ-D03574,UZ,train,RELEVANT,POLICY,Узбекистан выступил с национальным заявлением на климатическом саммите ООН в Глазго 9 ноября в рамках участия в 26-ой сессии Конференции стран-участниц рамочной Конвенции ООН об изменении климата в Глазго заместитель премьер-министра Республики Узбекистан А.Абдухакимов озвучил национальное заявление от имени нашей стране.
UZ-D02787,UZ,train,RELEVANT,HEALTH_SOCIETY,"БМТ Тараққиёт дастури Фарғона водийсида иқлим ўзгариши бўйича тадқиқот ўтказди Сўровномада иштирок этган 92 фоиз респондент иқлим ўзгариши инсон саломатлигига, айниқса, аёллар турмуш даражасига салбий таъсир кўрсатишини айтиб ўтган"
UZ-D02247,UZ,train,RELEVANT,WATER_CRYO,"Нукус педагогика институти Орол денгизига экспецияларда Россия фанлар академияси билан ҳамкорлик қилади Экспециялага институтнинг профессор-ўқитувчиларини ва ёш илмий тадқиқотчиларини жалб қилиш ҳамда илмий монографиялар, ўқув қўлланмаларини ёзиш бўйича икки томонлама ҳамкорлик шартномаси имзоланди"
UZ-D00662,UZ,train,NOT_RELEVANT,,"Elektromobillar, gibrid dvigatelli va ekologik yaxshilangan avtomobillar: O‘zbekistonda transport sohasida jiddiy o‘zgarishlar kutilyapti O‘zbekistonda ekologik jihatdan yaxshilangan motor yoqilg‘isi va avtomobillar ishlab chiqarish va ulardan foydalanish kengaytiriladi."
UZ-C01793,UZ,train,RELEVANT,WATER_CRYO,"Aral Sea tragedy: Causes, impacts, and possible solutions The Aral Sea, once the fourth-largest inland body of water in the world, has become one of the most striking examples of ecological devastation. Straddling the border between Kazakhstan and Uzbekistan, the sea has suffered severe depletion over the past six decades, leading to profound environmental,"
UZ-C02037,UZ,train,RELEVANT,WATER_CRYO,"Glacier meltdown threatens Central Asia’s water and energy security By 2050, Central Asia may lose one-third of its glaciers, posing significant risks to the region's water, food, and energy security. This stark warning was voiced by Bahodir Sheralizoda, Chairman of Tajikistan’s Environmental Protection Committee, during a climate panel at COP29."
UZ-D03692,UZ,train,RELEVANT,POLICY,"«O‘zgidromet» iqlim o‘zgarishining salbiy oqibatlarini kamaytirish maqsadida 2,4 mlrd so‘m ajratdi 2021 yilda iqlim o‘zgarishining salbiy ta’sirini kamaytirish va uning oqibatlarini yumshatishga yo‘naltirilgan Gidrometeorologiya ilmiy-tadqiqot instituti tomonidan 2,4 mlrd so‘m bo‘lgan 3 ta loyiha moliyalashtirildi. Bu haqda AOKAda ""O‘zgidromet"" mutasaddilari ma’lum qildi."
UZ-C01106,UZ,train,RELEVANT,SCIENCE_GEN,"Messenjerlardagi “Rahmat”, “Ok” kabi keraksiz xabarlar ekologiyaga zarar yetkazishi ma’lum qilindi Xabarlar jo‘natish jarayonida ularni yetkazib beruvchi serverlar ishlaydi va ular uglerod oksidi gazlarini ishlab chiqaradi"
UZ-C01781,UZ,train,RELEVANT,WATER_CRYO,"BMTTD Farg‘ona vodiysida iqlimga chidamli suv resurslarini boshqarish bo‘yicha bir qator seminarlar o‘tkazmoqda Unda 40 nafar davlat mutasaddilari, havza tashkilotlari, mahalliy va milliy suv mutaxassislari va ekspertlari bilan birgalikda Farg‘ona vodiysidagi 3 ta pilot (milliy) daryo havzasi tanlab olindi"
UZ-C01083,UZ,train,RELEVANT,AGRI_LAND,"Yevropa Ittifoqi O‘zbekistonning qishloq xo‘jaligi va oziq-ovqat sohasida iqlim o‘zgarishi oqibatlarini yumshatish va unga moslashishini qanday qo‘llab-quvvatlamoqda “Daryo” internet-nashrining (O‘zbekiston matbuot va axborot agentligi (O‘zMAA, hozirgi O‘zbekiston Respublikasi Prezidenti Administratsiyasi huzuridagi Axborot va ommaviy kommunikatsiyalar agentligi) tomonidan 13.03.2015 yil sanasida 0944-sonli guvohnoma bilan ommaviy axborot vositasi sifatida ro‘yxatga olingan. Matnli materiallarni to‘liq ko‘chirish yoki qisman iqtibos keltirishga, shuningdek, fotografik, grafik, audio va/yoki videomateriallaridan foydalanishga “daryo.uz” saytiga giperhavola mavjud bo‘lgan va/yoki “Daryo” internet-nashrining muallifligini ko‘rsatuvchi yozuv ilova qilingan taqdirda yo‘l qo‘yiladi."
UZ-D04337,UZ,train,RELEVANT,SCIENCE_GEN,Байден иқлим ўзгаришини ядро урушидан ҳам хавфлироқ деб атади У глобал исиш инсониятнинг мавжудлиги учун шу пайтгача дуч келинган энг жиддий таҳдид эканини қайд этди
UZ-D01819,UZ,train,NOT_RELEVANT,,"Рахмона избрали президентом Международного фонда спасения Арала Президента Таджикистана Эмомали Рахмона на три года назначили президентом международного фонда спасения Арала (МФСА), сообщает пресс-служба главы государства."
UZ-D01538,UZ,train,NOT_RELEVANT,,O‘zbekistonlik yosh olimlar Orol dengizi bo‘yida tadqiqotlar olib bormoqda Orol ekspeditsiyasi O‘zbekiston Yoshlar ittifoqi tomonidan tashkil etilgan
UZ-D04359,UZ,train,RELEVANT,WATER_CRYO,NASA Антарктидадаги музликларнинг эриш жараёни акс этган харитани чоп этди Музликларнинг қитъанинг эриши Уэддел денгизи ҳамда Росса денгизи қирғоқларида кузатилмоқда
UZ-D03452,UZ,train,RELEVANT,WATER_CRYO,Orol dengizi sathi yarim metrga ko‘tarilgani aytildi Qozog‘istondagi Shimoliy Orol dengiziga quyilayotgan suv hajmi oshdi.
UZ-D04261,UZ,train,RELEVANT,HEALTH_SOCIETY,"Стало известно, какой регион в Узбекистане станет возможной зоной притока «климатических» мигрантов К 2050 году в Восточной Европе и Центральной Азии может появиться до 5,1 миллиона «климатических» мигрантов или 2,3 процента от общей прогнозируемой численности населения в верхней части пессимистического базового сценария. Из них до 2,4 миллиона «климатических» мигрантов будут жить в Центральной Азии."
UZ-D00328,UZ,train,RELEVANT,POLICY,Туркия иқлим бўйича Париж битимини ратификация қилди Қонун лойиҳаси Туркия парламентидаги барча сиёсий партиялар томонидан бир овоздан қўллаб-қувватланган
UZ-C00941,UZ,train,RELEVANT,HEALTH_SOCIETY,Бутун дунё ёшлари иқлим ўзгариши сабаб инсоният келажагини пессимистик баҳолади Ёшлар ўз ҳукуматлари ушбу муаммони ҳал этиш учун етарлича чора кўрмаяпти деб ҳисобламоқда
UZ-D05308,UZ,train,RELEVANT,WATER_CRYO,"Узбекистан поддерживает инициативу Туркменистана принять спецпрограмму ООН для бассейна Аральского моря Посол Узбекистана Акмалжон Кучкаров выступил на брифинге в МИД Туркменистана, посвященном принятию 28 мая резолюции Генеральной Ассамблеи ООН о сотрудничестве между Международным фондом спасения Арала и ООН, сообщает пресс-служба МИД республики."
UZ-D00548,UZ,train,RELEVANT,ENERGY,Info about payment for electricity from “home” solar panels provided Electricity suppliers will be able to sell it directly through their own grids.
UZ-D01476,UZ,train,RELEVANT,DISASTER,"Италияда музлик синиб тушиши оқибатида 6 киши ҳалок бўлди (видео) Музлик чўққиси Мармолададан синиб тушиб, қор ва тош аралаш кўчки билан бирга тепага чиқаётган сайёҳлар устига қулади"
UZ-D05192,UZ,train,NOT_RELEVANT,,"Развитие Приаралья может осуществляться совместно с фондами Билла Гейтса и Coca-Cola 24 июля Министерство иностранных дел отчиталось перед комитетом Сената Олий Мажлиса Республики Узбекистан по вопросам международных отношений, внешнеэкономических связей, иностранных инвестиций и туризма о проделанной работе за первое полугодие 2019 года. На мероприятии, в том числе, говорилось о развитии территории Приаралья."
UZ-00072,UZ,train,RELEVANT,WATER_CRYO,Xarita: suv tanqisligi eng yuqori bo‘lgan davlatlar Dunyoning qator hududlarida suv iste’moli allaqachon tabiat qayta to‘ldirishga qodir bo‘lgan hajmdan ancha oshib ketgan.
UZ-D04450,UZ,train,RELEVANT,ENERGY,"Uzbekistan nears 30% renewable power capacity, targets over 50% by 2030 A delegation of Uzbekistan showcased the country's progress in fulfilling national climate commitments, expanding renewable energy infrastructure, and cutting greenhouse gas emissions during an international summit in Germany. The presentation took place at the third session of the Working Group on the Multilateral Assessment process held in Bonn."
UZ-D01596,UZ,train,RELEVANT,WATER_CRYO,Орол денгизи сатҳи қарийб ярим метрга кўтарилди Сув сатҳи Шимолий Орол — Қозоғистон ҳудудида жойлашган қисмида кўтарилган
UZ-D01163,UZ,train,RELEVANT,ENERGY,"O‘zbekistonda kichik quyosh energetikasini rivojlantirishning yangi bosqichi O‘zbekiston Respublikasi Prezidentining 2023 yil 16 fevraldagi PP-57-son qarori bilan kichik quvvatli qayta tiklanuvchi energetika rivojlanishiga katta rag‘bat berildi, xususan, ijtimoiy soha va davlat tashkilotlarida kichik quvvatli quyosh elektr stansiyalarini qurish rejasi tasdiqlandi."
UZ-D02902,UZ,train,RELEVANT,SCIENCE_GEN,Иқтисодиёт бўйича Нобель мукофоти инновациялар ва иқлимнинг иқтисодий ўсишга таъсири ҳақидаги тадқиқот учун берилди Мукофот америкаликлар Уильям Нордхаус ва Пол Ромерга берилди
UZ-00182,UZ,train,RELEVANT,ENERGY,Renewable energy growth accelerates as Uzbekistan records sharp rise in output Electricity generated by solar and wind power plants in Uzbekistan increased by 203 percent in February 2026 compared with the same period last year.
UZ-C02131,UZ,train,RELEVANT,ENERGY,"Construction of a solar power plant kicks off in Tuprakkala During Shavkat Mirziyoyev’s visit to the Khorezm region on February 29, a ceremony was held to launch the construction of a photovoltaic station with a capacity of 100 megawatts by Voltalia. The station will save 76 million cubic meters of natural gas and prevent the release of 106 thousand tons of harmful substances into the atmosphere."
UZ-00073,UZ,train,NOT_RELEVANT,,"200 million tup daraxt, Orolda yuz ming gektar «yashil maydon» va salomatlik yo‘laklari – 2025 yil uchun «yashil rejalar» O‘zbekistonning ekologik qiyofasini yaxshilashda asosiy urg‘u yashil maydon va o‘rmonzorlarni ko‘paytirish, sog‘lomlashtirish yo‘laklari qurishga qaratiladi. Shuningdek, ekofaollar va biznes vakillarining tabiatni muhofaza qilish bo‘yicha tashabbuslari qo‘llab-quvvatlanadi. Ijro uchun bosh mas’ullar bosh vazir o‘rinbosari Jamshid Xo‘jayev va ekologiya vaziri Aziz Abduhakimov."
UZ-D00004,UZ,train,RELEVANT,WATER_CRYO,"Experts of GGGI to visit Uzbekistan to study the Aral crisis In accordance with the instructions of the head of state, a delegation of the Republic of Uzbekistan led by First Deputy Foreign Minister Ilhom Nematov visited the Republic of Korea on December 21-22, 2018 to discuss cooperation"
UZ-D05278,UZ,train,NOT_RELEVANT,,“Rossiya24” telekanalida Orol dengiziga bag‘ishlangan maxsus reportaj efirga uzatildi (video) Jurnalist Olga Kurlayeva “Orol to‘lqinlari” nomli maxsus reportaj tayyorladi
UZ-D05009,UZ,train,RELEVANT,AGRI_LAND,Orol dengizi tufayli O‘zbekistondagi yer maydonlari qurg‘oqchilikka yuz tutmoqda - Qo‘mita raisi Senatning 19-yalpi majlisida O‘zbekiston O‘rmon xo‘jaligi davlat qo‘mitasi raisi Nizomiddin Bakirov respublikada tuproq samaradorligini oshirishda amalga oshirilayotgan chora-tadbirlar haqida axborot berdi.
UZ-D00128,UZ,train,RELEVANT,POLICY,"Germaniya iqlim o‘zgarishidan yetkazilgan zarar uchun 170 mln yevro ajratadi Qazib olinuvchi energiya manbalari uchun hech qanday uyg‘onish davri bo‘lmasligi kerak, dedi Shols Sharm ash-Shayxdagi iqlim o‘zgarishi bo‘yicha konferensiyada."
UZ-D03649,UZ,train,RELEVANT,POLICY,Ўзбекистон делегацияси БМТнинг Иқлим ҳаракатлари бўйича саммитида иштирок этди Ўзбекистон делегациясини Олий Мажлис Қонунчилик палатаси спикер ўринбосари Бори Алихонов бошқарди
UZ-D03385,UZ,train,RELEVANT,POLICY,"""Ўзбекистон иқлим ўзгаришига қарши кураш бўйича умумбашарий ғояларга доимо содиқдир"" – Шавкат Мирзиёев Президент бугун, 1 декабрь куни Дубайда Бирлашган Миллатлар Ташкилотининг Иқлим ўзгариши бўйича конференциясида иштирок этиб, нутқ сўзлади"
UZ-D04430,UZ,train,RELEVANT,ENERGY,Toshkentdagi G‘afur G‘ulom bog‘i Quyosh energiyasi yordamida yoritiladi Loyiha Toshkent shahar tabiatni muhofaza qilish qo‘mitasining joriy yildagi tadbirlar rejasiga kiritilgan
UZ-D03820,UZ,train,RELEVANT,AGRI_LAND,"USAID выделит Узбекистану $1,6 млн на озеленение осушенного дна Аральского моря Агентство США по международному развитию (USAID) объявило о запуске второго проекта по восстановлению экосистемы на осушенном дне Аральского моря (ERAS II)."
UZ-C00384,UZ,train,RELEVANT,SCIENCE_GEN,"O‘tgan qish iqlimiy me’yordan 1,5-2,6 daraja yuqori bo‘ldi – O‘zgidromet 2023/2024 yillar qishidagi eng sovuq harorat dekabrda kuzatilgan. Yanvar oyi meteorologik kuzatuvlar tarixidagi eng iliq yanvar oylari uchligiga kirdi. Fevraldagi harorat tartibi o‘rtacha ko‘p yillik qiymatlarga mos bo‘ldi."
UZ-D03056,UZ,train,RELEVANT,SCIENCE_GEN,Россия иқлимни мониторинг қилувчи сунъий йўлдошни коинотга учирди (видео) 28 февраль куни эрталаб Бойқўнғир космодромидан «Союз-2.1б» ташувчи ракетаси Арктика минтақасида иқлим ва атроф-муҳитни мониторинг қилиш учун мўлжалланган «Арктика-М» космик қурилмаси билан бирга учирилди
UZ-C01133,UZ,train,RELEVANT,WATER_CRYO,"Qozog‘iston Orol dengiziga yana 1,6 milliard kub metr suv quyadi 2023 yil oktyabridan 2024 yil apreligacha Orol dengiziga qariyb 1,3 milliard kub metr, yil boshidan esa jami 2 milliard kub metr suv yuborilgan."
UZ-D02063,UZ,train,RELEVANT,HEALTH_SOCIETY,"Dunyo brendlari iqlim o‘zgarishi sababli «qora juma»ga boykot e'lon qildi Dunyoning 300 dan ko‘proq brendi Make Friday Green Again (Jumani yana yashil qilaylik) harakati doirasida birlashib, butun dunyoda «qora juma» nomi bilan ma'lum bo‘lgan chegirmalar kunini boykot qilishga chaqirishmoqda. Bu haqda BBC News telekanali xabar berdi."
UZ-D03467,UZ,train,RELEVANT,SCIENCE_GEN,"Olimlar Quyosh sababli iqlim o‘zgarishi sodir bo‘lishi haqidagi afsonani rad etdi Ularning ta’kidlashicha, bunga kosmik hodisalar emas, Yer atmosferasi sababchi"
UZ-D04473,UZ,train,NOT_RELEVANT,,"Aydar-Arnasoy ko‘llar tizimi ekologik fojia yoqasida. Hukumatga parlament so‘rovi yuborildi Senat majlisida hukumatga sho‘rlanish, baliqlarning kamayib ketayotgani va boshqa muammolarni hal qilish bo‘yicha parlament so‘rovi yuborildi."
UZ-D00687,UZ,train,RELEVANT,SCIENCE_GEN,"Global iqlim isishidan qaysi jonzotlar va o‘simliklar omon chiqadi? Global iqlim isishi kabi hodisaning paydo bo‘lishida antropogen (insoniy) ta’sir bosh sabab bo‘lgani allaqachon barchaga ma’lum. Oddiyroq qilib aytganda, sayyoramiz sekin-asta qizib borayotganida inson aybdor."
UZ-D04231,UZ,train,RELEVANT,WATER_CRYO,Финляндия внесет 1 млн евро в фонд ООН для Приаралья Правительство Финляндия и Многопартнерский трастовый фонд по человеческой безопасности для региона Приаралья подписали стандартное административное соглашение о внесении финской стороной вклада в фонд в объеме 1 млн евро.
UZ-D01501,UZ,train,RELEVANT,POLICY,AQSh iqlim o‘zgarishi bo‘yicha Parij bitimidan chiqdi. Nimaga? Bu shunchalik muhimmi? O‘zbekiston mazkur bitimga 2017-yilning 19-aprel kuni qo‘shilgan edi
UZ-D03581,UZ,train,RELEVANT,SCIENCE_GEN,"Yoz yana ham isimasligiga hali umid bor. Saralanmagan chiqindining iqlimga ta’siri Dunyo bo‘yicha 2021 yil iyulidagi harorat 150 yillik issiq rekordini yangiladi. 2022 yil ham rekord yana yangilanadimi yoki yo‘q, bu so‘roq ostida. Xo‘sh, bunga qarshi oddiy odamlarning (siyosatchilar o‘z yo‘liga) qo‘lidan nima keladi? Javob oddiy: organik chiqindilarni boshqalari bilan aralashtirib yubormaslik."
UZ-D02933,UZ,train,RELEVANT,ENERGY,"Китай предложил США отменить пошлины на солнечные панели ради борьбы с изменением климата В заявлении уточняется, что 4 февраля власти США объявили о продлении истекающего срока действия повышенных пошлин на солнечные батареи китайского производства еще на 4 года."
UZ-D01893,UZ,train,RELEVANT,WATER_CRYO,Arktika muzliklari qachon to‘liq yo‘qolib ketishi ma’lum qilindi Mazkur prognozlar eng “optimistik ssenariy” bo‘yicha qilingan
UZ-C00438,UZ,train,RELEVANT,AGRI_LAND,Ўзбекистонда 2026-йилда экология соҳасига қанча маблағ йўналтирилиши маълум қилинди Чанг-тўзон олдини олиш учун Сурхондарёда 10 минг гектарда “яшил макон” ва Сирдарёда 84 километрли “яшил девор” барпо этилади.
UZ-C01032,UZ,train,RELEVANT,POLICY,SHHT Samarqand sammiti kun tartibida iqlim o‘zgarishi masalasi muhokama qilinadi Bu tashkilotning mintaqaviy va global iqlim muammolarini shakllantirish va amalga oshirishda faol ishtirokchi bo‘lish istagi va tayyorligini ko‘rsatadi
UZ-D05080,UZ,train,RELEVANT,WATER_CRYO,Grenlandiyadagi muzliklarning erishi dunyo okeani sathi ko‘tarilishiga sabab bo‘lmoqda Mazkur holat iqlim modellari tuzuvchilari tomonidan hisobga olinmagan va insoniyat iqlim isishini kutilganidan ertaroq his etishi mumkinligini anglatadi
UZ-D02176,UZ,train,RELEVANT,WATER_CRYO,"Uzbekistan supports the initiative of Turkmenistan to adopt a special UN program for the Aral Sea Basin On May 28, at the Foreign Ministry of Turkmenistan, Uzbek Ambassador Akmaljon Kuchkarov delivered a speech at the briefing devoted to the adoption of the UN General Assembly resolution on cooperation between the International Foundation for Saving the Aral Sea and the UN, the press service of the MFA reports."
UZ-C01437,UZ,train,RELEVANT,AGRI_LAND,Orol dengizining 700 ming gektar qurigan maydonida o‘rmonzorlar barpo qilish boshlandi Ekish ishlari mart oyiga qadar davom etadi
UZ-D00423,UZ,train,RELEVANT,ENERGY,"European Investment Bank to help Uzbekistan develop renewable energy sources On the sidelines of the IMF/World Bank Annual Meeting, the Minister of Investments and Foreign Trade Sardor Umurzakov held talks with the Vice President of the European Investment Bank (EIB) Vazil Hudák."
UZ-D01612,UZ,train,RELEVANT,WATER_CRYO,"Орол денгизининг қуриган тубидан чучук сув топилди (видео) Ушбу чучук сув Жанубий Орололди артезиан бассейнининг Бор даври ётқизиқларидан, яъни 260-280 метр теранликдан топилди"
UZ-D02013,UZ,train,RELEVANT,AGRI_LAND,"President Mirziyoyev unveils $50 million grant plan to address desertification and enhance greening efforts On October 21, President Shavkat Mirziyoyev conducted a video conference to evaluate the effectiveness of ongoing initiatives and outline future priorities within the framework of the national project ""Green Space."""
UZ-C01977,UZ,train,RELEVANT,POLICY,"Samarkand Climate Forum sets stage for global climate action On April 4–5, Uzbekistan once again hosted a prestigious international event — the Samarkand Climate Forum."
UZ-D05048,UZ,train,RELEVANT,DISASTER,"Italiyada so‘nggi 70 yildagi eng kuchli qurg‘oqchilik kuzatilyapti. Eng katta daryo qurimoqda, beshta mintaqada favqulodda holat e’lon qilindi Italiyaning eng muhim daryosi jazirama tufayli qisman qurib qoldi. Yuz minglab odamlar azob chekyapti."
UZ-D01456,UZ,train,RELEVANT,HEALTH_SOCIETY,"BMT Taraqqiyot dasturi Farg‘ona vodiysida iqlim o‘zgarishi bo‘yicha tadqiqot o‘tkazdi So‘rovnomada ishtirok etgan 92 foiz respondent iqlim o‘zgarishi inson salomatligiga, ayniqsa, ayollar turmush darajasiga salbiy ta’sir ko‘rsatishini aytib o‘tgan"
UZ-D03785,UZ,train,RELEVANT,AGRI_LAND,"Бўшаб қолаётган мактаблар, қурғоқчилик ва чигирткалар ҳужуми: нега Шарқий Африка даҳшатли очарчиликка дуч келмоқда? Минтақада Эфиопия 1980 йилларда бошидан кечирган очарчилик билан тенг ёки ундан ҳам баттарроқ бўлган очлик хавфи бор. Ўша йилларда танқислик тахминан 1 миллион кишининг ҳаётига зомин бўлган"
UZ-C00092,UZ,train,RELEVANT,WATER_CRYO,"Tehron qurg‘oqchilik muammosiga yechim izlamoqda: prezident poytaxtni ko‘chirishni taklif qildi Eron poytaxtini Fors ko‘rfazi bo‘yiga ko‘chirishi mumkin. Prezidentning fikricha, bu suv tanqisligi muammosini bartaraf etish bilan birga, savdo va iqtisodiy munosabatlarni rivojlantirish imkonini ham beradi."
UZ-D05006,UZ,train,NOT_RELEVANT,,Leonardo Di Kaprio Orol dengizi haqida yozdi Uning Instagram’ dagi sahifasida dengizdan olingan surat va unga sharh paydo bo‘ldi
UZ-D04310,UZ,train,RELEVANT,POLICY,Iqlim bo‘yicha xalqaro sammit o‘z ishini boshladi AQSh prezidenti Jo Bayden iqlim o‘zgarishiga qarshi kurash masalalari bo‘yicha sammitni ochib berdi. Bu AQShning yangi ma'muriyati tomonidan tashkillashtirilgan birinchi yirik xalqaro tadbir hisoblanadi.
UZ-D00372,UZ,train,RELEVANT,DISASTER,"Fransiyada 1961-yildan beri ilk bor rekord darajadagi qurg‘oqchilik kuzatilib, ekinlarni nobud qilmoqda Jazirama harorat va quruqlik Fransiyaning g‘arbiy qirg‘og‘idagi o‘rmon yong‘inlariga ham sabab bo‘ldi"
UZ-C00435,UZ,train,RELEVANT,DISASTER,Тайванлик эркак қурғоқчилик сабаб кўл тубидаги телефонини топиб олди. У смартфонни бир йил олдин тушириб юборган эди Кўлидаги сув сатҳи сўнгги 50-60 йил ичида биринчи бор бу қадар камайиб кетган
UZ-D01806,UZ,train,RELEVANT,HEALTH_SOCIETY,"“Markaziy Osiyo mamlakatlarida iqlim va atrof-muhitning bolalarga xavfli ta’siri yuqori” — YUNISEF eksperti Mintaqa bolalari, asosan, haddan tashqari issiqlik davrlari va suv tanqisligi kabi muammolarning xavfi ostida turadi"
UZ-D00081,UZ,train,RELEVANT,ENERGY,"O‘zbekistonda quyosh energiyasini ishlab chiqarishdan naf bormi? Energetik-muhandis Zafar Safoyev Markaziy Osiyoda quyosh energiyasini ishlab chiqarish, ushbu yo‘nalishda ish boshlash O‘zbekiston uchun foyda berishini ta'kidlamoqda. Uning aytishicha, ishni stansiya qurish uchun kerak bo‘ladigan komponentlarni ishlab chiqarishdan boshlash zarur. Bu haqda mutaxassis Kun.uz'ga bergan intervyusida ma'lum qilgan."
UZ-D01065,UZ,train,RELEVANT,POLICY,"SCO Summit: Shavkat Mirziyoyev proposes to strengthen cooperation in the fight against climate change Today, on June 14, in Bishkek, extended talks were held between the SCO Heads of states, the presidential press service reports."
UZ-D00274,UZ,train,RELEVANT,WATER_CRYO,"Sel suvlarini kichik manbalarda jamg‘arish loyihasiga 100 million dollar jalb qilinadi Shuningdek, yerlarni lazerli texnologiyada tekislash orqali 900 million kub metr suv tejaladi, qo‘shimcha 200 ming gektarda suv ta’minoti yaxshilanadi."
UZ-C02104,UZ,train,RELEVANT,WATER_CRYO,"O‘zbekiston va Yaponiya Orol dengizining qurigan hududida tadqiqotlar olib borish uchun ilmiy stansiya yaratishi mumkin Shuningdek, Orolbo‘yi hududini iqtisodiy rivojlantirish, yoshlarni ish bilan ta’minlash maqsadida Yaponiyaning kichik innovatsion texnologiyalari jalb qilinishi kutilmoqda"
UZ-C00327,UZ,train,RELEVANT,DISASTER,Yevropaga bu yil qurg‘oqchilik xavf solmoqda Yomg‘ir tanqisligidan eng ko‘p Ispaniya va Portugaliya zarar ko‘rmoqda. Boltiqbo‘yi va Skandinaviya mamlakatlarida tuproq namligi odatdagidan pasaygan
UZ-C01786,UZ,train,RELEVANT,DISASTER,Anomal issiq Isroilga ham yetib bordi: mamlakatda ham issiq iqlim yong‘inlarni keltirib chiqardi (video) O‘rmon yong‘inlari tufayli Quddus va Tel-Avivni o‘zaro bog‘lab turuvchi avtomobil yo‘li vaqtincha yopib qo‘yilgan
UZ-D02371,UZ,train,RELEVANT,HEALTH_SOCIETY,"Young climate champion from Uzbekistan awarded “Green Ticket” to attend first ever UN Youth Climate Summit On September 21, the United Nations will host the first ever UN Youth Climate Summit. In this regard"
UZ-D04769,UZ,train,RELEVANT,ENERGY,"Avstraliyada quyosh energiyasida harakatlanadigan dunyodagi birinchi poyezdni ishga tushirishdi Egiluvchan quyosh panellari vagon tomiga va oraliq to‘xtash joylariga o‘rnatilgan, u yerda poyezd qo‘shimcha quvvat olishi mumkin"
UZ-C00927,UZ,train,NOT_RELEVANT,,"«Марказий Осиё ва Европа давлатлари экологик тоза ва қулай транспорт тизимига муҳтож» — UNECE БМТ мутахассислари аҳоли соғлиғи учун электротранспортни йўлга қўйиш, велосипедда ҳаракатланиш инфраструктурасини ривожлантиришни тавсия этмоқда"
UZ-D02235,UZ,train,RELEVANT,WATER_CRYO,Орол денгизи муаммосини ўрганиш учун 20 кунлик халқаро экспедиция тузилди Экспедицияга тайёргарлик ишлари февраль ойидан бошланган. Йўналишнинг узунлиги — 4000 километр
UZ-D00295,UZ,train,RELEVANT,POLICY,"Азиз Абдуҳакимов экология, атроф-муҳитни муҳофаза қилиш ва иқлим ўзгариши вазири лавозимига маъқулланди Табиат ресурслари вазирлиги Экология, атроф-муҳитни муҳофаза қилиш ва иқлим ўзгариши вазирлиги деб қайта номланганди"
UZ-D00696,UZ,train,RELEVANT,POLICY,"Bezos iqlim o‘zgarishiga qarshi kurashish uchun 443 mln dollar ajratadi Bezos fondi iqlim muvozanati, tabiatni muhofaza qilish va iqlim masalalarini yechish bilan shug‘ullanadigan tashkilotlarga 44 ta grant ajratadi"
UZ-D00443,UZ,train,RELEVANT,POLICY,Евроиттифоқ иқлим ўзгаришига қарши кураш учун йирик режа ишлаб чиқди. 14 йилдан кейин Европада бензинда юрадиган автомобиллар сотилмайди Режа кучга кириши учун уни Европа парламенти ва Европа Иттифоқига аъзо давлатларнинг барчаси тасдиқлаши керак
UZ-D00290,UZ,train,RELEVANT,WATER_CRYO,"Антарктидадаги музликдан катта айсберг ажралиб чиқди (фото) Пайн-Айленд музлигидан кенглиги бир километр, узунлиги тахминан саккиз километр бўлган айсбер ажралиб чиқди"
UZ-D02225,UZ,train,RELEVANT,POLICY,"BMT Bosh Assambleyasi Orol dengizi mintaqasi bo‘yicha maxsus rezolyutsiya qabul qildi Hujjatda atrof-muhitni tiklash, tabiiy resurslarni tejash va mintaqa aholisining hayot sifatini yaxshilash bo‘yicha ilmiy-tadqiqot maslahat ishlarini targ‘ib qilish haqida so‘z boradi"
UZ-D04528,UZ,train,RELEVANT,WATER_CRYO,ЕС может стать донором трастового фонда ООН для региона Приаралья Европейский союз рассматривает возможность внести свой вклад в многопартнерский трастовый фонд ООН по человеческой безопасности для региона Приаралья в Узбекистане.
UZ-D00251,UZ,train,RELEVANT,AGRI_LAND,"ADB, Indorama sign sustainability linked-loan to support farmer climate resilience in Uzbekistan The Asian Development Bank (ADB) and Foreign Enterprise Indorama Agro LLC, a wholly owned subsidiary of Indorama Corporation (IRC) signed a $15 million loan to support the livelihoods of farmers in Uzbekistan, enhance their climate resilience, and support ongoing recovery from the COVID-19 pandemic."
UZ-D03763,UZ,train,RELEVANT,ENERGY,"Masdar приступила к строительству солнечной электростанции в Навоийской области Компания Masdar (ОАЭ) приступила к строительству солнечной фотоэлектрической станции в Карманинском районе Навоийской области, сообщает Минэнрего."
UZ-C02211,UZ,train,RELEVANT,POLICY,O‘zbekiston yoshlarini iqlim kun tartibiga jalb qilish bo‘yicha milliy strategiya imzolandi Strategiya YUNISEF va YUNESKO xalqaro ekspertlari ko‘magida ishlab chiqilgan
UZ-D00412,UZ,train,RELEVANT,SCIENCE_GEN,"Iqlim o‘zgarishi sabab dunyo iqtisodiyoti keyingi 30 yilda 8 trillion dollar yo‘qotishi mumkin BMTga ko‘ra, oxirgi 20 yilda dunyo bo‘yicha tabiiy halokatlar sabab 1,2 million odam halok bo‘lgan, iqtisodiyotga 3 milliard dollar zarar yetgan."
UZ-D05573,UZ,train,RELEVANT,WATER_CRYO,Oxirgi o‘n yilliklarda Markaziy Osiyo muzliklar hajmining 30 foizigacha qismini yo‘qotdi va bu jarayon tezlashyapti – Aziz Abduhakimov Tog‘lardagi muzliklarning erishi tezlashib borayotgani fonida O‘zbekiston hukumati mintaqaviy hamkorlikni kuchaytirishga urg‘u beryapti.
UZ-D01585,UZ,train,RELEVANT,POLICY,Buyuk Britaniya iqlim bo‘yicha Parij kelishuvini imzoladi Parij kelishuvini imzolash uchun BMTning Nyu-Yorkdagi shtab-kvartirasida joriy yil 22-aprelidan beri ochiq
UZ-D05607,UZ,train,RELEVANT,POLICY,Uzhydromet allocates almost 2.5 billion soums to reduce negative effects of climate change Uzhydromet allocates almost 2.5 billion soums to reduce negative effects of climate change
UZ-D02694,UZ,train,RELEVANT,POLICY,"БМТнинг иқлим саммитида 40 дан ортиқ давлат кўмирдан фойдаланишни камайтириш тўғрисида шартнома имзолади Шартномада, жумладан, мавжуд кўмир электростанцияларини — ривожланган мамлакатларда 2030 йилларда, ривожланаётган мамлакатларда эса 2040 йилларда ёпиш кўзда тутилган"
UZ-D02185,UZ,train,NOT_RELEVANT,,"Dunyodagi eng maxfiy hududlardan biri — Orol dengizining qoq markazidagi Vozrojdeniye oroli qayta uyg‘onadimi? (foto) Hozirning o‘zida Vozrojdeniyega yaqin joyda, Shag‘ala massivida quduqlar qazilib yashil oazis barpo qilinmoqda"
UZ-C01148,UZ,train,RELEVANT,POLICY,Дунё етакчилари иқлим бўйича виртуал саммитда нутқ сўзлади Ҳиндистон бош вазири Нарендра Моди «иқлим ўзгаришига қарши курашнинг ўн йиллиги»ни эълон қилишни таклиф қилди
UZ-D01762,UZ,train,RELEVANT,POLICY,"""Iqlim, Ishonch, Sog‘liq va Tinchlik deklaratsiyasi"" tuziladi – Iqlim sammitining 4-kuni Dubayda o‘tayotgan COP28ning 4-kuni sog‘liq mavzusiga bag‘ishlandi. 70ga yaqin davlat va 39ta tashkilot urush va global isish halokatga olib kelgan joylarda iqlimga moslashishga qaratilgan moliyaviy yordam paketi bo‘yicha deklaratsiyani qo‘llab-quvvatladi."
UZ-D05465,UZ,train,RELEVANT,AGRI_LAND,В Узбекистане будет реализован проект «Мой сад в Аральском море» Шавкат Мирзиёев подписал постановление «О дополнительных мерах по повышению эффективности деятельности Международного инновационного центра Приаралья при Президенте Республики Узбекистан».
UZ-C01857,UZ,train,RELEVANT,SCIENCE_GEN,"АҚШнинг Чикаго шаҳри иқлим ўзгариши туфайли йўқ бўлиб кетиш хавфи остида «Иқлим ўзгариши сув даражасига таъсир қилмоқда, шаҳар инфратузилмаси, қирғоқлари ва бинолари бунга ортиқ дош беролмайди», — деди мутахассис"
UZ-C00260,UZ,train,RELEVANT,POLICY,Тошкентда Марказий Осиёда иқлим ўзгариши муҳокама этилди Дунё миқёсида ҳаво ҳароратининг 4°C га кўтарилиши суғориш сувларига бўлган талабнинг тахминан 30% га ошишига олиб келади
UZ-D02258,UZ,train,RELEVANT,WATER_CRYO,Markaziy Osiyo mamlakatlari Qirg‘izistonni Orol dengizini qutqarish bo‘yicha muzokaralardagi ishtirokini yana yo‘lga qo‘yishga ko‘ndirmoqda Qirg‘iziston Orol dengizini qutqarish bo‘yicha fond majlislaridagi ishtirokini muzlatib qo‘ygan edi
UZ-D02555,UZ,train,RELEVANT,POLICY,Саудия Арабистони Орол денгизи минтақаси аҳолиси учун молиявий ёрдам ажратиши мумкин Ўзбекистон элчиси Бутунжаҳон ислом уюшмаси минтақавий директори билан ҳамкорлик истиқболларини муҳокама қилди
UZ-D01731,UZ,train,RELEVANT,ENERGY,"«Jamoatchilik qo‘llovi bizga kuch beryapti» – vazir ekologiya bo‘yicha takliflar tez qabul qilinayotgani haqida gapirdi Ekologiya vaziri Aziz Abduhakimov 2023 yil yanvaridagi vaziyat tufayli ko‘mirga o‘tishga majbur bo‘linganini, lekin soha vaziri sifatida ko‘mir va mazutni taqiqlashni talab qilish vazifasi ekanini aytgan."
UZ-D02274,UZ,train,RELEVANT,WATER_CRYO,"Uzbekistan takes part in OIC Senior Officials Meeting in Jeddah, proposes improving Aral Sea region The delegation of Uzbekistan, headed by Ambassador Ulugbek Maksudov, is taking part in the OIC Senior Officials Meeting in Jeddah (Saudi Arabia)."
UZ-C00127,UZ,train,RELEVANT,POLICY,"Jorj Soros avtoritar hukumatlar va iqlim o‘zgarishlariga qarshi kurash uchun 1 mlrd dollar ajratadi 80 yoshli milliarderga ko‘ra, aynan shu ikki muammo sivilizatsiyaning omon qolishiga tahdid tug‘diradi"
UZ-D01912,UZ,train,RELEVANT,DISASTER,"Yevropadagi yana bir inqiroz. Issiqlik va qurg‘oqchilik Yevropa Ittifoqi iqtisodiyotini sekinlashtirmoqda Yevropa uchta inqiroz avj olayotgan bir paytda yangisiga yo‘liqdi. Yozning issiq kelishi yangilik emas, ammo Rossiyaning Ukrainaga tajovuzi, Kremlning Yevroittifoq bilan energetika urushi va koviddan keyingi inflatsiya ortidan hozirgi iqlim kataklizmi Yevropa iqtisodiyoti tiklanishiga to‘sqinlik qilmoqda. Vaholanki, Yevroittifoq iqtisodiyoti Amerikadan keyin dunyoda ikkinchi o‘rinda turadi."
UZ-D05413,UZ,train,RELEVANT,POLICY,"О первом успехе заявили на климатической конференции ООН Развивающиеся и островные государства просят финансовой помощи, чтобы справиться с ущербом. Впервые этот вопрос был включен в повестку переговоров как отдельный пункт."
UZ-D00234,UZ,train,RELEVANT,ENERGY,"Будет построено несколько солнечных фотоэлектростанций Постановления о возведении солнечных фотоэлектрических станций в Ташкентской, Бухарской и Кашкадарьинской областях подписал президент Мирзиёев."
UZ-D02777,UZ,train,RELEVANT,POLICY,"Европа Иттифоқи молиявий ва технологик ёрдамни оширади, Жаҳон банки минтақада йирик лойиҳа бошлайди. Самарқанд халқаро иқлим форумининг иккинчи куни қандай ўтди? Жорий йилнинг 4–5 апрель кунлари Самарқанд яна бир халқаро тадбирга мезбонлик қилди. Минтақа тақдирига дахлдор форумда “Дарё” мухбири ҳам қатнашди"
UZ-D01387,UZ,train,RELEVANT,POLICY,Sanjar Valiyev: iqlim o‘zgarishi 30 yil ichida jahon iqtisodiyotiga 8 trln dollarga tushadi O‘zbekiston prezidenti Shavkat Mirziyoyev BMT Bosh Assambleyasining 75-sessiyasida «Xalqaro ekologik tizimlarni himoya qilish va tiklash kuni»ni ta'sis etishni taklif qildi.
UZ-D02857,UZ,train,RELEVANT,POLICY,Ҳиндистонга иқлим ўзгариши оқибатларига қарши курашиш учун 2030 йилгача 1 трлн доллар керак бўлади Ўртача йиллик ҳароратнинг Цельсий ўлчами билан икки даражага ошишини 800 миллион ҳиндистонлик сезиб улгурди
UZ-C00391,UZ,train,RELEVANT,POLICY,Qoraqalpog‘istonda iqlim o‘zgarishiga moslashish choralariga bag‘ishlangan seminar-trening o‘tkazildi Seminar-trening Birlashgan Millatlar Tashkilotining Taraqqiyot Dasturi ko‘magida o‘tkazilgan
UZ-00035,UZ,train,RELEVANT,WATER_CRYO,Muzliklarning erishi noma’lum viruslar tarqalishiga sabab bo‘lishi mumkin Nobel mukofoti sovrindori insoniyat uchun potensial xavflar haqida ogohlantirdi.
UZ-C00440,UZ,train,RELEVANT,WATER_CRYO,"Тошкент вилоятидаги энг катта музлик шиддат билан эримоқда — Гидрометеорология илмий тадқиқот институти Гидрометеорология илмий тадқиқот институти, Германия ер тадқиқотлари илмий маркази ва Яшил Марказий Осиё ташаббуси лойиҳалари асосида Тошкент вилоятидаги энг катта музликка экспедиция уюштирилди"
UZ-D00374,UZ,train,NOT_RELEVANT,,O‘zbekistonda «iqlimiy yoz» davom etmoqda - «O‘zgidromet» O‘zbekistonda kuzning boshlanishi iqlim sharoitiga ko‘ra taqvim sanalariga mos kelmaydi.
UZ-D00643,UZ,train,NOT_RELEVANT,,Тепличники и садоводы Узбекистана встревожены грядущими аномальными холодами Садоводы и представители тепличного бизнеса Узбекистана встревожены прогнозами погоды на ближайшие дни.
UZ-D03662,UZ,train,NOT_RELEVANT,,Туркманистонда чегаралар ёпилганидан сўнг Эрондан кириб келадиган Coca-Cola ва тамаки маҳсулотлари йўқолиб қолди Ашхабод аҳолиси эса қўшни мамлакат билан чегаралар ёпиб қўйилганидан норози
UZ-D05499,UZ,train,NOT_RELEVANT,,"ЖЧ—2018 якунлари: Ҳарри Кейн тўпурар, Гризманн энг самарали ўйинчи, Манжукич кучли учликда Кеча, 15 июль санасида футбол бўйича XXI Жаҳон Чемпионати якунига етди"
UZ-D03784,UZ,train,NOT_RELEVANT,,Jizzaxda sel kelishi oqibatida 10 yoshli qizcha suvda oqib halok bo‘ldi Qiz dala maydonidan mollarini uyiga haydab kelish uchun soydan o‘tayotgan vaqtida sel toshqini oqibatida suvda oqqan
UZ-C00444,UZ,train,NOT_RELEVANT,,"“Oʻzbekistonliklar uchun AQSH vizasini soddalashtirish boʻyicha muzokaralar boshlangan” — elchi Furqat Siddiqov Oʻzbekistonning Amerikadagi elchisi kelishuvga erishish oson emasligi, biroq natija uchun tinimsiz harakat qilinayotganini aytdi."
UZ-C02251,UZ,train,NOT_RELEVANT,,"Саида Мирзиёева Римда “Инсоний биродарлик” мукофоти совриндорларини саралаш жараёнида қатнашди “Ҳурматли ҳайъат аъзолари билан биргаликда мукофот совриндорларини саралаш жараёнида қатнашганимдан хурсандман”, деган Президент администрацияси раҳбари."
UZ-D02195,UZ,train,NOT_RELEVANT,,Toshkentda fevral boshida O‘zbekiston va Yevroittifoq o‘rtasidagi hamkorlik to‘g‘risidagi bitim bo‘yicha muzokaralarning birinchi raundi bo‘lib o‘tadi Tashqi ishlar vaziri o‘rinbosari Dilshod Axatov Yevropa Ittifoqining Markaziy Osiyo bo‘yicha maxsus vakili Piter Burian bilan uchrashdi
UZ-D02930,UZ,train,NOT_RELEVANT,,"AQSh Tehronning bayonotlariga qaramay, Eron bilan muzokaralarga tayyorligini ma’lum qildi Milliy xavfsizlik borasidagi shoshilinch muammolar yechimini topish uchun prezident Donald Tramp Eron bilan muloqot olib borishga tayyor"
UZ-C01171,UZ,train,NOT_RELEVANT,,"“The Olympics were literally full of records and unparalleled achievements for us” – Shavkat Mirziyoyev The meeting of President Shavkat Mirziyoyev with the athletes who participated in the Paris Olympics, their parents and coaches began at the Kuksaroy residence."
UZ-D00089,UZ,train,NOT_RELEVANT,,Osiyo kubogi U23 saralashi. O‘zbekiston Olimpiada-2024 sari yo‘lni 8:1 hisobidagi g‘alaba bilan boshladi O‘zbekiston olimpiya jamoasi Osiyo kubogi U23 saralash o‘yinlari «Ye» guruhi bahslarini yirik g‘alaba bilan boshladi.
UZ-D03005,UZ,train,NOT_RELEVANT,,"Ecology Ministry removed from government structure and turned into an independent committee Uzbekistan has overhauled its environmental governance system, separating the Ecology Ministry from the Cabinet of Ministers and transforming it into an independent national committee. The changes are set out in a presidential decree and resolution."
UZ-D01852,UZ,train,NOT_RELEVANT,,"Фарғонада ҳоким ўринбосари экология инспекторига куч ишлатгани айтилмоқда Бувайда тумани ҳокими ўринбосари Саидали Хидиров ноқонуний дарахт кесиш ҳолатини расмийлаштирмоқчи бўлган Экология қўмитаси инспектори Аҳроржон Ниёзовга куч ишлатиб, Миллий гвардия ходимлари ёрдамида туман ИИБга олиб кетди."
UZ-C01513,UZ,train,NOT_RELEVANT,,"2025-yildan Toshkent-Xiva “Jaloliddin Manguberdi” tezyurar poyezdi qatnovi yo‘lga qo‘yiladi Kelgusi yetti yilda Xorazmda turizm uchun, yo‘l, elektr va suv infratuzilmasiga 200 million dollar sarflanadi"
UZ-D01716,UZ,train,NOT_RELEVANT,,Epsilon together with Uzbekneftegaz increases hydrocarbon production Epsilon together with Uzbekneftegaz JSC increased hydrocarbon production.
UZ-D00495,UZ,train,NOT_RELEVANT,,"«Тиббиёт ходимлари болалар сонини чегараламаган». ССВ вакили Андижонда туғилган 11-фарзанд ҳақида изоҳ берди Шифокор Барно Абдусаматованинг таъкидлашича, туғруқнинг оралиқ масофасини сақлаш ҳар бир аёлнинг индивидуал организмига боғлиқ"
UZ-D04976,UZ,train,NOT_RELEVANT,,YeChL 4-saralash bosqichining dastlabki o‘yinlari yakunlandi Ukrainaning “Shaxtyor” klubi safarda “Rapid”ni kichik hisobda yengdi. “Valensiya” o‘z maydonida “Monako”ni 3:1 hisobida taslim etdi
UZ-C01918,UZ,train,NOT_RELEVANT,,Hech kimni rag‘batsiz qoldirmaydigan “Bo‘zatov fest”ning saralash bosqichi o‘z nihoyasiga yetdi Qoraqalpog‘istonda bo‘lib o‘tayotgan “Yoshlar ovozi” tanlovining saralash bosqichi tugatildi. O‘rin olmaganlarga ham 10 million so‘m pul mokofoti beriladi
UZ-D00847,UZ,train,NOT_RELEVANT,,«Газпром» «Турк оқими» борасидаги музокараларни 31 августдан қайта тиклайди Лойиҳа устидаги ишлар қайтадан бошлаб юборилиши ҳақида бир муддат илгари Путин маълум қилган эди
UZ-D04341,UZ,train,NOT_RELEVANT,,"Carbon monoxide poisoning kills a couple in Syrdarya A 33-year-old man and his 26-year-old wife died as a result of carbon monoxide poisoning in the Syrdarya region. Their 2-year-old daughter was admitted to the hospital’s intensive care unit, Kun.uz correspondent reports with reference to the regional prosecutor’s office."
UZ-D00332,UZ,train,NOT_RELEVANT,,Чилонзорда йўл кенгайтириш ишларида 101 туп дарахт илдизи шикастланган — Давлат экология қўмитаси Аввалроқ пойтахт ҳокимлиги 7 туп дарахт илдизига қисман зарар етказилганини маълум қилганди
UZ-C00510,UZ,train,NOT_RELEVANT,,O‘zbekistonga olib kiriladigan mashinalarni ekologik sertifikatlash bekor qilinadi “Respublikada g‘ildirakli transport vositalarining ekologik toifa talablariga muvofiqligini baholash tizimini yanada takomillashtirish chora-tadbirlari to‘g‘risida”gi hukumat qarori qabul qilindi.
UZ-D02427,UZ,train,RELEVANT,ENERGY,"Masdar wins a tender for construction of solar power plant in Kashkadarya The company offered 3 cents per kilowatt-hour, and estimated the entire project at about $249.5 million."
UZ-D02877,UZ,train,NOT_RELEVANT,,"Instagram: Юлдуз Усмоновага концертда нон совға қилишди, Тоҳир Содиқов неварали бўлди, Муниса Ризаевадан оналарга тавсиялар Ижтимоий тармоқдаги қизиқарли фото ва видеолар."
UZ-D02582,UZ,train,NOT_RELEVANT,,"Дориларсиз даволанамиз: шамоллашни енгишнинг вақт синовидан ўтган, самарали усуллари Агар шамоллаш бурун битиши билан келса, бурунни илиқ шўр сув билан ювиш ёрдам бериши мумкин"
UZ-C01141,UZ,train,NOT_RELEVANT,,"Ўзбекистоннинг тўққизта вилоятида сел-сув тошқини юзага келиши мумкин Республика бўйича вақти-вақти билан ёмғир ёғиши, тоғли ҳудудларда ёғингарчилик кучли бўлиши кутилмоқда"
UZ-D03852,UZ,train,NOT_RELEVANT,,"Янги Зеландияда фирибгарлар «йил қуши» сайловларига аралашишга уриниб, кичкина доғдор кивига 1,5 мингта овоз берди Бу каби сохта овозларни сайловнинг расмий кузатувчилари пайқаб қолган ва шундан сўнг уларни ўчириб ташлаган"
UZ-D00575,UZ,train,NOT_RELEVANT,,"The Independent: Kiyev muzokaralarning «qizil chiziqlari»ni belgilab oldi Kiyev qo‘shimcha hududiy yon berishlarga tayyor emas va olib chiqib ketilgan bolalar va tinch aholini qaytarishni, shuningdek, xalqaro xavfsizlik kafolatlarini talab qilmoqda, deb yozadi The Independent."
UZ-C00634,UZ,train,NOT_RELEVANT,,"Россия ТИВ Украина билан воситачиларсиз музокаралар олиб боришни ёқлаб чиқди Россия ва Украина ўртасида музокаралар қайта бошланган тақдирда, улар, катта эҳтимол билан, бевосита бўлади"
UZ-C01193,UZ,train,NOT_RELEVANT,,Ўзбекистон чегараларини Bayraktar дронлари ҳимоя қилади ДХХ раиси Баҳодир Қурбонов Bayraktar дронлари билан бутланган янги махсус бўлинманинг жанговар навбатчилиги йўлга қўйилганини маълум қилди.
UZ-C00023,UZ,train,NOT_RELEVANT,,"Янги пойабзал оёқни урганда, ярани даволашнинг 7 та самарали усули Қадоқ яраларни даволашда бирон бир крем ёки малҳам дори суриш мумкин эмас"
UZ-C01685,UZ,train,NOT_RELEVANT,,Самарали ва амалда ишлайдиган. Тадбиркорликка оид қонун қабул қилишда нималарга эътибор бериш керак? Бешта асосий саволга ижобий жавоб берадиган қонунни қабул қилиш кўзланган самарани бериши мумкин
UZ-D05095,UZ,train,NOT_RELEVANT,,Shavkat Mirziyoyev Gurbanguli Berdimuhamedov bilan uchrashdi Turkmaniston Prezidenti Gurbanguli Berdimuhamedovning davlat tashrifi doirasidagi asosiy tadbirlar Ko‘ksaroy qarorgohida bo‘lib o‘tmoqda.
UZ-C01016,UZ,train,NOT_RELEVANT,,"Play Mobile SMS-xabarlari biznes uchun qulay va samarali vositadir Arzon narx, yuqori ishonchlilik va keng funksionallik uyg‘unligi tufayli SMS-jo‘natmalar kompaniyalar o‘z mijozlariga axborotni tez va aniq yetkazish uchun qulay yechimga aylandi."
UZ-D05244,UZ,train,NOT_RELEVANT,,"Исроил Ғазодаги музокараларни тўхтатишга ҳаракат қилмоқда “Олти нафар фуқароси гаровга олинган ҳолда ўлдирилган давлат қотиллар билан музокаралар олиб бормайди, балки музокараларни тўхтатади” дейди Исроил миллий хавфсизлик вазири"
UZ-D02232,UZ,train,NOT_RELEVANT,,Фото: Тонгги Самарқанд манзаралари “Дарё” фотомухбири Мадина Нурман Самарқанд шаҳридаги тонгги сайр вақтида ушбу кўҳна ва қадим масканнинг ўзига хос манзараларини кадрларга муҳрлади
UZ-C00197,UZ,train,NOT_RELEVANT,,Ukraina va AQSH Rossiya bilan bo‘lajak muzokaralar sanasi va joyini muhokama qildi Trampning Ukrainaga harbiy yordamni qachon tiklashi ma’lum qilindi
UZ-D01574,UZ,train,NOT_RELEVANT,,Трампнинг юристлари импичментни АҚШдаги бўлажак президентлик сайловларига аралашиш сифатида баҳолади АҚШ президентининг юристлари гуруҳи мамлакат Сенатига давлат раҳбарига нисбатан эълон қилинган ҳокимиятни суиистеъмол қилиш ва Конгрессга тўсқинлик қилиш бўйича айбловларга жавоб йўллади
UZ-D02284,UZ,train,NOT_RELEVANT,,O‘zbekiston — Tojikiston o‘rtasida chegarani delimitatsiya qilish bo‘yicha muzokaralar bo‘lib o‘tdi Uchrashuvda davlat chegarasini kelishilmagan ayrim uchrastkalaridan o‘tadigan chegara chizig‘ining huquqiy masalalari muhokama qilindi
UZ-C01078,UZ,train,NOT_RELEVANT,,"Vladimir Putin: “Nevaralarim bor, ular juda shirin bolachalar” Putin bilan bo‘lgan katta intervyu 7-oktabr — uning tug‘ilgan kunida e’lon qilindi"
UZ-D05084,UZ,train,NOT_RELEVANT,,"Kreml gaz shantaji orqali Moldova siyosatiga aralashadi: Putin ma’muriyatining maxfiy strategiyasi Rossiya FXX yillar davomida Moldovaga o‘z ofitserlarini diplomatlar ko‘rinishida jo‘natib, ular orqali prezidentgacha bo‘lgan mahalliy siyosatchilar hamda butun bir ayirmachi hudud - Dnestrbo‘yini boshqargan. Maqsad - mamlakatni to‘liq Rossiya izmiga qaytarish."
UZ-C02204,UZ,train,NOT_RELEVANT,,Паралимпия. Пара сузувчи Муслима Одилова — бронза медали соҳибаси Ўзбекистон делегацияси илк медални қўлга киритди
UZ-D00997,UZ,train,NOT_RELEVANT,,"Annular solar eclipse expected on December 26 On December 26, people in Uzbekistan will be able to witness a solar eclipse, the Academy of Sciences said."
UZ-D02319,UZ,train,NOT_RELEVANT,,"Казахстан направит ноту Узбекистану из-за наводнений в Туркестанской области Казахстан направит ноту в Узбекистан в связи с затопленными населенными пунктами в Туркестанской области из-за прорыва дамбы Сардобинского водохранилища. Об этом вице-министр экологии, геологии и природных ресурсов Сергей Громов сообщил в интервью телеканалу Atameken Business."
UZ-D04835,UZ,train,NOT_RELEVANT,,"Bryussel Kriminologiya institutida portlash sodir bo‘ldi Binoda hech kim bo‘lmagani sababli, portlash natijasida institut xodimlaridan hech biri zarar ko‘rmadi"
UZ-D01078,UZ,train,NOT_RELEVANT,,Давлат чегарасини делимитация қилиш бўйича Ўзбекистон — Қирғизистон музокаралари бўлиб ўтди Қўшма фаолият конструктив асосда ва дўстона руҳда ўтди
UZ-C00181,UZ,train,NOT_RELEVANT,,Ўзбекистонлик ҳакамлар жамоаси ЖЧ—2026 саралаш учрашувига тайинлов олди Ўзбекистонлик ҳакамлар саралашнинг иккинчи босқичида ишлайди
UZ-D05596,UZ,train,NOT_RELEVANT,,"Isroil “Hizbulloh” AQSH-Eron urushiga aralashsa, Livan fuqarolik infratuzilmasiga zarba berish bilan tahdid qildi Yahudiy davlati Bayrut xalqaro aeroporti va boshqa hayotiy muhim obyektlar nishonga olinishidan ogohlantirdi. Sababi livanlik guruh Tehron va Vashington o‘rtasidagi yuzaga kelishi mumkin bo‘lgan urushda neytral qolmasligini bildirgan edi."
UZ-D04582,UZ,train,NOT_RELEVANT,,"Россия ТИВ: Россия термасининг Риодаги Паралимпиададан четлаштирилиши жиноятдир «Ушбу исм-шарифлар шубҳасиз тарихга, шармандали тарихга битилади. Чунки бугун жиноят содир бўлди», — деди Захарова"
UZ-C00124,UZ,train,NOT_RELEVANT,,"YeI chegaralarini noqonuniy kesib o‘tishlar soni 26 foizga kamaydi 2025 yilda Yevropa Ittifoqi chegaralarini noqonuniy kesib o‘tish holatlari soni 26 foizga kamayib, 178 000 taga tushdi. Bu 2021 yildan beri eng past ko‘rsatkich hisoblanadi. Bu haqda payshanba kuni, 15 yanvarda Varshavada joylashgan Yevropa Ittifoqining chegara nazorati agentligi Frontex taqdim etgan ma’lumotlarda aytilgan."
UZ-D03947,UZ,train,NOT_RELEVANT,,"Ўзбекистоннинг 9 та вилоятида сел хавфи эълон қилинди Республиканинг айрим ҳудудларида 16—17 февраль кунлари ёмғир сувлари тўпланиши эҳтимоли бор, бу эса ҳудудларни сув босишига олиб келиши мумкин."
UZ-D01274,UZ,train,NOT_RELEVANT,,"YeI Anqara bilan bojxona ittifoqi to‘g‘risidagi kelishuv bo‘yicha muzokaralarni to‘xtatib qo‘yishi mumkin Agarda Turkiya Kipr yaqinidagi bahsli suvlarda uglevodorod konlarini qazish ishlarini to‘xtatmasa, Yevroittifoq Anqara bilan bojxona ittifoqi to‘g‘risidagi kelishuvni yangishlash bo‘yicha muzokaralarni to‘xtatib qo‘yishi mumkin."
UZ-D00524,UZ,train,NOT_RELEVANT,,"Suriyada Rossiya aviatsiyasi “Jabhat an-Nusra” guruhi yetakchisini yaraladi (video) Abu Muhammad al-Jo‘loniy snaryad parchalaridan ko‘plab jarohat oldi, qo‘lidan ajraldi va og‘ir holatda bo‘lib turibdi"
UZ-D02811,UZ,train,NOT_RELEVANT,,Ekologiya vaziri havo ifloslanishi bo‘yicha hisob berish uchun parlamentga chaqirildi Deputatlar poytaxtda havo ifloslanishi bilan bog‘liq vaziyat yuzasidan ekologiya vaziri Aziz Abduhakimovni chaqirtirishga qaror qildi. Ular bu eshituv «ko‘rgazma uchun» bo‘lmasligini alohida ta’kidlashdi.
UZ-D03511,UZ,train,NOT_RELEVANT,,"“O‘zbekistonda IELTS'ga til bilish darajasini emas, bilimni baholash sifatida qaralyapti” - ekspertlar «IELTS'maniya» haqida “IELTS'siz o‘qishga kirolmayman, ishga joylasholmayman, sertifikatsiz oyligim kam bo‘ladi yoki oshmaydi” - ingliz tilini o‘rganayotgan ko‘pchilik yoshlarda shunday o‘y-fikr hukmron. Bu o‘zi ijobiy holatmi? Yoki buning salbiy jihatlari bormi? Kun.uz mavzu yuzasidan soha mutaxassislari bilan suhbat tashkil etdi."
UZ-C00798,UZ,train,NOT_RELEVANT,,"“Tolibon” Pokiston bilan chegaralarini abadiy yopishdan ogohlantirdi Pokiston chegaradan o‘tishda afg‘onlardan viza talab qilmoqda, “Tolibon” holat yuzasidan Pokiston hukumatiga keskin norozilik bildirdi"
UZ-D00881,UZ,train,NOT_RELEVANT,,"Озарбайжон Қорабоғда Арманистоннинг икки мингдан ортиқ аскарлари ўлдирилгани ва яраланганини маълум қилди. Ереван бу Бокунинг бир кунлик йўқотишлари деб жавоб қайтарди Арманистон мудофаа вазирлиги матбуот котиби Озарбайжон ҳарбийлари ўзларининг сўнгги 24 соат ичида йўқотишларини арманларнинг йўқотишларига қўшиб ҳисоблаган, деб айтган"
UZ-D01891,UZ,train,NOT_RELEVANT,,"Samarqandda o‘tayotgan II O‘zbekiston iqtisodiy forumi doirasida “O‘zbekneftgaz” AJ va yirik xalqaro kompaniyalar rahbarlari bilan muzokaralar o‘tkazildi Xalqaro darajadagi yetakchi iqtisodchilar va xalqaro ekspertlarni jamlagan II O‘zbekiston iqtisodiy forumida O‘zbekistonning kelgusi besh yillik taraqqiyot strategiyasi, iqtisodiy imkoniyatlari, xalqaro hamkorlik masalalari muhokama qilinmoqda."
UZ-C00028,UZ,train,NOT_RELEVANT,,TBC Bank O‘zbekistonda birinchi bor ekologik devoriy tasvirni taqdim etdi 250 m² maydonni qoplagan bunday qoplama kuniga 50 ta avtomobildan chiqadigan zararli moddalarni neytrallash imkoniyatiga ega
UZ-C00666,UZ,train,NOT_RELEVANT,,"“ИҲТ давлатлари биргаликда ҳамжиҳат бўлиб ҳаракат қилиши, хавф-хатарларга қарши самарали ечимлар топиши муҳимдир” — Шавкат Мирзиёев Президент Иқтисодий ҳамкорлик ташкилотининг 16-саммитида нутқ сўзлади"
UZ-C00294,UZ,train,NOT_RELEVANT,,"Пўлат Бобожонов: Сайлов куни Ўзбекистон чегаралари ёпилгани йўқ «Дарё» мухбири сайловнинг тинч ва хавфсиз ўтишини таъминлаш мақсадида Ўзбекистоннинг қўшни мамлакатлар билан чегаралари ёпилдими, дея савол билан мурожаат қилди"
UZ-C00632,UZ,train,NOT_RELEVANT,,«Ўзбекистонда ҳавоси Тошкентникидан ҳам ифлосроқ шаҳарлар бор» – иқлимшунос олим «Пойтахт ҳавоси ифлосланиш бўйича республикда бешинчи ўринда туради» – дейди Эркин Абдулаҳатов
UZ-D03551,UZ,train,NOT_RELEVANT,,Tanqidga javob: «Boysun – Oqqapchig‘ay» sel yo‘lini tuzatish uchun 2 mlrd 170 mln so‘m ajratiladi Kun.uz saytida 2020 yilning 6 aprelida e'lon qilingan «Qumqo‘rg‘ondagi jar yamlayotgan qishloq: uylar vayron bo‘lishda davom etmoqda» sarlavhali maqola yuzasidan Qumqo‘rg‘on tumani hokimligi o‘z munosabatini taqdim etdi.
UZ-D00532,UZ,train,NOT_RELEVANT,,"«O‘zbekiston Afg‘oniston hukumati va toliblar o‘rtasida tinch muzokaralar uchun yangi imkoniyatlar yaratmoqchi» Forumning kutilayotgan ishtirokchilari orasida BMT Bosh kotibi Antoniu Guterrish, uning Afg‘oniston bo‘yicha maxsus vakili Tadamiti Yamamoto, Yevropa Ittifoqi, Xitoy, Rossiya, AQSh va boshqa ko‘plab davlatlar tashqi siyosat idoralari rahbarlari bor"
UZ-C00255,UZ,train,NOT_RELEVANT,,Ўзбекистонда бўш ер участкаларидан самарали фойдаланиш бўйича қарор қабул қилинди Аҳоли ва сайёҳлар учун барча қулайликларга эга туризм масканларини ташкил этишга қаратилган мастер-режалар ишлаб чиқиладиган туманлар ва шаҳарлар рўйхати тасдиқланди
UZ-C01489,UZ,train,NOT_RELEVANT,,"Atmosferaga chiqarilayotgan karbonat angidrid gazi, uglevodorodlar, uglerod va azot oksidi — havoni “bo‘g‘ayotgan” benzin Toshkent havosining ifloslanish darajasi dunyo bo‘yicha 1-o‘ringa chiqqaniga qum bo‘ronlari, qurilishlarning ortgani, zavodlardan chiqayotgan tutunlar kabi omillar sabab qilib ko‘rsatilmoqda. Bularning qatoriga benzin natijasida avtomobillardan chiqayotgan zararli moddalarni ham bemalol qo‘shish mumkin."
UZ-D03174,UZ,train,NOT_RELEVANT,,"Урганчда Жалолиддин Мангуберди мемориал боғи қурилади Давлати раҳбари 30 ноябрь куни Ал-Хоразмий ва Паҳлавон Маҳмуд кўчалари кесишмасидаги ушбу майдонга ташриф буюриб, қурилиш лойиҳалари билан танишди"
UZ-C01545,UZ,train,NOT_RELEVANT,,«Барселона» Месси билан музокараларга оид ҳужжатларни тарқатган нашрга қарши иш очмоқчи Нашр аргентиналик футболчининг 2020 йилда «кўк-анорранглилар» билан музокаралари тафсилотини эълон қилганди
UZ-C01439,UZ,train,NOT_RELEVANT,,"Узбекистан отправил гумпомощь пострадавшим от наводнения в Кыргызстане По поручению президента Узбекистана Шавката Мирзиёева в Кыргызстан направлена гуманитарная помощь, адресованная жителям Ошского и Баткенского районов, пострадавших от разрушительного селя, сообщает «Дунё»."
UZ-D03156,UZ,train,NOT_RELEVANT,,Peruda hukumat futbolga aralasha boshladi. 36 yil deganda mundialga chiqqan mamlakat JChdan chetda qolishi mumkin 1-dekabr kuni FIFA JCh—2018 uchun qur’a tashlash marosimini o‘tkazadi. Katta ehtimol bilan Peru masalasi ungacha hal etiladi
UZ-D04618,UZ,train,NOT_RELEVANT,,"Atigi ikki mahsulot kifoya: sarg‘aygan vannani oqartirishning eng samarali usuli Vannani tozalash uchun ko‘pchilik qimmatbaho kimyoviy vositalarni sotib oladi, lekin uni oddiygina usul bilan oqartirish mumkin"
UZ-C01375,UZ,train,NOT_RELEVANT,,Fermer xo‘jaligi 382 mln so‘mlik qum-shag‘al aralashmasini qazib olgani aniqlandi Qashqadaryo va Samarqand viloyatlarida foydali qazilmalarni o‘zboshimchalik bilan qazib olish holatlari fosh etildi.
UZ-D00448,UZ,train,NOT_RELEVANT,,"Хитой божхона маъмурияти делегацияси Тошкентга келди. Музокараларда Ўзбекистон юк ташувчиларининг Хитойга кириб-чиқишида қулайлик туғдириш муҳокама қилинди Шунингдек, божхона органлари учун кадрлар тайёрлаш ва ходимларнинг малакасини оширишда икки томонлама ҳамкорлик истиқболлари кўриб чиқилди"
UZ-C01208,UZ,train,NOT_RELEVANT,,FIFA Жаҳон чемпионати саралашида порлаётган Аббосбек Файзуллаевни эътироф этди Расмий сайт саралаш доирасидаги 6-тур учрашувида ишончли ўйнаган 6 футболчига эътибор қаратди
UZ-C01126,UZ,train,NOT_RELEVANT,,"Zelenskiy Putin bilan muzokaralar boshlash shartini e’lon qildi Zelenskiy, shuningdek, NATOga a’zo davlatlarni Ukrainaning harbiy alyansga qabul qilinish istiqboli bor yoki yo‘qligi bo‘yicha aniq javob berishga chaqirgan"
UZ-D05199,UZ,train,NOT_RELEVANT,,"В бизнес-центре Ташкента произошел пожар 19 июля в бизнес-центре Sigma, расположенном в Мирабадском районе Ташкента, произошел пожар"
UZ-C01920,UZ,train,NOT_RELEVANT,,“Украина атрофидаги вазиятни дипломатия ва музокаралар йўли билан ҳал этишга қаратилган амалий саъй-ҳаракатларни қўллаб-қувватлаймиз” — Шавкат Мирзиёев Ўзбекистон президенти Туркия президенти Ражаб Тоййиб Эрдўғоннинг бу борадаги муносиб ҳиссасини алоҳида эътироф этди
UZ-C02161,UZ,train,NOT_RELEVANT,,"JCh—2022 saralashi. Braziliya terma jamoasi 5 ta gol urib g‘alaba qozondi, Kolumbiyada ham yirik g‘alaba Firminodan dubl, Neymardan ikkita assist"
UZ-C01856,UZ,train,NOT_RELEVANT,,"Braziliyada BMTning iqlim bo‘yicha konferensiyasida yong‘in chiqdi (video) Olov devor va shiftga tezlikda tarqalgan, 13 kishi tutundan zaharlangan. Odamlar binodan evakuatsiya qilingach, yig‘ilish vaqtincha to‘xtatilgan."
UZ-D02593,UZ,train,NOT_RELEVANT,,"Ekologik mas'uliyat LUKOYL uchun ustuvor omildir LUKOYL xodimlarning va jamiyatning xavfsizligini va sog‘lig‘ini ta'minlash, tabiiy resurslardan oqilona foydalanish va ijobiy ekologik vaziyatni saqlash yo‘lida javobgarlik darajasini tushungan holda o‘z ishida sanoat xavfsizligi, mehnat va atrof-muhitni muhofaza qilish sohasidagi eng yuqori standartlarga asoslanadi."
UZ-D04631,UZ,train,NOT_RELEVANT,,"Yunker: Anqara o‘lim jazosini tiklagudek bo‘lsa, Turkiyaning Yevroittifoqqa kirishi yuzasidan muzokaralar to‘xtatiladi Turkiyada Yevroittifoq me’yorlariga mutanosib bo‘lish uchun 2004-yili o‘lim jazosini bekor qilingan. Mamlakatda 1984-yildan beri oliy jazo ijro etilmaydi"
UZ-D03858,UZ,train,NOT_RELEVANT,,"KXDRda Yaponiya bilan muzokaralar bo‘yicha maxsus guruh tuzilgan KXDR hukumati Yaponiya bilan muzokaralar olib borish masalasi bo‘yicha maxsus guruh tuzdi, deya xabar beradi «Kiodo» diplomatik doiralardagi manbalarga asoslanib."
UZ-D03757,UZ,train,NOT_RELEVANT,,"O‘zbekiston «Tolibon» bilan muzokaralar o‘tkazgan O‘zbekiston 27 mart kuni Toshkentda o‘tkazilgan Afg‘oniston bo‘yicha xalqaro konferensiyada erishilgan kelishuvlarga muvofiq, ushbu qo‘shni mamlakatdagi vaziyatni barqarorlashtirish, uni ijtimoiy-iqtisodiy rivojlantirishga ko‘maklashishga qaratilgan xatti-harakatlarini davom ettiradi."
UZ-C01207,UZ,train,NOT_RELEVANT,,Huawei компанияси Брюссель шаҳрида Ахборот хавфсизлиги марказини яратди Компания концепцияси — «Хавфсизлик ёки ҳеч нарса»
UZ-D04284,UZ,train,NOT_RELEVANT,,"Норуда материалларни қазиб олиш бўйича мораторий татбиқ этилган ҳудудларнинг чегаралари белгиланди Мораторий татбиқ этиладиган дарёлар ҳудуди чегараларига дарё ўзанлари, уларнинг соҳилбўйи минтақалари ва сувни муҳофаза қилиш зоналари киради"
UZ-D02814,UZ,train,NOT_RELEVANT,,“Ekologiya sohasida ixtisoslashgan sudlarni tashkil etish zarur” - ekopartiya O‘zbekiston Ekologik partiyasi ekologiya sohasidagi huquqbuzarliklar va jinoiy ishlar bo‘yicha ixtisoslashgan sudlarni tashkil etish tashabbusi bilan chiqdi.
UZ-D02180,UZ,train,NOT_RELEVANT,,"Avstraliyalik marafonchi Orol dengiziga yetib keldi Stokgolmdagi Global suv hamkorligi tashkiloti hamda BMTning Taraqqiyot dasturi hamkorligida o‘tkazilayotgan “Yuz marafon, Yuz kun, Bitta sabab: Suv” sport-targ‘ibot aksiyasi butun dunyo bo‘ylab o‘tkazilmoqda"
UZ-C01913,UZ,train,NOT_RELEVANT,,"Yevro—2024 saralashi. Portugaliya Ronalduning goli evaziga so‘nggi daqiqalarda g‘alabani ilib ketdi. Belgiyada yirik g‘alaba, Polsha esa yutqazib qo‘ydi (video) 4-tur doirasidagi qator uchrashuvlar yakunlandi"
UZ-C01366,UZ,train,NOT_RELEVANT,,"Koshta: Ukrainani YeIga qabul qilish bo‘yicha muzokaralar 2025 yilda boshlanadi Yevropa Kengashining yangi rahbari Ukrainaga Yevropa Ittifoqiga qo‘shilish bo‘yicha muzokaralarda tezkor o‘zgarishlar haqida va’da berdi. Shuningdek, u Kiyevga Rossiya aktivlari hisobidan milliardlab yevro ajratilishini ma’lum qildi."
UZ-D03756,UZ,train,NOT_RELEVANT,,XTV bu yilgi Xalqaro matematika olimpiadasi ishtirokchilari qay tarzda saralanishini ma'lum qildi Saralash imtihonlari avgust oyining ikkinchi o‘nkunligida masofaviy tarzda o‘tkaziladi. Ishtirokchilari Zoom platformasi orqali video kuzatuvda bo‘lishlari lozim.
UZ-D02919,UZ,train,NOT_RELEVANT,,Yevro—2016. Chempionlik uchun asosiy da’vogar sifatida qaralgan Germaniya Polshani mag‘lub eta olmadi 2-turdan keyin Germaniya va Polsha hisobida 4 tadan ochko bor. Ukrainani mag‘lub etishga muvaffaq bo‘lgan Shimoliy Irlandiya 3 ochko bilan 3-o‘rinda qayd etilgan
UZ-D00357,UZ,train,RELEVANT,POLICY,BMT iqlim konferensiyasida O‘zbekiston olgan majburiyat haqida ma’lumot berildi 13-18 noyabr kunlari Misrning Sharm al Shayx shahridagi COP27ʼda O‘zbekiston delegatsiyasi Senat raisi Tanzila Norboyeva rahbarligida ishtirok etgan.
UZ-D00241,UZ,train,NOT_RELEVANT,,"Aql bovar qilmas Shanxay: boshni aylantirib yuboruvchi manzaralar Butun dunyodagi minglab fotograflar Shanxaydagi hayot sur'ati, gorizont chizig‘i, millionlab chiroqlar va betakror dinamikadan ilhomlanib, uni suratga olishadi."
UZ-D00462,UZ,train,NOT_RELEVANT,,"Мирзиёев назвал конечную цель всех реформ Сегодня, 17 февраля, в ходе поездки в Бухарскую область президент Шавкат Мирзиёев провел встречу с руководителями кластеров."
UZ-D00533,UZ,train,NOT_RELEVANT,,"Pokiston Eron bo‘yicha muzokaralar uchun maydon taklif qildi AQSh va Eron rozi bo‘lgan taqdirda, Pokiston urushni tugatish bo‘yicha muzokaralar uchun mezbon davlat sifatida maydon taqdim etishga tayyor. Bu haqda Shahboz Sharif ma’lum qildi. Donald Tramp esa Vashington masalani “kerakli odamlar” bilan muhokama qilayotganini aytdi."
UZ-D04792,UZ,train,NOT_RELEVANT,,"В Минздраве Казахстана предложили приостановить возобновление авиасообщения Из-за ухудшения эпидемиологической ситуации в зарубежных странах министр здравоохранения Казахстана Алексей Цой на заседании правительства предложил приостановить возобновление дополнительных авиасообщений с другими странами, сообщает «Курсив»."
UZ-D03705,UZ,train,NOT_RELEVANT,,"Yunusobodning Chinobod ko‘chasidagi to‘qqiz qavatli uylarga “sel keldi”. So‘nggi uch kun ichida ikkinchi marta (video) “Muammoni bartaraf etish uchun butun boshli bir sutka bor edi. Mana, uylarimizga yana suv toshdi”"
UZ-D03613,UZ,train,NOT_RELEVANT,,Pavel Durov o‘zining Google bilan muzokaralari haqidagi mish-mishlar manbasini “past sifatli blog” deb atadi Durov messenjerni sotish haqida hech qachon muzokaralar olib bormagani va bunday muzokaralarni boshlash niyati ham yo‘qligini ma’lum qildi
UZ-C00208,UZ,train,NOT_RELEVANT,,Ҳарбий масалалардан экологик муаммоларгача: Хаяо Миязакининг тасаввурингизга сиғмайдиган воқеалар тасвирланган анимелари Режиссёрга оламшумул шуҳрат ва “Оскар” тақдим этган “Руҳлар олами” анимеси Япония кинопрокати тарихидаги энг юқори даромад келтирган мултфильм бўлган
UZ-D03439,UZ,train,NOT_RELEVANT,,Ўзбекистон тарихида илк бор Паратаэквондо бўйича Паралимпия ўйинларига йўлланма қўлга киритилди Гулжаной Наимова Токио—2020 Паралимпия ўйинларига йўлланма қўлга киритди
UZ-C02086,UZ,train,NOT_RELEVANT,,O‘zbekiston delegatsiyasi Vashingtonda muzokaralar o‘tkazdi Uchrashuvda bir qator muhim qo‘shma tadbirlarga tayyorgarlik masalalari muhokama qilindi
UZ-C01547,UZ,train,NOT_RELEVANT,,Что нам делать с нашей экологией? Мультфильм от Kun.uz Причины загрязнения воздуха и предлагаемые меры по улучшению ситуации (основано на данных официальных органов).
UZ-D00187,UZ,train,NOT_RELEVANT,,"Annular solar eclipse expected on June 10 On June 10, people in Uzbekistan will be able to witness the first unique astronomical phenomenon in 2021 – a solar eclipse. Astronomical Institute named after Ulugbek reports."
UZ-D01426,UZ,train,NOT_RELEVANT,,"Бағдодда рўй берган портлаш оқибатида 7 киши ҳалок бўлди, 28 киши яраланди Портлаш содир бўлган Искан туманида асосан шиалар истиқомат қилади"
UZ-C01156,UZ,train,NOT_RELEVANT,,"Peskov: “Rossiya tinchlik muzokaralariga tayyor, biroq Ukrainadan hech qanday taklif yo‘q” Avvalroq Mixail Podolyak Rossiya bilan muzokara o‘tkazish zarurligini aytib, harbiy mojaroni faqat Ukrainaning hududiy yaxlitligi va subyektivligi sharti bilan hal qilish mumkinligini ta’kidlagandi"
UZ-D05477,UZ,train,NOT_RELEVANT,,"Government allocated first 100 billion soums for population affected by the flood in Sardoba district Flooding after the dam breakthrough of the Sardoba reservoir in the Syrdarya region caused serious damage to residential settlements, real estate objects, social facilities and agricultural crops on the territory of Yurtdosh, Dustlik, Kurgontepa mahallas of the Sardoba district,"
UZ-C02062,UZ,train,NOT_RELEVANT,,"Бойсунда сел оқибатида яна нефть аралаш суюқлик сизиб чиқди Ҳандақ бузилиб, нефть аралаш суюқлик ташқарига оқиб чиққан. Мутасаддилар сизиб чиққан модданинг атроф-муҳитга таъсирини ўрганмоқда."
UZ-D01005,UZ,train,NOT_RELEVANT,,"Samarqand tumani tugatiladi. Oqdaryo, Past Darg‘om, Toyloq tumanlarining ma’muriy-hududiy chegaralari o‘zgaradi Shuningdek, qator tumanlarning ma’lum bir hududi Samarqand shahri tarkibiga kiritiladi"
UZ-D01865,UZ,train,NOT_RELEVANT,,2016 йилда фарзандли ва неварали бўлган ўзбек шоу-бизнеси вакиллари Севара Назархон ўз қизига Иман Анвар деб исм қўйди
UZ-D04739,UZ,train,NOT_RELEVANT,,"Пан Ги Мун Сеулни Шимолий Корея билан музокараларни тиклашга чақирди Пхеньян Сеулга бир неча бор музокараларни тиклашни таклиф этган, бироқ Жанубий Корея уларни ядровий қуролсизланишга қаратилган жиддий мақсад намойиши эмас деб ҳисоблаб, рад этиб келмоқда"
UZ-D00885,UZ,train,NOT_RELEVANT,,"Apple iPhone’ларни автомобиллардаги иқлим-назорат ва ўриндиқларни бошқаришга ўргатади Тизим автомобиль ичи ва ташқарисидаги ҳароратни ўлчашга, аудиотизим, ўриндиқлар электр узатмаларини бошқариш имкониятига эга бўлади"
UZ-C00863,UZ,train,NOT_RELEVANT,,"Buxoroda to‘rt yildan beri gazsiz yashayotgan nogironligi bor shaxsga OAV aralashuvi bilan bir kunda gaz berildi Kogon shahrida yashovchi 72 yoshli fuqaro Naim Saidovdan kelgan murojaatga ko‘ra, “Daryo” muxbiri muammoni o‘rganish uchun aytilgan manzilda bo‘ldi"
UZ-C00087,UZ,train,NOT_RELEVANT,,Экологик партия «ЦУМ» қаршисида «Истиқлол» мажмуасининг қурилишига муносабат билдирди Ушбу боғни сақлаб қолиш борасида жамоатчилик эшитувини ташкил этиш режалаштирилди
UZ-D05485,UZ,train,NOT_RELEVANT,,Ekologik partiyaga yangi rais saylandi O‘zbekiston Ekologik partiyasi markaziy kengashi ijroiya qo‘mitasi raisi saylandi. Bu haqda “Yuksalish” umummilliy harakati xabar bermoqda.
UZ-D03117,UZ,train,NOT_RELEVANT,,ЖЧ—2026 саралаши. Ўзбекистон қийин кечган ўйинда Қирғизистон устидан ғалабага эришди Сречко Катанес шогирдлари иккинчи баҳсда ҳам ғалаба қозонди
UZ-D05128,UZ,train,NOT_RELEVANT,,"Ichimlik suvi ta'minoti sohasida investitsiya loyihalarini saralash bo‘yicha yangi tartib joriy etiladi Ichimlik suvi va oqava suv tizimi modernizatsiya qilinadi, ushbu sohadagi investitsiya loyihalari samaradorligi oshiriladi."
UZ-C01200,UZ,train,NOT_RELEVANT,,"Оила ва хотин-қизлар давлат қўмитаси аралашуви билан бухоролик икки нафар аёл қамоқдан озод қилинди «Ҳар икки аёл ҳам улуғ айём — Рамазон ҳайити олди ўз оиласи бағрига қайтди», — дейди вилоят ҳокими ўринбосари, бошқарма бошлиғи Феруза Ибрагимова"
UZ-D05443,UZ,train,NOT_RELEVANT,,Shahrisabzda O‘zbekiston Ekologik partiyasining saylovoldi ommaviy tadbiri o‘tkazildi 2030-yilga qadar yirik shaharlarda yo‘lovchilarning velosipedda harakatlanish ulushini 20 foizga yetkazishni o‘z oldiga maqsad qilib qo‘ygani qayd etildi
UZ-D04105,UZ,train,NOT_RELEVANT,,Хитойда робот-стоматолог илк марта инсон аралашувисиз жарроҳлик амалиётини ўтказди Операция бир соат давом этди
UZ-D00508,UZ,train,NOT_RELEVANT,,"АҚШ Конгресси Украинани 1991 йилги чегараларига қайтаришни талаб қилувчи резолюция тайёрлади Ҳужжатда Украинанинг НАТОга қўшилиши, Россиянинг товон тўлаши ҳақида ҳам сўз юритилган"
UZ-D04251,UZ,train,NOT_RELEVANT,,Коронавируснинг ЖАРда топилган «омикрон» штамми Австралияга етиб борди. Исроил ўз чегараларини 2 ҳафтага ёпди Германияда ҳам «омикрон» штамми билан касалланиш бўйича иккита ҳолат тасдиқланган
UZ-D05391,UZ,train,NOT_RELEVANT,,O‘zbekiston JSTga a‘zo bo‘lish bo‘yicha Buyuk Britaniya bilan ikki tomonlama muzokaralarni yakunladi Buyuk Britaniya bozorga kirish bo‘yicha ikki tomonlama muzokaralar muvaffaqiyatli yakunlangan 24-davlat bo‘ldi
UZ-C00392,UZ,train,NOT_RELEVANT,,"Instagram: Неварали бўлган Ҳосила Раҳимова, тўйларини Самарқандда ўтказган Мадина Каримова ва Сардор Тўраев, фарзандини хорижда дунёга келтирадиган Муниса Ризаева Ижтимоий тармоқдаги қизиқарли фото ва видеолар"
UZ-C00408,UZ,train,NOT_RELEVANT,,"HAMAS zudlik bilan muzokaralarga tayyorligini bildirdi Trampning aytishicha, Isroil garovga olinganlarni ozod qilish bo‘yicha kelishuv tuzish shartlarini allaqachon qabul qilgan va HAMASdan ham ularni qabul etishni talab qilgan. Shundan so‘ng HAMAS muzokara stoliga o‘tirishga tayyor ekanini ma’lum qildi."
UZ-D04250,UZ,train,NOT_RELEVANT,,Dehqonobodda loyiha qiymati 66 mlrd so‘m bo‘lgan sel suv ombori foydalanishga topshirildi Sel suv ombori hajmi 20 million metr kubni tashkil qiladi
UZ-D05545,UZ,train,NOT_RELEVANT,,"ОАВ: Путин ва Трамп Россиянинг АҚШдаги сайловларга аралашуви атрофида 40 дақиқа тортишди Орадан 40 дақиқа ўтиб, Трамп Россия президентига бошқа масалаларга ўтиш вақти келганини айтган"
UZ-D00798,UZ,train,NOT_RELEVANT,,"Ўзбекистоннинг айрим ҳудудларидаги ёмғир аралаш кучли шамол туфайли электр таъминоти вақтинча ўчирилди Навоий, Бухоро ва Қашқадарё вилоятларида кузатилган электр таъминотининг фавқулодда ўчиш оқибатлари бартараф этилмоқда"
UZ-01114,UZ,train,NOT_RELEVANT,,Энергетика вазирлигининг атом энергиясидан фойдаланишдаги ваколатлари белгиланди Атом энергияси агентлиги соҳадаги ваколатли орган сифатида белгиланди. Энергетика вазирлиги атом электр станциялари ишлаб чиқаришини ҳисобга олиб энергия балансини шакллантириш ва давлат дастурларини ишлаб чиқишда иштирок этади.
UZ-01088,UZ,train,NOT_RELEVANT,,Ўзбекистонда 30 март куни аксарият ҳудудларда ёмғир ёғиши кутилмоқда Ҳафта бошида республиканинг тоғолди ва тоғли ҳудудларида сел-сув тошқини ҳодисалари юзага келиши мумкин.
UZ-00792,UZ,train,NOT_RELEVANT,,Samarqandda elektr va gaz ta’minoti korxonalarining 7 xodimi qamoqqa olindi Korrupsiyaviy jinoyatlarni sodir etganlikda ayblanayotgan xodimlar Bosh prokuror o‘rinbosari o‘tkazgan yig‘ilishda qo‘liga kishan taqilgan holda olib chiqib ketilgan. Yig‘ilish o‘tkazilganidan bir kun o‘tib jinoyat ishlari bo‘yicha Kattaqo‘rg‘on tumani sudi “Qoradaryo” elektr ta’minoti korxonasining 4 xodimiga nisbatan qamoqqa olish tarzidagi ehtiyot chorasini qo‘llash haqida ajrim chiqardi.
UZ-00675,UZ,train,NOT_RELEVANT,,"Mashhur filmlarda ko‘pchilik sezmagan xato va kamchiliklar Ekranda bir lahzada ko‘zdan g‘oyib bo‘lgan buyum, soch turmagi o‘zgarishi yoki mantiqsiz sahnalar — bular tomoshabinning diqqatidan qochmaydi."
UZ-01357,UZ,train,NOT_RELEVANT,,"Hafta davomida yomg‘irli havo bo‘lishi kutilmoqda O‘zbekistonda ish haftasi davomida nam havo kuzatiladi. Aksariyat hududlarda vaqti-vaqti bilan yomg‘ir yog‘adi, shimolda qorga aylanadi. Harorat kunduz kunlari +8…+17, kechalari +3…+10 daraja atrofida o‘zgarib turadi."
UZ-00131,UZ,train,NOT_RELEVANT,,"Italiyada sud tizimi islohoti bo‘yicha hal qiluvchi referendum o‘tmoqda Italiyada sud va tergov tizimini isloh qilish tashabbusini bosh vazir Jorja Meloni ilgari surmoqda. ANSA agentligi xabar berishicha, ovoz berish uchastkalari 22 va 23 mart kunlari ochiq bo‘ladi. Tanqidchilarning fikricha, bu o‘zgarishlar tizimni siyosiylashtirib yuborishi mumkin."
UZ-01167,UZ,train,NOT_RELEVANT,,"Azerbaijan Airlines приостановила полеты из Баку в Казань Авиакомпания Azerbaijan Airlines (AZAL) приостановила рейсы из Баку в Казань для обеспечения безопасности полетов, сообщает пресс-служба авиаперевозчика."
UZ-00370,UZ,train,NOT_RELEVANT,,"Volkswagen 100 mingtagacha xodimni qisqartirishi va Germaniyadagi 4 ta zavodini yopishi mumkin Kompaniya Xitoy avtomobil ishlab chiqaruvchilari bilan kuchli raqobat, AQSH boj tariflari va Yevropada talabning pasayishi fonida xarajatlarni keskin qisqartirishni rejalashtirmoqda."
UZ-00134,UZ,train,NOT_RELEVANT,,«Chelsi» bosh murabbiy Enso Mareskani iste’foga chiqardi Jamoa oxirgi 9 o‘yinda atigi 2 ta g‘alabaga erishdi.
UZ-01271,UZ,train,NOT_RELEVANT,,Иран наносит ответные удары по американским базам на Ближнем Востоке Иран наносит ответные удары по нескольким американским военным объектам на Ближнем Востоке. Об этом сообщил телеканал NBC со ссылкой на неназванного представителя властей США.
UZ-00627,UZ,train,NOT_RELEVANT,,Тошкентда автобус босиб кетиши оқибатида пиёда ҳалок бўлди “Қўйлиқ” автошоҳбекатида орқага ҳаракатланган Yutong электробуси 35 ёшли пиёдани босиб кетган.
UZ-00611,UZ,train,NOT_RELEVANT,,Ipoteka bank OTP Group’ning 2026-yilning I choragi bo‘yicha MHXSga muvofiq moliyaviy natijalari Jahon va O'zbekistonning eng so'nggi yangiliklar
UZ-01390,UZ,train,NOT_RELEVANT,,“Бу жанг барибир ташкил этилади” — мураббий Топурия ва Махачев тўқнашуви ҳақида Ҳар икки жангчи UFC’нинг иккита вазн тоифасида чемпионлик камарини қўлга киритган.
UZ-00714,UZ,train,NOT_RELEVANT,,Qoraqalpog‘iston va Toshkentda qalbaki dollar o‘tkazmoqchi bo‘lganlar ushlandi Bosh prokuratura huzuridagi Departament va huquqni muhofaza qiluvchi organlar hamkorligida o‘tkazilgan tezkor tadbirlar davomida Qoraqalpog‘iston Respublikasi hamda Toshkent shahrida qalbaki AQSh dollarlarini o‘tkazmoqchi bo‘lgan bir qator shaxslar ushlangan.
UZ-00034,UZ,train,NOT_RELEVANT,,"«Yashil oila»ga elektromobil, «yashil mahalla»ga 500 million so‘m – ekologik turmush targ‘iboti 2025 yilda sog‘lom ovqatlanish, yurish va velosipedda harakatlanish, plastik ishlatish va isrofgarchilikni kamaytirish kabi ekologik turmush tarzi targ‘ibotlari ko‘paytiriladi. «Yashil oila» maqomidagi oilalarga ochiq tanlov orqali 14 ta elektromobil berilishi reja qilingan. AKT va Ekologiya vazirligi 1 iyunga qadar tegishli platformani ishga tushirishi kerak."
UZ-01468,UZ,train,NOT_RELEVANT,,"GoldVisionGroup kompaniyasi ""Gold Vision Academy"" loyihasini boshladi O‘zbekistondagi eng yirik konsertlar, turli tomoshalar va boshqa tadbirlarda sifatli va unutilmas tarzda tasvirga muhrlash ishlari bilan tanilgan GoldVisionGroup kompaniyasi o‘z faoliyatini boshlaganiga 27 yil to‘ldi. Shu munosabat bilan kompaniya yangi ta’lim loyihasini boshladi."
UZ-00480,UZ,train,NOT_RELEVANT,,"“2000 долларлик тўй хизмати нархи энди 2500 доллар бўлади”. Юлдуз Усмонованинг турмуш ўртоғи солиқ ошиши ва концерт учун 2 млрд сўмдан ортиқ пул сарфлангани ҳақида “Юлдуз Усмонова солиқ тўламайдиган одам эмас. Солиқдан ҳеч ким қоча олмайди”, дейди Мансур Агалиев."
UZ-00771,UZ,train,NOT_RELEVANT,,Неймар фаолиятини якунлаши мумкин — манба Бразилия терма жамоаси ҳамда “Сантос” клуби ҳужумчиси профессионал футбол билан хайрлашиш вақти яқинлашаётганига шама қилди.
UZ-01306,UZ,train,NOT_RELEVANT,,Италияда қидирувдаги машҳур мафиа бошлиғи ушланди Унинг оиласи Неаполда контрабанда ва наркотик савдосининг катта қисмини назорат қилган. Роберто Маззарелла одам ўлдиришда айбланган. У рафиқаси ва икки боласи билан турган ҳашаматли виллада қўлга олинган.
UZ-00900,UZ,train,NOT_RELEVANT,,Rasman. “Tottenhem” yangi murabbiy nomini e’lon qildi “Shporlar” “Yuventus” sobiq ustozi Igor Tudor bilan mavsum oxiriga qadar amal qiladigan shartnoma imzoladi.
UZ-00740,UZ,train,NOT_RELEVANT,,Javohir Sindorov: “Butun O‘zbekiston turnirni kuzatayotganini va qo‘llab-quvvatlayotganini his qildim” Kiprda o‘tayotgan Nomzodlar turnirida muddatidan avval g‘oliblikni naqd qilgan o‘zbekistonlik grossmeyster Javohir Sindorov g‘alabadan keyingi fikrlari bilan o‘rtoqlashdi.
UZ-01050,UZ,train,NOT_RELEVANT,,ЕС приостановил санкции против Сирии в сферах энергетики и транспорта Евросоюз приостановил санкции против Сирии в сферах энергетики и транспорта после ухода президента Башара Асада.
UZ-00413,UZ,train,NOT_RELEVANT,,"Bayden o‘z oilasining besh nafar a’zosini afv etdi Jo Baydenning prezidentlik lavozimidagi oxirgi qarori oila a’zolarini afv etish bo‘ldi. Uning ta’kidlashicha, oilasi muntazam ravishda hujum va tahdidlarga uchrab kelgan."
UZ-00736,UZ,train,NOT_RELEVANT,,Законопроект о добровольном запрете на получение кредитов направлен в Сенат Законодательная палата Олий Мажлиса на заседании 14 января приняла в третьем чтении законопроект о добровольном запрете на получение кредитов.
UZ-01234,UZ,train,NOT_RELEVANT,,Ўзбекистон декабрда ЖСТга аъзоликни расмийлаштириш босқичига ўтади — президент фармони Йил давомида мамлакат қонунчилигини ташкилот талабларига мослаштириш ишлари якунланади. Қатор соҳаларга оид янги қонунлар қабул қилинади.
UZ-00725,UZ,train,NOT_RELEVANT,,ЖЧ-2026. Германия терма жамоаси базасидан заҳарли илон чиқди Аввалроқ Англия терма жамоаси базасига ўғри тушгани хабар берилганди.
UZ-01086,UZ,train,NOT_RELEVANT,,"Tramp Kiyevga Ukrainadagi AESni AQSh nazorati ostiga olishni taklif qildi Atom elektr stansiyalarini AQSh egaligiga o‘tkazish Ukraina energetika infratuzilmasi uchun eng yaxshi himoya bo‘ladi, dedi Tramp Zelenskiyga. Ukraina rahbari Kiyev energetika infratuzilmasiga hujumlarni to‘xtatishga roziligini ta’kidladi."
UZ-01435,UZ,train,NOT_RELEVANT,,"Sayyor tekshiruv o‘tkazishda soliq organlarining huquqlari kengaytirildi Vazirlar Mahkamasining ""O‘zbekiston hukumatining ayrim qarorlariga o‘zgartirish va qo‘shimchalar kiritish to‘g‘risida""gi qarori qabul qilindi."
UZ-01008,UZ,train,NOT_RELEVANT,,"Ўзбекистонда ҳарорат 30 даражагача кўтарилади Прогнозларга кўра, чоршанба ёғингарчиликсиз ўтади. Айрим жойларда чанг-тўзон кузатилиши мумкин."
UZ-00732,UZ,train,NOT_RELEVANT,,"Ўзбекистон олимлари экологик тоза плёнка ишлаб чиқариш йўлини топди Ушбу маҳсулот маҳаллий ўсимликларнинг сувда эрувчи полисахаридлари асосида тайёрланади. У тупроқ ва сув муҳитида осон парчаланиб, атроф-муҳитга зарар етказмайди."
UZ-00751,UZ,train,NOT_RELEVANT,,Дунёнинг энг кўп ҳақ тўланувчи моделлари топ-3 талиги Бразилиялик машҳур модел Жизел Бюндхен подиумдаги фаолиятини расман якунлаганига бир неча йил бўлган. Бироқ бу унинг ҳамон дунёнинг энг бой моделлари рўйхатида юқори ўринларни банд этишига асло халақит бермайди.
UZ-00179,UZ,train,NOT_RELEVANT,,Farmatsevtik inspeksiya xizmatlari uchun to‘lovlar tartibi belgilanadi «Zarur amaliyotlar» talablariga muvofiqlikni baholash bo‘yicha farmatsevtik inspeksiya xizmatlari uchun to‘lovlar miqdorini aniqlash tartibini belgilaydigan vaqtinchalik nizom joriy etiladi.
UZ-00816,UZ,train,NOT_RELEVANT,,"Сурхондарё вилояти ҳокимига янги ўринбосар тайинланди Ойбек Ашуров вилоят раҳбарининг Ёшлар сиёсати, ижтимоий ривожлантириш ва маънавий-маърифий ишлар бўйича ўринбосари лавозимини эгаллади. У бунга қадар ҳокимлик Ижро аппаратида раҳбар бўлган."
UZ-01496,UZ,train,NOT_RELEVANT,,Dunyodagi eng qimmat Lamborghini avtomobili sotildi Muzeyda saqlanayotgan Lamborghini Egoista rekord qiymatga sotildi. Uning xaridori o‘zini oshkor qilmadi.
UZ-00731,UZ,train,NOT_RELEVANT,,Yozgi ta’til boshlanishidan oldin bolalarda o‘tkazish kerak bo‘lgan 5 ta muhim tekshiruv Bolaga yozgi oromgohni tanlashdan avval ta’til vaqtida bir nechta mutaxassislar ko‘rigidan o‘tkazish haqida o‘ylash zarur.
UZ-00916,UZ,train,NOT_RELEVANT,,"Движение через пункт пропуска «Атамекен» на границе с Казахстаном возобновлено В Сырдарьинской области после завершения строительных работ на сопредельной стороне возобновлено движение граждан и легковых автомобилей через пункт пропуска «Атамекен» на границе Узбекистана и Казахстана. Для пересекающих границу упрощены процедуры контроля, что должно ускорить прохождение пункта."
UZ-00153,UZ,train,NOT_RELEVANT,,"Yaponiyada Sanae Takaichi qayta bosh vazir etib saylandi Hukmron Liberal-demokratik partiya yetakchisi parlamentdagi ovoz berish natijalariga ko‘ra rasman 105-bosh vazir etib saylandi. Shu tariqa, bir necha oy avval hukumat tepasiga kelgan Takaichi o‘z vakolatlarini qayta tasdiqladi va yangi kabinetni shakllantirishga kirishdi."
UZ-00237,UZ,train,NOT_RELEVANT,,"“Ta’limni ovqatlanish narxida olish mumkinligini isbotladik” – Google, Amazon, Facebook tajribasida o‘qitayotgan o‘zbek dasturchisi Azim Po‘lat – Google'da dasturchi injiner. Google'gacha Amazon va Facebook kompaniyalarida dasturchi sifatida ishlagan. Dasturlashda 7 yillik tajribaga ega. “Dasturlashni 42 kunda o‘rganish” g‘oyasi ostidagi “42.uz” loyihasi asoschisi. Jamiyatimizga texnologik yechimlar bilan birgalikda innovativ o‘gatish tizimini ham joriy qilmoqchi"
UZ-00959,UZ,train,NOT_RELEVANT,,Ozarboyjonda «Qonli yanvar» voqealariga 35 yil to‘ldi Ozarboyjon xalqiga qarshi amalga oshirilgan 20 yanvar fojiasidan 35 yil o‘tdi. Tarixda «Qonli yanvar» nomi bilan muhrlangan bu voqea ozarboyjon xalqining erkinlik orzusi va intilishlarini bostirish maqsadida amalga oshirilgan eng og‘ir jinoyatlardan biri sifatida qolgan.
UZ-00430,UZ,train,NOT_RELEVANT,,"O‘zbekistondagi ikkita universitetga yangi rektorlar tayinlandi Hukumat qarori bilan Feruza Madrahimova Urganch davlat pedagogika institutiga, Rustambek Tojiyev esa Fargʻona davlat texnika universitetiga rektor etib tayinlandi."
UZ-00276,UZ,train,NOT_RELEVANT,,UFC yulduzi chempionlik kamarini yo‘qotib qo‘ydi Yarim og‘ir vazn toifasining yangi chempioni Karlos Ulberg UFC 327 turniridagi g‘alabasini nishonlash uchun ziyofatlarga berilib ketgani sabab kamarni qayerda qoldirganini eslay olmayapti.
UZ-00519,UZ,train,NOT_RELEVANT,,"Trilogiya, revansh va yuqori vaznga hujum: Bivol kimga qarshi jang qiladi Professional boksning yarim og‘ir vazn toifasida mutlaq Jahon chempioni Dmitriy Bivolning menejeri kelajak rejalari haqida ma’lumot berdi."
UZ-01400,UZ,train,NOT_RELEVANT,,Ka’ba atrofida rasmga tushish taqiqlandimi? Ijtimoiy tarmoqlarda Ka’ba atrofida suratga olish taqiqlangani haqida xabarlar tarqaldi.
UZ-00050,UZ,train,NOT_RELEVANT,,"Toshkentda ekologik vaziyatni barqarorlashtirish maqsadida BMTning Atrof-muhit bo‘yicha dasturi hamkorligida konsepsiyasi ishlab chiqilmoqda — Ekoqo‘mita Toshkent, Samarqand va Termiz shaharlari havosining ifloslanish darajasini o‘rganish bo‘yicha qiymati 5 million dollarlik takliflar ishlab chiqilgan."
UZ-00988,UZ,train,NOT_RELEVANT,,"Uzbekistan to conduct exploration of promising uranium deposits in Mongolia Uzbekistan plans to begin geological exploration of promising uranium deposits in Mongolia, with the two sides expected to sign a strategic agreement and conclude a service contract in April."
UZ-00208,UZ,train,NOT_RELEVANT,,Jeff Bezosning New Glenn raketasi sinov vaqti portlab ketdi (video) Portlash sababli uchirish maydonchasi va atrofdagi uskunalarga jiddiy zarar yetgan. Raketani ishlab chiqishga milliardlab dollar va o‘n yilga yaqin vaqt sarflangandi.
UZ-01221,UZ,train,NOT_RELEVANT,,"“Дронларни ёқиб юборади”: Лукашенко Беларусьнинг янги қуролини мақтади Беларусь президенти дронларни 1,5 километр масофадан йўқ қила оладиган лазер ишлаб чиқилганини айтди. У ҳеч бир давлат дронларга қарши 100 фоиз кураша олмаслигини таъкидлади."
UZ-00377,UZ,train,NOT_RELEVANT,,Mojtaba Xomanaiy AQSH bilan muzokaralarga rozi bo‘ldi — Isroil OAV Tashqi ishlar vaziri Abbos Aroqchi amerikalik elchiga rahnamoning tasdig‘ini yetkazgani aytilmoqda.
UZ-00997,UZ,train,NOT_RELEVANT,,"HAMAS Isroilni tinchlik sulhini buzishda aybladi HAMAS guruhiga ko‘ra, Isroil tomoni G‘azo sektorining shimoliy qismida yashovchi aholining uyiga qaytishiga to‘sqinlik qilmoqda. Shu bois garovdagi isroilliklarni ozod etish jarayoni bekor qilinadi."
UZ-01399,UZ,train,NOT_RELEVANT,,Туркия Суперлигаси. “Башакшеҳир” сафарда дуранг ўйнади. Шомуродовнинг голсиз серияси 6 та ўйинга етди Истанбул клубининг яна бир ўзбекистонлик аъзоси Аббосбек Файзуллаев эса ушбу учрашув қайдномасига киритилмади.
UZ-01160,UZ,train,NOT_RELEVANT,,O‘zbekiston va Iordaniya dippasport egalari uchun vizasiz kirish to‘g‘risida kelishuv imzoladi Ammonda O‘zbekiston va Iordaniya o‘rtasida diplomatik pasport egalari uchun vizasiz kirish to‘g‘risidagi kelishuv va 2025-2027 yillarga mo‘ljallangan qo‘shma hamkorlik dasturi imzolandi.
UZ-01304,UZ,train,NOT_RELEVANT,,"Bosh kotib Mark Ryutte NATOni Ukrainadagi urush yo‘nalishini o‘zgartirishga chaqirdi Putinning Ukrainadagi g‘alabasi alyansning o‘z dushmanlarini to‘xtatib turish qobiliyatiga putur yetkazadi, deya ogohlantirdi Ryutte. Agar Ukraina yutqazsa, bu NATOga trillionlarga tushadi, deb hisoblaydi u."
UZ-01405,UZ,train,NOT_RELEVANT,,"Kia 2025 yil natijalarini sarhisob qildi va O‘zbekistonda 2026 yilga mo‘ljallangan rivojlanish strategiyasini belgilab berdi 2026 yil 13 fevral kuni InterContinental Tashkent mehmonxonasining konferensiyalar zalida O‘zbekistonning barcha hududlaridan brend dilerlari, bosh qarorgoh vakillari, xalqaro hamkorlar va Kia Uzbekistan jamoasini birlashtirgan Kia Dealer Conference 2026 yillik dilerlik konferensiyasi o‘tkazildi."
UZ-00573,UZ,train,NOT_RELEVANT,,"Migration Agency announces 200 job vacancies for truck drivers in Japan The Migration Agency of Uzbekistan, in collaboration with the Japanese company Proud Partners, has announced a recruitment drive for 200 delivery driver positions in Japan. The program offers competitive salaries and comprehensive support for successful candidates."
UZ-00778,UZ,train,NOT_RELEVANT,,"2024 yilda mansabdor shaxslarning jinoyat sodir etish holatlari keskin ko‘paydi 2023 yilda 3575 nafar mansabdor shaxs jinoiy javobgarlikka tortilgan bo‘lsa, 2024 yilda ularning soni 4 906 nafarga yetgan."
UZ-01124,UZ,train,NOT_RELEVANT,,"Farg‘ona va Samarqandda rezina-plastmassa ishlab chiqarish 1 trln so‘mdan oshdi Milliy statistika qo‘mitasi ma’lumotlariga ko‘ra, 2025 yilning yanvar–noyabr oylarida O‘zbekistonda yirik korxonalar tomonidan qiymati 18,5 trln so‘mlik rezina va plastmassa buyumlar ishlab chiqarilgan. Ushbu ko‘rsatkich 2024 yilning mos davriga nisbatan 16,1 foizga oshgan."
UZ-00779,UZ,train,NOT_RELEVANT,,Uzbekistan repatriates two children left without parental care in Russia Two children left without parental care in Russia have been repatriated to Uzbekistan with the assistance of the Temporary Detention Center for Juvenile Offenders in Moscow. They were placed in the center following a police raid.
UZ-01300,UZ,train,NOT_RELEVANT,,"Xalq bankining xalqaro reytinglari koʻtarildi Dunyoning eng nufuzli reyting agentliklari – Moody’s va Fitch Xalq bankining moliyaviy barqarorlik reytinglarini yaxshiladi. Bu bank tarixidagi muhim ijobiy oʻzgarishlardan biridir. Xoʻsh, yangi koʻrsatkichlar nimasi bilan ahamiyatli?"
UZ-00635,UZ,train,NOT_RELEVANT,,Теннисда навбатдаги легионер — украиналик 17 ёшли теннисчи Ўзбекистон шарафини ҳимоя қилади Айни вақтда Белозерцев ATP рейтингида 776-ўринни эгаллаб турибди. Унинг ҳисобида 36 очко мавжуд.
UZ-00727,UZ,train,NOT_RELEVANT,,"“Dunyoda rahbarlar tanqis, ammo O‘zbekistonda buyuk yetakchi bor” — Gruziya bosh vaziri Irakliy Kobaxidze Shavkat Mirziyoyevning Gruziyaga davlat tashrifi yakunlari, ikki davlat o‘rtasidagi strategik sheriklik hamda prezident haqidagi fikrlari bilan o‘rtoqlashdi."
UZ-01484,UZ,train,NOT_RELEVANT,,"В Ташобласти не выявлено превышения норм загрязнения воздуха – Минэкологии Управление экологии Ташкентской области совместно с прокуратурой провело исследование в Зангиатинском, Кибрайском и Ташкентском районах для выявления превышения норм выбросов загрязняющих веществ в атмосферу. Об этом сообщает пресс-служба Минэкологии."
UZ-01146,UZ,train,NOT_RELEVANT,,"Шотландияда эркак масжид атрофидагиларга болта билан ҳужум қилди Жабрланганларнинг бир қисми мусулмонлар бўлиб, ҳужум ксенофобия замирида содир этилган деб ҳисобланмоқда."
UZ-00096,UZ,train,NOT_RELEVANT,,O‘zbekistonda 21 yoshdan keyin nikoh qurgan yosh oilalarga imtiyozlar berish tartibi belgilandi 2027-yildan boshlab har ikkala taraf kamida 21 yoshga to‘lgan va ilk bor nikohdan o‘tayotgan yosh oilalarga davlat tomonidan qo‘shimcha imtiyozlar taqdim etiladi.
UZ-00976,UZ,train,NOT_RELEVANT,,"2024 yilda havo transporti va temiryo‘l orqali jo‘natilgan yo‘lovchilar soni ma’lum qilindi O‘tgan yilda havo transportida tashilgan yo‘lovchilar soni 781 ming nafarga, temiryo‘lda tashilgan yo‘lovchilar soni 177,1 ming nafarga oshgan."
UZ-01148,UZ,train,NOT_RELEVANT,,"Kreml Trampning Putin bilan suhbati haqidagi so‘zlariga izoh berdi Telefon suhbati na tasdiqlandi, na inkor etildi."
UZ-00351,UZ,train,NOT_RELEVANT,,Хоманаийнинг жанозасида Трампни ўлдиришга чақириқлар янгради Жаноза олдидан сўзга чиққан шоир “бундан буён кафан бизнинг либосимиз” деб атади. У АҚШ раҳбарини ўлдириш зиммаларидаги вазифа эканини таъкидлади.
UZ-00845,UZ,train,NOT_RELEVANT,,"15 davlat Navalniyning o‘limini tergov qilishni talab etmoqda 15 davlat fikricha, Aleksey Navalniy o‘limi uchun javobgarlik “faqat Rossiya hokimiyati zimmasida”. Ular muxolifatchi siyosatchining halok bo‘lish holatlarini sinchkovlik bilan tergov qilishga chaqirdi."
UZ-01310,UZ,train,NOT_RELEVANT,,Москвада ЙПХ автомобили портлатилди (видео) Портловчи қурилмани ишга туширган номаълум шахс ҳам ҳодиса жойида ҳалок бўлди. Россия ички ишлар вазири воқеа жойига етиб борган.
UZ-00220,UZ,train,NOT_RELEVANT,,"Ўзбекистонда аёллар сони бўйича қайси вилоят етакчи? Мамлакатда 2026 йил январь ойига кўра, 19 миллионга яқин аёллар истиқомат қилмоқда. Улар доимий аҳолининг 49,6 фоизини ташкил этади."
UZ-01117,UZ,train,NOT_RELEVANT,,"Yaponiya hukumati Xitoy bilan bog‘liq kiberhujumlardan xavotirini bildirdi Xitoy tomonidan qo‘llab-quvvatlangan MirrorFace hakerlik guruhi Yaponiya milliy xavfsizligi va ilg‘or texnologiyalariga oid ma’lumotlarni qo‘lga kiritishga uringan. Ular asosan TIV, Mudofaa vazirligi, Kosmik agentlikka kiberhujumlar uyushtirgan."
UZ-00847,UZ,train,NOT_RELEVANT,,"Saudiyada AQShning razvedkachi samolyoti yo‘q qilindi Eron droni 27 mart kuni Saudiya Arabistonidagi aviabazaga bergan zarbasi oqibatida bir necha samolyot shikastlangan, xususan, E-3 Sentry rusumli radar o‘rnatilgan samolyot yaroqsiz holatga kelgan."
UZ-01439,UZ,train,NOT_RELEVANT,,НАТО Эстония ҳудудида илк бор дрон уриб туширди Аппарат Украинага тегишли экани тахмин қилинмоқда.
UZ-01407,UZ,train,NOT_RELEVANT,,“Trampga bo‘lgan nafratingiz ko‘zingizni ko‘r qilgan”: Pit Hegset demokratlar bilan janjallashdi AQSH urush vaziri Eronga qarshi harbiy harakatlar bo‘yicha savollarga javob berdi. U olti soatlik tinglovlarda demokrat qonunchilar bilan bahslashdi.
UZ-00180,UZ,train,NOT_RELEVANT,,O‘zbekistonda suveren islom obligatsiyalari — sukuk dasturini amalga oshirish boshlanadi Xalqaro kliring kompaniyalarning faoliyatiga ham keng imkoniyatlar ochiladi. Bular korxonalarga kelgusida kamida 10 mlrd dollar qo‘shimcha kapital olib kelish uchun katta turtki beradi.
UZ-00058,UZ,train,NOT_RELEVANT,,OKMK ekologik talablarni buzgani uchun 48 mlrd so‘m kompensatsiya to‘laydi Tekshiruvlarda xavfli chiqindilarni noqonuniy saqlash va oqova suvlarni yetarli darajada tozalamasdan daryoga oqizish holatlari aniqlangan. Korxonaga kamchiliklarni bartaraf etish bo‘yicha majburiy ko‘rsatmalar berildi.
UZ-01178,UZ,train,NOT_RELEVANT,,Shotlandiyada Garri Potter filmidagi “Xogvarts-ekspress” yo‘nalishi bankrotlik yoqasiga keldi Lokomotivga egalik qiluvchi kompaniya muammolarni hal qilish yo‘llarini izlamoqda.
UZ-00945,UZ,train,NOT_RELEVANT,,"Африка давлати собиқ мустамлакачиси Франция билан дипломатик алоқаларни узди Ҳукумат Парижни “неомустамлакачилик амбициялари”да айблади. Алоқа вазири икки давлат ўртасида ўзаро ҳурмат, ишонч ва бир-бирининг ички ишларига аралашмаслик каби муҳим шартлар йўқолганини айтди."
UZ-01009,UZ,train,NOT_RELEVANT,,"Sog‘liqni saqlash vaziri korrupsiyaning oldini olish bo‘yicha jamoatchilikka murojaat qildi Tibbiyotdagi korrupsion holatlar bo‘yicha vazirlikning 1203 qisqa raqamli «Ishonch telefoni» hamda info@ssv.uz elektron pochta manzili orqali murojaat qilish mumkin. Vazir murojaatlar maxfiyligi ta’minlanishi va ular tezkor o‘rganilib, zarur choralar ko‘rilishini ma’lum qildi."
UZ-01251,UZ,train,NOT_RELEVANT,,"Наманганда 500 дан ортиқ болаларга 200 доллардан ҳайитлик пули ажратилди Маблағлар президент қарори асосида ажратилган бўлиб, республика бўйича етим ва ота-она қарамоғидан маҳрум бўлган болаларнинг омонат ҳисобварақларига ўтказиб берилмоқда."
UZ-00981,UZ,train,NOT_RELEVANT,,World Bank approves $200 million to modernize Uzbekistan’s transport infrastructure The World Bank’s Board of Executive Directors has approved a $200 million financing package to support the modernization of Uzbekistan’s transport infrastructure and the implementation of institutional reforms. The five-year project aims to enhance regional connectivity in the Surkhandarya region and improve the efficiency of the country's rail and road sectors.
UZ-00775,UZ,train,NOT_RELEVANT,,"Olmaotada «Lazgi. Muhabbat va qalb raqsi» o‘zbek baleti namoyish etildi Spektakl namoyishi Abay nomidagi Qozog‘iston milliy opera va balet teatrida bo‘lib o‘tdi. Bunga qadar ushbu balet London, Dubay, Istanbul, Dortmund, Parij kabi shaharlarda ham namoyish etilgan."
UZ-01347,UZ,train,NOT_RELEVANT,,Тошкентда кредит ажратиб бериш учун 10 минг доллар талаб қилган банк эксперти қўлга олинди У ўзининг танишлари орқали Самарқанддаги банкдан мазкур МЧЖга 1 млрд 250 млн сўм миқдорида кредит олиб беришни ваъда қилган.
UZ-00002,UZ,train,NOT_RELEVANT,,Ekologik stikerni endi onlayn olish mumkin Ekologik toifasi aniqlangan avtotransport vositasi uchun ekologik stikerni masofadan - Yagona interaktiv davlat xizmatlari portali (my.gov.uz) orqali rasmiylashtirish imkoniyati yaratildi. Stiker 10 kun ichida pochta orqali manzilga yetkazib beriladi.
UZ-00487,UZ,train,NOT_RELEVANT,,“Shunchaki to‘p ortidan quvib yurishga tayyor edik” — Garet Beyl “Barselona”ga qarshi uchrashuvlar haqida “Real Madrid” va Uels terma jamoasining sobiq futbolchisi faoliyatidagi eng og‘ir uchrashuvlar haqida fikr bildirdi.
UZ-00092,UZ,train,NOT_RELEVANT,,Туркиянинг машҳур “Қора ният” сериали янги талқинда экранларга қайтмоқда Янгиланган кўп қисмли сериал жорий йилнинг куз фаслида томошабинларга тақдим этилиши режалаштирилган.
UZ-00346,UZ,train,NOT_RELEVANT,,"Имом ал-Бухорий мақбарасини зиёрат қилган ва ёлғизликда вафот этган доҳий — Сукарно ким эди? Уни Индонезияда ҳануз “Миллат отаси” деб аташади. Мухолифлари эса мамлакатни иқтисодий фалокат сари етаклаган диктатор сифатида эслайди. 6 июнь — Индонезиянинг биринчи президенти Сукарнонинг таваллуд топган куни. “Дарё” шу сана муносабати билан сиёсий арбобнинг ғалабалари, хатолари ва баҳс-мунозараларга бой меросига назар ташлайди."
UZ-00528,UZ,train,NOT_RELEVANT,,"Испания бош вазирининг рафиқасига хорижга чиқиш тақиқланди Педро Санчеснинг рафиқасига коррупция иши бўйича қатъий чекловлар киритилди. Бегоня Гомес паспортини топшириб, ойига икки марта ҳуқуқ-тартибот органларига келиб туради."
UZ-01500,UZ,train,NOT_RELEVANT,,"Prezidentning IIVga e’tirozi, energetik mustaqillik va o‘pirilgan yo‘l - hafta dayjesti Qoidabuzarlar Toshkentda 222 km/soat tezlikda mashina haydadi: buning uchun jinoiy jazo bo‘lishi kerak. Jahon savdo tashkilotiga a’zolik kechikishi mumkin: hukumat 8 yilgacha imtiyozli davr so‘rayapti. Gaz masalasi siyosiy kun tartibida: energetik mustaqillikni maksimal ta’minlash vazifasi qo‘yildi. Davlatga nisbatan ishonch masalasi: prezident internetda video chiqmaguncha qimirlamaydigan mas’ullarni tanqid qildi."
UZ-00785,UZ,train,NOT_RELEVANT,,Америкалик актриса Женна Ортега антиутопик ва сюрреалистик фильмда бош ролни ижро этади Актриса ўзига хос услуби билан танилган француз режиссёри Леос Каракснинг янги лойиҳасида бош ролни ижро этади.
UZ-01141,UZ,train,NOT_RELEVANT,,"Система оценки государственных услуг на уровне районов – что это даст людям? ​​​​​​​Президент Шавкат Мирзиёев на заседании Национального совета по борьбе с коррупцией, состоявшемся 5 марта этого года, предложил внедрить систему оценки всех государственных услуг на уровне районов. Что она может дать обычным гражданам и в чем её значимость?"
UZ-00531,UZ,train,NOT_RELEVANT,,АҚШ Эронга алоқадор 344 млн долларлик криптовалютани музлатди Оқ уй Ислом Республикасига иқтисодий босимни кучайтириш мақсадида йирик маблағни блоклаб қўйди. Бу Вашингтон ва Теҳрон ўртасидаги музокараларга қандай таъсир қилиши ҳозирча номаълум.
UZ-00961,UZ,train,NOT_RELEVANT,,DXX Andijon viloyati hokimi o‘rinbosari 50 ming dollar bilan ushlanganini tasdiqladi U pullarni o‘zining uyida olgan vaqtida ashyoviy dalillar bilan ushlangan. Davlat xavfsizlik xizmati xodimlari tomonidan o‘tkazilgan tezkor tadbir tasvirlari e’lon qilindi.
UZ-01268,UZ,train,NOT_RELEVANT,,94 фоиз овоз: Бенинда янги президент сайланди Мамлакат молия вазири Ромуалд Вадагни Ғарбий Африка давлати бошқарувини қўлга олди.
UZ-00615,UZ,train,NOT_RELEVANT,,"Firibgarlik uchun 6 yil qidiruvda bo‘lgan o‘zbekistonlik Turkiyada ushlandi U AQSH va Yevropa davlatlariga yaxshi ish haqi to‘lanadigan ishlarga yuborishini aytib, fuqarolarni aldab kelgan. Odam savdosida ayblangan yana bir fuqaro ham qo‘lga olindi."
UZ-00852,UZ,train,NOT_RELEVANT,,"Трамп АҚШ ва Эрон музокаралари натижасиз тугагач, Ҳормуз бўғозини блокада қилишга буйруқ берди АҚШ президентининг ёзишича, блокада яқин орада бошланади ва унга бошқа давлатлар ҳам қўшилади."
UZ-00093,UZ,train,NOT_RELEVANT,,"Discount or deception: Passengers question fairness as Uzbekistan Airways raises ticket prices on promotion day On January 28, Uzbekistan Airways announced a 30% discount on tickets for just one day to celebrate its 33rd anniversary. However, today ticket prices surged, sparking widespread complaints from passengers, who expressed frustration that prices had increased as soon as the discount period began. This prompted a response from the airline's officials."
UZ-00633,UZ,train,NOT_RELEVANT,,Kongo AQSh va Yevropa Ittifoqiga o‘z resurslaridan foydalanishni taklif qildi KDR prezidenti Chisekedi G‘arbning o‘z mamlakatining mineral resurslariga sarmoyasi M23 bilan davom etayotgan mojaro sharoitida xavfsizlikni oshirishga yordam berishiga umid qilmoqda.
UZ-00509,UZ,train,NOT_RELEVANT,,Yevropa davlatlari Istanbul meri qo‘lga olinganini qoralab chiqdi Germaniya tashqi ishlar vaziri Berbok Akrom Imomo‘g‘lining qo‘lga olinishini «Turkiyadagi demokratiyaga jiddiy zarba» deb atadi. Parij va Afina Istanbul merini qo‘llab-quvvatladi. Istanbulda yuzlab kishilar namoyishga chiqdi.
UZ-01121,UZ,train,NOT_RELEVANT,,"Ўзбекистонда 3 апрель куни ҳаво ҳарорати пасаяди Жума куни айрим жойларда қисқа муддатли ёмғир ёғади, тоғли ҳудудларда сел-сув тошқини хавфи бор."
UZ-01227,UZ,train,NOT_RELEVANT,,Qashqadaryoda surxondaryolik haydovchilar toshbo‘ron qilingani haqidagi xabar rad etildi Ijtimoiy tarmoqlarda qashqadaryolik haydovchilar surxondaryolik haydovchilarni toshbo‘ron qilgani to‘g‘risida xabar tarqaldi.
UZ-00964,UZ,train,NOT_RELEVANT,,Россия и Иран подписали Договор о стратегическом партнерстве В Кремле президент России Владимир Путин и президент Ирана Масуд Пезешкиан подписали Договор о всеобъемлющем стратегическом партнерстве.
UZ-00226,UZ,train,NOT_RELEVANT,,Xorvatiya sayyohlar tufayli alkogol sotishni chekladi Yangi qoidalar spirtli ichimlik sotish vaqti va xaridorlar yoshiga ham taalluqli. Ammo restoran va litsenziyaga ega muassasalarga tatbiq etilmaydi.
UZ-00902,UZ,train,NOT_RELEVANT,,"UFC. Чимаев ва Стрикленд 45 кунга четлатилди АҚШнинг Нью Жерси штатида бўлиб ўтган UFC 328 турниридан сўнг, тиббий сабабларга кўра жангчилар мажбурий дисквалификация қилинди."
UZ-00163,UZ,train,NOT_RELEVANT,,"Central Bank reveals regional disparities in perceived inflation across Uzbekistan According to the latest survey results from the Central Bank of Uzbekistan, the annual inflation rate perceived by the population in February 2026 stood at 11.6%. This figure represents a slight decrease of 0.1 percentage points compared to January."
UZ-01464,UZ,train,NOT_RELEVANT,,"Принят закон «О государственных секретах». Что им предусмотрено? Президент Узбекистана Шавкат Мирзиёев 27 декабря 2024 года подписал новый закон «О государственных секретах», который вступит в силу с 29 марта 2025 года."
UZ-01090,UZ,train,NOT_RELEVANT,,"«Ты — рабыня»: в Касане свёкор, свекровь и их сын получили сроки за доведение невестки до самоубийства В Кашкадарьинской области суд приговорил мужчину и его родителей к лишению свободы за жестокое обращение с невесткой, приведшее к её самоубийству."
UZ-00483,UZ,train,NOT_RELEVANT,,"O‘zbekistonda davlat organlari xodimlari ayrim kunlarda xizmat avtomobilidan foydalanishi taqiqlanadi 1-maydan boshlab har oyning 10 va 25-sanalarida “Avtomobilsiz kun”, “Avtomobilsiz hafta” aksiyalari o‘tkazib boriladi. Ushbu sanalar ish kunlariga to‘g‘ri kelganda haydovchilarning ish haqi saqlab qolinadi."
UZ-01402,UZ,train,NOT_RELEVANT,,Ўзбекистонда доллар курси яна кўтарилди Марказий банк хорижий валюталарнинг ўзбек сўмига нисбатан 23 февралда амалда бўладиган қийматини эълон қилди.
UZ-00745,UZ,train,NOT_RELEVANT,,"Shavkat Mirziyoyev Vladimir Putin bilan Yaqin Sharq va Ukrainadagi vaziyatni muhokama qildi Suhbat davomida savdo hajmi oshgani va hamkorlik kengayayotgani qayd etildi. Shuningdek, O‘zbekistonda AES qurilishi loyihasiga alohida e’tibor qaratildi."
UZ-00590,UZ,train,NOT_RELEVANT,,Уруш ваҳимаси: Дубайни тарк этаётганлар уй ҳайвонларини кўчаларга ташлаб кетмоқда Одамлар ҳайвонларни қоғозбозлик ва ортиқча ташиш харажатлари сабаб қолдириб кетмоқда. Баъзилар эса ветеринарлардан уларни эвтаназия қилишни сўраган.
UZ-00337,UZ,train,NOT_RELEVANT,,BMT bosh qarorgohi oldida erkak o‘zini yoqib yubordi (video) Tibetlik erkak og‘ir kuyish jarohatlari sabab vafot etgan. U AQSHda Uber haydovchisi bo‘lib ishlagan.
UZ-00107,UZ,train,NOT_RELEVANT,,"В Иране повредили завод по производству тяжелой воды В Иране серьезно поврежден завод по производству тяжелой воды, объект прекратил работу. Об этом сообщает РБК-Украина со ссылкой на заявление МАГАТЭ в соцсети X."
UZ-01164,UZ,train,NOT_RELEVANT,,"Bukhara targets $3.3 billion in foreign investment – aims to slash poverty to 2 percent President Shavkat Mirziyoyev has set out ambitious targets for Bukhara as Uzbekistan moves to boost jobs, industry, and tourism."
UZ-00812,UZ,train,NOT_RELEVANT,,"“Ҳатто ногиронлар аравачасига ўтиришимга тўғри келди”: Алишер Узоқов хориж сафаридаги оғир синов, мукофотланиш орзуси ва ягона армони ҳақида “Ҳолатимни деярли ҳеч кимга айтмаган эдим. Лекин барибир саноқли яқинларим қаердандир эшитиб хабар олишди”, дейди актёр."
UZ-01295,UZ,train,NOT_RELEVANT,,"Uzbekistan considers extending reconciliation period for divorcing couples to one year The Family and Women’s Committee of Uzbekistan has initiated a series of significant amendments to the country’s Family Code, aimed at strengthening the institution of marriage and better protecting the interests of children. A draft law detailing these changes has been published for public discussion on the national portal for legislative acts."
UZ-00857,UZ,train,NOT_RELEVANT,,Germaniyada noma’lum shaxslar yangi harbiy kema dvigateliga metall qirindilarini sepib ketdi Hozirda holat yuzasidan tergov olib borilmoqda. Ushbu korvet Germaniya Harbiy-dengiz kuchlariga topshirilishi kerak edi.
UZ-00564,UZ,train,NOT_RELEVANT,,Aktyor Tom Holland va Zendaya turmush qurishdi Juftlikning nikoh marosimi yopiq formatda bo‘lib o‘tgan.
UZ-01149,UZ,train,NOT_RELEVANT,,644 mln so‘mlik elektrdan noqonuniy foydalangan MChJ aniqlandi Navoiy viloyatining Konimex tumanida faoliyat yuritayotgan “G.R.” MChJga qarashli binoda elektr energiyasidan noqonuniy foydalanildi.
UZ-01332,UZ,train,NOT_RELEVANT,,"Трамп: военный конфликт в Украине можно завершить за несколько недель Военный конфликт России и Украины можно завершить в течение нескольких недель, если действовать с умом. Об этом заявил президент США Дональд Трамп на пресс-конференции в Белом доме после встречи с французским лидером Эммануэлем Макроном."
UZ-00594,UZ,train,NOT_RELEVANT,,"O‘zbekistonda bir yilda 4 000 ta standart bekor qilindi 2025 yil davomida O‘zbekiston texnik jihatdan tartibga solish agentligi tomonidan tizimni takomillashtirish, me’yoriy-huquqiy bazani yangilash hamda uni xalqaro talablarga moslashtirishga qaratilgan ishlar amalga oshirildi."
UZ-00882,UZ,train,NOT_RELEVANT,,"Суперкомпютер Чемпионлар Лигасининг асосий фаворити қайси жамоа эканлигни маълум қилди Қизиқарли жиҳати шундаки, мавсум бошида Opta асосий фаворит сифатида “Ливерпуль”ни кўрсатган эди. Бироқ айни дамда мерсисайдликларнинг ғалаба қозониш имконияти 7,12 фоизгача пасайиб кетган."
