id,parallel_group,lang,source,url,date,headline,lead,llm_label_l1,llm_label_l2,human_label_l1,human_label_l2,flag_pollution,flag_uncertain,annotator_id,notes
KY-F01831,,KY,Azattyk,https://www.azattyk.org/a/2215347.html,2010-11-10,АКШ-Индонезия кызматташуусун жакшыртууда,"АКШ жана Индонезия терроризмге жана климаттын өзгөрүүсүнө каршы күрөштөгү, соодадагы кызматташууну жакшырталы деп макулдашты. Келишим тууралуу АКШ президенти Барак Обама жана Индонезия президенти Сусило Бамбанг Юдхойоно шейшемби күнү Жакартада жар салышты. Бул жөнүндө Барак Обама: ""Эки арадагы...",RELEVANT,POLICY,NOT_RELEVANT,,,,ky_1,
KY-F01822,,KY,Azattyk,https://www.azattyk.org/a/30174769.html,2019-09-20,Климаттын өзгөрүшүнө чара көрүүгө чакырган акцияга Бишкекте уруксат берилген жок,"Бишкекте климаттын өзгөрүшүнө чара көрүүгө чакырган акция-жүрүшкө уруксат берилген жок. Бул тууралуу уюштуруучулар “Твиттердеги” баракчасына жазышты. Калаа мэриясы Биринчи май райондук сотунун 30-сентябрга чейин шаардын борбордук бөлүгүнө чогулууга, митингдин бардык түрүн өткөрүүгө тыюу салган...",RELEVANT,POLICY,RELEVANT,HEALTH_SOCIETY,,,ky_2,"Climate action march denied permit, Bishkek"
KY-R200145,,KY,Azattyk,https://www.azattyk.org/a/28824384.html,2017-10-30,Абанын булганышы рекорддук чекке чыкты,"Метеорология боюнча дүйнөлүк уюмдун маалыматына караганда, көмүр кычкыл газынын (CO2) атмосферадагы концентрациясы акыркы 800 миң жыл ичиндеги эң жогорку деңгээлге чыкты. Метеорология уюмунун журналында 30-октябрда жарыяланган эсептер боюнча 2015-жылы көмүр кычкыл газынын концентрациясы бир...",RELEVANT,SCIENCE_GEN,RELEVANT,SCIENCE_GEN,1,,ky_1,CO2 concentration record high
KY-F02066,,KY,Azattyk,https://www.azattyk.org/a/1272689.html,2007-09-25,БУУда КЛИМАТТЫН ӨЗГӨРҮШҮ БОЮНЧА МАСЕЛЕ КАРАЛУУДА,"Мээрим Султангазы, Нью-Йорк 24-сентябрда Нью Йорк шаарында БУУнун баш кеңсесинде климаттын өзгөрүшүнө арналган жыйын өз ишин баштады. Ага 80ге жакын мамлекеттин башчылары, бардыгы болуп 150дөн ашуун өлкөнүн расмий өкүлдөрү катышты. Жыйында глобалдык жылуулукка себепкер болгон булганыч газдардын көлөмүн кыскартуу боюнча дүйнө лидерлери чечкиндүү кадамдарды жасашы керек экендиги айтылды.",RELEVANT,POLICY,RELEVANT,POLICY,,,ky_2,UN climate change summit New York
KY-F01738,,KY,Azattyk,https://www.azattyk.org/a/27399518.html,2015-12-01,Барак Обама климаттын өзгөрүүсүнө каршы “тикеден тик турууга” чакырды,"Саммитке катышып жаткан дүйнө мамлекеттеринен келген 150 лидерге кайрылган Кошмо Штаттардын президенти Барак Обама,“тикеден тик туруп”, климаттын өзгөрүүсүнө каршы күрөшүүгө үндөдү. 30-ноябрда сүйлөгөн сөзүндө Барак Обама, “кайра калыбына келүүчү энергияны” кеңири колдонууга чакырды. Саммитти...",RELEVANT,POLICY,RELEVANT,POLICY,,,ky_2,"Obama urges climate action, renewables at Paris"
KY-F02141,,KY,Azattyk,https://www.azattyk.org/a/31305157.html,2021-06-13,“Чоң жетинин” лидерлери климаттын өзгөрүшүн талкуулайт,"Британияда өтүп жаткан “Чоң жетинин” саммитинин акыркы күнүндө өлкө лидерлери климаттын өзгөрүшүн талкуулайт. Саммит учурунда натуралист Дэвид Аттенбороу дүйнө лидерлерине кайрылып, адам баласы экологиялык апаатка кабылбашы үчүн шашылыш түрдө чараларды көрүшү керектигин эскерткен. “Чоң жетиге”...",RELEVANT,POLICY,RELEVANT,POLICY,,,ky_2,G7 leaders discuss climate change
KY-F02352,,KY,Azattyk,https://www.azattyk.org/a/24468350.html,2012-01-31,Бишкекте экологиялык коопсуздук жөнүндө жазган журналисттердин жыйыны өтөт,"Бишкекте ""Жалпыга маалымдоо каражаттарында экологиялык коопсуздукту жана климаттын өзгөрүшүн чагылдыруу"" эл аралык конференциясы өтөт. Ага кыргызстандык журналисттер менен катар Германия, Орусия, Казакстан жана Өзбекстандан келген адистер катышат. Борбор Азиядагы айлана чөйрөнү коргоо...",RELEVANT,OTHER_CLIMATE,RELEVANT,SCIENCE_GEN,,,gold,IAA adjudicated gold
KY-F00833,,KY,Azattyk,https://www.azattyk.org/a/31541286.html,2021-11-02,Садыр Жапаров: Климаттын өзгөрүшүнө ыңгайлашууга 3 млрд. доллар керек,"Климаттын өзгөрүшүнө ыңгайлашуу үчүн Кыргызстанга 3 млрд. АКШ доллары керек. Бул тууралуу өлкө президенти Садыр Жапаров Шотландиянын Глазго шаарында өтүп жаткан климаттын өзгөрүшүнө арналган COP26 саммитинде 2-ноябрда сүйлөгөндө айтты. Ал мөңгүлөрдү сактап калуу маселесин козгоп, Кыргызстан...",RELEVANT,POLICY,RELEVANT,POLICY,,,ky_1,"Adaptation finance needed, COP26"
KY-F00358,,KY,Azattyk,https://www.azattyk.org/a/2289041.html,2011-01-27,Кытай жаңы технологияга акча аябайт,"Кытай экологиялык таза энергияны жана башка алдыңкы технологиялык өнөр жай тармагын өнүктүрүүгө багыт алууда. Ырасмий маалыматтар боюнча, гранттар жана башка өкмөттүк колдоолор эң алды энергияны үнөмдөөчү технологияларга, шамалдын жана күндүн кубатын пайдаланган технологияларга, күйүүчү май...",RELEVANT,ENERGY,RELEVANT,ENERGY,,,ky_2,"China clean energy, wind/solar tech"
KY-F01216,,KY,Azattyk,https://www.azattyk.org/a/27802045.html,2016-06-16,Нарын дарыясындагы суунун деңгээли болуп көрбөгөндөй көбөйдү,Нарын дарыясындагы суунун деңгээли коркунучтуу чекке жетти. Бул тууралуу Өзгөчө кырдаалдар министрлигинин Нарын облустук башкармалыгынын башчысынын орун басары Дөөлөтбек Ибраев билдирди. Анын айтымында 13-14-июнь күндөрү жааган жамгыр бийик тоодогу мөңгүнүн эришин тездеткен. Мындан улам Нарын...,RELEVANT,WATER_CRYO,RELEVANT,DISASTER,,1,ky_2,"Naryn river dangerously high, glacier melt"
KY-F00939,,KY,Azattyk,https://www.azattyk.org/a/31520930.html,2021-10-20,"Дүйнө көмүргө кайтты, глобалдык аптап коркунучу","Бириккен Улуттар Уюмунун айлана-чөйрөнү коргоо программасы өнөр-жай тармактары газ, мунай жана көмүр өндүрүүгө ашкере көп байланган өлкөлөрдүн өкмөттөрүнө глобалдык жылуулук коркунучтуу деңгээлге жетип калганын эскертти.",RELEVANT,ENERGY,RELEVANT,ENERGY,,,ky_1,"Return to coal, warming warning"
KY-F00105,,KY,Azattyk,https://www.azattyk.org/a/1285007.html,2008-05-24,Жапонияда климаттын өзгөрүшү боюнча эл аралык жыйын башталды,"Жыйын өлкөнүн батышындагы Кобе шаарында өтүп жатат. Үч күнгө созулуучу кеңешмеде Чоң сегиздин тобуна кирген жана Бразилия, Кытай, Индия, Индонезия, Мексика, Австралия, Түштүк Корея, Түштүк Африка өңдүү ыкчам өнүгүп келе жаткан мамлекеттердин өкүлдөрү глобалдык жылуулукка өбөлгө болгон булганыч...",RELEVANT,POLICY,RELEVANT,POLICY,,,ky_2,international climate change meeting Japan
KY-F00915,,KY,Azattyk,https://www.azattyk.org/a/29715724.html,2019-01-17,"""Жашыл планета"": Кыргызстанда биотүрдүүлүккө кам көрүү кандай? Атом энергетикасы Жер шарын сактап калабы?",“Жашыл планета” деп аталган жаңы рубрикабызды баштайбыз. Жаңы чыгарылышта биздин өлкөбүздөгү биологиялык түрдүүлүктүн учурдагы абалына токтолобуз. Глобалдык климат өзгөрүп жаткан шартта атом энергетикасы жашыл планетаны сактап калабы?,RELEVANT,ENERGY,RELEVANT,ENERGY,,1,ky_2,Nuclear energy vs climate; biodiversity rubric
KY-F02158,,KY,Azattyk,https://www.azattyk.org/a/1262964.html,2007-03-08,Бүгүн Брюсселде Евробиримдиктин 27 мүчөсүнүн катышуусунда эки күндүк саммит башталат,Жолугушуунун негизги темасы - климаттын өзгөрүүлөрү менен күрөшүүнүн жолдорун табуу. Евробиримдиктин лидерлери 2020-жылга карата көмүр кычкыл газдарынын калдыктарын 1990-жылга салыштырмалуу 20 пайызга кыскартуу долбоорун талкуулашат. Бүгүнкү күндө дүйнөдөгү өндүрүштүк газдардын атмосферага...,RELEVANT,POLICY,RELEVANT,POLICY,,,ky_1,"EU climate summit, emissions cuts"
KY-F01729,,KY,Azattyk,https://www.azattyk.org/a/25277265.html,2014-02-26,Мөңгүлөрдү сактоо боюнча мыйзам даярдалууда,"Бул тууралуу Жогорку Кеңеште ""Кыргызстандагы мөңгүлөр жөнүндө"" мыйзам долбоорун талкуулоо учурунда айтылды. Аны депутат Эркингүл Иманкожоева иштеп чыккан. Депутаттын айтымында, мыйзам долбоор өлкөдөгү мөңгүлөрдү сактоо максатын көздөйт. Өлкөдөгү мөңгүлөрдүн тизмеси түзүлүп, аларга көзөмөл...",RELEVANT,WATER_CRYO,RELEVANT,WATER_CRYO,,,ky_1,Glacier preservation law prepared
KY-F01375,,KY,Azattyk,https://www.azattyk.org/a/1905368.html,2009-12-16,Дүйнө лидерлери Копенгагенге чогулууда,Дүйнө лидерлери климаттын өзгөрүүсү боюнча Копенгагенде өтүп жаткан Улуттар уюмунун жыйынына катышуу үчүн чогулууда. Алар абага өнөр жай ишканалары чыгарган газдан улам абанын ысып жатышына каршы орток бир пикирге келиши керек. Кошмо Штаттарынын президенти Барак Обама башка 120 лидерлердин...,RELEVANT,POLICY,RELEVANT,POLICY,,,ky_2,Leaders gather Copenhagen climate summit
KY-F00889,,KY,Azattyk,https://www.azattyk.org/a/1912488.html,2009-12-24,Б.Обама: Копенгаген саммитине айтылган сында негиз бар,Кошмо Штаттарынын президенти Барак Обама климаттын өзгөрүшү боюнча Копенгагенде жакында өткөн саммиттин жыйынтыктары көп адамдардын сынына кабылып жатканда негиз бар экенин билдирди. Теле аркылуу сүйлөн сөзүндө Б.Обама саммитте анча-мынчы ийгиликтер болгону менен ал олуттуу жыйынтыктарды...,RELEVANT,POLICY,RELEVANT,POLICY,,,ky_1,Obama on Copenhagen summit criticism
KY-F00886,,KY,Azattyk,https://www.azattyk.org/a/32532482.html,2023-08-03,Рим папасы жаштарды климаттын өзгөрүүсүнө каршы күрөшүүгө чакырды,"Рим Папасы Франциск 3-августта жаштарды планетага кам көрүп, климаттын өзгөрүүсүнө жана жакырчылыкка каршы күрөшкө көңүл бурууга чакырды. ""Биздин жалпы үйүбүзгө токтоосуз кам көрүшүбүз керек экенин моюнга алуубуз зарыл. Бирок көз карашты чындап өзгөртмөйүнчө муну ишке ашыруу мүмкүн эмес"", -...",RELEVANT,OTHER_CLIMATE,RELEVANT,HEALTH_SOCIETY,,1,ky_2,Pope urges youth to fight climate change
KY-F00555,,KY,Azattyk,https://www.azattyk.org/a/28098295.html,2016-11-05,"“АЛМА-ЭКСПО"" 1- күзгү айыл чарба жармаңкеси өтүп жатат","Бишкектеги ""Вефа"" соода борборунда өтүп жаткан иш-чарада Кыргызстанда өндүрүлгөн натуралдык жана органикалык азыктардын көргөзмөсү да болот. Уюштуруучулардын белгилөөсү боюнча, климаттык кескин өзгөрүүлөрдүн шартында жана Борбор Азия менен Кыргызстандагы азык-түлүк коопсуздугун камсыздоодо...",RELEVANT,AGRI_LAND,NOT_RELEVANT,,,1,ky_1,"Agri fair, climate incidental context"
KY-F00520,,KY,Azattyk,https://www.azattyk.org/a/33036954.html,2024-07-15,"""Климаттык өзгөрүү боюнча мамлекеттик саясат керек""","14-июлда нөшөрлөгөн жаандан улам Ош облусунун аймагында катуу сел жүрүп, адам өмүрү кыйылып, бир катар кыйроолорду алып келди. Селдин себеби катары климаттын өзгөрүүсү айтылууда. Жаратылыш кубулуштарын эске алуу менен бийлик кандай чаралары көрүшү керек жана эмнелерге даяр болгону оң?",RELEVANT,DISASTER,RELEVANT,DISASTER,,1,ky_2,"Osh mudflow deaths, climate-change cause, policy"
KY-F00730,,KY,Azattyk,https://www.azattyk.org/a/33123138.html,2024-09-17,Садыр Жапаров Бишкекте жашыл энергия боюнча аймактык борбор түзүүнү сунуштады,"Кыргызстандын президенти Садыр Жапаров 17-сентябрда Астана шаарында өтүп жактан ""Борбор Азия - Германия"" саммитинде сүйлөп жатып, Германия менен бирге Бишкек шаарында Энергияны натыйжалуу жана ресурстарды үнөмдөөчү технологияларды киргизүү боюнча регионалдык борбор түзүүнү сунуштады....",RELEVANT,ENERGY,RELEVANT,ENERGY,,,ky_2,Proposed green-energy regional center
KY-F00065,,KY,Azattyk,https://www.azattyk.org/a/1990336.html,2010-03-22,Дүйнөдө 880 млн.адам таза сууга муктаж,"Бул тууралуу “Кызыл чырым” эларалык федерациясы билдирди. Бүгүн дүйнөдө Суу күнүн белгилөө менен аталган уюм климаттагы өзгөрүүлөр, пландалбаган шаарлардын өсүшү жана миграция дүйнөдөгү эң жакыр коомдорго терс таасирин тийгизип жатканын айтты. Быйыл Суу күнү анын сапаты үчүн күрөшүү чакырыгы...",RELEVANT,WATER_CRYO,RELEVANT,WATER_CRYO,,,ky_1,Water scarcity linked to climate
KY-F00192,,KY,Azattyk,https://www.azattyk.org/a/32653241.html,2023-10-25,Кыргызстан үч көмүр кенин кытай компаниялары менен чогуу иштетет,"25-октябрда Кытайдын премьер-министри Ли Цяндын Бишкектеги расмий сапарынын алкагында 12 документке кол коюлду. Алардын арасында кытай компаниялары менен Кыргызстанда үч көмүр кенин бирге иштетүү, шамал жана күн энергиясын өндүргөн ишканаларды чогуу куруу жана кыргыз-кытай чек арасына чукул...",RELEVANT,ENERGY,NOT_RELEVANT,,,1,ky_1,Coal mine business deal foregrounded
KY-F00384,,KY,Azattyk,https://www.azattyk.org/a/32729203.html,2023-12-13,COP28: 200дөн ашуун өлкө мунай колдонууну азайтууну макулдашты,Дубайда өткөн климат боюнча COP28 саммитинин жыйынтыгында 200дөн ашуун мамлекеттин өкүлдөрү жерден казылган күйүүчү отунду колдонууну азайтууну макулдашты. Эки жумага созулган иш-чаранын соңунда келишилген макулдашуу абага зыяндуу заттардын бөлүнүшүн чектөөгө багытталаган. COP28 саммитине...,RELEVANT,POLICY,RELEVANT,POLICY,,,ky_1,COP28 fossil fuel reduction deal
KY-R200213,,KY,Azattyk,https://www.azattyk.org/a/2245525.html,2010-12-12,Дүйнөдө айлана чөйрөнү коргоонун планы бекитилди,Мексиканын Канкун шаарындагы конференцияга катышкан мамлекеттер 2020-жылга чейин 100 млрд.доллар чогулта турган болушту. Ал акча өздөрүндө айлана-чөйрөнү коргош үчүн жакыр мамлекеттерге таратылат. Мексиканын тышкы иштер министри Патрисия Эспиноса муну “климаттын өзгөрүшүнө байланыштуу эл аралык...,RELEVANT,POLICY,RELEVANT,POLICY,,,ky_1,Cancun climate finance plan
KY-F01786,,KY,Azattyk,https://www.azattyk.org/a/1828441.html,2009-09-23,Бүгүн БУУ климаттагы өзгөрүүлөрдү талкуулайт,100дөн ашуун мамлекеттин лидерлери климаттагы өзгөрүүлөрдү талкуулоо үчүн бүгүн Бириккен улуттар уюмунун Нью-Йорктогу баш-кеңсесиндеги жыйынга катышууда. Аба-ырайынын ысышына түрткү болгон абага чыгарылып жаткан булганыч газдын көлөмүн кыскартууда саясий эрк керектиги айтылды. Бул жолку талкуу...,RELEVANT,POLICY,RELEVANT,POLICY,,,gold,IAA adjudicated gold
KY-F01863,,KY,Azattyk,https://www.azattyk.org/a/24792233.html,2012-12-07,БУУнун климат боюнча сүйлөшүүсү соңуна чыгууда,"Бириккен Улуттар уюмуна кирген 200 өлкөнүн өкүлдөрү Катарда жарым айдан бери дүйнөдө климаттын өзгөрүшүнүн кесепеттерин талкуулашты. Кабарчылардын билдиришинче, бул кесепеттерди жоюнун чыгымын ким көтөрөт деген маселеде пикир келишпөөчүлүктөр келип чыкты. Жыйында саналуу гана өлкөлөр, анын...",RELEVANT,POLICY,RELEVANT,POLICY,,,ky_1,UN climate negotiations Qatar
KY-F00293,,KY,Azattyk,https://www.azattyk.org/a/28837990.html,2017-11-06,БУУ: 2017-жыл эң ысык үч жылдын бири болгону калды,"2017-жыл каттоо башталгандан берки эң ысык үч жылдын бири болгону калды. Бул тууралуу Дүйнөлүк метеорология уюму Германиянын Бонн шаарында 6-ноябрда башталган БУУнун климат боюнча конференциясында билдирди. Маалыматка ылайык, быйыл январь-сентябрь айларынын аралыгында дүйнөлүк температура...",RELEVANT,SCIENCE_GEN,RELEVANT,SCIENCE_GEN,,,gold,IAA adjudicated gold
KY-R200323,,KY,Azattyk,https://www.azattyk.org/a/31456666.html,2021-09-13,Экология көйгөйүн баяндаган көргөзмө өтүп жатат,"Бишкекте экология көйгөйү тууралуу баяндаган мультимедиа көргөзмөсү өтүп жатат. “Кешик” деп аталган көргөзмөнү каалоочулар Гапар Айтиев атындагы Көркөм өнөр музейинен же долбоордун Интернеттеги расмий сайтынан көрө алышат. Анда климат канчалык өзгөрүп жатканын чагылдырган мөңгүлөрдүн эрүүсү,...",RELEVANT,OTHER_CLIMATE,RELEVANT,WATER_CRYO,,1,ky_2,"Exhibition on climate change, glacier melt"
KY-F02308,,KY,Azattyk,https://www.azattyk.org/a/33357212.html,2025-03-24,ЮНЕСКОдо Кыргызстандагы мөңгүлөрдүн абалы айтылды,Кыргыз делегациясы ЮНЕСКОнун штаб-квартирасында тоолорду туруктуу өнүктүрүү жана мөңгүлөрдү сактоо боюнча беш жылдык пландын максаттары жана иш-чаралары жөнүндө презентация жасады. Бул тууралуу президенттик администрация билдирди. ЮНЕСКОнун штаб-квартирасында (Франция) 20-21-мартта Мөңгүлөрдү...,RELEVANT,WATER_CRYO,RELEVANT,WATER_CRYO,,,ky_2,"Kyrgyz glaciers, preservation plan at UNESCO"
KY-F02000,,KY,Azattyk,https://www.azattyk.org/a/33080869.html,2024-08-16,Өкмөт жайыттардын үчтөн бир бөлүгүн зыяндуу өсүмдүктөр басып кеткенин билдирди,"Министрлер кабинети 2024-2029-жылдарга карата Кыргызстандын жайыттарын өнүктүрүү программасын бекитти. Деградация болгон жайыттарды жакшыртуу үчүн кабыл алынган программа климаттын өзгөрүү шартында жайыттарды сактоо, аларды натыйжалуу башкаруу аркылуу айыл калкынын жашоо деңгээлин жогорулатууну...",RELEVANT,AGRI_LAND,RELEVANT,AGRI_LAND,,,gold,IAA adjudicated gold
KY-01491,,KY,24.kg,https://24.kg/kyrgyzcha/55452_1256zbekstan_gidroenergetikalyik_kubattuulugun_k1199ch1257t1257t/,2017-06-21,Өзбекстан гидроэнергетикалык кубаттуулугун күчөтөт - | 24.KG,Өзбекстан гидроэнергетикалык кубаттуулугун күчөтөт. Бул боюнча centralasian.org билдирет.,RELEVANT,ENERGY,NOT_RELEVANT,,,1,ky_2,"hydropower capacity, no climate framing"
KY-R200343,,KY,Azattyk,https://www.azattyk.org/a/33201990.html,2024-11-17,Каспийде түлөндөр эмнеден улам кырыла баштады?,"Каспий түлөнү – Казакстанды мекендеген жалгыз деңиз жаныбары. Жаз менен күздө түлөндөр (аюу балык) деңиздин Казакстан тарабына ооп келет. Алардын жапырт кырылуусуна адамдын таасири, климаттын өзгөрүүсү жана суунун булганышы себеп болууда. Асел Баймуканова түлөндү көп жылдан бери иликтеп жүрөт.",RELEVANT,SCIENCE_GEN,RELEVANT,SCIENCE_GEN,,,gold,IAA adjudicated gold
KY-F01392,,KY,Azattyk,https://www.azattyk.org/a/32636041.html,2023-10-13,Садыр Жапаров КМШ саммитинде суу ресурстарын пайдалануу маселесин көтөрдү,"Президент Садыр Жапаров Көз карандысыз Мамлекеттер Шериктештигине мүчө-мамлекет башчыларынын саммитинде климаттын туруктуулугун камсыздоо үчүн жасалып жаткан иштерге токтолду. Аймактагы суу ресурстарынын 40% жакынын Кыргызстандагы суулар түзөрүн, аймакты суу менен камсыз кылууда Кыргызстан өз...",RELEVANT,WATER_CRYO,RELEVANT,WATER_CRYO,,,ky_1,"Water resources sharing, climate"
KY-F01021,,KY,Azattyk,https://www.azattyk.org/a/30021422.html,2019-06-26,Инвесторлор климаттын өзгөрүшү менен күрөштө чукул чараларды талап кылышты,34 триллион доллар өлчөмүндөгү капиталды башкарган ири инвесторлор климаттын өзгөрүшү менен күрөштө чукул чара көрүүнү талап кылган ачык кат жазышканын «Reuters» агенттиги кабарлады. Катка дүйнөлүк инвестициялык капиталдын дээрлик жарымын түзгөн 477 инвестор кол койгон. Инвесторлор Бириккен...,RELEVANT,POLICY,RELEVANT,POLICY,,1,ky_2,Investors demand urgent climate action
KY-F01544,,KY,Azattyk,https://www.azattyk.org/a/28515596.html,2017-05-29,Казакстан: Арал деңизин өнүктүрүү боюнча эл аралык форум өтөт,"Аралды өнүктүрүү боюнча эл аралык форум 30-31-майда Казакстандын Кызыл-Ордо шаарына белгиленген. Иш-чарага Борбор Азия өлкөлөрүнүн, БУУнун, ЕККУнун жана Дүйнөлүк банктын өкүлдөрү чакырылган. Аралды сактоо фондун жетектөө укугу быйыл үч жылга Өзбекстандан Түркмөнстанга өттү. Буга чейин...",RELEVANT,WATER_CRYO,RELEVANT,WATER_CRYO,,1,ky_2,"Aral Sea forum, preservation fund"
KY-F00158,,KY,Azattyk,https://www.azattyk.org/a/1359110.html,2008-12-13,Евробиримдик тарыхый планды бекиткени турат,"Евробиримдиктин лидерлери Брюсселде бүгүн аяктачу саммитте глобалдык жылуулакка жана экономикалык кризистен чыгуу боюнча чечим кабыл алышат. Алдын ала макулдашууларга ылайык, Биримдикте көмүртектин кошкычкылын абага бөлүү 2020-жылга 20 процентке кыскартылууга тийиш.",RELEVANT,POLICY,RELEVANT,POLICY,,,ky_2,EU plan cut carbon emissions
KY-F00479,,KY,Azattyk,https://www.azattyk.org/a/27746796.html,2016-05-20,Кыргызстан Арал деңизи боюнча фонддун ишине катышуусун токтотту,"Кыргызстан Арал деңизин сактап калуу боюнча эл аралык фонддун жана анын органдарынын ишине катышуусун убактылуу токтотту. Бул тууралуу тышкы иштер министринин биринчи орун басары Динара Кемелова Брюсеелде өткөн ""Евробиримдик – Борбор Азия"" жыйынында билдирди. Кемелованын белгилешинче, аталган...",RELEVANT,WATER_CRYO,NOT_RELEVANT,,,1,ky_1,"Aral fund participation suspension, political"
KY-F01810,,KY,Azattyk,https://www.azattyk.org/a/1905688.html,2009-12-17,Копенгагендеги жыйында төрага алмашты,"Алар Улуттар уюмунун климаттын өгөрүшү боюнча жыйынынын төрагалыгы Даниянын тышкы иштер министри Конни Хедегордун ордуна Даниянын премьер-министри Ларс Лекке Расмуссенге өттү. Анын себеби айтылган жок. Бийликтердин маалыматы боюнча, бүгүн полиция жыйын өтүп жаткан имаратка бараткан...",RELEVANT,POLICY,RELEVANT,POLICY,,,ky_1,Copenhagen climate meeting chair change
KY-R200304,,KY,Azattyk,https://www.azattyk.org/a/32721769.html,2023-12-08,Өкмөт көмүрдү байытуу менен ышты азайтууну көздөйт,"Көмүрдү байытып, сапатын жакшыртуу ыш маселесин 50% чейин азайта алат. Бул тууралуу жаратылыш ресурстары, экология жана техникалык көзөмөл министри Медетбек Маметов 8-декабрда журналисттерге билдирди. Министр Кыргызстандагы ыш маселесин чечүү үчүн көп кадамдар жасалып жатканын белгиледи. Анын...",RELEVANT,WATER_CRYO,NOT_RELEVANT,,1,,ky_1,
KY-R00082,,KY,Azattyk,https://www.azattyk.org/a/1214491.html,2003-09-30,Москвада планетанын жылышына байланыштуу дүйнөлүк конференция башталды,"«Климаттын өзгөрүүсү боюнча дүйнөлүк конференция» 29-сентябрда Москвада ачылды. Беш күнгө созула турган жыйынга 80ден ашуун мамлекеттин өкүлдөрү катышып, планетанын глобалдык масштабда ысышына байланыштуу маселени талкуулашууда. Конференциянын ачылышында сөз сүйлөгөн президент Владимир Путин...",RELEVANT,POLICY,RELEVANT,POLICY,,,ky_2,world climate change conference Moscow
KY-F00113,,KY,Azattyk,https://www.azattyk.org/a/1336752.html,2008-10-31,Ачарчылык коркунучу Ооганстан үчүн талиптерден да олуттуу,"Мындай эскертүүнү Лондондон британиялык аналитикалык борборлордун бири- Падышалык бириккен Куралдуу күчтөрдүн институту жасады. Аталган институттун айтымында, азык-түлүктүн дүйнөлүк баасынын жогорулоосу, жайдагы кургакчылык быйыл кышта Ооганстанды ачарчылыкка алып баруусу мүмкүн. Институттун...",RELEVANT,AGRI_LAND,RELEVANT,AGRI_LAND,,1,ky_1,"Afghanistan drought, famine threat"
KY-F00743,,KY,Azattyk,https://www.azattyk.org/a/1239598.html,2005-06-07,КИОТО ПРОТОКОЛУН АТКАРУУГА КАЛИФОРНИЯ ШТАТЫ ӨЗ АЛДЫНЧА КИРИШТИ,"Нарын АЙЫП, Прага 5-июнда бүткүл дүйнөдө Жаратылышты коргоо күнү белгиленди жана ал күнү АКШнын Сан-Франциско шаарында америкалык шаарлардын мэрлеринин ири жыйыны болуп өттү. АКШ Киото келишиминен чыгып кеткени белгилүү, бирок жыйында көтөрүлгөн маселелер жана анда кабыл алынган чечимдер - жаратылышты коргоо милдетин Америкада өзүнө жергиликтүү бийлик алууга ынтызар экенин көрсөттү.",RELEVANT,POLICY,RELEVANT,POLICY,,,ky_2,California implements Kyoto Protocol
KY-F02100,,KY,Azattyk,https://www.azattyk.org/a/28951660.html,2018-01-03,"Иманалиев: ""Жашыл"" экономиканын артыкчылыктуу тармактары аныкталды","Кыргызстан Париж келишимине кошулуп, абага зыяндуу газдарды чыгарууну 30% чейин азайтуу милдеттемесин алган. Экономика министринин орун басары Данияр Иманалиев өлкө “жашыл экономикага” өтүүнү максат кылып, ал үчүн артыкчылыктуу тармактар аныкталганын белгилейт.",RELEVANT,POLICY,RELEVANT,POLICY,,,ky_2,"Green economy sectors, Paris emission commitment"
KY-F01524,,KY,Azattyk,https://www.azattyk.org/a/1273510.html,2007-10-12,ТЫНЧТЫК БОЮНЧА НОБЕЛЬ СЫЙЛЫГЫН “КЛИМАТТЫН ӨЗГӨРҮШҮ” УТТУ,"АКШнын мурдагы вице-президенти, айлана-чөйрөнү коргоо боюнча белгилүү активист Альберт Гор менен Бириккен улуттар уюмунун климаттагы өзгөрүштөрдү иликтеген адистер тобу Тынчтык боюнча быйылкы Нобель сыйлыгын утуп алышты. Бул сыйлык үчүн жалпысынан 181 киши атаандашкан эле. Эми Гор менен БУУнун адистер тобу бир жарым миллион долларлык баш-байгени тең бөлүп алышат.",RELEVANT,POLICY,RELEVANT,SCIENCE_GEN,,,gold,IAA adjudicated gold
KY-F01823,,KY,Azattyk,https://www.azattyk.org/a/1276638.html,2007-12-15,КЛИМАТ БОЮНЧА СҮЙЛӨШҮҮЛӨРДӨ ИРИ ЖЫЛЫШ ЖАСАЛДЫ,Кызуу талаш-тартыш менен өткөн Бириккен улуттардын климатка байланышкан жыйынында жер абасынын ысышы боюнча келишимди 2009-жылга карата түзүү макулдашылды.,RELEVANT,POLICY,RELEVANT,POLICY,,,ky_1,Climate negotiations progress
KY-F00142,,KY,Azattyk,https://www.azattyk.org/a/1773069.html,2009-07-09,Италияда болсо «чоң сегиздин» саммити өтүп жатат,"Дүйнөдө өндүрүшүнүн кеңдиги боюнча сегиз ири мамлекетинин башчыларынын саммити кечээ башталган. Лидерлер климаттагы өзгөрүүлөрдү жана глобалдык соода-сатык маселелерин, атап айтканда, андагы америкалык валюта – доллардын - ролун талкуулап атышат. Кечээ, саммиттин биринчи күнүндө, президенттер...",RELEVANT,POLICY,NOT_RELEVANT,,,,gold,IAA adjudicated gold
KY-R200403,,KY,Azattyk,https://www.azattyk.org/a/31540891.html,2021-11-02,"""Азаттыктын"" мөңгүлөрдүн эришин чагылдырган тасмасы Глазгодо көрсөтүлөт","1-ноябрда Глазгодо башталган дүйнө лидерлеринин климаттын өзгөрүүсү боюнча саммитинде Кыргызстан, Тажикстан, Өзбекстан, Түркмөнстан жана Казакстан Борбор Азия чөлкөмүн чогуу тааныштырган атайын павильон уюштурулду. Анын ачылышында Казакстандын Эл аралык жашыл технологиялар жана инвестициялык...",RELEVANT,WATER_CRYO,RELEVANT,WATER_CRYO,,1,ky_2,Glacier-melt film shown at COP26
KY-F00354,,KY,Azattyk,https://www.azattyk.org/a/31541226.html,2021-11-02,2030: Кыргызстан абага чыккан зыяндуу газдарды 44% кыскартат,"2-ноябрда Кыргызстандын президенти Садыр Жапаров Глазго шаарында өтүп жаткан дүйнө лидерлеринин климаттын өзгөрүүсү боюнча саммитинде чыгып сүйлөп, Кыргызстандын улуттук деңгээлде аныкталган салымы менен тааныштырды. ""2030-жылга карай Кыргызстан көмүр кычкыл газын 44% кыскартуу максатын...",RELEVANT,POLICY,RELEVANT,POLICY,,,ky_1,Kyrgyzstan 44% emissions reduction pledge
KY-F02361,,KY,Azattyk,https://www.azattyk.org/a/32680350.html,2023-11-11,Жапаров Париждеги саммитте Кыргызстанда мөңгүлөр азайып жатканын айтты,"Кыргызстандын президенти Садыр Жапаров 10-ноябрда Париж шаарындагы “Бир планета” жыйынына катышып, өлкөдөгү мөңгүлөрдүн азайып жатканын айтып, аны сактоо чараларына токтолду. Бул тууралуу президенттин басма сөз кызматы маалымдады. Жапаровдун айтымында, соңку 70 жыл ичинде мөңгүлөрдүн аянты...",RELEVANT,WATER_CRYO,RELEVANT,WATER_CRYO,,1,ky_2,"Japarov: Kyrgyz glaciers shrinking, Paris summit"
KY-F00333,,KY,Azattyk,https://www.azattyk.org/a/1272721.html,2007-09-25,НЬЮ-ЙОРКТО БИРИККЕН УЛУТТАРДЫН ЖЫЛДЫК ЖЫЙЫНЫ АЧЫЛАТ,"Нью-Йоркто бүгүн Бириккен Улуттар Уюмунун Башкы ассамблеясынын кезектеги жылдык жыйыны ачылат. Жүздөн ашуун лидерлер азыркы дүйнөнүн чалкеш проблемаларын талкуулашат. Алардын ичинде климаттын жылышы, Улуттар Уюмунун реформасы, Ирактагы жана Ооганстандагы кырдаал жана башка маселелер негизги темалардан болмокчу.",RELEVANT,POLICY,NOT_RELEVANT,,,1,ky_1,"UN assembly, climate one of many"
KY-F02195,,KY,Azattyk,https://www.azattyk.org/a/28481616.html,2017-05-12,АКШ климаттык өзгөрүү боюнча саясатын карап көрүүгө шашпайт,Бул тууралуу мамлекеттик катчы Рекс Тиллерсон Аляскадагы арктикалык форумда сүйлөгөн учурда билдирди. АКШ президенти Дональд Трамп буга чейин климаттык өзгөрүү тууралуу илимди сындаган. Трамп дүйнөнүн 195 өлкөсү кол койгон Париж келишиминен чыгарын да билдирген. АКШ президенти мындан тышкары...,RELEVANT,POLICY,RELEVANT,POLICY,,,ky_1,"US climate policy review, Paris"
KY-F00946,,KY,Azattyk,https://www.azattyk.org/a/33006889.html,2024-06-24,"""Тоо өзгөрсө анын кесепети жалпы дүйнөгө тийет""","Сел коркунучу Борбор Азияны, анын ичинде Кыргызстанды түйшүккө салууда. Бишкектин эл аралык деңгээлде көтөрүп жаткан тоолорго көңүл буруу чакырыгы сел көйгөйүн канчалык жөнгө сала алат? Климаттык дипломатия боюнча эксперт Дастан Абдылдаев “Жер Эне” подкастында ушул жана суроолорго жооп берди.",RELEVANT,DISASTER,RELEVANT,DISASTER,,1,ky_1,"Sel/mudflow threat, climate diplomacy"
KY-R00016,,KY,Azattyk,https://www.azattyk.org/a/1895757.html,2009-12-05,Обама Копенгагендеги саммиттин жабылышына катышат,"Бул кабарды Дания жылуу кабыл алганын билдирди. Буга чейин АКШнын президенти Барак Обама Копенгагенде Бириккен улуттар уюмунун саммитинин ачылышына катышаары айтылган болчу. Келерки аптада ачыла турган саммитте дүйнө лидерлери климаттагы өзгөрүүлөрдү талкуулап, натыйжада Киото протоколунун...",RELEVANT,POLICY,RELEVANT,POLICY,,,ky_1,Obama Copenhagen climate summit
KY-R200212,,KY,Azattyk,https://www.azattyk.org/a/31885454.html,2022-06-06,"""Азаттыктын"" журналисти эл аралык сынактан жеңди","Европа Биримдигинин Борбор Азиядагы өкүлчүлүгү уюштурган ""Кайра калыбына келчү энергия булактарына өтүү - көмүртек нейтралдулугуна жетишүү үчүн биздин салым"" деп аталган экологиялык эл аралык сынакта ""Азаттык"" радиосунун журналисти Сабыр Абдумомунов 1-орунду алды. Сынактын жыйынтыгы 6-июнда...",RELEVANT,ENERGY,NOT_RELEVANT,,,1,ky_2,Journalist wins renewable-energy media contest
KY-F00836,,KY,Azattyk,https://www.azattyk.org/a/1359157.html,2008-12-13,Евробиримдикте экологиялык келишим иштеп калышы мүмкүн,"Брюсселде бүгүн Евробиримдиктин саммити ишин улантып жатат. Андагы негизги маселелердин бири – климаттагы өзгөрүүлөргө каршы күрөшүү. Азырынча сунуш кылынып жаткан планга ылайык, Евробиримдик 2020-жылга чейин абага чыгарылып жаткан көмүр кычкыл газын, 1990-жылдагы деңгээлге салыштырмалуу, 20%га...",RELEVANT,POLICY,RELEVANT,POLICY,,,ky_1,"EU summit, climate main issue"
KY-F02134,,KY,Azattyk,https://www.azattyk.org/a/31601086.html,2021-12-09,Элчи Аманбаев АКШны Кыргызстандын демилгесин колдоого чакырды,8-декабрда Кыргызстандын АКШдагы элчиси Бакыт Аманбаев Кошмо Штаттардын мамлекеттик катчысынын жардамчысы Дональд Лу менен жолугушту. Бул тууралуу Кыргызстандын АКШдагы элчилиги маалымдады. Элчи Аманбаев президент Садыр Жапаровдун Глазго шаарындагы Бириккен Улуттар Уюмунун (БУУ) климат...,RELEVANT,POLICY,RELEVANT,POLICY,,1,ky_1,US support for climate initiative
KY-R200404,,KY,Azattyk,https://www.azattyk.org/a/1257052.html,2006-10-30,ЖЕРДИН ЖЫЛЫШЫ АЛААМАТКА АЛЫП КЕЛЕТ,"30-октябрда Дүйнөлүк Банктын мурдагы жооптуу кызматкери Николас Стерн аба ырайынын жылып баратканы жана анын глобалдык экономикага тийгизе турган таасири туралуу баяндамасын Британ өкмөтү менен коомчулугуна сунуш кылды. Британ өкмөтүнүн тапшырмасы менен жүргүзүлгөн иликтөөдө эгерде климаттын жылып баратканына каршы токтоосуз чаралар көрүлбөсө, адамзатты чыныгы алаамат күтүп тургандыгы деп айтылат.",RELEVANT,SCIENCE_GEN,RELEVANT,SCIENCE_GEN,,,ky_2,Stern report warns climate catastrophe
KY-F00921,,KY,Azattyk,https://www.azattyk.org/a/33091018.html,2024-08-25,"Климаттык өзгөрүүлөр. Сел, суу ташкындын себеби","Өзгөчө кырдаалдар министрлигинин адистери Кыргызстандагы сел, суу ташкындын көбөйүшүн климаттык өзгөрүүлөр менен байланыштырууда. Алардын баамында, абанын ысышы менен жаан-чачындын көбөйүшү жана мөңгүлөрдүн тездик менен эрип жатышы жаратылыш кырсыктарына себеп болуп жатат.",RELEVANT,DISASTER,RELEVANT,DISASTER,,,ky_1,Climate change causing sel/floods
KY-F00872,,KY,Azattyk,https://www.azattyk.org/a/1264253.html,2007-04-04,8:10 Бишкекте бүгүн климаттын кескин ысышын талкуулаган жыйын өтөт,"БУУнун өнүктүрүү программасы уюштуруп жаткан бул жыйын аба ырайынын кескин өзгөрүшүнүн кесепеттери тууралуу коомчулукка тереңирээк маалымат берүү максатын көздөйт. Анда бул көйгөй менен күрөшүү үчүн жаңы каржы булактарын табуу, эл аралык экологиялык конвенцияларды кабыл алуу сыктуу маселелер...",RELEVANT,POLICY,RELEVANT,SCIENCE_GEN,,,ky_2,UNDP meeting on climate change
KY-F00795,,KY,Azattyk,https://www.azattyk.org/a/24514306.html,2012-03-13,АӨБ: Климаттын өзгөрүшү миграциянын өсүшүнө түрткү болот,Азиялык Өнүктөрүү банкы климаттын өзгөрүшү пайда кылган жаратылыш кырсыктарынын кесепетинен үстүбүздөгү кылымда Азияда 42 миллиондон ашык киши орун которууга мажбур болушу мүмкүн. Банктын директору Барт Эдес уюмдун интернет сайтында жайгаштырылган видеодон буларды айтты: - Биз бул...,RELEVANT,HEALTH_SOCIETY,RELEVANT,HEALTH_SOCIETY,,,ky_2,ADB: climate change drives migration
KY-F01750,,KY,Azattyk,https://www.azattyk.org/a/31541613.html,2021-11-02,Молдокматов жакындары тыңшалып жатканын айтып чыкты,Шотландиянын Глазго шаарында өтүп жаткан климаттын өзгөрүшүнө арналган COP26 саммитинин биринчи күнү дүйнөдөгү 100 мамлекеттин лидерлери биргелешкен билдирүү жасашты.,RELEVANT,POLICY,NOT_RELEVANT,,,1,ky_2,Headline surveillance; COP26 only in lead
KY-F02133,,KY,Azattyk,https://www.azattyk.org/a/1234941.html,2005-02-16,Бүгүн Киото протоколу күчкө кирди,Эл аралык келишим жердин глобалдуу ысышына алып келчү эмиссияны же зыяндуу чыгындыларды азайтууну көздөйт. Протокол түзүү боюнча сүйлөшүүлөр 8 жыл илгери Япониянын Киото шаарында башталган. Бүгүн “Гриинпис” экологиялык уюму жер жерлерде майрамдык акция уюштуруп жатат. Еврокомиссиянын айлана...,RELEVANT,POLICY,RELEVANT,POLICY,,,ky_1,Kyoto Protocol enters force
KY-F00432,,KY,Azattyk,https://www.azattyk.org/a/1227848.html,2004-08-21,ЕВРОПАДАГЫ ЖАРАТЫЛЫШ КЫРСЫКТАРЫ КӨП ЧЫГЫМДАРГА ТУРУУДА,"Төрөкул Дооров, Прага Ушул жылы жай мезгилинин башында Европанын бир катар токойлорунда болгон өрт канчалаган гектарларга созулуп жаткан жашыл аймакты кара түскө боеп салды. Анын артынан жааган нөшөрлүү жамгыр, көчкүн жана катуу шамалдар менен чагылгандын чабуулу Европанын көпчүлүк бөлүгүндө жаратылыш коркунучун жаратты. Ошол эле учурда, айлана чөйрөнү коргоо агенттиги тракаткан маалыматка караганда, бул - баардык балээнин башталышы гана. Кабарда айтылгандай, жер шарында баштаган глобалдык жылуулук алдыда суу ташкындары менен кургакчылыкты, мындан да оор жоготууларга туруучу дагы да коркунучтуу жаратылыш кырсыктарына алып келиши ыктымал. Буга бөгөт коюнун негизги жолу, агенттик билдиргендей, уулуу газдын көлөмүн тез арада кыскартуу.",RELEVANT,DISASTER,RELEVANT,SCIENCE_GEN,,1,ky_2,"global warming worsening disasters, cut emissions"
KY-F00906,,KY,Azattyk,https://www.azattyk.org/a/31308501.html,2021-06-15,Байден Евробиримдиктин лидерлери менен жолугат,"АКШнын президенти Жо Байден 15-июнда Европа кеңешинин президенти Чарльз Мишел жана Еврокомиссиянын президенти Урсула фон дер Ляйен менен жолугуп, бир катар талылуу маселелерди талкуулайт. Анда климаттын өзгөрүшү, соода алака, Кытай менен Орусиянын агрессивдүү позициясына каршы күрөшүү өңдүү...",RELEVANT,POLICY,NOT_RELEVANT,,,,ky_1,
KY-F01866,,KY,Azattyk,https://www.azattyk.org/a/1767184.html,2009-07-02,Швеция Европа Биримдигинин президенттигин Чехиядан өткөрүп алды,"Өлкө жарым жыл ичинде башкы көңүлдү экономикалык кризиске жана климаттын өзгөрүшүнө бура тургандыгын өкмөт башчысы Фредрик Рейнфелдт билдирди. Швеция президенттикти 27 мүчөлүү биримдик үчүн татаал мезгилде өткөрүп алууда. Европалык парламент эми шайланды, аткаруу бийлиги болгон Европалык...",RELEVANT,POLICY,NOT_RELEVANT,,,1,ky_1,"EU presidency, econ + climate focus"
KY-F01325,,KY,Azattyk,https://www.azattyk.org/a/27060390.html,2015-06-08,"""Чоң жетилик"" терроризм коркунучу менен климаттын өзгөрүшүн талкуулоодо","Баварияда өтүп жаткан ""Чоң жетилик"" саммитинин экинчи күнү терроризм коркунучу менен климаттын өзгөрүүсүнө байланышкан маселелерге арналууда. Дүйнөлүк жети ири экономикалык держава: Британия, Канада, Германия, Франция, Италия, Жапония жана АКШ лидерлеринин жолугушуусуна Ирактын премьери...",RELEVANT,POLICY,RELEVANT,POLICY,,,ky_1,G7 discussing climate change
KY-R00131,,KY,Azattyk,https://www.azattyk.org/a/1264408.html,2007-04-06,Брюсселде дүйнөлүк аба-ырайынын өзгөрүүсү боюнча БУУнун изилдөөсү жарыяланды,Анда климаттын жылдан-жылга ысып баратышы дүйнөдөгү жашоону түп тамырынан өзгөртөөрү айтылган. Жарды тропикалык өлкөлөргө аба температурасынын көтөрүлүшү суу тартыштыгын жана ачарчылыкты алып келет. Бирок Орусия жана Канада өңдүү өлкөлөргө айыл-чарбаны өркүндөтүү үчүн өтө ыңгайлуу шарттар...,RELEVANT,SCIENCE_GEN,RELEVANT,SCIENCE_GEN,,,ky_1,UN climate change study
KY-F02302,,KY,Azattyk,https://www.azattyk.org/a/28837313.html,2017-11-06,Мөңгүлөрдү сактап калууга арналган акция өтөт,"Жарандык активисттер президент Алмазбек Атамбаевге кайрылып, мөңгүлөр боюнча сунушталып жаткан мыйзам долбооруна кол койбоого чакырышат. Бул тууралуу бүгүн “Азаттык” радиосуна “Биздин укук” коомдук фондунун жетекчиси Калича Умуралиева билдирди. Анын айтымында, 8-ноябрда Ак үй алдында...",RELEVANT,WATER_CRYO,RELEVANT,WATER_CRYO,,,ky_1,Glacier preservation action
KY-F00439,,KY,Azattyk,https://www.azattyk.org/a/28011543.html,2016-09-25,Кыргызстан БУУда ГЭСтерди куруу маселесин көтөрдү,Дүйнөлүк климаттын өзгөрүп жатканына байланыштуу Кыргызстанда 2025-жылы мөңгүнүн көлөмү 30-40 пайызга азаяры эсептелип чыкты. Андыктан Кыргызстан жана Тажикстандагы ГЭСтердин курулушу Борбор Азиядагы суу маселесин чечет. Бул тууралуу тышкы иштер министри Эрлан Абдылдаев БУУнун Башкы...,RELEVANT,WATER_CRYO,RELEVANT,WATER_CRYO,,1,ky_2,"Glacier shrinkage, HPP for water, at UN"
KY-F02005,,KY,Azattyk,https://www.azattyk.org/a/32730045.html,2023-12-14,Климаттын өзгөрүүсүнө каршы күрөшүү келишимине 198 өлкө кол койду,"Климаттын өзгөрүшүнө каршы биргелешип күрөшүү келишимине 198 өлкө кол койду. Ал Дубайда өткөн COP28 глобалдык климаттык саммит жыйынтыгында кабыл алынды. Макулдашууда атмосферага зыяндуу заттарды чыгарууну азайтуу, экологиялык жактан таза, кайра калыбына келүүчү энергия булактарына өтүү планы...",RELEVANT,POLICY,RELEVANT,POLICY,,,ky_2,198 countries sign COP28 climate agreement
KY-F00978,,KY,Azattyk,https://www.azattyk.org/a/31226676.html,2021-04-28,Депутат өкмөт БУУнун 50 млн доллар грантын ала албай жатканын сындады,"Бириккен улуттар уюмунун (БУУ) Азык-түлүк жана айыл чарба программасынын Жашыл климаттык фонду Кыргызстанга 50 миллион доллар грант берүү тууралуу чечимин кабыл алган. Мунун 22 миллион доллары айыл чарбага жумшалат. Калганы климаттын өзгөрүшүнө, айлана чөйрөнү коргоого жана энергетика тармагына...",RELEVANT,POLICY,RELEVANT,POLICY,,,gold,IAA adjudicated gold
KY-F00803,,KY,Azattyk,https://www.azattyk.org/a/1886032.html,2009-11-24,Абада булганыч газдардын топтолушу эң жогорку чекке жетти,"Бул тууралуу Метерология боюнча дүйнөлүк уюм билдирди. Ал белгилегендей, булганыч газдардын абадагы концентрациясы тарыхтагы эң жогоркку чекке жетүү менен катар өсүү да үстүндө. Өнөр – жай ишканаларынын ишмердүүлүгүнүн натыйжасы катары эсептелген булганыч газдар глобалдык жылуулуктун эң башкы...",RELEVANT,SCIENCE_GEN,RELEVANT,SCIENCE_GEN,,,ky_2,"Record greenhouse gas concentration, WMO"
KY-F01785,,KY,Azattyk,https://www.azattyk.org/a/33588406.html,2025-11-12,"""Биздин жер сатылбайт!"" Бразилиянын түпкүлүктүү калкы эмнеге капа?",Орусия Украинага барып согушкан чет элдиктерди өз өлкөсүнө өткөрүп бербей турган болду. Бразилиянын Белем шаарында өтүп жаткан климат боюнча глобалдык жыйынга түпкүлүктүү калктын ондогон өкүлү кирип барууга аракет кылды. “Түндүк” тиркемесинен 20 миңден ашык адам насыя алууга өзүнө тыюу салды.,RELEVANT,POLICY,RELEVANT,HEALTH_SOCIETY,,,gold,IAA adjudicated gold
KY-F02011,,KY,Azattyk,https://www.azattyk.org/a/24789573.html,2012-12-05,Пан Ги Мун климаттын өзгөрүшүнө көңүл бурууга үндөдү,Бириккен Улуттар Уюмунун баш катчысы Пан Ги Мун Катарда өтүп жаткан жыйында дүйнө үчүн аномалдуу аба ырайы көнүмүшкө айланып баратканын жана өлкөлөр жаратылыш кырсыктарына каршы турууга даярданышы керектигин билдирди. Баш катчы климаттын өзгөрүшүнө алып келген “буу газдарын” азайтуу үчүн жаңы...,RELEVANT,POLICY,RELEVANT,POLICY,,,ky_2,"Ban Ki-moon urges climate action, Doha"
KY-F00586,,KY,Azattyk,https://www.azattyk.org/a/29666525.html,2018-12-20,Депутат Париж келишимине бут тоскондорду жазалоону сунуш кылды,"Кыргыз өкмөтү Климаттын өзгөрүшүнө каршы Париж келишимин ратификациялоого бут тосуп жаткан кызматкерлерин жазалашы керек. Бүгүн парламенттин жалпы жыйынында ушундай талап коюлду. ""Республика - Ата Журт"" фракциясынын депутаты Экмат Байпакпаев Тышкы иштер министрлиги жана Айлана-чөйрөнү коргоо...",RELEVANT,POLICY,RELEVANT,POLICY,,,ky_1,Punish Paris ratification obstructors
KY-F02153,,KY,Azattyk,https://www.azattyk.org/a/1275997.html,2007-12-03,Индонезияда Бириккен улуттар уюмунун глобалдык жылуулукка каршы чечүүчү конференциясы ачылды,190дой өлкөдөн чогулган илимпоздор менен ырасмий делегациялар абаны ысыткан парник газдарын чектөө боюнча эл аралык Киото келишиминин мөөнөтү 2012-жылы аяктаган соң кандай аракет көрүлөөрүн талкууламакчы. 10 миңдей киши катышып жаткан жыйынды утурлай илмипоздор глобалдык жылуулукту жайлатуу...,RELEVANT,POLICY,RELEVANT,POLICY,,,ky_2,Bali UN global warming conference
KY-R00200,,KY,Azattyk,https://www.azattyk.org/a/30308439.html,2019-12-05,БУУ: 2020-жылы дүйнөдө кырдаал дагы курчушу мүмкүн,"Бириккен Улуттар Уюму 2020-жылга карата божомолун жарыялап, климат мындан да ысып, согуш көбөйүп, ар кандай дарттар жайыларын билдирди. Уюмдун баяндамасында согуштардан улам көп адамдар эмделбей калып жатканы, коомдун саламаттыгын көзөмөлдөө оорлошуп баратканы белгиленди. Мунун жыйынтыгында...",RELEVANT,SCIENCE_GEN,NOT_RELEVANT,,,1,ky_2,UN 2020 forecast; climate one of several
KY-F00319,,KY,Azattyk,https://www.azattyk.org/a/24418615.html,2011-12-11,Климаттагы өзгөрүүлөр боюнча жаңы келишим иштеп чыгуу макулдашылды,Түштүк Африкада климаттагы глобалдык өзгөрүүлөр боюнча өтүп жаткан конференцияда 194 мамлекеттин өкүлдөрү климат боюнча жаңы келишим тууралуу сүйлөшүүнү баштайлы деп чечишти. Ал жаңы документ 1997-жылы кабыл алынган Киото протоколунун оордуна иштейт. Бир өзгөчөлүгү – Киото протоколу жалаң...,RELEVANT,POLICY,RELEVANT,POLICY,,,ky_1,"New climate agreement, Durban"
KY-F01775,,KY,Azattyk,https://www.azattyk.org/a/31091538.html,2021-02-08,"Индияда муз көчкү жүрүп, 170тей адам дайынсыз","Индияда мөңгүдөн муз бөлүнүп түшүп, курулуп жаткан гидроэлектрстанцияны басып калды. Ошондой эле өлкө түштүгүн сел капташына түрткү болду. Кеминде 14 киши өлүп, 170тей адамдын дайыны белгисиз. Алардын көбү - гидроэлектростанциянын курулушунда иштегендер. Бийлик сел каптаган Уттаракханд...",RELEVANT,DISASTER,RELEVANT,DISASTER,,,ky_1,India glacier avalanche flood deaths
KY-F00336,,KY,Azattyk,https://www.azattyk.org/a/28526126.html,2017-06-03,Блумберг Париж келишимин аткарууга чакырды,"АКШдагы штаттар, шаарлар жана ишканалар Кошмо Штаттардын климат боюнча Париж келишиминен чыкканына карабай анын шарттарын аткара берсе болот. Бул тууралуу Нью-Йорктун мурдагы мэри Майкл Блумберг 2-июнда билдирди. “Америкалыктарга Париж келишимин аткаруу үчүн Вашингтондун кереги жок”, - деди...",RELEVANT,POLICY,RELEVANT,POLICY,,,gold,IAA adjudicated gold
KY-F01645,,KY,Azattyk,https://www.azattyk.org/a/24338471.html,2011-09-24,Бишкекте экологиялык фестиваль өтүүдө,"Бишкекте “350” деген аталыш менен экологиялык фестиваль өтүп жатат. Бул тууралуу фестивалдын башкы координатору Туян Өмүрбекова билдирди. “Бүгүнкү күндө атмосферадагы кычкылтек газынын көлөмү бир кубметрге 390 молекуланы түзүүдө, нормада ал 350 болуш керек эле. Ушул себептен фестиваль “350”...",RELEVANT,SCIENCE_GEN,RELEVANT,SCIENCE_GEN,,,gold,IAA adjudicated gold
KY-F00247,,KY,Azattyk,https://www.azattyk.org/a/27423563.html,2015-12-13,Парижде климат боюнча БУУ макулдашуусуна кол коюлду,Парижде эки аптага созулган Улуттар Уюмунун климаттын өзгөрүүсүнө арналган эл аралык конференциясы соңуна чыкты. Ишемби күнү глобалдык форумдун катышуучулары кабыл алган макулдашуунун долбооруна 2016-жылдын 22-апрелинде БУУнун Нью-Йорктогу башкы штабында кол коюлат. Макудашууда планетадагы...,RELEVANT,POLICY,RELEVANT,POLICY,,,ky_1,Paris climate agreement signed
KY-F00653,,KY,Azattyk,https://www.azattyk.org/a/27639820.html,2016-03-28,Эксперттик комиссиянын баяндамасы депутаттардын сынына кабылды,"“Өнүгүү-Прогресс” фракциясынын депутаты Мирлан Бакиров ""Кумтөр"" алтын кенинин айланасындагы мөңгүлөрдүн эришин иликтеген эксперттик комиссиянын баяндамасын бир тараптуу деп сынга алды. Ал Давыдов мөңгүсү ""Кумтөр"" ишканасынан улам эрип, такыр калган жок деп билдирди: -Сиздер баяндаманы...",RELEVANT,WATER_CRYO,NOT_RELEVANT,,,1,ky_2,Kumtor mine glacier report; mining/political dispute
KY-F01882,,KY,Azattyk,https://www.azattyk.org/a/32598800.html,2023-09-19,Президент Жапаров БУУнун саммитинде мөңгүлөрдү сактоо маселесин айтты,Кыргызстандын президенти Садыр Жапаровдун АКШга сапары башталды. Жапаров 18-сентябрда Бириккен Улуттар Уюмунун (БУУ) Башкы Ассамблеясынын 78-сессиясынын Туруктуу өнүгүү максаттары саммитинде сүйлөдү. Бул тууралуу президенттин басма сөз кызматы маалымдады. Анда Кыргызстандын президенти уюмдун...,RELEVANT,WATER_CRYO,RELEVANT,WATER_CRYO,,,ky_1,Glacier preservation raised at UN
KY-R200224,,KY,Azattyk,https://www.azattyk.org/a/32542167.html,2023-08-10,Быйылкы июль 1850-жылдан берки эң ысык ай болду,"Июль 1850-жылдан берки эң ысык ай болгону расмий аныкталды. Бул тууралуу климатты изилдөө боюнча европалык Copernicus кызматы билдирди. Изилдөөчүлөрдүн маалыматында айтылгандай, июлда дүйнө жүзү боюнча абанын орточо температурасы 17 градус болгон. Бул өнөр жай дооруна чейинки абанын табынан...",RELEVANT,SCIENCE_GEN,RELEVANT,SCIENCE_GEN,,,ky_2,"July hottest month since 1850, Copernicus"
KY-R200215,,KY,Azattyk,https://www.azattyk.org/a/27192465.html,2015-08-17,Жети-Өгүздө суу ташкын коркунучу жоюлду,"Аба ырайынын кескин ысыганына байланыштуу тоолордогу мөңгүлөр эрип, Жети-Өгүз суусунун дэңгээли көтөрүлгөн. Натыйжада Жети-Өгүз айылдык аймагына караштуу Чырак айылындагы дамбанын айрым жерлерин суу агызып кеткен. Элдин турак-жайына жана эгин талааларына зыян келтирбеш үчүн ӨКМ тарабынан...",RELEVANT,DISASTER,RELEVANT,DISASTER,,,ky_2,"Heat-driven glacier melt, flood risk Jeti-Oguz"
KY-R200209,,KY,Azattyk,https://www.azattyk.org/a/1896652.html,2009-12-07,Бүгүн Копенгаген саммити башталууда,"Бүгүн Даниянын борбор шаары Копенгагенде климаттагы өзгөрүүлөр боюнча саммит башталууда. 140тан ашуун өлкөдөн келген расмий адамдар аба ырайынын ысышы жараткан проблемаларды талкуулап, Киото протоколун алмаштыра турган эл аралык келишим боюнча мунаса табууга аракеттенишмекчи. БУУнун баш катчысы...",RELEVANT,POLICY,RELEVANT,POLICY,,,ky_2,Copenhagen climate summit begins
KY-F01119,,KY,Azattyk,https://www.azattyk.org/a/1263036.html,2007-03-10,Евросоюз алтернативдүү энергияга өтөт,"Бул үчүн күндүн, шамалдын кубаты жана башка булактар колдонулат. 2020-жылы алардын эсебинен жалпы электрэнергиянын бештен бир бөлүгү камсыздалууга тийиш жана климаттын жылышына себепчи болгон газ калдыктары мындан он беш жылдагыга караганда 20 процентке кыскартылышы керек. Союзга кирген бардык...",RELEVANT,ENERGY,RELEVANT,ENERGY,,,ky_1,EU switch to renewable energy
KY-F01984,,KY,Azattyk,https://www.azattyk.org/a/30217476.html,2019-10-15,Эл аралык уюм ачарчылык менен климаттын өзгөрүш индексин жарыялады,"Глобалдык ачарчылык көйгөйүн иликтеп жүргөн уюм (Global Hunger Index - GHI) XIV жылдык баяндамасын жарыялады. Анда глобалдык, аймактык жана улуттук деңгээлде ачарчылыктын кесепети, тамак-аш тартыштыгынын балдардын саламаттыгына тийгизген таасири иликтенген. Уюм өз иликтөөсүндө быйыл 117...",RELEVANT,AGRI_LAND,RELEVANT,AGRI_LAND,,,gold,IAA adjudicated gold
KY-F01970,,KY,Azattyk,https://www.azattyk.org/a/24781550.html,2012-11-26,Катарда климаттын өзгөрүшү боюнча чоң жыйын башталды,"Бүгүн Катардын борбору Дохада климаттагы глобалдык өзгөрүүлөр боюнча жыл сайын өтүүчү чоң жыйын башталып, ага эки жүз чамалуу өлкөдөн өкүлдөр катышууда. Жыйындын башкы максаты - абага чыгарып жаткан булганыч газдын көлөмүн кыскартууга милдеттендирген Киото протоколун узартуу жана климаттын...",RELEVANT,POLICY,RELEVANT,POLICY,,,ky_1,Doha climate change meeting
KY-F02217,,KY,Azattyk,https://www.azattyk.org/a/30862199.html,2020-09-28,Индияда секелек кыз климаттын өзгөрүшүнө байланыштуу акцияга чыкты,Сегиз жаштагы Лициприя Кангужам 28-сентябрда Индиянын баш калаасы Нью-Делидеги парламент имаратынын алдына пикетке чыкты. Ал премьер-министр Нарендра Модиден жана депутаттардан климаттын өзгөрүшү боюнча мыйзамды тезирек кабыл алууну талап кылды. Кангужамдын климаттын өзгөрүшүнө каршы чыгып...,RELEVANT,POLICY,RELEVANT,HEALTH_SOCIETY,,,ky_1,Indian girl climate protest
KY-F00064,,KY,Azattyk,https://www.azattyk.org/a/33586053.html,2025-11-10,Бразилияда БУУнун климат боюнча саммити башталды,"Бразилиянын Белем шаарында Бириккен Улуттар Уюмунун (БУУ) климаттын өзгөрүүсүнө багытталган саммити (COP30) 10-ноябрда башталды. Бул жолку саммит Париж келишимине кол коюлганына он жыл толгон учурга туш келди. Ага ылайык, дүйнөдөгү 200дөй мамлекет 2100-жылга карата глобалдык температуранын...",RELEVANT,POLICY,RELEVANT,POLICY,,,ky_1,COP30 climate summit Brazil
KY-R200340,,KY,Azattyk,https://www.azattyk.org/a/31481398.html,2021-09-28,Климаттын өзгөрүүсүнө карата улуттук салым долбоору аныкталды,"Париж келишими менен климаттын өзгөрүүсүнө карата Кыргызстандын улуттук салымына байланышкан долбоор кабыл алынды. Бул тууралуу БУУнун басма сөз кызматы кабарлады. Долбоорду талкуулоого 27-сентябрда Министрлер кабинетинин төрагасы Улукбек Марипов, Экология жана климат боюнча мамлекеттик...",RELEVANT,POLICY,RELEVANT,POLICY,,,ky_1,Kyrgyzstan NDC Paris agreement
KY-F01238,,KY,Azattyk,https://www.azattyk.org/a/31539083.html,2021-11-01,Садыр Жапаров Глазгого менчик учак жалдап барды,"Кыргызстандын президенти Садыр Жапаров Шотландиянын Глазго шаарындагы Бириккен Улуттар Уюмунун климаттын өзгөрүшүнө арналган конференциясына менчик учак менен барды. Бул тууралуу ""Азаттыктын"" ишенимдүү булактары кабарлады. Президенттин администрациясы кайсы жана канча каражатка, кимдин учагы...",RELEVANT,POLICY,NOT_RELEVANT,,,,gold,IAA adjudicated gold
KY-R200383,,KY,Azattyk,https://www.azattyk.org/a/1281412.html,2008-03-19,КЫРГЫЗСТАН ЭНЕРГЕТИКАЛЫК КЫЙЫНЧЫЛЫКТАН КАНТИП ЧЫГАТ?,"Евробиримдиктин коопсуздук боюнча башкы комиссары Хавьер Солано биримдиктин жакында өткөн жыйынында жасаган докладында Борбор Азияда климат катуу өзгөрүп, ал регионду кыйын кырдаалга алып келатат жана Кыргызстанда акыркы 40 жылда миң мөңгү жок болду деп билдирди. Мындай кырдаал бара-бара Кыргызстан гана эмес жалпы регионду катуу кризиске дуушар кылышы ажеп эмес. Мына ушул проблеманын алдын алуу жөнүндө экс-депутат Райымбек Мамыров “Азаттык” менен ой-пикир бөлүштү.",RELEVANT,ENERGY,RELEVANT,WATER_CRYO,,,gold,IAA adjudicated gold
KY-F00998,,KY,Azattyk,https://www.azattyk.org/a/26940253.html,2015-04-06,Бердимухамедов сууну үнөмдөөгө убада берди,"Түркмөнстандын президенти Гурбангулы Бердимухамедов өлкөдөгү суу ресурстарын сактоого убада берди. Ал улуттук суу майрамында сүйлөп жатып, суу чыгашасын азайтып, энергия үнөмдөөчү технологияларды ишке киргизүүнү өз көзөмөлүнө аларын билдирди. Түркмөнстан Борбор Азиядагы суу жетишсиз аймак,...",RELEVANT,WATER_CRYO,RELEVANT,WATER_CRYO,,1,ky_2,"Turkmen president water conservation, scarce region"
KY-F00229,,KY,Azattyk,https://www.azattyk.org/a/28586184.html,2017-06-29,"Меркел: ""Чоң жыйырманын"" саммити климатка көңүл бурат","Немис канцлери Ангела Меркел климаттын өзгөрүшүн алдын алууну көздөгөн Париж келишимин ишке ашыруу маселеси ""Чоң жыйырманын"" кийинки аптадагы саммитинин өзөгүн түзөрүн билдирди. Ал 29-июнда парламенттеги кайрылуусунда АКШ президенти Дональд Трамп менен бул темада сүйлөшүү оор болорун...",RELEVANT,POLICY,RELEVANT,POLICY,,,ky_1,G20 summit to focus climate/Paris
KY-R00224,,KY,Azattyk,https://www.azattyk.org/a/1269015.html,2007-07-11,ТҮШТҮК ЧӨЛГӨ АЙЛАНАБЫ?,"Кыргызстандын түштүгүндөгү калк өлкөнүн түндугүн көздөй ооп жатат. Бүгүнкү күндө Чүй облус калкынын 40 пайызын түштүк тараптан ооп келгендер түзөт. Бул сан дагы көбөйүшү мүмкүн. Эмне себептен? Кеп саясатта эмес, климаттын тездик менен өзгөрүп жатышы, жашоого жакшы турмуш кыла турган жай издөө...",RELEVANT,HEALTH_SOCIETY,RELEVANT,HEALTH_SOCIETY,,1,ky_1,"Climate change, south-north migration"
KY-F01335,,KY,Azattyk,https://www.azattyk.org/a/29450958.html,2018-08-24,Борбор Азия өлкөлөрүнүн президенттери Түркмөнстанга чогулду,"Бүгүн Каспий деңизинин жээгиндеги Түркмөнстандын “Аваза” туристтик жайында Аралды сактоо боюнча эл аралык фондду негиздеген мамлекеттердин башчыларынын кезектеги саммити өтүүдө. Ага катышуу үчүн кечээ-бүгүн Түркмөнстанга Кыргызстандын, Казакстандын, Өзбектандын жана Тажикстандын президенттери...",RELEVANT,WATER_CRYO,RELEVANT,WATER_CRYO,,,gold,IAA adjudicated gold
KY-R200241,,KY,Azattyk,https://www.azattyk.org/a/1278074.html,2008-01-16,"ЖЕР ОРТОЛУК БАССЕЙНИНДЕ СУУЛАР БӨКСӨРҮП, ЖЕР КАКЫРООДО","Элдин саны ылдам темп менен өсүшү, климаттагы өзгөрүштөр жана туура эмес ирригация схемалары дүйнөнүн айрым чөлкөмдөрүндө жер астындагы, жер үстүндөгү суу булактарынын бөксөрүүсү өңдүү олуттуу кесепеттерди пайда кылууда. Андай чөлкөмдөрдүн бири Түркияны да камтыган Жер ортолук бассейни.",RELEVANT,WATER_CRYO,RELEVANT,WATER_CRYO,,,ky_2,climate-linked water depletion Mediterranean
KY-F01942,,KY,Azattyk,https://www.azattyk.org/a/27396260.html,2015-11-29,Атамбаев Парижге иш сапары менен учуп кетти,"Бүгүн, 29-ноябрда президент Алмазбек Атамбаев жумушчу сапар менен Парижге учуп кетти. Бул тууралуу президенттик аппараттын малымат саясаты бөлүмүнүн башчысы Алмаз Усенов “Азаттыкка” билдирди. Анын айтымында, өлкө башчысы 30-ноябрда БУУнун климаттын өзгөрүшү боюнча жыйынында сөз сүйлөйт. Өлкө...",RELEVANT,POLICY,RELEVANT,POLICY,,,ky_1,President to speak UN climate meeting
KY-F01330,,KY,Azattyk,https://www.azattyk.org/a/32582372.html,2023-09-07,"Жакынкы беш жылда абанын табы 1,5 градус көтөрүлүшү мүмкүн","2023-жылдын жай айлары тарыхтагы эң ысык мезгил болду. Экологдор жакынкы беш жылда абанын табы 1,5 градуска чейин жогорулайт деп болжолдошууда. Бул тууралуу БУУнун Бүткүл дүйнөлүк метеорологиялык уюму менен Европадагы климаттын өзгөрүшүн изилдөө боюнча Copernicus кызматынын биргелешкен...",RELEVANT,SCIENCE_GEN,RELEVANT,SCIENCE_GEN,,,ky_2,Temperature may rise 1.5C in 5 years
KY-F00972,,KY,Azattyk,https://www.azattyk.org/a/1962041.html,2010-02-18,Иво де Бур быйыл жайда кызматынан кетет.,"Улуттар Уюмунун климат мекемесинин жетекчилигинен кеткиси келгенин ал Копенгаганде өткөн жыйындын майнапсыз аяктагына байланыштырган жок. Баш катчы Пан Ги Мунга кайрылган катында болгону өз ордуна башка киши табууну өтүнүп, быйыл жыл этегинде Мексикада өтө турган кезектеги саммитке жакшылап...",RELEVANT,POLICY,RELEVANT,POLICY,,,gold,IAA adjudicated gold
KY-R00246,,KY,Azattyk,https://www.azattyk.org/a/31115236.html,2021-02-22,"Сыдыков: ""Токтогул"" суу сактагычында суунун көлөмү 5 млрд. куб метрге чейин түшүү коркунучу бар","«Улуттук энергохолдинг» ачык акционердик коомунун жетекчиси Бакыт Сыдыков суу азайган циклдин аягына чыга электигин белгилеп, ""Токтогул"" гидроэлектр станциясын (ГЭС) камсыздоочу суу сактагычтагы суунун көлөмү 2022-жылы 5,5 млрд. куб метрге чейин азайышы мүмкүн экенин айтты. Сыдыков бул...",RELEVANT,WATER_CRYO,NOT_RELEVANT,,,,gold,IAA adjudicated gold
KY-F01914,,KY,Azattyk,https://www.azattyk.org/a/1263031.html,2007-03-10,ДҮЙНӨЛҮК ЭКОЛОГИЯНЫ ЖАКШЫРТУУ БОЮНЧА ЕВРОПА ЖАҢЫ СУНУШ ЖАСООДО,"Нарын АЙЫП, Прага 8-9-март күндөрү Брюссел шаарында Европа Биримдигинин бийик жолугушуусу өтүп жатат жана анда негизгилерден болуп энергетика менен экология маселелери каралууда. Дүйнө жүзүндөгү аба ырайынын өзгөрүп баратканына себеп болгон калдык газдардын атмосферага чыгышын кыскартуу жөнүндө план иштелип чыкты.",RELEVANT,POLICY,RELEVANT,POLICY,,,ky_2,EU plan to cut emissions
KY-F00647,,KY,Azattyk,https://www.azattyk.org/a/1276346.html,2007-12-10,НОБЕЛЬ СЫЙЛЫГЫ ЭЭЛЕРИНЕ ТАПШЫРЫЛДЫ,"Улан Алымкул уулу, Прага Швеция жана Норвегиянын борборлору Стокгольм менен Ослодо бүгүн 2007 –жыл үчүн Нобель сыйлыгын тапшыруу салатанаттары өтүүдө. Салтанат оболу Ослодо башталды. Ал жерде Нобель Тынчтык сыйлыгын АКШнын мурдагы вице президенти Альберт Горго жана климаттын өзгөрүшү боюнча БУУнун эксперттеринин өкмөттөр аралык тобуна ыйгарылды. Ал эми адабият, медицина, химия, экономика боюнча сыйлыктар Стокгольмдан тапшырылат.",RELEVANT,SCIENCE_GEN,NOT_RELEVANT,,,1,ky_1,"Nobel ceremony, climate one prize"
KY-F00778,,KY,Azattyk,https://www.azattyk.org/a/33283677.html,2025-01-21,"Трамптын алгачкы жарлыктары: Миграция, TikTok, энергетика жана климат","АКШнын 47-президенти Дональд Трамп шайлоо алдындагы сөзүнө туруп, мыйзамсыз миграцияны ооздуктоо чараларын жарыялады. Трамп кызматка киришкенден кийин кол койгон документтерге ылайык, өлкөнүн түштүк чек арасында өзгөчө кырдаал киргизилди.",RELEVANT,POLICY,NOT_RELEVANT,,,1,ky_1,Trump decrees list; migration foregrounded
KY-F00601,,KY,Azattyk,https://www.azattyk.org/a/30263584.html,2019-11-11,Кырсык көп болгон жерде жашаган аялдар менен балдардын абалы талкууланат,"Бүгүн Бишкекте климаттын өзгөрүшүнүн аялдардын жана балдардын жашоосуна тийгизген таасири талкууланат. «Гендердик теңчилик аркылуу аялдардын жана балдардын мүмкүнчүлүгүн кеңейтүү» деген семинарды «Бир дүйнө - Кыргызстан» укук коргоо уюму уюштурууда. Уюмдун маалыматына караганда, талкууга...",RELEVANT,HEALTH_SOCIETY,RELEVANT,HEALTH_SOCIETY,,,ky_1,Climate impact on women/children
KY-F02054,,KY,Azattyk,https://www.azattyk.org/a/33132747.html,2024-09-25,"БУУда Кыргызстан карызды ""жашыл экономикага"" алмашуу механизмин күчөтүүнү сунуштады",Планетанын жашоосуна коркунуч келтирген эң кооптуу чакырыктардын бири болуп турган климаттын өзгөрүшү Кыргызстандан үч эсе аракетти талап кылууда. Бул тууралуу 24-сентябрда Нью-Йоркто БУУнун Башкы Ассамблеясынын 79-сессиясынын жалпы дебаттарында сүйлөп жатып президент Садыр Жапаров билдирди....,RELEVANT,POLICY,RELEVANT,POLICY,,,ky_1,Debt-for-green swap at UN
KY-F00599,,KY,Azattyk,https://www.azattyk.org/a/1285061.html,2008-05-26,МӨҢГҮ КАЗЫНАСЫ БӨКСӨРҮҮДӨ,"Кыргызстандын мамлекеттик гимнинде aк мөңгүлүү аска-зоолорго өзгөчө басым коюлат... Асман мелжиген кыргыз тоолорунда сегиз миңден ашуун мөңгүлөр жатат. Кылымдарды карытып музга айланган мөңгүлөрдүн аянты өлкөнүн жалпы аймагынын төрт пайызын, башкача айтканда сегиз миң чарчы аянтты ээлеп жатат. Бирок да ак карлуу аска-зоолордун арманы жыл санап көбөйүп баратканы окумуштуулар тарабынан гана айтылып келүүдө. Ал эми сууну пайдалануу, энерго-байлыктардын тартыштыгы тууралуу ар кыл деңгээлдеги талкууларда мөңгүлөрдүн абалына учкай гана сөздөр айтылып келүүдө. Окумуштуулардын маалыматында өткөн кылымдын 80-жылдарынан тарта Кыргызстанда мөңгүлөрдүн азайышы байкалууда.",RELEVANT,WATER_CRYO,RELEVANT,WATER_CRYO,,,ky_1,Kyrgyz glaciers declining
KY-F01471,,KY,Azattyk,https://www.azattyk.org/a/1281213.html,2008-03-16,Бириккен Улуттар уюму тоолордо мөңгүлөр тез эрип жаткандыгын эскертти,"БУУнунун Айлана-чөйрө программасынын жаңы отчетунда көптөгөн мөңгүлөр тез арада жок болуп кетээри эскертилет. Дүйнөнүн булуң-бурчундагы 30 мөңгүнү ченеп келген окумуштуулардын айтымында, мөңгүлөрдүн эриши 2006-жылы рекорддук чекке жеткен. Агенттик таза суу, сугат жана электр кубатын алууда...",RELEVANT,WATER_CRYO,RELEVANT,WATER_CRYO,,,ky_2,UN warns glaciers melting fast
KY-F00561,,KY,Azattyk,https://www.azattyk.org/a/1865470.html,2009-10-31,ЕБ лидерлери климаттын өзгөрүшүн токтотуу жолдорун талкуулашат,Брюсселдеги жыйында аба-ырайындагы өзгөрүүлөргө каршы атайын корго чамасы чарк өлкөлөр кошчу каражатты табуу маселеси сөз болот. Айрым өлкөлөр Евробиримдикке мүчө казнасы каржалган тараптар бул корго азыраак акча кошсун деп сунуш кылышкан. Брюссель маселени Улуттар Уюму декабрда өткөрө турган...,RELEVANT,POLICY,RELEVANT,POLICY,,,ky_2,"EU leaders discuss climate change, funding"
KY-F01584,,KY,Azattyk,https://www.azattyk.org/a/1262889.html,2007-03-06,16:40 Климаттын кескин ысышын талкуулаган тегерек стол болуп өттү,"Бул иш чараны Г.Мерцбахер атындагы мөңгүлөрдү сактап калуу фонду, Славян университети жана “Ыссыккөл” биосфералык аймагы менен бирге уюштурушкан. Тегерек столдо климаттын кескин ысышы, анын мөңгүлөргө жана жалпы эле экологияга тийгизген таасири талкууланды. Жыйынга Чынгыз Айтматов, өзгөчө...",RELEVANT,WATER_CRYO,RELEVANT,SCIENCE_GEN,,,ky_2,"roundtable on climate warming, glaciers"
KY-F01844,,KY,Azattyk,https://www.azattyk.org/a/32558852.html,2023-08-22,Казакстандын алты районунда суу тартыштыгынан улам өзгөчө кырдаал жарыяланды,"Катуу ысыкка жана сугат суунун тартыштыгына байланыштуу Казакстандын Байзак, Жамбыл, Кордой, Мерке, Т.Рыскулов жана Талас райондорунда өзгөчө кырдаал жарыяланды. Бул тууралуу Жамбыл облусунун акимчилиги кабарлады. Мекеменин сайтындагы билдирүүдө жабыр тарткан фермерлерге казак өкмөтүнүн...",RELEVANT,DISASTER,NOT_RELEVANT,,,,gold,IAA adjudicated gold
KY-F01001,,KY,Azattyk,https://www.azattyk.org/a/26912894.html,2015-03-21,БУУ: 15 жылдан кийин суунун көлөмү 40% азаят,"Эгерде сууну колдонуу жаатында саясат өзгөрбөсө, 2030-жылы дүйнө жүзү боюнча суунун запасы 40% кыскарышы мүмкүн. Бул тууралуу БУУнун докладында айтылат. Докладда жер алдындагы суунун запастары азайып жатканы, климаттын өзгөрүүсүнө байланыштуу жаан-чачын аз жаай турганы белгиленет. 2050-жылы...",RELEVANT,WATER_CRYO,RELEVANT,WATER_CRYO,,,ky_1,UN water scarcity projection climate
KY-F02028,,KY,Azattyk,https://www.azattyk.org/a/31539327.html,2021-11-01,Садыр Жапаров Британ ханзаадасынын сый тамагына чакырылды,"Президент Садыр Жапаров Глазгодо өтүп жаткан Глобалдык климат саммитинде Британ ханышасынын үй-бүлөсү уюштурган сый тамакка чакырылды. Бул тууралуу делегациянын курамындагылардан белгилүү болду. Бүгүн, 1-ноябрда Садыр Жапаров Британиянын премьер-министри Борис Жонсон, Бириккен Улуттар Уюмунун...",RELEVANT,POLICY,NOT_RELEVANT,,,1,ky_1,Royal dinner invitation at summit
KY-R200270,,KY,Azattyk,https://www.azattyk.org/a/33185484.html,2024-11-03,НАТО: Орусия Арктиканын климаты боюнча маанилүү маалыматты жашырууда,"Financial Times гезити НАТОнун жогорку даражалуу өкүлүнө шилтеме кылып, Орусия Арктикадагы климаттын өзгөрүшүнүн масштабы жана кесепеттери боюнча окумуштууларга зарыл болгон маанилүү маалыматтарды жашырып жатканын жазды. Арктика планетанын эң ылдам ысып бараткан аймагы болуп саналат. Андагы...",RELEVANT,SCIENCE_GEN,RELEVANT,SCIENCE_GEN,,1,ky_1,"Arctic climate data, warming"
KY-R00110,,KY,Azattyk,https://www.azattyk.org/a/1239645.html,2005-06-07,Вашингтондо бүгүн британ премьери Тони Блэр президент Жорж Буш менен жолугат,"Ырасмий маалыматтарда тараптар Африкалык өлкөлөрдүн карыздарын жеңилдетүү, глобалдык климаттын проблемаларын талкуулайт деп айтылууда. Мындан тышкары эки лидер өнөржайлуу сегиз өлкөнүн эмдиги айда өтө турган саммитине байланыштуу маселелерди да кеп кылышы мүмкүн.",RELEVANT,POLICY,NOT_RELEVANT,,,1,ky_1,"Bilateral meeting, climate co-topic"
KY-F01080,,KY,Azattyk,https://www.azattyk.org/a/1215687.html,2003-10-31,Казакстан экологиялык кырсыкка кабылган аймактардын тургундарын көчүрөт,"Казакстандын айыл чарба министринин орун басары Лилия Мусинанын бүгүнкү жарыясына караганда, жер которуштурууга Семипалатинск чөлкөмү менен Арал деңизинин айланасында жашагандар дуушар болот. Бирок бул программа 2007-жылдан кийин гана башталышы мүмкүн. Казакстандын айыл чарба министринин орун...",RELEVANT,WATER_CRYO,RELEVANT,HEALTH_SOCIETY,,1,ky_2,relocation from Aral ecological disaster zones
KY-F01816,,KY,Azattyk,https://www.azattyk.org/a/1227784.html,2004-08-20,Глобалдык жылуулуктун Европага көбүрөөк таасири тийүүдө,"Глобалдык жылуулук чөлкөмдө климаттын начарлашына, деңиздерде суу деңгээлинин көтөрүлүшүнө жана башка кеспеттерге алып келип жатат. Жогорудагыдай эскертүү Европанын Айлана-чөйрө боюнча агенттигинин докладында айтылган. Анда белгиленгендей, континенттин түндүгүндө жамгырдын көптүгү, ал эми...",RELEVANT,SCIENCE_GEN,RELEVANT,SCIENCE_GEN,,,ky_1,Global warming impacts on Europe
KY-F01122,,KY,Azattyk,https://www.azattyk.org/a/32286264.html,2023-02-24,Баткен: Тамчы суудан тал көгөрөт,"Суу тартыштыгы күч Баткендеклиматтын өзгөрүүсү, кышында кардын аз топтолуусу дарыяларда суунун пайда кылып жатат. Суу тартыштыгы дыйкандар үчүн эле түйшүк жаратпастан кошуналар менен мамилеге да таасирин берет деген адистер сууну сарамжалдуу пайдалануу, дыйканчылыктын жаңы маданиятын калыптандыруу зарылдыгын айтышат.",RELEVANT,WATER_CRYO,RELEVANT,WATER_CRYO,,,ky_1,"Batken water scarcity, climate change"
KY-F01731,,KY,Azattyk,https://www.azattyk.org/a/2144809.html,2010-09-01,Дүйнөлүк банк суу боюнча жаңы баяндамасын жарыялады,Дүйнөлүк банктын 26-августта жарыяланган жаңы баяндамасы “Климат өзгөрүп жатканда сууну баары үчүн сактоо” деп аталат. Анда Борбор Азия өлкөлөрүндө сууну пайдалануу боюнча улуттук стратегиялар даярдалса да мамлекеттер ортосунда саясий пикир келишпестиктерден улам аймактык суу стратегиясын иштеп...,RELEVANT,WATER_CRYO,RELEVANT,WATER_CRYO,,,ky_2,World Bank water report as climate changes
KY-R200048,,KY,Azattyk,https://www.azattyk.org/a/29306268.html,2018-06-20,Рахмон: Борбор Азияда суу тартыш боло баштады,"Тажикстандын президенти Эмомали Рахмон бул тууралуу бүгүн Дүйшөмбү шаарында өтүп жаткан суу конференциясында билдирди. Тажик лидеринин айтымында, “сезондуу жаан-чачындын аздыгынан улам аймактын өлкөлөрүндө эмитен эле суу тартыш болуп жатат. Дарыялардагы суунун агымы жылдык орточо көрсөткүчтөн...",RELEVANT,WATER_CRYO,RELEVANT,WATER_CRYO,,,ky_2,Rahmon: water scarcity in Central Asia
KY-F02102,,KY,Azattyk,https://www.azattyk.org/a/28841956.html,2017-11-08,Сирия менен Никарагуа Париж келишимине кошулат,Расмий Дамаск Париж келишимине “мүмкүн болушунча тез кол койо” турганын бул өлкөнүн экология министринин орун басары Вада Катмави Улуттар уюмунун климат боюнча Бонндогу конференциясында жарыялады. 2015-жылы келишимге 195 өлкө кол койгондо ага Сирия менен Никарагуа гана кирбей калган. Буга...,RELEVANT,POLICY,RELEVANT,POLICY,,,ky_1,Syria Nicaragua join Paris agreement
KY-F00708,,KY,Azattyk,https://www.azattyk.org/a/28531066.html,2017-06-06,АКШда Париж келишиминин аткарылышын колдогон топ түзүлдү,"5-июнда Нью-Йорк шаарынын мурдагы мэри Майкл Блумберг миңден ашуун губернатолор, мэрлер жана бизнес өкүлдөрү өткөн аптада президент Дональд Трамп четке каккан климатты сактоо боюнча Париж келишиминин максаттарын ишке ашырууга макулдашканын билдирди. Улуттар Уюмунун баш катчысынын шаарлар жана...",RELEVANT,POLICY,RELEVANT,POLICY,,,ky_2,US group backs Paris agreement after Trump
KY-F01020,,KY,Azattyk,https://www.azattyk.org/a/1267895.html,2007-06-17,15: 26 Бүгүн чөлгө айланууга жана кургакчылыкка каршы күрөшүүнүн бүткүл дүйнөлүк күнү,Бул күн дүйнө мамлекеттеринде 1994-жылдан тартып ар жыл сайын белинеп келет. Быйыл 17-июнь - чөлгө айланууга жана кургакчылыкка каршы күрөшүүнүн күнү “Кургакчылык жана климаттын өзгөрүшү – бир глобалдык коркунуч” деген аталышта белгиленүүдө. Анын алкагында БУУнун кургакчылыкка каршы күрөшүү...,RELEVANT,AGRI_LAND,RELEVANT,AGRI_LAND,,1,ky_1,Desertification/drought day
KY-F02320,,KY,Azattyk,https://www.azattyk.org/a/32508256.html,2023-07-18,Керри: Вашингтон Бээжин менен алакалардын турукташуусуна кызыкдар,"АКШнын климат маселелери боюнча атайын чабарманы Жон Керри 18-июлда жогорку даражалуу кытай дипломаты Ван И менен жолугушууда ""президент Жо Байдендин администрациясы дүйнөнүн эки ири экономикасынын ортосундагы алакалардын турукташуусуна абдан кызыкдар экенин"" билдирди. Бээжиндеги сапарынын...",RELEVANT,POLICY,NOT_RELEVANT,,,,gold,IAA adjudicated gold
KY-F00391,,KY,Azattyk,https://www.azattyk.org/a/30328404.html,2019-12-17,Бишкекте климатка арналган улуттук форум өтөт,"Парламенттин Жашыл экономика боюнча коомдук кеңеши Бишкекте климатка арналган улуттук форум уюштурууда. 17-декабрда ""Орион"" мейманканасында болчу жыйында Кыргызстандын экологиялык өнүгүүдөгү оош-кыйыш маселелери талкууланат. Уюштуруучулардын айтымында, эксперттер климатты коргоо жаатындагы...",RELEVANT,POLICY,RELEVANT,POLICY,,,ky_2,National climate forum in Bishkek
KY-F02326,,KY,Azattyk,https://www.azattyk.org/a/1280236.html,2008-02-26,БАЙЛЫКТЫН БААРЫ САРЫЖАЗДА ЖАТАТ,"Окумуштуулардын айтымында, соңку жылдары аба-ырайы өзгөрүп, мөңгүлөр эрий баштаганынан улам Кыргызстандагы көлдөрдүн, дарыялардын деңгээли көтөрүлүп жаткан кез. Кандай болгон күндө да 2030-жылдарга чейин Кыргызстанда суунун мол бойдон калары айтылууда. Андан соң суу деңгээли акырындан азайышы күтүлөт. Гидроэнергетика жана суу маселеси боюнча институтунун директору Дүйшөн Маматкановдун айтымында, азыркы тапта Кыргызстанда суу ресурстары мол болгондуктан аны туура пайдаланып калуу керек. Маселен, бир гана Сарыжаз дарыясы өлкөгө аябагандай мол каражат алып келет дейт окумуштуу.",RELEVANT,WATER_CRYO,RELEVANT,WATER_CRYO,,1,ky_1,"Glaciers melting, water resources"
KY-F01147,,KY,Azattyk,https://www.azattyk.org/a/1280090.html,2008-02-23,14:26 Бишкекте климаттын өзгөрүшү боюнча докладдын бет ачаары болот,"“Климаттын өзгөрүшү менен күрөш: чалкеш кеткен дүйнөдөгү тилектештик” деген аталыштагы докладдын бет ачаары 25-февралда БУУнун Үйүндө өтөт. Бул доклад климаттын өзгөрүшүнө байланышкан курч маселелерди талкуулоого өбөлгө түзөт, деп билдирди ПРООНдун коомчулук менен байланыш боюнча адиси Айгүл...",RELEVANT,POLICY,RELEVANT,SCIENCE_GEN,,1,ky_2,UNDP climate change report presentation
KY-F02292,,KY,Azattyk,https://www.azattyk.org/a/27205640.html,2015-08-24,Тянь-Шандын мөңгүлөрү эрип баратат,,RELEVANT,WATER_CRYO,RELEVANT,WATER_CRYO,,,ky_1,Tien-Shan glaciers melting
KY-F00419,,KY,Azattyk,https://www.azattyk.org/a/26603799.html,2014-09-24,Климаттагы өзгөрүүлөр боюнча саммит аяктады,"Климаттагы өзгөрүүлөр боюнча саммиттин катышуучулары энергиянын толуктанып турчу булактарын көбүрөөк пайдалануу жана өнүгүп келаткан өлкөлөргө жардам берчү фондго акча чогултуу жөнүндө макулдашты. БУУ уюштурган бир күндүк жыйында 2030-жылга чейин тропикалык токойлордун кыскарышын токтотуу,...",RELEVANT,POLICY,RELEVANT,POLICY,,,ky_1,"Climate summit ended, renewables/fund"
KY-F01046,,KY,Azattyk,https://www.azattyk.org/a/1254432.html,2006-08-21,15.00. Борбор Азия жер изилдөө институту ачылды,"БИШКЕК. Бүгүн Бишкекте Борбор Азия жер изилдөө институту ачылды. Анда негизинен климаттын өзгөрүлүшү, жер кыртышы, аймакта аба-сууну изилдөө, жер титирөөнүн алдын алуу иштери жүргүзүлөт. Аталган институт алдыңкы үлгүдөгү техникалык жабдуулар менен жабдылып, кесипкөй 80 адис жумуш орду менен...",RELEVANT,SCIENCE_GEN,RELEVANT,SCIENCE_GEN,,1,ky_2,institute researching climate change
KY-F01491,,KY,Azattyk,https://www.azattyk.org/a/32431562.html,2023-05-28,Гаагадагы нааразылык акциясында 1500дөн ашуун активист кармалды,"Гаагада Extinction Rebellion экологиялык кыймылы уюштурган нааразылык акциясында 1500дөн ашуун активист кармалды. Ишемби күнү алар Нидерланд өкмөтүнүн күйүүчү май өндүрүү субсидияларына нааразылык билдирип, жол тосушкан. Полициянын маалыматына караганда, алар демонстранттарды таратуу үчүн суу...",RELEVANT,POLICY,RELEVANT,HEALTH_SOCIETY,,,ky_2,"Extinction Rebellion protest, fuel subsidies"
KY-F01194,,KY,Azattyk,https://www.azattyk.org/a/1617900.html,2009-04-29,Өлкө башчысы К.Бакиев тажик президенти Э.Рахмон менен жолугушту,28-апрелде Алма-Ата шаарында Аралды сактап калуу боюнча эл аралык кору уюштурган саммитин алкагында өлкө башчысы Курманбек Бакиев менен Тажикстандын президенти Эмомали Рахмондун ортосунда эки тараптуу жолугушуу өткөрүлдү. Кездешүү учурунда мамлекет башчылары эл аралык уюмдардын алкагында да...,RELEVANT,WATER_CRYO,NOT_RELEVANT,,,1,ky_2,bilateral meeting at Aral summit
KY-F01099,,KY,Azattyk,https://www.azattyk.org/a/27168720.html,2015-08-04,Обама АКШнын климат боюнча жаңы планын тарыхый деп атады,"Барак Обама бул тууралуу АКШнын көмүр менен электр кубатын өндүрүүчү жайларынан булганыч газдардын бөлүнүшүнө биринчи ирет чектөө киргизилерин жарыялап жатып билдирди: - Биздин келечекке, биздин муундардын келечегине эң чоң коркунучту климаттын өзгөрүшү жаратарына мен ишенем. Климаттын...",RELEVANT,POLICY,RELEVANT,POLICY,,,ky_1,"US climate plan, emissions limits"
KY-F00160,,KY,Azattyk,https://www.azattyk.org/a/31341107.html,2021-07-05,"Бишкекте ""Эрип жаткан мөңгүлөрдүн бийи"" аттуу көргөзмө өтүп жатат","Гапар Айтиев атындагы көркөм сүрөт музейинде ""Эрип жаткан мөңгүлөрдүн бийи"" аттуу көргөзмө коомчулуктун көңүлүн азайып бараткан мөңгүлөргө буруу, аларды сактап калуу, глобалдык жылуулук мезгилинде сууну сарамжалдык менен колдонууга чакыруу максатында уюштурулган. Саамалык 9-июлда аяктайт....",RELEVANT,WATER_CRYO,RELEVANT,WATER_CRYO,,1,ky_2,Melting-glaciers awareness exhibition
KY-F01599,,KY,Azattyk,https://www.azattyk.org/a/33198933.html,2024-11-12,"Садыр Жапаров эл аралык колдоо болсо, өндүрүштөгү зыяндуу газды 44% азайтуу планын айтты","Кыргызстанда мөңгүлөрдүн көлөмү соңку 70 жылда 16 пайызга кыскарып, айрым аймактарда дээрлик бардык мөңгүлөр жок болуп кеткен. Бул тууралуу президент Садыр Жапаров 12-ноябрда Бакуда өтүп жаткан Бириккен Улуттар Уюмунун (БУУ) Климаттын өзгөрүүсү боюнча алкактык конвенциясына кошулган тараптардын...",RELEVANT,POLICY,RELEVANT,POLICY,,,ky_2,Japarov 44% emission-cut plan at COP29
KY-F01074,,KY,Azattyk,https://www.azattyk.org/a/2165794.html,2010-09-23,Роза Отунбаева: Сохранность ледников является общим долгом,"""Недалеко то время, когда наше благосостояние как водной страны поднимется точно также, как благоденствуют сегодня нефтяные и газовые супердержавы."" Такое заявление сделала президент Кыргызстана Роза Отунбаева на саммите ООН Целей развития тысячелетия в Нью-Йорке. «Мы находимся у верховья горных...",RELEVANT,WATER_CRYO,RELEVANT,WATER_CRYO,,,ky_1,Glacier preservation common duty
KY-F01281,,KY,Azattyk,https://www.azattyk.org/a/1267384.html,2007-06-06,ГЕРМАНИЯДА ӨНҮККӨН СЕГИЗ ӨЛКӨНҮН САММИТИ БАШТАЛДЫ,"Германияда Өнүккөн Сегиз өлкөнүн чоң жыйыны башталууда. Үч күндүк самитте климаттын өзөрүшү көңүл борборунда болот дешет. Ошол эле убакта АКШ менен Орусиянын ортосундагы тирешүүнүн күч алышы да көпчүлүктүн көңүлүн өзүнө буруп жатат. Самиттеги ""Азаттыктын"" өз кабарчысы билдиргендей, бүгүн (6-июнда) орус президенти Путин германиянын канцлери Ангела Меркель менен жолугушууда. Анын алдында Меркель АКШнын президенти менен климаттын өзгөрүшү боюнча сүйлөшүү жүргүзгөн.",RELEVANT,POLICY,RELEVANT,POLICY,,1,ky_1,"G8 summit, climate central topic"
KY-R200252,,KY,Azattyk,https://www.azattyk.org/a/1915327.html,2009-12-28,Копенгагенде Кыргызстан төрт демилге көтөрдү,"Бул тууралуу Айлана-чөйрөнү коргоо жана токой чарбачылыгы боюнча Мамлекеттик агенттиктин директору Арстанбек Давлеткелдиев бүгүнкү маалымат жыйынында билдирди. Анын айтымында, Копенгагенде өткөн глобалдык климаттын өзгөрүүсү тууралуу Улуттар Уюмунун конференциясында Кыргызстандык расмий топ төрт...",RELEVANT,POLICY,RELEVANT,POLICY,,,ky_2,Kyrgyzstan four initiatives at Copenhagen
KY-F00919,,KY,Azattyk,https://www.azattyk.org/a/24793416.html,2012-12-09,Киото протоколу 2020-жылга чейин узартылды,Катардын баш калаасы Доха шаарында эки жүзгө жакын өлкөнүн өкүлдөрү катышкан конференцияда Киото протоколун 2020-жылга чейин узартуу чечимине келишти. Айлана-чөйрөнү булгаган көмүр кычкыл газын азайтуу боюнча 1997-жылы кабыл алынган бул эл аралык документтин мөөнөтү үстүбүздөгү жылдын соңунда...,RELEVANT,POLICY,RELEVANT,POLICY,,,gold,IAA adjudicated gold
KY-F00273,,KY,Azattyk,https://www.azattyk.org/a/31749486.html,2022-03-12,Кыргызстанда “Жашыл мурас” улуттук өнөктүгү башталды,"Президент Садыр Жапаров Кыргызстандагы Тоолордун экосистемасын коргоо жана климаттык туруктуулук жылынын алкагында ""Жашыл мурас"" улуттук өнөктүгү башталганын жарыялады. 12-мартта, ""Ала-Арча"" мамлекеттик жаратылыш багынын аймагында көчөт отургузуу менен өткөн иш-чарага эл аралык уюмдардын,...",RELEVANT,POLICY,RELEVANT,POLICY,,1,ky_2,"Green Heritage campaign, climate-stability year"
KY-F01382,,KY,Azattyk,https://www.azattyk.org/a/1229583.html,2004-10-05,Казакстанда экологиялык конференция башталды,"Алматыдагы эки күндүк жыйынды Борбор Азиянын Экологиялык Борбору жана Британиянын элчилиги уюштурду. Ага чакырылган Өзбекстандын, Казакстандын жана Түркмөнстандын окумуштуулары Жер атмосферасынын ысышы, Арал деңизинин соолушу өңдөнгөн маселелерди талкуулашууда. Күн тартибинде жакында...",RELEVANT,WATER_CRYO,RELEVANT,SCIENCE_GEN,,1,ky_1,"Scientists on warming, Aral drying"
KY-F01177,,KY,Azattyk,https://www.azattyk.org/a/31474275.html,2021-09-23,"""Азаттыктын"" кабарчысы экологиялык журналисттин стипендиясына ээ болду","""Азаттык"" радиосунун кабарчысы Бактыгүл Чыныбаева Internews Earth Journalism Network жана Stanley Center for Peace and Security программасынын климаттын өзгөрүүсүн чагылдырууга байланышкан стипендиясына ээ болду. Дүйнөнүн 20 журналистине берилген бул мүмкүнчүлүктүн алкагында ал Шотландияда...",RELEVANT,OTHER_CLIMATE,NOT_RELEVANT,,,1,ky_2,Journalist wins climate-reporting fellowship
KY-F00302,,KY,Azattyk,https://www.azattyk.org/a/1289937.html,2008-09-04,Түндүк муз океандын Канададагы жээгинен муз ажырап кетти,Океандын Канададагы жээгинен аянты 50 чарчы километр келген муз ажырап кеткенин тууралуу канадалык окумуштуулар билдиришти. Алардын болжолунда жогорудагы көрүнүш - климаттагы өзгөрүүлөрдүн айныксыз далили. Муз Элсмир деп аталган аралдын жээгинен август айынын башында эле ажырап кеткен жана азыр...,RELEVANT,WATER_CRYO,RELEVANT,WATER_CRYO,,1,ky_1,"Arctic ice breakup, climate proof"
KY-R200179,,KY,Azattyk,https://www.azattyk.org/a/1905919.html,2009-12-17,Копенгагенде кызыл чеке талаш,Даниянын борборунда өтүп жаткан Улуттар уюмунун климаттын өгөрүшү боюнча жыйынында Африка менен Түштүк Американын жарды мамлекеттери нааразылыгын айтышты. Сенегалдын президенти Абдулай Вад өнүккөн мамлекеттерди алардын үмүттөрүнө суу сээп атканы үчүн айыптады. Ал эми Боливиянын президенти Эво...,RELEVANT,POLICY,RELEVANT,POLICY,,,ky_2,"Copenhagen dispute, poor nations protest"
KY-F00873,,KY,Azattyk,https://www.azattyk.org/a/28812379.html,2017-10-24,Никарагуа Париж келишимине кошуларын жарыялады,"Никарагуа 23-октябрда климат боюнча Париж келишимине кошуларын жарыялады. Борбордук Америкадагы бул өлкөнүн вице-президенти жана биринчи айымы Розарио Мурильо тийиштүү документтерди Улуттар Уюмуна жөнөтүшкөнүн билдирди. ""Бул климаттык өзгөрүүгө жана табият кырсыктарына каршы туруудагы...",RELEVANT,POLICY,RELEVANT,POLICY,,,ky_2,Nicaragua joins Paris climate agreement
KY-F01022,,KY,Azattyk,https://www.azattyk.org/a/1282349.html,2008-04-07,12:40 Бүгүн Бүткүл дүйнөлүк денсоолук күнү,"Буга байланыштуу саламаттык сактоо министри Марат Мамбетов маалымат жыйынын өткөрүп жер жүзүндө аба ырайынын кескин ысышына көзөмөл жүргүзбөсө адамзаат оор кырсыктарга кабылып оору-сыркоо, өлүм-житим көбөйөрүн белгиледи. Анын пикиринде адамдардын денсоолугуна глобалдык жылуулуктун тийгизген...",RELEVANT,HEALTH_SOCIETY,RELEVANT,HEALTH_SOCIETY,,,ky_1,Global warming health impacts
KY-F00331,,KY,Azattyk,https://www.azattyk.org/a/32587534.html,2023-09-13,Казакстанда кургакчылыктын айынан мал азайды,"""Түндүк райондордо мал-жандыктар жылда 210-240 күн кол карайт, жайытка чыкпайт. Тоют жок болсо, жут болушу ыктымал. Айрыкча, чакан жана орто чарбалардын абалы оор, алардын көбүндө чөп чапканга жери жок""",RELEVANT,AGRI_LAND,RELEVANT,AGRI_LAND,,,ky_1,"Drought reduced livestock, pastures"
KY-F00090,,KY,Azattyk,https://www.azattyk.org/a/1276609.html,2007-12-14,БАЛИ ФОРУМУ: ТАРАПТАР МУНАСАГА КЕЛЧҮДӨЙ,"БУУнун климаттын өзгөрүшүн талкуулаган форуму аяктоо алдында турат. Балидеги форумда Киото келишими кызуу талкууга алынып жатат. Бул келишимдин мөөнөтү 2012-жылы бүтөт. Евробиримдик жана өнүгүп келе жаткан өлкөлөр 2020-жылга чейин зыяндуу газ калдыктарын атмосферага чыгаруунун көлөмүн мындан он беш жылдагыга караганда 25-40 пайызга кыскартууга милдеттендирген жобону сунуш кылышты. Бирок АКШ, Жапония жана башка айрым өлкөлөр бул нормага каршы чыкты.",RELEVANT,POLICY,RELEVANT,POLICY,,,ky_1,Bali UN climate forum
KY-F01395,,KY,Azattyk,https://www.azattyk.org/a/1979193.html,2010-03-10,Кытай менен Индия климаттагы өзгөрүүлөр боюнча Копенгаген саммитинин документин жактырышты,Эки мамлекет тең бул тууралуу кечээ билдиришти. Буга чейинки Киото протоколунун оордуна иштей турган келишимди жактырган өлкөлөрдүн саны 100дөн ашты. Дүйнөдө абага булганыч газды эң көп чыгарган ири мамлекеттердин ичинде азыр Орусия гана аны жактыра элек.,RELEVANT,POLICY,RELEVANT,POLICY,,,ky_2,China India endorse Copenhagen document
KY-F00063,,KY,Azattyk,https://www.azattyk.org/a/1240678.html,2005-07-06,Шотландияда эртең “Чоң сегиздик” тобуна кирген өлкөлөрдүн саммити ачылат,"АКШ президенти Жорж Буштун саммитти утурлай жасаган билдирүүсүнө караганда, Вашингтон жыйындын күн тартибиндеги маселердин бири - глобалдык климаттын өзгөрүүсү боюнча кандайдыр бир жаңы макуладашууларга барбайт. Британ телеканалына берген маегинде, Жорж Буш климаттын өзгөрүүсүн олуттуу проблема...",RELEVANT,POLICY,RELEVANT,POLICY,,1,ky_1,"G8 summit, climate change stance"
KY-F02291,,KY,Azattyk,https://www.azattyk.org/a/1244414.html,2005-10-12,Жакын арада дүйнөдө миллиондогон “экологиялык качкын” пайда болот,"Бириккен Улуттар тарабынан бүгүн жарыяланган маалыматка караганда, дүйнө жүзүндөгү аба ырайынын өзгөрүшү жана экологиялык маселелерден улам 2010-жылга карата 50 миллионго жакын адам жер которууга аргасыз болот жана алар ""экологиялык качкындарга"" айланат. Кытай аймагындагы Гоби чөлүнүн...",RELEVANT,HEALTH_SOCIETY,RELEVANT,HEALTH_SOCIETY,,,ky_2,climate change forcing millions to migrate
KY-F01558,,KY,Azattyk,https://www.azattyk.org/a/27397975.html,2015-11-30,Парижде климаттын өзгөрүүсү боюнча БУУнун саммити башталды,"Франция баш калаасында БУУнун климаттык өзгөрүүлөр боюнча 21-жыйыны өтүп жатат. Жер жүзүндөгү экологиялык абалды коргоого багытталган көп тараптуу жаңы келишимди кабыл алуу максатын көздөгөн бул жыйын 11-декабрга чейин созулуп, ага 150дөй өлкөнүн лидерлери катышууда. Саммитке президент Алмазбек...",RELEVANT,POLICY,RELEVANT,POLICY,,,ky_1,Paris UN climate summit began
KY-R00130,,KY,Azattyk,https://www.azattyk.org/a/32558363.html,2023-08-22,Чүйдө ирригациялык системаны оңдоого 25 млрд. сом керектелери маалым болду,Чүй облусунун ирригациялык системасын модернизациялоого 25 млрд. сом керектелет. Бул тууралуу Айыл чарба министрлиги кабарлады. Маалыматка караганда кургакчылыкты алдын алуу үчүн ирригациялык тармактарды оңдоо жана жаңы гидротехникалык объектилерди куруу зарыл. Мекеме ирригациялык системаны...,RELEVANT,WATER_CRYO,RELEVANT,AGRI_LAND,,1,ky_1,Irrigation modernization drought prevention
KY-F01416,,KY,Azattyk,https://www.azattyk.org/a/31908301.html,2022-06-21,Президент Жапаров британиялык басылмага экология боюнча маек берди,Президент Садыр Жапаров Британиянын The Independent басылмасына климаттын өзгөрүүсүнүн Кыргызстанга таасири жана өлкөдөгү экологиялык абал жөнүндө маек берди. Бул тууралуу президенттин басма сөз кызматы билдирди. Анда президент Кыргызстан сыяктуу тоолуу өлкөлөрдө мөңгүлөр тездик менен эрип...,RELEVANT,POLICY,RELEVANT,SCIENCE_GEN,,,ky_1,President interview climate impact glaciers
KY-F01139,,KY,Azattyk,https://www.azattyk.org/a/1286835.html,2008-06-29,12:00 Кыргызстан мөңгүлөрүн сактоого тийиш,"Мындай пикирди кыргыз өкмөт башчысы Игорь Чудинов Глобалдык экологиялык фонддун аткаруучу директору Моника Барбю менен бейшемби күнкү жолугушууда билдирип, Тянь-Шань жана Памир тоолорундагы мөңгүлөрдүн абалы ири ГЭСтер менен ТЭЦтерди курулушу менен бузулушу мүмкүн деген кооптонуу бар экендигин...",RELEVANT,WATER_CRYO,RELEVANT,WATER_CRYO,,,ky_1,Protect Kyrgyz glaciers
KY-F01415,,KY,Azattyk,https://www.azattyk.org/a/2046176.html,2010-05-19,Евробиримдик климаттын өзгөрүшү менен күрөшкө 9 миллиард доллар бөлөт,Биримдиктин каржы министрлери өнүгүп келаткан өлкөлөргө келерки үч жылда ушунча суммада жардам берилээрин бышыкташты. Былтыр Копенгагендеги дүйнөлүк саммитте Европа биримдигинин жетекчилери Жер абасынын ысышы менен күрөштө жарды өлкөлөргө 2012-жылга чейин 2.4 миллиард евро бөлүүгө макулдашкан....,RELEVANT,POLICY,RELEVANT,POLICY,,,gold,IAA adjudicated gold
KY-F01531,,KY,Azattyk,https://www.azattyk.org/a/29289796.html,2018-06-14,Антарктикада муздун эриши тездеди,Бул тууралуу окумуштуулардын эл аралык тобунун жаңы жарыяланган баяндамасында айтылат. Алардын иликтөөсү 1992-жылдан бери Антарктикада дээрлик үч триллион тонна муз жоголгонун аныктаган. Ушундан улам дүйнөдө деңиз деңгээли 1990-жылдардын башынан бери бир сантиметрге жакын көтөрүлгөн. Бул өз...,RELEVANT,WATER_CRYO,RELEVANT,SCIENCE_GEN,,,ky_1,"Antarctic ice melt, sea level"
KY-F00461,,KY,Azattyk,https://www.azattyk.org/a/1266312.html,2007-05-12,14:11 Мөңгүлөрдүн аянтынын азайуусунан Борбордук Азия экологиялык проблемага дуушар болот,"Климаттын кескин ысышына байланыштуу Кыргызстан менен Тажикстандын тоолорундагы мөнгүлөрдүн аянты азая баштады. Бул тууралуу Тажикстандын Каржы министринин орун басары Жамшед Норинов БУУнун баш кеңсесинде сүйлөгөн сөзүндө билдирди. Нориновдун пикиринде, жакынкы келечекте бул аймактарда өлкөнүн...",RELEVANT,WATER_CRYO,RELEVANT,WATER_CRYO,,,ky_1,Warming shrinks CA glaciers
KY-F01586,,KY,Azattyk,https://www.azattyk.org/a/33259340.html,2025-01-01,Көп өлкөдө сел жүрдү. Климат кризиси уланабы?,"2024-жылы Борбордук Европадан Кавказга, Борбор Азия менен Ооганстанга чейинки бир катар өлкөлөр суу ташкындан катуу жабыр тартты. Биз табигый апааттын себептерине үңүлүп, Британиядагы Carbon Brief сайтынын илимий журналисти Айеша Тандонго суроо узаттык.",RELEVANT,DISASTER,RELEVANT,DISASTER,,1,ky_2,"Floods in many countries, climate crisis"
KY-F01857,,KY,Azattyk,https://www.azattyk.org/a/30180695.html,2019-09-24,БУУнун жыйынында Грета Тунберг дүйнө лидерлерин уяткарды,"Нью-Йоркто БУУнун Башкы Ассамблеясынын климаттын өзгөрүшүнө арналган жыйынында 16 жаштагы швециялык активист Грета Тунберг дүйнө лидерлерин жетиштүү чара көрбөй жатканы үчүн уяткарды. Ал өз сөзүндө: «Силер курулай убадаңар менен менин балалыгымды, менин кыялымды уурдадыңар! Ушуга кантип...",RELEVANT,POLICY,RELEVANT,HEALTH_SOCIETY,,,gold,IAA adjudicated gold
KY-F00374,,KY,Azattyk,https://www.azattyk.org/a/1859877.html,2009-10-24,Бишкекте “350” деген аталыштагы акция өттү,"Бүгүн Бишкектеги тарых музейинин алдында климат кризисин алдын алууга багытталган “350” акциясы болду. Анда жаш активисттер алмадан жана эки жүзгө чукул акцияга келген адамдардан 350 санын курашып, аны бийиктиктен сүрөткө түшүрүштү. Ошондой эле ”InsideOut” жана “EastArt” уюмдары тарабынан 350...",RELEVANT,OTHER_CLIMATE,RELEVANT,HEALTH_SOCIETY,,,ky_1,350 climate activism action
KY-F02338,,KY,Azattyk,https://www.azattyk.org/a/27966063.html,2016-09-04,Кытай менен АКШ климат боюнча Париж келишимин ратификациялады,Ханчжоу шаарындагы салтанатта АКШ президенти Барак Обама менен Кытайдын башчысы Си Цзиньпин ратификациялаган документтер расмий түрдө БУУнун баш катчысы Пан Ги Мунга тапшырылды. Обама “Париж келишимине кошулуу менен биз климаттын өзгөрүүсүнө каршы күрөшүү милдетин бөлүшөбүз” деди. Париж...,RELEVANT,POLICY,RELEVANT,POLICY,,,ky_1,China US ratify Paris agreement
KY-F01302,,KY,Azattyk,https://www.azattyk.org/a/31583576.html,2021-11-28,Садыр Жапаров Ашхабаддагы саммитте жаратылышты коргоого чакырды,Кыргызстандын президенти Садыр Жапаров Ашхабад шаарында өтүп жаткан Экономикалык кызматташтык уюмунун (ЭКУ) 15-саммитинде сүйлөгөн сөзүндө уюмдагы өнөктөштөрүн жаратылышты сактап калууга чакырды. Мамлекет башчысы абадагы көмүртекти азайтууда жана жашыл экономиканы өнүктүрүүдө кызматташтыктын...,RELEVANT,POLICY,RELEVANT,POLICY,,,gold,IAA adjudicated gold
KY-F01089,,KY,Azattyk,https://www.azattyk.org/a/30299112.html,2019-11-29,Жээнбеков Ташкенттеги жыйында суу маселесин көтөрдү,Президент Сооронбай Жээнбеков 29-ноябрда Ташкентте өткөн Борбордук Азиянын мамлекет башчыларынын экинчи консультативдик жолугушуусунда аймактагы суу көйгөйүн көтөрдү. - Азыр окумуштуулар Кыргызстандагы мөңгүлөрдүн азайып баратканын белгилеп жатышат. Биздин тоолордо аймактагы суу ресурстарынын...,RELEVANT,WATER_CRYO,RELEVANT,WATER_CRYO,,,gold,IAA adjudicated gold
KY-R200114,,KY,Azattyk,https://www.azattyk.org/a/1287297.html,2008-07-08,ЧОҢ СЕГИЗ АБАНЫ БУЛГООНУ АЗАЙТУУНУ МАКУЛДАШТЫ,Чоң сегиздин тобуна кирген өлкөлөр 2050-жылга карата көмүр кычкыл газынын абага бөлүнүшүн бери дегенде 50%га кыскартууга жетишүүнү макулдашты. Бул тууралуу Чоң сегиздин лидерлеринин быйылкы саммитинин экинчи күнүндө жарыяланды. Мунай жана азык-түлүк баасы кымбаттоосуна байланышкан тынчыздануулар үстөмдүк кылган саммит Жапониянын Хоккайдо аралындагы Тояко курортунда өтүүдө.,RELEVANT,POLICY,RELEVANT,POLICY,,,ky_2,G8 agrees to cut emissions
KY-F00842,,KY,Azattyk,https://www.azattyk.org/a/27099507.html,2015-06-29,“Жаңы муун” кыймылы мөңгүлөрдү сактоо боюнча митинг өткөрүүдө,"Акциянын катышуучулары митинг мөөнөтсүз болоорун билдирүүдө. Эколог Калия Молдогазиеванын айтымында, эгер Суу кодексине өзгөртүү киргизилсе, анын мөңгүлөр үчүн кесепети оор болот. Ал кендин өзүндө өзгөчө кырдаал жарыялап туруп, маселени жеринде чечүү зарылдыгын билдирүүдө. Жогорку Кеңеш өткөн...",RELEVANT,WATER_CRYO,RELEVANT,WATER_CRYO,,,ky_2,Rally to protect glaciers from mining
KY-F00839,,KY,Azattyk,https://www.azattyk.org/a/28524672.html,2017-06-02,Меркел Трамптын чечимин “абдан өкүнүчтүү” деп атады,Немис канцлери бүгүн парламентте сүйлөгөн президент Дональд Трамптын АКШны климат боюнча Париж келишиминен чыгаруу чечимин “абдан өкүнүчтүү” деп атоо менен анын өлкөсү 2015-жылкы келишимдеги милдеттенмесин аткарууну улантарын кошумчалады. Ангела Меркел ага катар Париж келишимин глобалдык...,RELEVANT,POLICY,RELEVANT,POLICY,,,ky_1,Merkel on Trump Paris withdrawal
KY-F00922,,KY,Azattyk,https://www.azattyk.org/a/25027983.html,2013-06-26,Обама климаттагы өзгөрүүнү токтотуу үчүн жаңы план сунуштады,"АКШ президенти Барак Обама климаттагы өзгөрүүлөрдү токтотуу, абаны булгаган көмүр кычкыл газын азайтуу жана энергияны сактоого багытталган жаңы планын сунуштады. Ага ылайык, АКШдагы электрстанцияларына абага көмүртекти каалагандай өлчөмдө бөлүүнү токтотуу каралган. Жоржтаун университетиндеги...",RELEVANT,POLICY,RELEVANT,POLICY,,,ky_2,"Obama climate plan, power plant carbon"
KY-F00637,,KY,Azattyk,https://www.azattyk.org/a/33216321.html,2024-11-27,Кыргызстан тышкы карыздан жашыл долбоорлордун эсебинен кутулса болот,"Баку шаарында COP29 саммити cоңуна чыкты. Эки апталык жыйын эмне менен аяктады? Дүйнөдөгү кубаттуу мамлекеттер 2035-жылга чейин жылына 300 млрд доллар берип турууга макул болду. Бирок бул өнүгүп келаткан өлкөлөрдүн нааразылыгын жаратып, айрымдар саммиттен эч кандай майнап чыккан жок деп баалашты.",RELEVANT,POLICY,RELEVANT,POLICY,,,ky_1,"COP29 climate finance, debt swap"
KY-F01541,,KY,Azattyk,https://www.azattyk.org/a/26430004.html,2014-02-02,Тамак-аш адамзаттын өңү-түсүн өзгөрткөн,"Байыркы адамдардын өңү-түсүнө жана генине айлана-чөйрө жана климаттык шарттар эмес, байыркы кишилердин жеген тамак-ашы таасир эткен. Алыскы Церера эргежээл планетасында суунун буусу табылды. Ал эми биздин планетабызда былтыркы жыл 1880-жылдан берки эң ысык төртүнчү жыл болгону маалым болду.",RELEVANT,SCIENCE_GEN,NOT_RELEVANT,,,,ky_2,
KY-F00881,,KY,Azattyk,https://www.azattyk.org/a/1987294.html,2010-03-18,Дүйнөлүк банк жаштарды жолугушууга чакырат,"Дүйнөлүк банктын Кыргызстандагы кеңсеси жаштар үчүн экология жана климаттын өзгөрүшүнө арналган ачык эшик күнүн өткөрөт. Жолугушууга коомдук уюмдардын жаш өкүлдөрү, студенттер чакырылат. Иш-чарада Алматы, Астана, Ташкент, Дүйшөмбү шаарларынын жаштары менен видео талкуу өтөт. Бул тууралуу аталган...",RELEVANT,OTHER_CLIMATE,RELEVANT,SCIENCE_GEN,,,ky_1,Youth climate change awareness event
KY-F00346,,KY,Azattyk,https://www.azattyk.org/a/27204127.html,2015-08-23,Тянь-Шандын мөңгүсү ээрип кетеби? (1-бөлүк),Тянь-Шандын мөңгүсү ээрип кетеби? (1-бөлүк),RELEVANT,WATER_CRYO,RELEVANT,WATER_CRYO,,,gold,IAA adjudicated gold
KY-F00271,,KY,Azattyk,https://www.azattyk.org/a/31544399.html,2021-11-03,Тышкы саясатта тең салмактуулук сакталабы?,"Кыргызстандын президенти Садыр Жапаровдун Глазгодогу климаттын өзгөрүүсүнө каршы саммитке катышты. Анын алкагында Жапаров бир катар дүйнөлүк лидер менен жолугуп, сүйлөшүүлөрдү өткөрдү.",RELEVANT,POLICY,NOT_RELEVANT,,,1,ky_1,Foreign policy analysis; summit context
KY-F01164,,KY,Azattyk,https://www.azattyk.org/a/32791378.html,2024-01-25,Дүйнөнү ысык каптады. Кыргызстан кургакчылыктын каарын тартабы?,"7 миллион калкы бар тоолуу Кыргызстан климаттык өзгөрүүлөргө, анын таасиринен пайда болгон жаңы реалдуулукка кантип ыңгайлашууда? Кыргыз бийлиги энергиянын альтернативдүү булактарын колдонууну көбөйтүү планы бардыгын, чакан ГЭСтер менен күн, шамал энергиясына басым жасарын жарыялады.",RELEVANT,ENERGY,RELEVANT,SCIENCE_GEN,,1,ky_2,"Kyrgyzstan climate adaptation, drought, energy"
KY-F00687,,KY,Azattyk,https://www.azattyk.org/a/1206666.html,2003-03-17,Суу тартыштыгы Киото конференциясында талкууланат,"Япониянын Киото шаарында суу маселесине арналган эл аралык конференция ачылды. Жыйында сууну айыл чарбасында үнөмдүү пайдалануу, аба ырайынын өзгөрүүсү жана дүйнөдөгү сууга тартыш 1 миллиард 400 миллион адамды таза суу менен камсыздоо сыяктуу проблемаларды 150-дөн көп өлкөдөн келген делегаттар...",RELEVANT,WATER_CRYO,RELEVANT,WATER_CRYO,,1,ky_1,Water scarcity + climate at Kyoto conf
KY-F00307,,KY,Azattyk,https://www.azattyk.org/a/1905481.html,2009-12-16,Копенгагенде нааразылык акциясы болуп атат,"Копенгагенде жүздөгөн адамдар нааразылык акциясына чыгышты. Алар Улуттар уюмунун климаттын өгөрүшү боюнча жыйыны олуттуу бир жыйынтыкка келе албаганына нааразылык билдиришүүдө. Бийликтердин маалыматы боюнча, полиция жыйын өтүп жаткан имаратка бараткан демонстранттарды таратуу үчүн көздөн жаш...",RELEVANT,POLICY,RELEVANT,HEALTH_SOCIETY,,,ky_1,Climate summit protest Copenhagen
KY-F02279,,KY,Azattyk,https://www.azattyk.org/a/28841652.html,2017-11-08,Мөңгү мыйзамына каршы акция өкмөт уюштурган талкууда уланмай болду,"Бишкекте мөңгүлөрдү сактап калууга арналган тынч митинг аяктады. Анын уюштуруучулары эми ушундай эле акцияны жума күнү, 10-ноябрда “Парк отель” мейманканасынын алдында улантарын билдиришти. Алардын айтымында, бүгүн Ак үй алдына чыккан митингчилердин өкүлдөрү Жогорку Кеңештин Агрардык саясат,...",RELEVANT,WATER_CRYO,RELEVANT,WATER_CRYO,,,ky_2,Glacier-protection rally continues
KY-R200337,,KY,Azattyk,https://www.azattyk.org/a/31560567.html,2021-11-14,Акциялар менен коштолгон COP-26 саммити аяктады,Шотландиянын Глазго шаарында БУУнун климат боюнча 26-саммити аяктады. 1-14-ноябрдагы саммиттин соңку күндөрү дүйнөдөгү кубаттуу державалар жакыр жашаган өлкөлөрдүн климаттын өзгөрүшүнө ыңгайлашуусу үчүн каражат бөлүү маселесин кызуу талкуулашты.,RELEVANT,POLICY,RELEVANT,POLICY,,,ky_2,"COP26 ends, climate adaptation finance"
KY-R200059,,KY,Azattyk,https://www.azattyk.org/a/28530660.html,2017-06-06,АКШнын Кытайдагы элчиси Дэвид Рэнк кызматтан кетти,"Ал президент Трамптын климаттык өзгөрүүлөр боюнча Париж келишиминен чыгуу тууралуу чечимине байланыштуу кызматынан баш тартканы айтылууда. Маалыматтарга ылайык, Дэвид Рэнк Бээжиндеги элчилик кызматкерлерине АКШнын Париж келишиминен чыкканы тууралуу расмий маалымат жеткирүүдөн көрө, кызматын...",RELEVANT,POLICY,RELEVANT,POLICY,,1,ky_1,Diplomat resigned over Paris withdrawal
KY-F00475,,KY,Azattyk,https://www.azattyk.org/a/27398418.html,2015-11-30,"30-ноябрь, 2015-жыл",Парижде Бириккен улуттар уюмунун экологиялык саммити башталды. Казакстандын президенти Нурсултан Назарбаев бугүн Астанада казак элине салттуу кайрылуусун жолдоду.,RELEVANT,POLICY,RELEVANT,POLICY,,1,ky_1,"Paris climate summit began, digest"
KY-R200138,,KY,Azattyk,https://www.azattyk.org/a/1608748.html,2009-04-15,Кыргызстан Арал деңизин сактап калуу боюнча эл аралык фонддун саммитине катышат,Саммитке аталган фондго мүчө өлкөлөрдүн мамлекет башчылары катышмакчы. Апрель айынын аягында Алматы шаарында өтөрү күтүлүп жаткан жыйынга Кыргызстандын президенти Курманбек Бакиев барат. Бул тууралуу “Азаттыкка” президенттик басма сөз кызматынын жетекчиси Алмаз Турдумаматов кабарлады. Ошондой...,RELEVANT,WATER_CRYO,RELEVANT,WATER_CRYO,,,ky_2,Aral Sea preservation fund summit
KY-F01589,,KY,Azattyk,https://www.azattyk.org/a/1265099.html,2007-04-18,БУУнун Коопсуздук кеңеши дүйнө климатынын өзгөрүлүшүн талкуулоодо,"Коопсуздук кеңештин тарыхында бул тема алгачкы жолу каралууда. Аба-ырайынын ысышы бара-бара дүйнөнү такыр башкача кылып өзгөртүп, жер планетасынын коопсуздук жана тынчтыгына коркунуч туудурушу мүмкүн деп билдирди БУУнун баш катчысы Пан Ги Мун.",RELEVANT,POLICY,RELEVANT,POLICY,,,ky_1,UN Security Council on climate
KY-F00209,,KY,Azattyk,https://www.azattyk.org/a/29625498.html,2018-11-28,Экоактивисттер Париж келишимине кол коюуну тездетиш үчүн петицияга кол топтоодо,"Кыргызстанда экологияны коргоо жаатында иш алып барган 19 уюм биригип, Париж келишимин ратификациялоо жараянын тездетүүнү көздөп, тиешелүү петицияга онлайн түрүндө кол топтоодо. Бул тууралуу ""Азаттыкка"" ""MoveGreen"" уюмунун өкүлү Мария Колесникова кабарлады. Экоактивист Кыргызстан Париж келишимин...",RELEVANT,POLICY,RELEVANT,POLICY,,1,ky_2,Petition to speed Paris agreement ratification
KY-F00802,,KY,Azattyk,https://www.azattyk.org/a/1261369.html,2007-02-02,Бүгүн дүйнөнүн окумуштуулары аба-ырайынын кескин ысышы тууралуу билдирүү жасайт,Алты жыл бою чогултулган эмгекте 130 өлкөнүн эки жарым миң окумуштуулары климаттын ысышы жакынкы он жылда Жер бетинде өзгөрүүлөргө алып келээрин далилдешкен. Окумуштуулар өндүрүштүк газдарды бөлүүнүн көбөйүшү глобалдык масштабда күндүн ысышына алып келе тургандыгы 90 пайызга далилденгенин айтышты.,RELEVANT,SCIENCE_GEN,RELEVANT,SCIENCE_GEN,,,ky_2,scientists confirm human-caused climate warming
KY-F00449,,KY,Azattyk,https://www.azattyk.org/a/32099227.html,2022-10-27,Кыргызстан Аярлуу климат форумуна кирди,"Кыргызстан Чыгыш Европа, Кавказ жана Борбор Азия өлкөлөрүнүн ичинен биринчилерден болуп Аярлуу климаттын дүйнөлүк форумуна (Climate Vulnerable Forum) кирди. 4-октябрда чыккан бул чечим тууралуу Жаратылыш ресурстары, экология жана техникалык көзөмөл министринин орун басары Бексултан Ибраимовдун...",RELEVANT,POLICY,RELEVANT,POLICY,,,ky_2,Kyrgyzstan joins Climate Vulnerable Forum
KY-R200255,,KY,Azattyk,https://www.azattyk.org/a/33219300.html,2024-11-28,"Ысык-Көлдө суунун деңгээли 98 жылдын ичинде 3,5 метрге азайды","Ысык-Көлдө суунун деңгээли 98 жыл аралыгында 3,5 метрге азайды. Гидрометеорология кызматынын директору Нуртемир Мурзабековдун маалыматына караганда, суунун деңгээлинин төмөндөшүнө мөңгүлөрдүн жана көлгө куйган суунун азайышы себеп болгон. ""Орто эсеп менен жыл сайын көлдүн жээги үч жарым...",RELEVANT,WATER_CRYO,RELEVANT,WATER_CRYO,,,ky_2,"Issyk-Kul level dropped 3.5m, glacier melt"
KY-R00443,,KY,Azattyk,https://www.azattyk.org/a/32680352.html,2023-11-11,Жапаров Франциянын президенти менен кызматташтыкты талкуулады,"Кыргызстандын президенти Садыр Жапаров 10-ноябрда Парижде Франциянын лидери Эммануэл Макрон менен жолугуп, кызматташтыкты талкуулады. Бул тууралуу президенттин басма сөз кызматы кабарлады. ""Президент Садыр Жапаров Эммануэл Макронго Париж Форумуна, өз убагында өткөрүлүп жаткан мөңгүлөр боюнча...",RELEVANT,WATER_CRYO,NOT_RELEVANT,,,1,ky_1,Bilateral cooperation; glaciers mentioned
KY-F00267,,KY,Azattyk,https://www.azattyk.org/a/28522161.html,2017-06-01,Европа лидерлери АКШны Париж келишиминен чыкпоого чакырууда,"Президент Дональд Трамптын айтымында, АКШ глобалдык климаттын өзгөрүүсү боюнча келишимде калар-калбасы бүгүн жарыяланат. Америкалык медиа кечээ Вашингтондогу өз булактарына шилтеме жасап кабарлагандай, Трамп АКШны 2015-жылы Парижде 195 өлкө кол койгон келишимден чыгарышы мүмкүн....",RELEVANT,POLICY,RELEVANT,POLICY,,,ky_2,Europe urges US stay in Paris agreement
KY-R200157,,KY,Azattyk,https://www.azattyk.org/a/1354691.html,2008-12-01,Польшада бүгүн климаттын өзгөрүшү боюнча БУУнун сүйлөшүүсү башталууда,Познан шаарындагы жарым айлык жыйында булганыч газдардын абага ташталышын азайтуу боюнча 2009-жылдын аягына чейин жаңы келишим түзүү маселеси такууланат.,RELEVANT,POLICY,RELEVANT,POLICY,,,ky_2,UN climate change talks Poznan
KY-F01821,,KY,Azattyk,https://www.azattyk.org/a/28520890.html,2017-05-31,ЖМК: АКШ Париж келишиминен чыкканы турат,"Президент Дональд Трамп АКШны климаттык өзгөрүүнү токтотууга багытталган Париж келишиминен чыгаруу алдында турганын Америка медиасы кабарлап чыкты. ""ABC-Ньюс"" каналы, ""Рейтер"" агенттиги өз булактарына таянып, президент Трамп аталган келишимден чыгууну чечкенин кабарлашты. “Ассошиэйтед пресс”...",RELEVANT,POLICY,RELEVANT,POLICY,,,ky_1,US about to leave Paris agreement
KY-F01403,,KY,Azattyk,https://www.azattyk.org/a/32212217.html,2023-01-06,Изилдөө: 2100-жылы мөңгүлөрдүн 68% жоголушу мүмкүн,Глобалдык климаттык өзгөрүүнүн натыйжасында 2100-жылга карата Жер шарындагы мөңгүлөрдүн 68% жоголушу мүмкүн. Эң начар прогноздо балким 83% эрийт. Бул тууралуу Science журналында жарыяланган гляциологдордун жаңы изилдөөсүндө айтылат. Окумуштуулар жер бетиндеги 200дөн ашуун мөңгүнү изилдеп...,RELEVANT,WATER_CRYO,RELEVANT,WATER_CRYO,,,ky_2,Study: 68% glaciers may vanish by 2100
KY-F01768,,KY,Azattyk,https://www.azattyk.org/a/28841909.html,2017-11-08,Мөңгү мыйзамына каршы акция өттү,"Бишкекте Ак үй алдында ""Суу кодексине"" сунушталган өзгөртүүлөргө каршы акция өттү. Ага жарандык активисттер, саясатчылар катышып, бул өзгөртүүлөрдү четке кагууга парламентти чакырышты.",RELEVANT,WATER_CRYO,RELEVANT,WATER_CRYO,,,ky_2,Rally against glacier mining law
KY-F01683,,KY,Azattyk,https://www.azattyk.org/a/28527390.html,2017-06-04,Блумберг Париж келишимин аткаруу боюнча коалиция түзөт,"Америкалык миллиардер Майкл Блумберг АКШнын климат боюнча Париж келишиминде калышын жактагандардын коалициясын түзөт. Учурда бул коалицияга 30 шаар, 3 штат, 100дөн ашык компания жана 80дей университет кирери кабарланууда. Коалициянын катышуучулары АКШнын климаттын өзгөрүшүнө каршы Париж...",RELEVANT,POLICY,RELEVANT,POLICY,,,gold,IAA adjudicated gold
KY-F01076,,KY,Azattyk,https://www.azattyk.org/a/30303281.html,2019-12-02,Кытай Орусиянын газын жагат,Журналисттин ишин иликтөөдө жаңы жайгдайлар ачыкка чыкканы өкмөт кризиске кептелди. Испаниянын баш калаасы Мадридде Улуттар Уюмунун климаттын өзгөрүшүнө арналган эки жумалык саммити башталды.,RELEVANT,POLICY,NOT_RELEVANT,,,1,ky_1,Gas headline; climate one digest item
KY-F01652,,KY,Azattyk,https://www.azattyk.org/a/1813794.html,2009-09-03,БУУнун башкатчысы климат боюнча чара көрүүгө чакырды,"Пан Ги Мундун айтымында, эгер дүйнө климаттагы өзгөрүүлөргө каршы күрөшүү үчүн шашылыш чара көрбөсө, “туңгуюкту көздөй багыт алат”. Ал бул тууралуу бүгүн Женевада, климаттагы өзгөрүүлөргө арналган конференцияда 150дөй өлкөнүн өкүлдөрүнө кайрылган учурунда белгиледи. БУУнун башкатчысы ага катар...",RELEVANT,POLICY,RELEVANT,POLICY,,,ky_2,"UN chief calls climate action, Geneva conference"
KY-F01353,,KY,Azattyk,https://www.azattyk.org/a/1282154.html,2008-04-03,8:15 Бүткүл дүйнөлүк денсоолук күнү белгиленет,"Баш калаада 5-7 апрелде Бүткүл дүйөлүк денсоолук күнү белгиленет. Бишкек мэриясынын басма сөз кызматынын маалыматына караганда бул күнү “Климаттын өзгөрүшүнөн ден соолукту сактайбыз” деген ураан астында райондордо, жаңы конуштарда, мектеп окуучуларынын, студенттердин арасында чың денсоолукта...",RELEVANT,HEALTH_SOCIETY,RELEVANT,HEALTH_SOCIETY,,,ky_1,"Health Day, climate change theme"
KY-F01356,,KY,Azattyk,https://www.azattyk.org/a/1265774.html,2007-04-30,Германия канцлери Ангела Меркель АКШ жана Евробиримдик саммитине катышуу үчүн Вашингтонго жөнөдү,Бүгүн өтчү Евробиримдик менен АКШ ортосундагы жогорку деңгээлдеги сүйлөшүүлөрдө тарифтик эмес соода проблемаларын чечүү жана климаттын өзгөрүүсү менен күрөшүп жаткандарга жардам берүү өңдүү маселелер ортого салынат. Европа кеңешинин учурдагы төрагасы Ангела Меркель талкууга жалпы стандарт менен...,RELEVANT,POLICY,NOT_RELEVANT,,,1,ky_1,"Trade meeting, climate secondary"
KY-R200349,,KY,Azattyk,https://www.azattyk.org/a/27400144.html,2015-12-01,Президент Атамбаев Париждеги теракттын курмандыктарын эскерди,"Бүгүн Кыргызстандын мамлекет башчысы Алмазбек Атамбаев 13-ноябрдагы террордук кол салуунун курмандыктарын эскерип, өзүнүн жана Кыргызстан элинин атынан гулчамбар койду. Президент Атамбаев 30-ноябрда Париждеги БУУнун климаттын өзгөрүшүнө арналган конференциясына катышып, өз сөзүндө мөңгүлөрдүн...",RELEVANT,POLICY,NOT_RELEVANT,,,1,ky_2,Headline commemorates terror victims; climate secondary
KY-F02067,,KY,Azattyk,https://www.azattyk.org/a/30427888.html,2020-02-11,"Ош, Баткендеги өкмөт өкүлдөрү ПРООН менен жаңы долбоорлорду баштайт","Ош облусунда ишке кирери күтүлүп жаткан “Санариптик көндүмдөрдү өнүктүрүү” жана Баткен облусунда ишке ашуучу “Климаттын өзгөрүшүнө туруктуулукту бекемдөө” долбоорлору боюнча бүгүн тараптар журналисттерге басма сөз жыйынын өткөрүшөт. Мындан тышкары жыйында ""Орусия ПРООН” трасстык фонду каржылаган...",RELEVANT,POLICY,RELEVANT,POLICY,,1,ky_1,Climate resilience project Batken
KY-F02138,,KY,Azattyk,https://www.azattyk.org/a/25358997.html,2014-04-23,“Мөңгүлөр жөнүндө” мыйзамды өзгөртүү сунушталууда,"Мындай демилгени ЖК депутаты, КСДП фракциясынын мүчөсү Эркингүл Иманкожоева бүгүн парламентте ""Кендер тууралуу"" мыйзам долбоору каралып жатканда көтөрдү. Анын айтуусунда бул мыйзам өзгөртүлсө, Кумтөр ишканасын алтын кенин иштетүүнү ачык эмес, жер алдында жүргүзүүгө мажбур кылмак: - Учурда...",RELEVANT,WATER_CRYO,NOT_RELEVANT,,,,gold,IAA adjudicated gold
KY-F00166,,KY,Azattyk,https://www.azattyk.org/a/2128040.html,2010-08-15,Орусия башка өлкөлөргө буудай чыгарууга чек койду,"Мындай чектөө бери дегенде ушул жылдын аягына чейин сакталат дагы Орусиянын ичиндеги тамак-аштын кымбатташына жол бербөө аракетин көздөйт. Орусия буудай өскөн аймактарындагы быйылкы кургакчылыктын айынан жылына өндүргөн буудайдын төрттөн үч гана бөлүгүн алды. Орусия дүйнөдөгү буудай, сулуу, арпа...",RELEVANT,AGRI_LAND,RELEVANT,AGRI_LAND,,1,ky_1,Wheat export ban from drought
KY-F02225,,KY,Azattyk,https://www.azattyk.org/a/31559439.html,2021-11-13,COP-26: Кыргызстандын жаштарынын атынан жалгыз делегат катышты,Глазгодо өз ишин аяктаган Бириккен Улуттар Уюмунун климаттык өзгөрүүгө байланыштуу тараптардын 26-саммитине Кыргызстандагы жаштардын атынан студенттеринин жашыл экономика үчүн коомдук бирикмесинин директору Омар Дайыров жалгыз өзү катышты. Ал саммиттеги жаштардын кайрылууларына арналган...,RELEVANT,POLICY,RELEVANT,POLICY,,,ky_1,Kyrgyz youth delegate COP26
KY-F01588,,KY,Azattyk,https://www.azattyk.org/a/1285212.html,2008-05-28,ТҮНДҮК МУЗ ОКЕАНЫНА ЭЭЛИК КЫЛУУ БОЮНЧА СҮЙЛӨШҮҮ БАШТАЛДЫ,"Элеонора Бейшенбек кызы, Прага Арктиканы бойлой жайгашкан беш мамлекет Түндүк муз океанын бөлүп алуу боюнча сүйлөшүүлөр башталды. Гренландиядагы эки күндүк жыйынга Канада, Дания, Норвегия, Орусия жана АКШнын өкүлдөрү катышып жатат. Глобалдык жылуулуктун таасири менен муздун --> http://rfe.azattyk.org/rubrics/society/ky/2008/05/20B52F3C-AD2E-4647-BAAA-43394EC07408.asp калың катмарлары ээрип, океан түбүндө жаткан мунай баштаган чийки заттардын мол байлыгына жол ачылчудай. Эми кайсы мамлекет канча үлүштөгү байлыкка ээлик кылаарын чечүү гана калды окшойт.",RELEVANT,WATER_CRYO,NOT_RELEVANT,,,1,ky_2,"Arctic oil geopolitics, ice-melt context"
KY-F00112,,KY,Azattyk,https://www.azattyk.org/a/1281098.html,2008-03-13,ЕВРОБИРИМДИКТИН САММИТИ ГЛОБАЛДЫК ТЕМАЛАРГА АРНАЛАТ,"Европа Биримдигинин лидерлери бүгүн Брюсселде 2008-жылдагы алгачкы жыйынына чогулушууда. Күн тартибинде энергетика жана айлана-чөйрөнү коргоо маселелери биринчи орунда болмокчу. Биримдик ошондой эле климаттын өзгөрүшү эң жарды өлкөлөрдөн миграциянын күчөшүнө алып келет, жана энергетика ресурстары үчүн бай өлкөлөрдүн өз арасында чатак чыгышы мүмкүн деген эскертүү жарыялашы күтүлүүдө.",RELEVANT,POLICY,RELEVANT,POLICY,,,ky_1,EU summit climate/energy/migration
KY-F01050,,KY,Azattyk,https://www.azattyk.org/a/25131378.html,2013-10-09,"""Гринпистин"" жетекчиси Путин менен жолуккусу келет","""Гринпис"" эл аралык уюмунун жетекчиси Куми Найду президент Владимир Путин менен жолугушууну кааларын билдирди. Бир нече апта мурун айлана-чөйрөнү коргоо уюмунун 30 чакты активисти “Газпромдун” Арктикада мунай өндүрүшүнө каршы акция өткөрүп жаткан кезинде орус күч структуралары тарабынан...",RELEVANT,ENERGY,NOT_RELEVANT,,,,ky_2,
KY-F00284,,KY,Azattyk,https://www.azattyk.org/a/31346715.html,2021-07-08,Бишкекте азык-түлүк коопсуздугу талкууланат,"""Инновациялык чечимдер, жашыл экономика жана климаттын өзгөрүшүнө ыңгайлашуу аркылуу өлкөнүн азык-түлүк системасын турукташтыруу"" деп аталган Улуттук диалогдун жыйынтыктоочу жыйынын Айыл, суу чарба жана аймактарды өнүктүрүү министрлиги уюштурулууда. Анда Кыргызстандын азык-түлүк коопсуздугун...",RELEVANT,AGRI_LAND,RELEVANT,AGRI_LAND,,,ky_1,"Food security, climate adaptation"
KY-R00141,,KY,Azattyk,https://www.azattyk.org/a/2197766.html,2010-10-22,Окумуштуулар Арктикада муздун ээриши тездегенин эскертишүүдө,"Бул тууралуу АКШдагы окумуштуулардын докладында айтылат. Баяндамага ылайык, өткөн кышта Түндүк Америкада, Европада жана Батыш Азияда кардын көп жааганына да Арктикадагы климаттын жылышы себеп болгондой.",RELEVANT,WATER_CRYO,RELEVANT,WATER_CRYO,,,ky_2,"Arctic ice melt accelerating, scientists warn"
KY-R00498,,KY,Azattyk,https://www.azattyk.org/a/1358856.html,2008-12-12,Бүгүн Брюсселде Европа Биримдигинин саммити өтүп жатат,Анда дүйнөдөгү экономикалык кризис жана глобалдык жылуулук проблемалары талкууланууда.,RELEVANT,POLICY,NOT_RELEVANT,,,1,ky_1,"EU summit, econ crisis + warming"
KY-00006,,KY,24.kg,https://24.kg/kyrgyzcha/212459_prezident_klimattyin_ozgorushuno_yingaylashuu_uchun_kyirgyizstanga_3nbspmilliard_kerek/,2021-11-02,Президент: Климаттын өзгөрүшүнө ыңгайлашуу үчүн Кыргызстанга $3 миллиард керек - | 24.KG,Климаттын өзгөрүшүнө ыңгайлашуу үчүн Кыргызстанга $3 миллиард керек. Бул тууралуу өлкө президенти Садыр Жапаров Шотландиянын Глазго шаарында өтүп жаткан климаттын өзгөрүшүнө арналган COP26 саммитинде 2-ноябрда сүйлөгөндө айтты.,RELEVANT,POLICY,RELEVANT,POLICY,,,ky_2,COP26 climate adaptation finance
KY-F00132,,KY,Azattyk,https://www.azattyk.org/a/33196886.html,2024-11-10,"""Талибан"" биринчи жолу БУУнун климаттык конференциясына катышат","""Талибан"" кыймылынын өкүлдөрү Ооганстандагы бийликти 2021-жылы кайра басып алгандан бери алгачкы жолу Бириккен Улуттар Уюмунун (БУУ) климаттык ири конференциясына катышканы жатат. Бул тууралуу 10-ноябрда Ооганстандын Айлана-чөйрөнү коргоо боюнча улуттук агенттиги билдирди. БУУнун климаттык...",RELEVANT,POLICY,RELEVANT,POLICY,,,ky_2,Taliban attends UN climate conference
KY-F01511,,KY,Azattyk,https://www.azattyk.org/a/1863030.html,2009-10-28,Кыргызстанда дүйнөнүн муз аллеясы ачылышы мүмкүн,"Мындай сунушту Г.Мерцбахер атындагы “Мөңгү” коомдук фондунун жетекчиси Үрүстөм Кабылбеков бүгүн экология жана муздарды коргоого арналган тегерек үстөлдө билдирди. Анын айтымында, Кыргызстанга муз аллеясын ачуу туристтерди тартуунун жакшы жолу болуп бермек. “Бул долбоордун жардамы менен глобалдык...",RELEVANT,WATER_CRYO,NOT_RELEVANT,,,,gold,IAA adjudicated gold
KY-F00303,,KY,Azattyk,https://www.azattyk.org/a/1276587.html,2007-12-12,ЖЕР БАСЫМЫНЫН ЫСЫШЫН ТОКТОТУУ ҮЧҮН КООМ ӨЗГӨРҮШҮ ЗАРЫЛ,"Жердин абасы ысып атабы? Ысыса адам баласынын кылганынанбы? Же бул табигаттын өзүндө боло жүрчү көрүнүшпү? Анын кесепеттери катастрофага алып келеби же акырындык менен өтүп кетеби? Бириккен Улуттардын Климаттын өзгөрүшү боюнча өкмөттөр аралык комиссиясынын бир эмес, төрт отчетун жарыялагандан кийин ушуга окшогон ондогон жылдан берки бүтпөс талаштарга чекит койгондой болду.",RELEVANT,SCIENCE_GEN,RELEVANT,SCIENCE_GEN,,,ky_2,explainer on human-caused warming
KY-F00626,,KY,Azattyk,https://www.azattyk.org/a/26602218.html,2014-09-23,Дүйнө лидерлери климаттын өзгөрүшүн талкуулайт,"Лидерлер бул маселени Бириккен улуттар уюмунун алкагында талкуулашат. Уюмдун баш катчысы Пан Ги Мун 120дан ашуун өлкөнүн лидерлерин климаттын өзгөрүшүнө байланыштуу жаңы чараларды көрүүгө чакырды. - Климаттын өзгөрүүсү - өтө кыйынчылык менен жетишилген тынчтыкка, бакубатчылыкка, миллиарддаган...",RELEVANT,POLICY,RELEVANT,POLICY,,,ky_2,"World leaders discuss climate change, UN"
KY-R200368,,KY,Azattyk,https://www.azattyk.org/a/33197661.html,2024-11-11,Лейлек: Климат көчмөндөрү,“Данисте” бул жолу Баткен облусунун Ак-Терек айылынан журт которууга аргасыз болгон экологиялык мигранттар тууралуу айтып берет. 300дөй түтүн жашаган айылдын 10% чукулу талкаланган үй-жайын таштап кетүүгө мажбур болгон.,RELEVANT,HEALTH_SOCIETY,RELEVANT,HEALTH_SOCIETY,,,ky_1,Climate migrants Batken village
KY-F00700,,KY,Azattyk,https://www.azattyk.org/a/28514980.html,2017-05-29,Мэттис: Трамп Париж келишимин талкуулоо үчүн ачык,Президент Трамп климаттын өзгөрүүсү боюнча кабыл алынган Париж келишимин талкуулоого “ачык” экенин коргоо министри Жеймс Мэттис 28-майда СВS телеканалына берген маегинде айтты. 27-майда Трамп Твиттер баракчасына “Париж келишими боюнча акыркы чечимди кийинки аптада кабыл алам” – деп жазган....,RELEVANT,POLICY,RELEVANT,POLICY,,,ky_1,Trump open to Paris agreement talks
KY-F01248,,KY,Azattyk,https://www.azattyk.org/a/27397633.html,2015-11-30,Париж: Дүйнө лидерлери климаттын өзгөрүшүн талкуулайт,"Франциянын борбору Парижде Бириккен улуттар уюмунун климаттын өзгөрүүсүнө байланыштуу 21-конференциясы башталууда. Ага 150дөн ашуун мамлекеттин президент жана өкмөт башчылары катышууда. ""Азаттыктын"" кабарчысы Замира Кожобаеванын билдиришинче, катышуучу лидерлерди БУУнун баш катчысы Пан Ги Мун...",RELEVANT,POLICY,RELEVANT,POLICY,,,ky_1,Paris leaders discuss climate
KY-F01782,,KY,Azattyk,https://www.azattyk.org/a/1375270.html,2009-01-27,АКШнын климат боюнча атайын өкүлү болот,"Буш администрациясынын саясатынан дагы бир ажырымга жол салып, АКШнын Мамкатчысы климаттын өзгөрүшү боюнча атайын өкүл дайындады. Хиллари Клинтон ошондой эле айлана-чөйрөнү коргоо саясатын багыттоодо Обаманын администрациясы АКШга болгон ишенимди жана анын лидерлик ролун калыбына келтирет деп ишендирди.",RELEVANT,POLICY,RELEVANT,POLICY,,,gold,IAA adjudicated gold
KY-F01924,,KY,Azattyk,https://www.azattyk.org/a/30320194.html,2019-12-11,«Time» журналы Грета Тунбергди «Жылдын адамы» деп тапты,Америкалык «Time» журналы экологияны коргоо боюнча өспүрүм активист Грета Тунбергди «Жылдын адамы» деп тапты. Бул журналдын тарыхында анын баасын алган эң жаш адам болуп калды. «Time» журналы 16 жаштагы швециялык өспүрүмдү «Жыл адамы» деп табууда анын климаттын глобалдык өзгөрүшүнө каршы демилге...,RELEVANT,OTHER_CLIMATE,RELEVANT,HEALTH_SOCIETY,,,ky_1,"Greta person of year, activism"
KY-R00600,,KY,Azattyk,https://www.azattyk.org/a/1960040.html,2010-02-17,Обама атомдук электр станция курганга 8 миллиард доллар бөлдү,"Жоржия Штатында курулчу АЭСтин курулушунда, Барак Обаманын билдиришинче, миңдеген адамдар иштешет жана станция болочокто 800 адисти туруктуу иш менен камсыздайт. “Бул коопсуз, экологиялык жактан таза жана энергетикалык жактан эффективдүү технологияны өнүктүрүүгө жаңы чыйыр салат”, деди президент...",RELEVANT,ENERGY,NOT_RELEVANT,,,1,ky_1,"Nuclear plant, no explicit climate frame"
KY-F00373,,KY,Azattyk,https://www.azattyk.org/a/31549164.html,2021-11-07,COP-26: Глазгодо он миңдеген киши демонстрацияга чыкты,Шотландиянын Глазго шаарында 5-6-ноябрда он миңдеген адам климаттык адилеттүүлүктү талап кылган демонстрацияга чыгышты.,RELEVANT,POLICY,RELEVANT,HEALTH_SOCIETY,,,gold,IAA adjudicated gold
KY-F01431,,KY,Azattyk,https://www.azattyk.org/a/1272619.html,2007-09-24,Улуттар уюмунда бүгүн климаттын өзгөрүшү боюнча саммит болот,"Ага 80дей мамлекет башчысы, 154 өлкөнүн расмий өкүлдөрү катышары күтүлүүдө. БУУнун башкатчысы Пан Ги Мун өткөрүп жаткан бул конференциянын максаты глобалдык жылуулукка өбөлгө болгон булганыч газдардын өлчөмүн кыскартуу боюнча мунаса табуу. Буга чейин ушул багытта кабыл алынган эл аралык документ...",RELEVANT,POLICY,RELEVANT,POLICY,,,gold,IAA adjudicated gold
KY-F01601,,KY,Azattyk,https://www.azattyk.org/a/1281196.html,2008-03-15,Евробиримдиктин лидерлери Жер климатынын өзгөрүшү боюнча эскертүү жарыялашты,"Брюсселдеги жыйындын соңунда алар абаны өзгөчө көп булгаган мамлекеттер бирдиктүү аракет көрүүгө макулдашпаса, кырдаал көзөмөлдөн чыгып кетээрин эскертишти. Евробиримдикке кирген өлкөлөр булгач газдарды азайтуу боюнча өзүнүн иш-аракеттерин тактап жатышат. Бирок бардык мамлекеттер бирдиктүү...",RELEVANT,POLICY,RELEVANT,POLICY,,,gold,IAA adjudicated gold
KY-C00430,,KY,24.kg,https://24.kg/kyrgyzcha/70315_mongulordu_ishtetuugo_uruksat_bergen_myiyzamdyi_jokko_chyigaruu_sunushu_sotto_karalat_/,2017-12-07,Мөңгүлөрдү иштетүүгө уруксат берген мыйзамды жокко чыгаруу сунушу сотто каралат - | 24.KG,Бишкек шаардык райондор аралык соту Суу кодексине киргизилген акыркы өзгөртүүлөрдү жокко чыгаруу боюнча «Демократия жана жарандык коому үчүн» коалициясынын арызын карайт. Бул тууралуу укук коргоочу Азамат Адилов.,RELEVANT,WATER_CRYO,RELEVANT,WATER_CRYO,,1,ky_2,glacier exploitation law challenged in court
KY-R200195,,KY,Azattyk,https://www.azattyk.org/a/1264748.html,2007-04-11,АРАЛ ДЕҢИЗИН КАЛЫБЫНА КЕЛТИРҮҮ БОЮНЧА ЖЫЛЫШТАР,Казакстандын өкмөтү Дүйнөлүк Банкка Арал деңизин сактап калуу аракеттеринин экинчи баскычына жаңы карыз сурап кайрылды. 40 жылдай соолуп келген деңиз соңку 2-3 жылда кайра толо баштаганы маалым. Адистердин болжолунда Аралдын түндүк бөлүгү 40 пайызга калыбына келди. Бирок Өзбекстанга караган түштүк бөлүгү мурдагыдай эле бөксөрүп жатат.,RELEVANT,WATER_CRYO,RELEVANT,WATER_CRYO,,,ky_2,Aral Sea restoration progress
KY-F00440,,KY,Azattyk,https://www.azattyk.org/a/1275243.html,2007-11-17,Улуттар уюмунун окумуштуулар комиссиясы климаттын өзгөрүшүнүн орду толгус кесепеттери бар экенин кайрадан эскертти,"Бул тууралуу дүйнө окумуштууларынын Улуттар уюму алдындагы өкмөттөр аралык комиссиясынын жаңы отчетунда айтылат. Адистердин ишениминде, глобалдык жылуулук - адам ишмердигинин натыйжасы жана анын кесепеттерин алдын алууга али убакыт бар. Азыркы документ Испаниянын Валенсия шаарында бүгүн аяктаган...",RELEVANT,SCIENCE_GEN,RELEVANT,SCIENCE_GEN,,,gold,IAA adjudicated gold
KY-F01441,,KY,Azattyk,https://www.azattyk.org/a/1829758.html,2009-09-24,БУУда И.Чудинов сөз сүйлөдү,Кыргызстандагы уу зат калдыктарын сактоочу жайлар Борбор Азия аймагы үчүн өзгөчө коркунуч жаратууда. Бул тууралуу премьер-министр Игорь Чудинов БУУнун Башкы ассамблеясынын климаттын өзгөрүү проблемаларына арналган Нью-Йорк сессиясында сүйлөгөн сөзүндө айтты. Бул коркунучтун күчөшүн жаратылыш...,RELEVANT,POLICY,NOT_RELEVANT,,,1,ky_2,Toxic waste topic at UN climate session
KY-F00588,,KY,Azattyk,https://www.azattyk.org/a/1276725.html,2007-12-16,БУУнун климат форумунда жер абасынын ысышы боюнча келишимди 2009-жылга карата түзүү макулдашылды,"""Жол картасы"" тууралуу макулдашуу америкалык делегация өз каршылыгынан баш тарткандан кийин жетишилди. Пландалган келишим жер абасын ысыткан булганч газдарды кыскартуу тууралуу2012-жылга чейин эсептелинген Киото келишиминин мөөнөтү 2012-жылы аяктагандан кийин күчүнө кирет.",RELEVANT,POLICY,RELEVANT,POLICY,,,ky_2,UN climate agreement roadmap by 2009
KY-R00234,,KY,Azattyk,https://www.azattyk.org/a/1287258.html,2008-07-08,АЗЫК-ТҮЛҮК КААТЧЫЛЫГЫНАН ЧОЧУГАНДАР КӨБӨЙДҮ,"Ош облусунун көпчүлүк райондорунда оруп-жыюу өнөктүгү кызыды. Жергиликтүү дыйкандар жана эксперттер быйылкы кургакчылыктан улам түшүм ойдогудай болбой жаткандыгына кейип, мамлекет чукул арада чара көрбөсө, азык-түлүк каатчылыгы күтүлөт деп кооптонушууда. Ошол эле учурда бийлик башчылары былтыркыдай тартыштыкка жол берилбейт деген ишенимде.",RELEVANT,AGRI_LAND,RELEVANT,AGRI_LAND,,,ky_1,"Drought threatens harvest, food crisis"
KY-R00037,,KY,Azattyk,https://www.azattyk.org/a/26638499.html,2014-10-15,Баткен: альтернативдүү электр кубаты тууралуу талкуу өттү,"Аймакта иш алып барган эл аралык донордук уюмдардын, жергиликтүү бийлик өкүлдөрүнүн жана ишкерлердин катышуусунда электр энергиясынын альтернативдүү жолдорун изилдөөгө багытталган кеңешме өттү. Кеңешменин жүрүшүндө эл аралык донордук уюмдардын өкүлдөрү Баткен облусунда алар тарабынан ишке...",RELEVANT,ENERGY,RELEVANT,ENERGY,,1,ky_1,Alternative energy discussion Batken
KY-F01626,,KY,Azattyk,https://www.azattyk.org/a/27204128.html,2015-08-23,Тянь-Шандын мөңгүлөрү ээрип кетеби? (2-бөлүк),Тянь-Шандын мөңгүлөрү ээрип кетеби? (2-бөлүк),RELEVANT,WATER_CRYO,RELEVANT,WATER_CRYO,,,gold,IAA adjudicated gold
KY-F00949,,KY,Azattyk,https://www.azattyk.org/a/1261376.html,2007-02-02,"2100-ЖЫЛЫ АЛАТООДО АФРИКАНЫН КЛИМАТЫ ОРНОЙТ, БАНАН ӨСӨ БАШТАЙТ","Акыркы 100 жылдыкта климаттын глобалдык түрдө ысышынын натыйжасында кар менен муздун жалпы көлөмү 10-15 пайызга азайып, кыштын орточо узактыгы эки жумага кыскарып, суу ташкындары көбөйдү. Климаттын ысышы Борбор Азиядагы суу ресурстарынын орчундуу бөлүгү жайгашкан Кыргызстандагы жаратылышка, тоо дарыяларына жана мөңгүлөргө да сезилерлик таасир этүүдө. Изилдөөчүлөрдүн божомолу боюнча 2100-жылы Кыргызстанда субтропикалык климат орноп, Бишкекте цитрус өсүмдүктөрү алма-алчадай эле өсүп калышы мүмкүн. Ал эми кыш өтө жумшак болуп, кар дээрлик түшпөй калышы да ыктымал. Жай болсо айрыкча ысык жана узак келип, эки жолу түшүм алса болот.",RELEVANT,WATER_CRYO,RELEVANT,SCIENCE_GEN,,,ky_1,KG climate projections to 2100
KY-F01559,,KY,Azattyk,https://www.azattyk.org/a/32698465.html,2023-11-24,Жапаров Кыргызстандын Борбор Азиядагы суу ресурстарын коргоо аракетин колдоого чакырды,Кыргызстан Борбор Азия аймагында жүрүп жаткан климаттык өзгөрүүгө деңизге чыгууга мүмкүнчүлүгү жок жана тоолуу өлкө катары катуу дуушар болуп жатканын бүгүн 24-ноябрда президент Садыр Жапаров Азербайжандын борбору Баку шаарында өткөн Бириккен Улуттар Уюмунун Борбор Азия экономикалары үчүн атайын...,RELEVANT,WATER_CRYO,RELEVANT,WATER_CRYO,,,ky_1,"Water resources protection, climate"
KY-F01501,,KY,Azattyk,https://www.azattyk.org/a/1248064.html,2006-01-25,БЫЙЫЛКЫ СУУК БИР ТОП МАСЕЛЕ ЖАРАТТЫ,"Нарын АЙЫП, Прага Акыркы күндөрдө мурда болуп көрбөгөндөй суук Орусияга гана эмес, бир топ европалык мамлекетке да келди жана кээ бир өлкөлөр өз өндүрүшүнүн ишин да басаңдатты. Айрым эксперттер болсо, мындай көрүнүш планета климатынын жалпысынан жылып баратканына каршы келет деген пикир айтты.",RELEVANT,SCIENCE_GEN,RELEVANT,SCIENCE_GEN,,1,ky_2,cold snap debated vs global warming
KY-F00703,,KY,Azattyk,https://www.azattyk.org/a/1277454.html,2008-01-01,Чоң сегиздин тобунда быйыл Жапония төрагалык кылат,"Өлкө премьер- министри Ясуо Фукуданын билдиргенине караганда, Токио дүйнөнүн өнүккөн өлкөлөрүнүн көңүлүн өзгөчө экологиянын проблемаларына, климаттагы глобалдык өзгөрүүлөргө каршы күрөшүү маселесине бурууну көздөөдө. Чоң сегиздин лидерлеринин быйылкы саммити Жапониянын курорттук Тояко шаарында...",RELEVANT,POLICY,RELEVANT,POLICY,,,ky_1,"Japan G8, climate change focus"
KY-F00060,,KY,Azattyk,https://www.azattyk.org/a/27349920.html,2015-11-07,Обама: Кейстон XL мунай кууру АКШ аркылуу өтпөйт,АКШ президенти Барак Обама канадалык ири энергетикалык компаниянын Кейстон XL мунай кууру Кошмо Штаттар аркылуу өтөт деген билдирүүсүн четке какты. 6-ноябрда Ак Үйдө сүйлөп жатып Барак Обама талаштуу долбоор АКШнын улуттук кызыкчылыктарына дал келбестигин жана дүйнөлүк климаттын өзгөрүүсүн...,RELEVANT,ENERGY,RELEVANT,ENERGY,,,gold,IAA adjudicated gold
KY-F01983,,KY,Azattyk,https://www.azattyk.org/a/32741582.html,2023-12-25,"""Борбор Азияда 5 млн адам жер которот"" Климаттык өзгөрүүдөгү саясаттын абалы","Кыргызстандын экологиясы үчүн эл аралык уюмдар бөлүп жаткан миллиондогон долларларды ким көзөмөлдөп, ким бөлүштүрөт? Глобалдык климаттык өзгөрүүдөгү дүйнөлүк саясат жана ага Кыргызстандын катышы кандай? “Жер эне” подкастынын коногу - Климаттык каржылоо борборунун экс-директору Дастан Абдылдаев.",RELEVANT,HEALTH_SOCIETY,RELEVANT,HEALTH_SOCIETY,,,ky_1,Climate migration 5M Central Asia
KY-F00468,,KY,Azattyk,https://www.azattyk.org/a/31538968.html,2021-11-01,БУУнун климаттын өзгөрүшүнө арналган дүйнөлүк жыйыны ишин баштайт,"Бүгүн, 1-ноябрда Шотландиянын Глазго шаарында Бириккен Улуттар Уюмунун (БУУ) климаттын өзгөрүшүнө арналган дүйнөлүк жыйыны ишин баштайт. 12-ноябрга чейин өтө турган конференцияга Кыргызстандын президенти Садыр Жапаров баштаган делегация да катышат. Анын курамында тышкы иштер министри Руслан...",RELEVANT,POLICY,RELEVANT,POLICY,,,ky_1,Glasgow COP26 climate meeting
KY-F00226,,KY,Azattyk,https://www.azattyk.org/a/32451466.html,2023-06-09,Садыр Жапаров креативдүү индустрия жаатында ЮНЕСКОдон колдоо сурады,"Президент Садыр Жапаров Бишкекте 8-июнда ЮНЕСКОнун башкы директору Одрэ Азуле менен жолукту. Анын басма сөз кызматынын билдиришинче, анда климаттын өзгөрүшүнүн кесепетин алдын алуу, маданий жана тарыхый мурастарды сактоо жана өнүктүрүү жаатында кызматташуу маселелери тууралуу пикир алмашуу...",RELEVANT,POLICY,NOT_RELEVANT,,,1,ky_1,UNESCO creative industry; climate one topic
KY-F02062,,KY,Azattyk,https://www.azattyk.org/a/31541173.html,2021-11-02,Садыр Жапаров Глазгодо мөңгүлөрдү сактап калуу маселесин көтөрдү,"Кыргызстандын президенти Садыр Жапаров Шотландиянын Глазго шаарында өтүп жаткан климаттын өзгөрүшүнө арналган COP26 саммитинде мөңгүлөрдү сактап калуу маселесин козгоду. Жапаров эл аралык жыйында 2-ноябрда сөз сүйлөдү: ""Кыргызстан үчүн кылымдардан бери келе жаткан мөңгүлөрдү, суу ресурстарын...",RELEVANT,WATER_CRYO,RELEVANT,WATER_CRYO,,,ky_1,Japarov raised glaciers at Glasgow
KY-R200103,,KY,Azattyk,https://www.azattyk.org/a/28119955.html,2016-11-16,Бурундиде 600 миңдей адам ачка жашайт,Борбордук Африкадагы Бурунди өлкөсүндө ачарчылыкта күн кечирип жаткан адамдар 600 миңге чамалады. Бириккен Улуттар Уюмунун Азык-түлүк программасы бул сан жакын арада 700 миңге жетиши ыктымалдыгын билдирүүдө. Бурундинин түндүк жана чыгыш тарабындагы эл былтыркы кургакчылыктан жана суу...,RELEVANT,DISASTER,RELEVANT,AGRI_LAND,,1,ky_1,Burundi famine from drought
KY-R200249,,KY,Azattyk,https://www.azattyk.org/a/1288033.html,2008-07-26,18:00 Ош аймагында дыйканчылыкка керектелчү суу тартыш,Ош облус губернаторунун орун басары Болот Бүргөeв аймактагы көйгөйдү мындайча жарыя кылды: “ Жылдан жылга мөңгүлөр азайып бара жатат. Кар аз жаап жатат. Ошол эле Папанга Ак-Буура дарыясы сууну аз куюууда. Быйыл дагы азайды. Дыйкандары көп райондорго маал-маалы менен суу берип жатабыз. Найманда...,RELEVANT,WATER_CRYO,RELEVANT,WATER_CRYO,,1,ky_1,"Glaciers shrink, farm water scarce"
KY-F00317,,KY,Azattyk,https://www.azattyk.org/a/1267460.html,2007-06-07,Чоң Сегиздин саммитинде бүгүн расмий сүйлөшүүлөрдүн алгачкы күнү,"Германиянын Хайлигендамм шаарындагы жыйында талкууланчы башкы маселер – глобалдык жылуулукка каршы күрөшүү, Сербиянын Косово провинциясынын болчок статусу жана Ирандын өзөктүк программасы. Чоң Сегиздин саммитине ошондой эле миңдеген антиглобалисттер да жыйыналды. Бүгүн полициянын катерлери...",RELEVANT,POLICY,NOT_RELEVANT,,,1,ky_2,G8 summit; climate not headline focus
KY-F00661,,KY,Azattyk,https://www.azattyk.org/a/1612700.html,2009-04-21,Президент бүгүн бир катар мыйзамдарга кол койду,Булар: 2003-жылдын 25-декабрында кол коюлган кыргыз өкмөтү менен казак өкмөтүнүн ортосунда мамлекеттик чек ара аркылуу өткөрүү пункттары жөнүндө макулдашууну ратификациялоо тууралуу КР мыйзамы; БУУнун климаттын өзгөрүшү жөнүндө алкактык Конвенциясына Киото протоколунун “В” тиркемесине оңдоону...,RELEVANT,POLICY,NOT_RELEVANT,,,1,ky_1,Law digest incl Kyoto ratification
KY-F00686,,KY,Azattyk,https://www.azattyk.org/a/27397298.html,2015-11-30,Париждеги климат конференциясына кыргыз делегациясы катышат,Президент Алмазбек Атамбаев баштаган делегация саммитке катышуу үчүн 29-ноябрда Францияга жөнөп кетти. Бул тууралуу президенттин маалымат кызматынан кабарлашты. Францияда Бириккен улуттар уюмунун климаттын өзгөрүүсүнө байланыштуу 21-конференциясы болот. Ага 140тан ашуун мамлекеттин президент...,RELEVANT,POLICY,RELEVANT,POLICY,,,ky_2,Kyrgyz delegation at Paris climate conference
KY-R200202,,KY,Azattyk,https://www.azattyk.org/a/1225318.html,2004-06-23,АРАЛДЫН АБАЛЫ ООР,"Азиза Турдуева, Прага Бириккен Улуттар Уюмунун Европа экономикалык комиссиясы Арал деңизиндеги опурталдуу абалга байланыштуу коңгуроо кагууда. Комиссия жарыялаган докладда эгерде тиешелүү ыкчам иш-аракеттер көрүлбөсө, Арал деңизи жоголуу коркунучунда турат деп эскертилген. Мындай жагдай Борбор Азия регионундагы беш өлкөнүн Аралды сактап калуу боюнча кызматташуусунун зарылдыгын айгинелейт.",RELEVANT,WATER_CRYO,RELEVANT,WATER_CRYO,,,ky_2,"Aral Sea shrinking, disappearance risk"
KY-R200191,,KY,Azattyk,https://www.azattyk.org/a/28537500.html,2017-06-09,Астанада ЭКСПО-2017 эл аралык көргөзмөсү ачылууда,"Астанада бүгүн ЭКСПО-2017 эл аралык көргөзмөсү расмий ачылууда. Иш-чара “Болочоктун энергиясы” деп аталып, энергиянын кошумча булактарын өнүктүрүүгө, ""жашыл экономиканы"" колдоого, экологияны коргоого багытталган. Анда энергиянын кошумча булактарын пайдалануу тармагындагы дүйнөлүк алдыңкы...",RELEVANT,ENERGY,RELEVANT,ENERGY,,1,ky_2,"EXPO-2017 Future Energy, alternative/green energy"
KY-R200024,,KY,Azattyk,https://www.azattyk.org/a/1772705.html,2009-07-09,Италия: саммитте климаттын өзгөрүүсү менен күрөш маселеси талкууланды,Италияда өтүп жаткан саммиттин катышуучулары климаттын өзгөрүүсү боюнча билдирүү кабыл алышты. Документте климаттын өзгөрүүсү менен күрөш - өнүккөн өлкөлөрдүн алдында турган негизги маселелердин бири болгону белгиленет. “Чоң сегиздин” лидерлери декабрда Копенгагенде өтө турган конференцияда бул...,RELEVANT,POLICY,RELEVANT,POLICY,,,gold,IAA adjudicated gold
KY-F01952,,KY,Azattyk,https://www.azattyk.org/a/28011429.html,2016-09-25,Кыргызстанда 2017-жылы ак илбирсти сактоо боюнча II дүйнөлүк форум өтөт,"Дүйнөдө климат өзгөрүп, тоо жаныбарларынын биоөзгөчөлүгү дагы татаалдашып жатканына байланыштуу 2017-жылы Кыргызстан ак илбирсти сактоо боюнча экинчи дүйнөлүк форум өткөрөт. Бул тууралуу тышкы иштер министри Эрлан Абдылдаев БУУнун Башкы ассамблеясында сүйлөп жатып билдирди. Форумда ак...",RELEVANT,OTHER_CLIMATE,NOT_RELEVANT,,,1,ky_1,"Snow leopard forum, wildlife management"
KY-F00342,,KY,Azattyk,https://www.azattyk.org/a/1255440.html,2006-09-18,АРАЛ ЭКОЛОГИЯСЫН ЖАКШЫРТУУ АРАКЕТТЕРИН ГЕРМАНИЯ КОЛДООГО АЛУУДА,"Өзбекстандын Хорезм дубанында пахтанын ордуна боек берүүчү баалуу өсүмдүктү өстүрүү долбоору ишке киргизилүүдө. Ал соолуп бараткан Арал деңизинин айланасындагы калктардын турмуш деңгээлин көтөрүп, экологиялык алааматтын кесепеттерин азайтуу максатын көздөйт. Германиянын Өнүктүрүүнү изилдөө борборунун катышуусу менен жүргүзүлүп жаткан долбоордо башка да баалуу табылгалар жок эмес.",RELEVANT,WATER_CRYO,RELEVANT,WATER_CRYO,,1,ky_1,Aral adaptation project
KY-F02209,,KY,Azattyk,https://www.azattyk.org/a/27057751.html,2015-06-07,Германияда “Чоң жетиликтин” саммити өтөт,"Германиянын Гармиш-Партенкирхен шаарында бүгүн “Чоң жетиликтин” эки күндүк саммити башталат. Ага Орусия чакырылган эмес. Дүйнөнүн өнүккөн өлкөлөрүнүн лидерлери дүйнөлүк экономика, жакырчылык, терроризмге каршы күрөшүү, глобалдык климаттын өзгөрүшү жана алдын алуу сыяктуу эл аралык маселелерди...",RELEVANT,POLICY,NOT_RELEVANT,,,,ky_2,
KY-F00512,,KY,Azattyk,https://www.azattyk.org/a/30481771.html,2020-03-11,Жапония Кыргызстанга эки ири долбоорго 8 млн. доллар бөлмөй болду,"Жапон өкмөтү Кыргызстанга эки ири долбоорду ишке ашырууга 8 миллион доллар бөлмөй болду. Бул тууралуу макулдашууларга 11-мартта Бишкекте кол коюлду. Бөлүнгөн сумманын 4 миллиону өлкөдөгү шайлоо системасын жакшыртууга, калган 4 миллиону өзгөчө кырдаалдар шартында жана климаттын өзгөрүү...",RELEVANT,POLICY,NOT_RELEVANT,,,1,ky_1,"Funding split elections/climate, not foregrounded"
KY-R200137,,KY,Azattyk,https://www.azattyk.org/a/32957504.html,2024-05-21,"Пакистанда күн өтө ысып, айрым мектептер бир аптага жабылды","Пакистанда абанын өтө ысып жатышына байланыштуу элге эскертүү берилип, зарылчылык болбосо көчөгө чыкпай коё туруу керектиги айтылды. 21-майдагы кайрылуусунда өкмөт абанын температурасы жогорулап жатканын, мөңгүлөр эрип, сел капташы ыктымал экенин билдирип, элди этият болууга чакырды. Өлкөнүн...",RELEVANT,DISASTER,RELEVANT,DISASTER,,1,ky_1,"Pakistan heatwave, glaciers, sel risk"
KY-F02051,,KY,Azattyk,https://www.azattyk.org/a/1281928.html,2008-03-29,Дүйнөнүн ар тарабында бүгүн “электрсиз саат” өткөрүлөт,"Гринвич убактысы боюнча кечки саат 8де 35 өлкөдөгү 370тей шаарды электр жарыгы бир саатка өчүрүлөт. Глобалдык жылуулук, климаттагы чоң өзгөрүүлөргө каршы бул акция, уюштуруучулардын айтымында, энергияны үнөмдөө канчалык маанилүү экенин эске салууну көздөйт.",RELEVANT,OTHER_CLIMATE,RELEVANT,SCIENCE_GEN,,1,ky_1,Earth Hour climate awareness
KY-R200188,,KY,Azattyk,https://www.azattyk.org/a/32472489.html,2023-06-23,Өнүгүп бараткан өлкөлөрдөгү климат программаларына 100 млрд. доллар бөлүнөт,Париждеги саммитте бай мамлекеттер өнүгүп жаткан өлкөлөрдүн климат программаларына колдоо көрсөтүү үчүн 100 млрд. доллар бөлүп берүүнү макулдашты. Франциянын президенти Эммануэл Макрондун демилгеси менен өткөрүлгөн Жаңы глобалдык каржылык пакт боюнча эки күндүк саммит 22-июнда ачылган. Кырктан...,RELEVANT,POLICY,RELEVANT,POLICY,,,ky_2,$100bn for developing-country climate programs
KY-R200108,,KY,Azattyk,https://www.azattyk.org/a/30174836.html,2019-09-20,Бишкекте климаттык фестиваль өтүп жатат,Бишкектеги Э. З. Гареев атындагы Ботаникалык бакта климаттык фестиваль өтүп жатат. Алгачкы жолу өтүп жаткан иш-чара «Жашоо климаты» долбоорунун алкагында Бишкек мэриясы менен чогуу уюштурулуп жатат. Фестивалда Туруктуу өнүгүү үчүн жашыл альянстын жана айлана-чөйрөнү коргоо тармагындагы...,RELEVANT,OTHER_CLIMATE,RELEVANT,SCIENCE_GEN,,1,ky_1,Climate festival awareness
KY-F00755,,KY,Azattyk,https://www.azattyk.org/a/1889978.html,2009-11-28,Климат өзгөрүшүн талкуулоого 85 өлкө башчысы катышат,"Бул тууралуу Копенгагенде БУУнун декабрдагы саммитин өткөрө турган Даниянын өкмөт башчысы билдирди. Ларс Локке Расмусседдин сөзү боюнча, 7-декабрдан 18ине чейин созулуучу саммит Жер абасынын ысышын токтотуудагы бурулуш көз ирмем болуп калышы мүмкүн. Жыйынга бараарын бышыктагандардын арасында...",RELEVANT,POLICY,RELEVANT,POLICY,,,ky_1,Copenhagen climate summit leaders
KY-F01026,,KY,Azattyk,https://www.azattyk.org/a/31837410.html,2022-05-08,"""Жасалма мөңгү экологияны калыбына келтирүүгө жардам берет""","Абдималик Эгембердиев кайдыгер эмес жарандардын тобу менен бирге Кыргызстан боюнча он жасалма мөңгүнү ишке киргизүү аракетинде. Мөңгүлөр күн жылыганда эрип, жайыттарга жан киргизип, айдоо жерлердин сугат суусун камсыздайт.",RELEVANT,WATER_CRYO,RELEVANT,WATER_CRYO,,,ky_2,"Artificial glaciers adapt to melt, irrigation"
KY-F00188,,KY,Azattyk,https://www.azattyk.org/a/27274311.html,2015-09-28,БУУнун Башкы ассамблея жыйынында саясий дебаттар башталды,"Нью-Йорк шаарында Бириккен Улуттар уюмунун Башкы ассамблеясынын кезектеги саммити өтүүдө. Анда негизги маселелер катары жакырчылыкты жоюу, социалдык теңсиздик жана климаттын өзгөрүшүнө байланыштуу маселелер талкууланууда. Башкы ассамблеянын 70-сессиясы катышуучулардын саны менен да...",RELEVANT,POLICY,NOT_RELEVANT,,,1,ky_2,UN GA debates; climate one of several topics
KY-F01379,,KY,Azattyk,https://www.azattyk.org/a/1265980.html,2007-05-04,Глобалдык жылуулукка каршы күрөшүүнүн жолдору макулдашылды,Глобалдык жылуулукка каршы күрөшүүнүн жолдору көргөзүлгөн документ Улуттар уюмунун климаттын өзгөрүшү боюнча Таиланд борбору- Бангкокто өтүп жаткан конференциясында макулдашылды. Документ бүгүн жарыяланаары күтүлүүдө. Бул - БУУнун өкмөттөр аралык комиссиясынын быйылкы жылдагы үчүнчү отчету...,RELEVANT,POLICY,RELEVANT,SCIENCE_GEN,,1,ky_2,IPCC report on mitigation agreed
KY-F00874,,KY,Azattyk,https://www.azattyk.org/a/28032565.html,2016-10-05,Европарламент климат боюнча Париж келишимин жактырды,1-октябрда Евробиримдикке мүчө өлкөлөрдүн айлана-чөйрөнү коргоо министрлери келишимге кол коюшкан эле. БУУнун баш катчысы Пан Ги Мун муну тарыхый добуш берүү деп атады. Еврокомиссиянын айлана-чөйрө маселелери боюнча комиссары Мигель Ариас Канете эми өкмөттөр алдында уулуу газдарды абага...,RELEVANT,POLICY,RELEVANT,POLICY,,,ky_2,European Parliament approves Paris agreement
KY-F00147,,KY,Azattyk,https://www.azattyk.org/a/1226185.html,2004-07-12,АРАЛ АРМАНЫ – ЖАЛПЫ АЙМАК АРМАНЫ,"Чолпон Орозобекова, Прага Өзбекстан менен Казакстандын ортосунда созулуп жаткан Арал деңизи бир убакта чоңдугу боюнча дүйнөдөгү эң ири төртүнчү көл болчу. Учурда Арал деңизинин көлөмү эки эсе кичирейди. Бул экологиялык алаамат жергиликтүү калктын саламаттыгына терс таасирин тийгизүүдө.",RELEVANT,WATER_CRYO,RELEVANT,WATER_CRYO,,,ky_1,"Aral Sea shrinking, ecological disaster"
KY-F00341,,KY,Azattyk,https://www.azattyk.org/a/25107368.html,2013-09-16,“Тоо чакырыктары-2013” конференциясы өтүүдө,"Парламентте бүгүн «Тоо чакырыктары - 2013: жаратылыш кырсыктары, климаттын өзгөрүүсү, тоолуу райондогу суу» аттуу эл аралык конференция башталды. Жаратылыш кырсыктарынын, климаттык өзгөрүүлөрдүн себептерин талкуулоого арналган иш-чараны Жогорку Кеңештин Эл аралык иштер боюнча комитети менен...",RELEVANT,POLICY,RELEVANT,POLICY,,,ky_1,Mountain climate/disaster conference
KY-F00036,,KY,Azattyk,https://www.azattyk.org/a/1284723.html,2008-05-20,8:08 Бүгүн Бишкекте мөңгү көлдөрүнүн проблемалары талкууланат,"Бүгүн Бишкекте Борбор Азиядагы жырылып кетүү коркунучу бар мөңгү көлдөрүнүн проблемалары талкууланганы жатат. Ага Кыргызстандагы, Өзбекстандагы, Тажикстандагы, Казакстандагы жана Орусиядагы Өзгөчө кырдаалдар министрликтеринин, илимий мекемелердин адистери жана Европадагы чыгаан окумуштуулар...",RELEVANT,WATER_CRYO,RELEVANT,WATER_CRYO,,,ky_1,Glacier lakes burst risk
KY-F02317,,KY,Azattyk,https://www.azattyk.org/a/31608184.html,2021-12-14,Орусия БУУнун климат жана коопсуздук боюнча резолюцияcына вето койду,Орусия БУУнун Коопсуздук Кеңешинин климаттын өзгөрүшүн коопсуздук маселелери менен байланыштырган резолюция долбооруна вето койду. Долбоор Ирландия менен Нигер Республикасы тарабынан сунушталган. Аны Коопсуздук кеңешинин 15 мүчөсүнүн 12си колдоду. Коопсуздук кеңешинде вето укугу бар Орусия...,RELEVANT,POLICY,RELEVANT,POLICY,,,ky_2,Russia vetoes UN climate-security resolution
KY-F00301,,KY,Azattyk,https://www.azattyk.org/a/1903038.html,2009-12-14,Климаттагы өзгөрүүлөр боюнча саммит бүгүн да улантылат,"Бириккен улуттар уюмунун жетекчилигиндеги саммит 7-декабрда башталган жана 18-декабрга чейин созулат. Чиркөөлөрдүн лидерлери улуттар уюмун климаттагы акыйкаттыкка чакырган жарым миллион адамдын колун топтоп, кайрылуу жасашты. Ал аралыкта жүздөгөн адамдар шаардын борборунда демонстрацияга чыгып,...",RELEVANT,POLICY,RELEVANT,POLICY,,,ky_1,Climate change summit continues
KY-F01043,,KY,Azattyk,https://www.azattyk.org/a/31160710.html,2021-03-20,Экологиялык коопсуздукту камсыз кылуу тууралуу жарлыкка кол коюлду,"Президент Садыр Жапаров 19-мартта «Экологиялык коопсуздукту жана климаттык туруктуулукту камсыз кылуу боюнча чаралар жөнүндө» жарлыкка кол койду. Ага ылайык, экологиялык коопсуздукту камсыз кылуу, улуттун саламаттыгын сактоо, элдин жана келечек муундардын кызыкчылыгы үчүн өлкөнүн жаратылыш...",RELEVANT,POLICY,RELEVANT,POLICY,,,ky_2,"Decree on ecological security, climate stability"
KY-F02002,,KY,Azattyk,https://www.azattyk.org/a/31953295.html,2022-07-21,Жапаров: Кыргызстандын сууну топтоо жана сактоо аракеттери өз баасын ала элек,"Президент Садыр Жапаров Кыргызстан Борбор Азиядагы азык-түлүк коопсуздугун жана айыл чарбасын өнүктүрүү үчүн бардык багыттар боюнча кеңейтилген кызматташтыкты жактай турганын билдирди. Бул багыттардын бири суу ресурстары экенин, анын көлөмү климаттын өзгөрүшүнө байланыштуу кыскарганын айтты....",RELEVANT,WATER_CRYO,RELEVANT,WATER_CRYO,,,gold,IAA adjudicated gold
KY-F01667,,KY,Azattyk,https://www.azattyk.org/a/28024509.html,2016-09-30,Евробиримдиктин министрлери климат келишимин жактырды,Европа Биримдигинин айлана-чөйрөнү коргоо министрлери климаттын өзгөрүүсүн токтотууга багытталган Париж макулдашуусун колдошту. Француз министри Сеголен Руаяль бул чечимди жеңиш деп атады. Европа парламенти Париж макулдашуусун кийинки аптада ратификациялайт деп күтүлүүдө. Макулдашууга...,RELEVANT,POLICY,RELEVANT,POLICY,,,ky_1,EU ministers approve Paris agreement
KY-F02182,,KY,Azattyk,https://www.azattyk.org/a/1226552.html,2004-07-21,АРАЛ АРМАНЫ- АЙМАК АРМАНЫ,"Чолпон Орозобекова, Прага Өзбекстан менен Казакстандын ортосунда созулуп жаткан Арал деңизи бир убакта чоңдугу боюнча дүйнөдөгү төртүнчү көл болчу. Учурда Арал деңизинин көлөмү эки эсе кичирейди. Бул экологиялык алаамат жергиликтүү калктын саламаттыгына терс таасирин тийгизүүдө.",RELEVANT,WATER_CRYO,RELEVANT,WATER_CRYO,,,ky_2,"Aral Sea halved, ecological catastrophe"
KY-F00913,,KY,Azattyk,https://www.azattyk.org/a/31530295.html,2021-10-26,Кыргызстан Глазгодогу климаттык конференцияда өз милдеттемесин сунуштайт,Кыргызстан 31-октябрдан 12-ноябрга чейин Шотландиянын Глазго шаарында өтө турган Бириккен Улуттар Уюмунун климат боюнча сүйлөшүүлөрүнө улуттук милдеттенмесин сунуштады. Бул тууралуу БУУнун Өнүктүрүү программасынын Кыргызстандагы өкүлчүлүгү кабарлады. 26-октябрда Бишкекте өткөн жыйынга...,RELEVANT,POLICY,RELEVANT,POLICY,,,gold,IAA adjudicated gold
KY-R200100,,KY,Azattyk,https://www.azattyk.org/a/31915590.html,2022-06-26,Активисттер тоолорду коргоо жылынын максаттары кагаз бетинде гана калып жатканын айтышты,"Кыргызстандык экоактивисттер быйылкы «Тоолорду коргоо жана климаттык туруктуулук жылы» деп жарыяланган жылдын максаттары азырынча кагаз бетинде гана калып, алгылыктуу иштер жасала элек деп эсептешерин 24-июнда өлкөнүн экосистемасын коргоо маселелерине көңүл бурдуруу үчүн уюштурган акциясында...",RELEVANT,POLICY,RELEVANT,POLICY,,1,ky_2,Activists: climate-stability year goals unmet
KY-F00749,,KY,Azattyk,https://www.azattyk.org/a/24573948.html,2012-05-08,"Алдыдагы 40 жылда дүйнөдө климат өзгөрөт, экономика жайлайт",Бул тууралуу адамзат болочокто кабылуучу көйгөйлөрдү анализдөө менен алектенген эл аралык уюм - Рим клубунун жаңы жарыяланган баяндамасында айтылат. Алардын болжолунда алдыдагы 40 жылда дүйнө климаттын өзгөрүүсүнүн жана экономикалык төмөндөөнүн кесепеттерин тартат. Рим клубунун...,RELEVANT,SCIENCE_GEN,RELEVANT,SCIENCE_GEN,,,ky_2,Club of Rome climate/economy projection
KY-00634,,KY,Azattyk,https://www.azattyk.org/a/33797096.html,2026-07-05,"Чаткалда көпүрөнү сел алып, 40тан ашык чет элдик турист жайлоодо калды","Чаткалдагы Каныш-Кыя айыл аймагынын Чакмак-Суу айылындагы Кара-Токой тилкесинде жайлоого барган жолдо көпүрөнү сел алып кетти. Анын кесепетинен 38 чет элдик жаран ара жолдо калды. Мындай маалыматты Жалал-Абад облустук администрациясы билдирди. Окуя 5-июль түшкү саат 1де болгон. Маалыматка ылайык, нөшөрлөп жааган жаандан улам дарыядагы суунун көлөмү көтөрүлүп, анын кесепетинен көпүрө жарактан чыкты. Азыркы тапта ара жолдо калгандардын бири айланма жол аркылуу өткөрүлүп, Талас облусуна жеткирилген. Ал эми калган туристтер суунун көлөмү азайышын күтүп, Арпа-Төктү жайлоосунда чатыр тигип жатат. Аларга Каныш-Кыя айыл өкмөтү тамак-аш уюштуруп берген. Ошондой эле азыркы учурда аларды жогорку жактагы жөө адамдар өтүүчү көпүрө аркылуу өткөрүү аракети жүрүүдө. Суу алган көпүрөнү калыбына келтирүү иштери жүрүүдө. Окуя болгон жерде Орусия, Казакстан жана Кыргызстандын 40тай жараны бар экени кошумчаланды. Расмий маалыматка ылайык, Кыргызстанда ушул жылы 283 сел кырсыгы катталды.",RELEVANT,DISASTER,NOT_RELEVANT,,,,gold,IAA adjudicated gold
KY-R00684,,KY,Azattyk,https://www.azattyk.org/a/30182401.html,2019-09-25,Коруктар менен мөңгүлөрдүн кол тийбестигин талап кылган акция өтөт,"Бүгүн, 25-сентябрда Бишкекте жаратылыш коруктарынын жана мөңгүлөрдүн кол тийбестигин талап кылган акция өтөт. Бул тууралуу «Азаттыкка» анын уюштуруучусу, тарыхчы Элери Битикчи кабарлады. Акция Жогорку Кеңештин имаратынын жанында өтөт. banner - Website - Telegram - instagram - Kyrgyz -...",RELEVANT,WATER_CRYO,RELEVANT,WATER_CRYO,,,ky_1,Action for glacier inviolability
KY-F00804,,KY,Azattyk,https://www.azattyk.org/a/1359472.html,2008-12-14,Польшанын Познань шаарында Улуттар уюмунун климаттык өзгөрүүлөр боюнча жыйыны аяктады,12 күндүк талкууларга 190дөй мамлекеттин өкүлдөрү катышты. Бирок анда кедей өлкөлөргө жердин глобалдуу ысышы менен күрөшүү үчүн 60 миллион доллар бөлүп берүү чечиминен башка ири прогресске жетишлген жок. БУУнун баш катчысы Пан Ки Мун Европа мамлекеттерин жана АКШны алааматты алдын алуу күрөшүн...,RELEVANT,POLICY,RELEVANT,POLICY,,,ky_2,UN climate meeting Poznan ended
KY-F02039,,KY,Azattyk,https://www.azattyk.org/a/32985051.html,2024-06-09,Президент электромобил чыгаруучу завод курулуп жатканын билдирди,Президент Садыр Жапаров Кыргызстанда Кытай мамлекети менен биргеликте электромобил чыгаруучу завод салынып жатканын билдирди. Президент бул тууралуу 7-июнда Ислам өнүктүрүү банкынын президенти Мухаммед Аль-Жассер жолугушуу учурунда Кыргызстандагы экология маселеси жөнүндө айтып жатып билдирди....,RELEVANT,ENERGY,NOT_RELEVANT,,,1,ky_2,EV factory announcement; ecology passing mention
KY-F00186,,KY,Azattyk,https://www.azattyk.org/a/28908235.html,2017-12-11,Хорст: Мөңгүлөр жылына жарым метрге жукарууда,"Кыргызстандын Суу кодексине жакында киргизилген өзгөртүүлөр өлкө аймагындагы мөңгүлөрдүн келечегине дагы бир жолу көңүл бурдурду. Кыргызстандын мөңгүлөрүн иликтеген адис, Швейцариядагы Цюрих университетинин кызматкери Хорст Махгут (Horst Machguth) бизге маек берди.",RELEVANT,WATER_CRYO,RELEVANT,WATER_CRYO,,,ky_2,"Glaciers thinning yearly, glaciologist interview"
KY-F01881,,KY,Azattyk,https://www.azattyk.org/a/1263368.html,2007-03-17,Дүйнөнүн ири өлкөлөрү абанын жылышы алып келген зыяндын өлчөмүн аныктайт,Германиянын Потсдам шаарында өнөр жайы өнүккөн жана өнүгүп бараткан 13 өлкөнүн айлана чөйрөнү коргоо министрлеринин 2 күндүк жыйыны өтүүдө. Жума күнү министрлер климаттын глобалдык өзгөрүүсүнүн таасирин изилдөө боюнча жаңы демилге кабыл алышты. Ага ылайык климаттын өзгөрүүсүнүн биологиялык көп...,RELEVANT,POLICY,RELEVANT,POLICY,,,gold,IAA adjudicated gold
KY-F00404,,KY,Azattyk,https://www.azattyk.org/a/33300972.html,2025-02-03,Баткенде облустук бийлик имараты күн энергиясы менен камсыздалат,Президенттин Баткен облусундагы ыйгарым укуктуу өкүлүнүн аппараты жайгашкан имаратка күн панелдери орнотулду. 20 кВт кубаттуулуктагы панелдерди орнотуу иштери Баткен облустук бийлиги менен Кытайдын “Sun Energy Co” компаниясынын кызматташуусу алкагында ишке ашканы кабарланды. “Бул демилге...,RELEVANT,ENERGY,RELEVANT,ENERGY,,,ky_2,Batken government building on solar power
KY-F00952,,KY,Azattyk,https://www.azattyk.org/a/28863519.html,2017-11-20,Ташкентте суу кызматташтыгына арналган илимий конференция болот,"Жыйын Борбор Азиядагы өлкө аралык суу чарба комиссиясынын 25 жылдыгына карата 23-24-ноябрь күндөрү өтөт. Ага аймактагы өлкөлөрдүн суу чарба уюмдарынан, Аралды сактап калуу фондунан, эл аралык уюмдардан өкүлдөр жана суу тармагы боюнча адистер, окумуштуулар катышат. Иш-чаранын алкагында “Суу...",RELEVANT,WATER_CRYO,RELEVANT,WATER_CRYO,,,ky_2,Central Asia water-cooperation conference
KY-F01556,,KY,Azattyk,https://www.azattyk.org/a/28050647.html,2016-10-13,Алтынды цианидсиз өндүрүү ыкмасы табылды,"Шотландиялык окумуштуулар жарактан чыккан чөнтөк телефон, телевизор же компьютер сыяктуу электрондук буюмдардан экологиялык таза ыкма менен алтын өндүрүүнү ойлоп табышты. Химиктер жаңы ыкма атмосферага көмүр кычкыл газынын тарашын азайтарын айтышууда. Эдинбург университетинин окутуучусу Жейсон...",RELEVANT,ENERGY,NOT_RELEVANT,,,,gold,IAA adjudicated gold
KY-F00905,,KY,Azattyk,https://www.azattyk.org/a/31536904.html,2021-10-30,Президент Жапаров Глазгодо дүйнө лидерлеринин саммитине катышат,Президент Садыр Жапаров 1-2-ноябрда Британиянын Глазго шаарында БУУнун климаттын өзгөрүшүнө арналган конференциясына катышат жана дүйнө лидерлеринин саммитинде кайрылуу жасайт. Бул тууралуу Президенттик админстрациядан кабарлашты. Кыргызстан климат боюнча сүйлөшүүлөргө улуттук милдеттенмесин...,RELEVANT,POLICY,RELEVANT,POLICY,,,ky_2,Japarov attends Glasgow COP26 summit
KY-F02226,,KY,Azattyk,https://www.azattyk.org/a/1248379.html,2006-02-05,Гренландиянын мөңгүлөрү тез ээрип жатканын илимпоздор тастыкташты,"Дүйнөдө аба ырайы ылып бараткандан улам Гренландиянын эң чоң эки мөңгүсү акыркы кезде тез эрий баштаган. Уэльстин Свансии университетинин соңку изилдөөсүнө караганда, мөңгүлөр байкоо башталган 1990-жылдан бери кийинки эки жылда эки эсе ылдам ээриген. Амирбек Азам уулу, Прага",RELEVANT,WATER_CRYO,RELEVANT,WATER_CRYO,,,ky_1,Greenland glaciers melting fast
KY-F00070,,KY,Azattyk,https://www.azattyk.org/a/33224002.html,2024-12-03,Баткенде климаттын өзгөрүшүнө ыңгайлашуу маселеси талкууланды,"Жаратылыш ресурстары, экология жана техникалык көзөмөл министрлиги менен БУУнун Дүйнөлүк азык-түлүк программасы (БУУ ДАТП) климаттын өзгөрүшүнө ыңгайлашуу боюнча тажрыйба алмашуу үчүн үч облустун өкүлдөрүнүн жолугушуусун уюштурду. Иш-чарага министрликтин, кайра иштетүү, өнөр жайынын өкүлдөрү...",RELEVANT,POLICY,RELEVANT,POLICY,,,ky_1,Climate adaptation discussion Batken
KY-F00223,,KY,Azattyk,https://www.azattyk.org/a/31472704.html,2021-09-22,Кытай чет өлкөлөрдө көмүр менен иштеген станцияларды курбайт,Кытайдын президенти Си Цзинпин анын өлкөсү чет мамлекеттерде көмүр менен иштеген станцияларды мындан ары курбайт деп билдирди. Кытай лидери БУУнун Башкы ассамблеясында видео аркылуу жасаган кайрылуусунда климаттын өзгөрүшүн алдын алууга байланыштуу бир топ убадаларды берди. Кытай дүйнөдө...,RELEVANT,ENERGY,RELEVANT,ENERGY,,,ky_1,China ends foreign coal plants
KY-F00705,,KY,Azattyk,https://www.azattyk.org/a/1263265.html,2007-03-15,БАЛКАШ АРАЛДЫН ТАГДЫРЫН КАЙТАЛАЙБЫ?,"Еврошаркеттин жана эл аралык уюмдардын өкүлдөрү 21- мартта Казакстандын Алматы шаарында жолугушуп, дүйнөнүн эң ири тузсуз көлдөрүнүн бири Балкашты сактап калуу маселесин талкуулашат. Тузсуз болгондуктан бул көлдүн суусунун 20 процентин калк ичүү үчүн алат. Көл суусунун керектөөсү чоңойуп бараткандыктан, экологдор Балкаш Арал деңизинин тагдырына дуушар болушу ыктымал деп жатышат.",RELEVANT,WATER_CRYO,RELEVANT,WATER_CRYO,,,ky_2,Balkhash risks Aral's drying fate
KY-F00808,,KY,Azattyk,https://www.azattyk.org/a/1251131.html,2006-05-03,Кытайда дүйнөдөгү эң бийик тоолордун мөңгүлөрү тез эрип жатат,"Жер абасынын ысышына байланыштуу, Чингай-Тибет тоо кыркалары жылыга 7 пайызга жукарууда. ""Бул процесс бара-бара Тибетти жана анын айланасын чөлгө айлантышы мүмкүн"" деп жазды Синхуа кабар агенттиги.",RELEVANT,WATER_CRYO,RELEVANT,WATER_CRYO,,,ky_1,"China glaciers melting, warming"
KY-F02081,,KY,Azattyk,https://www.azattyk.org/a/1228308.html,2004-09-03,Ооганстан кургакчылыктан улам чукул жардамга муктаж,"БУУнун өкүлү Маноел де Алмейда Силванын бүгүн Кабулдагы басма сөз жыйында билдиргенине караганда, Ооганстанга акыркы алты жылдагы кургачылыктын кесепеттери менен күрөшүү үчүн тезинен 71,3 миллион доллар керек. Ал белгилегендей, азыркы кургакчылык Ооганстандын тарыхындагы эң узак жана эң оор...",RELEVANT,AGRI_LAND,RELEVANT,DISASTER,,1,ky_1,"Afghanistan drought, urgent aid"
KY-F00870,,KY,Azattyk,https://www.azattyk.org/a/1234950.html,2005-02-16,АКШда АЙРЫМ КОМПАНИЯЛАР КИОТО КЕЛИШИМИНИН ТАЛАБЫНА ЫЛАЙЫК ИШТӨӨДӨ,"Киото протоколу бүгүнтөн (шаршембиден) тартып күчүнө кирүүдө. Айлана-чөйрөнү коргоого багытталган бул келишимге Кошмо Штаттар кошулган жок. Бирок расмий Вашингтондун бул эл аралык келишимге каршы болгонуна карабастан, өлкөнүн түндүк-чыгышындагы штаттар көмүр кычкыл газын чыгарууну чектөө жаатында өз алдынча иш-чараларды жүргүзө башташты. «Чикаго климат биржасы» аттуу уюм дал ушул багытта үзүрдүү иш алып барууда.",RELEVANT,POLICY,RELEVANT,POLICY,,,ky_2,US firms cut emissions under Kyoto
KY-R00150,,KY,Azattyk,https://www.azattyk.org/a/1877695.html,2009-11-14,АКШ президенти жана жапон премьери алаканы тереңдетүүнү убада кылды,"Барак Обама менен Юкио Хатояма Токиодогу бүгүнкү сүйлөшүүлөрдө коопсуздук чөйрөсүндөгү байланыштарды, Ооганстандагы кырдаалды, өзөктүк куралды жайылтпоого, климаттын өзгөрүүсүнө байланышкан маселелерди талкуулашты. Сүйлөшүүлөрдөн кийинки маалымат жыйынында эки лидер алар АКШ менен Жапониянын 50...",RELEVANT,POLICY,NOT_RELEVANT,,,,ky_1,
KY-F01368,,KY,Azattyk,https://www.azattyk.org/a/32481904.html,2023-06-29,Ат-Башыда немис илимпоздору картөшкө өстүрөт,Германиянын Киль университетинин окумуштуулары Нарында илимий долбоорду ишке ашырууда. Алар климаттын өзгөрүшү картөшкө менен көп жылдык чөпкө кандай таасирин тийгизип жатканын иликтешүүдө.,RELEVANT,AGRI_LAND,RELEVANT,AGRI_LAND,,,ky_1,Research climate impact on crops
KY-F00830,,KY,Azattyk,https://www.azattyk.org/a/27676006.html,2016-04-15,Борбор Азия окумуштуулары климаттын өзгөрүүсүн талкуулоодо,"Бишкекте Борбор Азиянын тоолуу аймактарынын глобалдык климаттын өзгөрүүлөрүнө туруштук берүү маселелерине арналган илимий-практикалык жыйын өтүүдө. Кечээ анын ачылышы Улуттук илимдер акедемиясында болду. Конференциянын ишине Борбор Азиянын окумуштуулары, эл аралык уюмдардын өкүлдөрү катышып...",RELEVANT,SCIENCE_GEN,RELEVANT,SCIENCE_GEN,,,ky_2,Central Asia scientists climate resilience conference
KY-F01369,,KY,Azattyk,https://www.azattyk.org/a/1617196.html,2009-04-28,Президент Бакиев - Алматыда,Бүгүн Арал деңизин сактоо боюнча Эл аралык фондго мүчө мамлекет башчылардын Алматы жыйыны болгон атат. Анда фонддун алкагындагы кызматташтыктын жагдайы талкууланат деп күтүлүүдө. Ага катышуу үчүн Кыргызстандын президенти Курманбек Бакиев бүгүн Казакстанга жөнөп кетти. Бул тууралуу президенттин...,RELEVANT,WATER_CRYO,RELEVANT,WATER_CRYO,,,gold,IAA adjudicated gold
KY-F01129,,KY,Azattyk,https://www.azattyk.org/a/32620988.html,2023-10-03,Кичи Арал тартылды. Кароосуз кайыкка толгон жээк,"Арал деңизинин айлана-тегерегиндеги казак айылдарында балыкчылар азайып баратат. Айрымдары курулушка кетсе, кайсы бири жалданып иштеп, акча табууга аргасыз. Соңку беш жылда Кичи Арал тартылып, суунун деңгээли эки жарым метрге чейин төмөндөп кетти. Балык уулап, жан баккандар да азайды.",RELEVANT,WATER_CRYO,RELEVANT,WATER_CRYO,,,ky_2,"Small Aral shrank, water level dropped"
KY-F00019,,KY,Azattyk,https://www.azattyk.org/a/26869193.html,2015-02-25,"25-февраль, 2015",Тажикстандын улуттук акчасы акыркы бир нече күндүн ичинде кайрадан арзандап кетти. Ооганстан быйыл күтүлүп жаткан кургакчылыктын кесепеттерин алдын алууга эл аралык коомчулуктан жардам сурады.,RELEVANT,AGRI_LAND,NOT_RELEVANT,,,,ky_2,
KY-F01299,,KY,Azattyk,https://www.azattyk.org/a/1895397.html,2009-12-05,Непал министрлери Эверестке чыгышты,"Непалдын өкмөтү Эвересттеги альпинисттер базасында жыйын өткөрдү. Кабинеттин 24 мүчөсү дүйнөдөгү эң бийик чокуга чогулуу менен аба ырайынын ысышы Гималай тоолоруна чоң коркунуч келтирип жатканын дагы бир жолу белгилешти. Бир нече күндөн кийин, 7-декабрда Копенгагенде климат боюнча саммит...",RELEVANT,WATER_CRYO,RELEVANT,WATER_CRYO,,1,ky_2,"Nepal ministers Everest, warming threatens Himalaya"
KY-F01522,,KY,Azattyk,https://www.azattyk.org/a/32245930.html,2023-01-30,"Жайлоонун камын ким көрөт? Жасалма мөңгү, төрт түлүк, климат","Нарындын Кочкор районуна караштуу Чолпон айылынын тургуну Урмат Өмүрбеков жайыттарды коргоого жан үрөп жүргөн экоактивист. Ал соңку жылдары жайыттардын такырайып кеткенин иликтеп, экологиялык бул көйгөйдүн алдын алуунун камын көрүп жүрөт.",RELEVANT,AGRI_LAND,RELEVANT,AGRI_LAND,,,gold,IAA adjudicated gold
KY-F02327,,KY,Azattyk,https://www.azattyk.org/a/31539670.html,2021-11-01,COP26: Глазгодо дүйнө лидерлеринин саммити башталды,Шотландиянын Глазго шаарында дүйнө лидерлеринин климаттын өзгөрүшүнө арналган саммити башталды. Ага катышуу үчүн 120дан ашуун мамлекеттин башчылары жана жогорку жетекчилери Улуу Британияга келди. Алардын арасында Кыргызстандын президенти Садыр Жапаров да бар. Дүйшөмбүдөгү саммиттин ачылышында...,RELEVANT,POLICY,RELEVANT,POLICY,,,ky_2,COP26 Glasgow climate summit begins
KY-R200044,,KY,Azattyk,https://www.azattyk.org/a/1253251.html,2006-07-11,Дүйнөлүк Жаратылыш Федерациясы экологиялык атайын план иштеп чыгууну сунуш этти,"Штаб-квартирасы Швейцарияда жайгашкан бул уюм өнүккөн сегиз өлкөнү энергетикалык коопсуздукту климаттын өзгөрүшү менен чогуу карап, экинчи дүйнөлүк согушта Европаны калыбына келтирген Маршалл планы өндөнгөн демилге менен чыгууга чакырды. Орусияда келерки аптада өтө турган сегиз өлкөнүн...",RELEVANT,POLICY,RELEVANT,POLICY,,1,ky_1,Energy security + climate plan for G8
KY-F00678,,KY,Azattyk,https://www.azattyk.org/a/33586208.html,2025-11-10,"""Климат саясатында тоо экосистемасын алга сүрөйбүз""",10-ноябрда Бразилиянын Белем шаарында климат боюнча глобалдык жыйын башталды. Кыргызстандын делегациясын Министрлер кабинетинин төрагасынын орун басары Эдил Байсалов жетектеп барды. Ал Бразилиядан курган маегинде Кыргызстан тоолуу аймактардагы өзгөрүүлөргө өзгөчө көңүл буруу зарылдыгын белгиледи.,RELEVANT,POLICY,RELEVANT,POLICY,,,ky_2,COP30 Belem: mountain ecosystems in climate policy
KY-F02191,,KY,Azattyk,https://www.azattyk.org/a/33586345.html,2025-11-11,2025 эң ысык жылдардын бири болду. Келечекте эмне күтөт?,"Мындан он жыл мурун 200 чакты өлкөнүн лидерлери Париж келишимине кол коюп, Жер шарынын ысышын 1,5 градустан ашырбоо жөнүндө макулдашкан. Бирок окумуштуулар климаттагы өзгөрүүлөрдү ооздуктоо кыйын болуп баратканын, максатка жетүү дээрлик мүмкүн эмес экенин айтышат.",RELEVANT,SCIENCE_GEN,RELEVANT,SCIENCE_GEN,,,ky_1,"2025 hottest year, projections"
KY-F01806,,KY,Azattyk,https://www.azattyk.org/a/2002321.html,2010-04-05,Пан Ги Мун Борбор Азия лидерлерин Арал көйгөйүн ынтымакта чечүүгө үндөдү,БУУнун башкатчысы Пан Ги Мун Кыргызстандан кийин сапарын Өзбекстанда улантууда. Ал жекшемби күнү Арал деңизин тик учак менен айланып көрдү жана деңиз аалам үрөйүн учурчу ахывалда экенин айтты. Ошондой эле Борбор Азия лидерлерин жаратылышка байланыштуу проблемаларга каршы чогуу аракеттенүүгө...,RELEVANT,WATER_CRYO,RELEVANT,WATER_CRYO,,,ky_2,Ban Ki-moon urges Aral Sea cooperation
KY-F01605,,KY,Azattyk,https://www.azattyk.org/a/32516840.html,2023-07-24,Кыргызстанда энергетика тармагына үч жылга өзгөчө кырдаал режими киргизилет,"Президент Садыр Жапаров Кыргызстанда энергетика тармагына өзгөчө кырдаал режимин киргизүү боюнча жарлыкка кол койду. Бул тууралуу өлкө башчынын басма сөз кызматы 24-июлда маалымат таратты. Анда чечим климаттык өзгөрүүлөр, Нарын дарыясынын бассейнине суунун аз топтолушу, энергияны керектөө...",RELEVANT,ENERGY,RELEVANT,ENERGY,,1,ky_1,Energy emergency from low water/climate
KY-F00660,,KY,Azattyk,https://www.azattyk.org/a/29897898.html,2019-04-23,Лондондо экологияга байланыштуу акцияда миңден ашык киши кармалды,"Лондондо бийликтен климаттын өзгөрүшүнө каршы кескин чара көрүүнү талап кылып жаткан акция сегиз күндөн бери уланууда. Лондон полициясынын маалыматына караганда, миңден ашык адам кармалып, алардын 53үнө айып коюлду. Жекшембиде өздөрүн «Extinction Rebellion» деп атагандар өкмөт сүйлөшүүлөргө...",RELEVANT,POLICY,RELEVANT,HEALTH_SOCIETY,,,ky_1,London climate protest arrests
KY-F00598,,KY,Azattyk,https://www.azattyk.org/a/24361403.html,2011-10-16,Таиландда соңку жарым кылымдагы эң чоң суу каптоо жүрүүдө,"Атайын күчтөр баш калаа Банкоктун тегерегин бекемдеп, суу каптоону болтурбоо аракетин көрүүдө. Шаардын көпчүлүк бөлүгү деңиз деңгээлинен 2 метр ылдый тургандыктан, Банкокту кесип өткөн Чаупхрая дарыясы ташып, шаарды каптап кетүү коркунучу жогору. Талиландда суу каптоо башталгандан бери...",RELEVANT,DISASTER,RELEVANT,DISASTER,,1,ky_1,Thailand record flood extreme
KY-F00851,,KY,Azattyk,https://www.azattyk.org/a/1257330.html,2006-11-04,Лондондо британ жана немец өкмөт башчылары жолугушту,Тони Блэр менен Ангела Маркел дүйнөлүк климаттын проблемасын талкуулашты жана бу маселе дүйнөлүк коомчулуктун көңүл чордонунда турганын белгилешти. Жолугушууда башка да маселелер сөз болду.,RELEVANT,POLICY,RELEVANT,POLICY,,1,ky_1,Leaders discuss climate problem
KY-F01389,,KY,Azattyk,https://www.azattyk.org/a/1276616.html,2007-12-14,Индонезияда Улуттар уюмунун глобалдык жылуулукка каршы күрөшүү маселелерине арналган конференциясы уланууда,Жума күнү аяктары белгиленген конференция анын жыйынтыктоочу документине байланыштуу чыккан пикир –келишпестиктерден улам улантылып жатат. БУУнун башкатчысы Пан Ги Мун эртең эртең менен конференцияга кайтып келерин билдирди. Еврошаркет жана өнүгүп келе жаткан өлкөлөр конференциянын жыйнтыктоочу...,RELEVANT,POLICY,RELEVANT,POLICY,,,ky_2,UN global warming conference Bali
KY-F00917,,KY,Azattyk,https://www.azattyk.org/a/33602322.html,2025-11-24,Түркмөнстанда эки суу сактагыч кургап калды,"Түркмөнстандын Балкан аймагында кургакчылыктан улм Мямметкөл жана Делили суу сактагычтары толугу менен кургап калды. Бул суу сактагычтар Этрек дарыясынан келген суу менен толуп турчу. Бул тууралуу 23-ноябрда ""Метеожурнал"" маалымдады. 2024-2025-жылдары кар жана жаан дээрлик аз болуп, суу...",RELEVANT,WATER_CRYO,RELEVANT,WATER_CRYO,,,ky_2,Turkmen reservoirs dried from drought
KY-F00222,,KY,Azattyk,https://www.azattyk.org/a/1786485.html,2009-07-28,"""АКШ-Кытай алакасы 21-кылымдын жүзүн аныктайт""","Вашингтондогу эки тараптуу сүйлөшүүнү ачып жатып, АКШнын президенти ошондой эле эки өлкө тең ядролук куралдын жайылышын токтотууга кызыкдар экендигин билдирди. Обама Кытай менен АКШ климаттын өзгөрүшү боюнча жаңы келишимди бирге иштеп чыгышы керек деп эсептейт. Бир эле мезгилде америкалык...",RELEVANT,POLICY,NOT_RELEVANT,,,1,ky_2,US-China relations; climate one topic
KY-F01314,,KY,Azattyk,https://www.azattyk.org/a/27397299.html,2015-11-30,БУУнун Дүйнөлүк климаттык саммити башталат,"29-ноябрда дүйнө жүзүндө жүз миңдеген адамдар көчөгө чыгып, Парижде климаттык саммитке чогулган лидерлерден глобалдык жылуулукка каршы чараларды кабыл алуу талабын коюшту. Өзгөчө кырдаалдарга байланыштуу тыюу салынганга карабай, Париждин борборунда миңдеген адамдар нааразылык акциясына...",RELEVANT,POLICY,RELEVANT,POLICY,,,ky_2,UN Paris climate summit begins
KY-F00738,,KY,Azattyk,https://www.azattyk.org/a/1280244.html,2008-02-26,Арктикада Норвегиянын азык-түлүк өсүмдүктөрүнүн кампасы ачылды,"9 миллион долларга курулган кампа согуштардан, климаттын өзгөрүшүнөн жана табигый кырсыктардан өсүмдүктөрдү сактап калуу үчүн курулду. Анда 4 жарым миллион түрдүү өсүмдүктү минус 18 градуста сактоо мүмкүн. Окумуштуулар мындай температурада аларды бир миң жыл сактаса болоорун айтышууда. Кампа...",RELEVANT,AGRI_LAND,RELEVANT,AGRI_LAND,,1,ky_2,seed vault protects crops from climate
KY-F02136,,KY,Azattyk,https://www.azattyk.org/a/32706264.html,2023-11-29,Садыр Жапаров Дубайда климаттын өзгөрүшүн талкуулаган жыйында сүйлөйт,"Президент Садыр Жапаров 30-ноябрда Бириккен Араб Эмираттарына үч күндүк иш сапар менен барат. Президенттик администрациясынын тышкы саясат бөлүмүнүн башчысы Муратбек Азымбакиев билдиргендей, Жапаров БУУнун климаттын өзгөрүшүн талкуулаган жыйынына катышат. Иш-чара Дубайда болот. Конференцияга...",RELEVANT,POLICY,RELEVANT,POLICY,,,ky_2,Japarov to speak at Dubai COP28
KY-F01583,,KY,Azattyk,https://www.azattyk.org/a/33201527.html,2024-11-14,"Пакистан: Электр жарыгы кымбат, күн панелдерин колдонуу көбөйдү","Пакистандыктардын жапырт күн панелдерине өтүп жатканы мамлекеттик энергетика компаниясынын башына түйшүк түшүрдү. 200 миллион киши жашаган өлкөдө электрэнергиясынын баасы өтө кымбат болгондуктан, карапайым калк Кытайдан алынган арзан күн панелдерин жапырт сатып алууда.",RELEVANT,ENERGY,RELEVANT,ENERGY,,1,ky_2,Pakistan mass solar-panel adoption
KY-R200365,,KY,Azattyk,https://www.azattyk.org/a/31847501.html,2022-05-13,Түштүк Корея Кыргызстанга табигый кырсыктардын алдын алуу үчүн 5 млн. доллар берет,Түштүк Корея Кыргызстанга климаттык өзгөрүүлөрдү жана жаратылыш кырсыктарын алдын алууга 5 миллион АКШ долларын грант түрүндө берет. Бул тууралуу Тышкы иштер министрлиги кабарлады. Бул маалымат Кыргызстандын тышкы иштер министринин орун басары Динара Кемелова менен Түштүк Кореянын климат жана...,RELEVANT,POLICY,RELEVANT,POLICY,,,ky_1,Korea funds climate/disaster prevention
KY-F00171,,KY,Azattyk,https://www.azattyk.org/a/31922355.html,2022-06-30,Европа 2035-жылдан баштап күйүүчү май менен жүргөн машинелерден баш тартат,"Европа Биримдигинин өлкөлөрү Люксембургда климатты коргоо жөнүндө жаңы мыйзам кабыл алды. Ага ылайык, Европа өлкөлөрүндө 2035-жылдан баштап күйүүчү май менен жүргөн жаңы автоунаалар сатылбайт. Климаттык фонд түзүлүп, көмүр кычкыл газын азайтууда авиация жана кеме жолдоруна дагы чектөөлөр...",RELEVANT,ENERGY,RELEVANT,POLICY,,,ky_1,EU climate law bans combustion cars
KY-F01091,,KY,Azattyk,https://www.azattyk.org/a/31010128.html,2020-12-20,Байден айлана-чөйрөнү коргоо тобун тааныштырды,"АКШнын шайланган президенти Жо Байден өзүнүн болочокку өкмөтүнүн айлана-чөйрөнү коргоо жана отун-кубат тармагындагы мүчөлөрүн тааныштырды жана алар климаттык өзгөрүү көйгөйлөрүн чечүүдө олуттуу шериктерден болоорун айтты. 19-декабрда Делавер штатынын Уилмингтон шаарында сүйлөп жатып, Жо Байден...",RELEVANT,POLICY,RELEVANT,POLICY,,,ky_2,Biden climate/environment team introduced
KY-R200217,,KY,Azattyk,https://www.azattyk.org/a/1354980.html,2008-12-02,"Климат боюнча жаңы келишимге чейинки ""жарым жол""",Польшанын Познань шаарында климаттын өзгөрүшү боюнча Улуттар уюмунун конференциясы башталды. Эки аптага созулуучу бул жыйын -климаттын өзгөрүшүнө каршы глобалдык жаңы келишимдин шарттарын аныктоо боюнча аракеттердин кезектеги баскычы.,RELEVANT,POLICY,RELEVANT,POLICY,,,ky_1,Poznan UN climate conference
KY-F00604,,KY,Azattyk,https://www.azattyk.org/a/1617905.html,2009-04-29,Алма-Атада мамлекет башчылары биргелешкен билдирүү кабыл алышты,"Аралды сактап калуу боюнча эл аралык корунун (АСЭФ) саммитинин кеңейтилген курамдагы отуруму ишин аяктаган соң мамлекет башчылары биргелешкен билдирүү кабыл алышты. Анда тараптар Арал деңизинин бассейниндеги кризистин кесепеттерин жоюу боюнча кызматташууну арттырууну БУУнун системасында түзүү,...",RELEVANT,WATER_CRYO,RELEVANT,WATER_CRYO,,1,ky_1,Aral Sea crisis summit
KY-F02125,,KY,Azattyk,https://www.azattyk.org/a/27416860.html,2015-12-09,Өңүт. Париждеги климат боюнча конференция.,"Париж саммитине Кыргызстан 2030-жылга чейин 2013-жылга салыштырмалуу көмүр кычкыл газын 20 пайызга кыскартабыз деген сунуш менен барып, аны эл аралык трибунадан президент Атамбаев өзү жарыялады. Расмий Бишкектин сунушу тууралуу кесиптешим Замира Кожобаеванын баянынан уксак.",RELEVANT,POLICY,RELEVANT,POLICY,,,ky_1,"Paris conference, Kyrgyz CO2 pledge"
KY-F02207,,KY,Azattyk,https://www.azattyk.org/a/1279764.html,2008-02-18,7:40 Кумтөрдөгү кен казуудан мөңгүлөр жок болуп кетүү коркунучунда,"Бул тууралуу билдирген “Карек” коомдук уюмунун жетекчиси Эркингүл Иманкожоеванын билдиргенине караганда алтын кени казылып жаткан кенге жакын Давыдов, Лысый мөңгүлөрү кийинки он жыл аралыгында тез ээрип Петров көлүнө куюп атат. Чех окумуштуулары былтыр келип изилдөө жүргүзгөндө аталган көлдүн...",RELEVANT,WATER_CRYO,NOT_RELEVANT,,,1,ky_1,Kumtor mining destroys glaciers
KY-F01996,,KY,Azattyk,https://www.azattyk.org/a/31005216.html,2020-12-17,Кыргызстан климаттын ысышынан эң көп жабыр тарткан өлкөлөрдүн сап башында,"Улуу Британиянын Кыргызстандагы элчилиги Кыргызстан дүйнөдөгү глобалдык климаттын өзгөрүүсүнөн эң көп жабыр тартып жаткан өлкөлөрдүн сап башында экенин билдирди. Элчиликтин ""Твиттердеги"" расмий баракчасында жер жүзүндөгү абанын ысып кетиши Кыргызстандагы мөңгүлөрдү эритип, акыркы учурда...",RELEVANT,WATER_CRYO,RELEVANT,SCIENCE_GEN,,,ky_1,Kyrgyzstan most affected by warming
KY-F01804,,KY,Azattyk,https://www.azattyk.org/a/28740070.html,2017-09-17,Ак үй: Трамптын Париж келишиминен чыгуу тууралуу ою өзгөргөн жок,Ак үй АКШнын президенти Дональд Трамп климатты сактоо боюнча 2016-жылы кабыл алынган келишимден чыгуу чечимин өзгөртүп жатканы тууралуу маалыматтарды жокко чыгарды. Бул жөнүндө The Hill басылмасы жазды. АКШ президентинин администрациясы Париж келишими боюнча Американын позициясы өзгөрбөгөнүн...,RELEVANT,POLICY,RELEVANT,POLICY,,,ky_2,Trump keeps Paris withdrawal decision
KY-F01462,,KY,Azattyk,https://www.azattyk.org/a/28330655.html,2017-02-24,Антарктида мөңгүсүндөгү жарака ыкчам чоңоюуда,"Антарктидадагы Ларсен С мөңгүсүндөгү жарака ыкчам чоңоюуда. Декабрь айында жарака 16 чакырым узундукта болсо, ушул күндөрү 80 чакырымга жетти. Дагы 20 чакырымдан кийин эбегейсиз айсберг бөлүнүп чыгарын окумуштуулар эскертет. Британ институтунун адистери 5000 чарчы чакырым, же салыштырганда...",RELEVANT,WATER_CRYO,RELEVANT,WATER_CRYO,,1,ky_2,Antarctic Larsen C ice crack growing
KY-F00379,,KY,Azattyk,https://www.azattyk.org/a/1271615.html,2007-09-03,ЧӨЛ КӨЙГӨЙҮ МАДРИДДЕ ТАЛКУУЛАНУУДА,Испаниянын борбору Мадридде бул күндөрү дүйнөдө чөлгө айланган аймактардын аянты көбөйүшүн токтотуунун жолдорун талкуулаган эл аралык жыйын өтүүдө. Ага дүйнөнүн 200гө жакын өлкөсүнөн 2000дей делегат чогулду. Эки аптага созулуучу жыйын – айлана-чөйрөнү коргоо жаатындагы ушул айда өтүүчү маанилүү эл аралык кеңешмелердин бири.,RELEVANT,AGRI_LAND,RELEVANT,AGRI_LAND,,,ky_2,international desertification conference Madrid
KY-F01799,,KY,Azattyk,https://www.azattyk.org/a/31541484.html,2021-11-03,"""Жайыттар деградация болуп, токойлорду талкалап жатабыз""","""Токой аянтын кысартып жатканыбыз - мөңгүлөрдүн аянты кыскарышына алып келүүдө"".",RELEVANT,AGRI_LAND,RELEVANT,AGRI_LAND,,1,ky_2,"Pasture degradation, deforestation, glacier loss"
KY-F00356,,KY,Azattyk,https://www.azattyk.org/a/29531729.html,2018-10-08,БУУ климаттын өзгөрүшүн токтотууга чечкиндүү чара көрүүгө чакырды,"Улуттар Уюмунун эксперттери чукул арада глобалдык жылуулукка каршы чекиндүү чара көрүп, абанын табынын көтөрүлүшүн 1,5 градустан өткөрбөй кармап туруунун зарыл экенин белгилешет. “Коомдо чукул жана кеңири масштабда өзгөрүүлөр болгондо гана” Жердеги абанын температурасын ошондой деңгээлде...",RELEVANT,POLICY,RELEVANT,SCIENCE_GEN,,,ky_2,"IPCC/UN 1.5C report, urges action"
KY-F01919,,KY,Azattyk,https://www.azattyk.org/a/28853604.html,2017-11-14,Кумтөрдөгү мөңгүлөрдү көргөн активисттер өз ойлорунан кайткан жок,"Бүгүн Жогорку Кеңештин алты депутаты, кыркка жакын активисттер, экологдор, журналисттер, вице-премьер-министр Дүйшөнбек Зилалиев баштаган өкмөт өкүлдөрү Ысык-Көл облусундагы Кумтөр кенине барышып, мөңгүлөрдүн абалы менен таанышты. ""Азаттык"" радиосунун кабарчысынын билдиришинче, мөңгүлөрдү көргөн...",RELEVANT,WATER_CRYO,RELEVANT,WATER_CRYO,,1,ky_2,Activists inspect Kumtor glaciers condition
KY-F01306,,KY,Azattyk,https://www.azattyk.org/a/27387691.html,2015-11-25,Жон Керри Европа жана Балкан өлкөлөрүн кыдырат,"АКШнын мамкатчысы Жон Керри 30-ноябрдан 4-декабрга чейин Европа жана Балкан өлкөлөрүн кыдырат. 30-ноябрда Парижде өтө турган климаттык өзгөрүүлөр боюнча жыйынга Барак Обаманы коштоп барып, 1-декабрда Белгиянын баш калаасында болчу НАТОго мүчө өлкөлөрдүн тышкы иштер министрлеринин жыйынына да...",RELEVANT,POLICY,NOT_RELEVANT,,,1,ky_2,Kerry tour; Paris climate one stop among many
KY-F00415,,KY,Azattyk,https://www.azattyk.org/a/31302357.html,2021-06-11,"“Чоң жети” пандемия, климат жана Орусияны талкуулайт",Британдык Корнуолледеги Карбис-Бэй курорттук шаарында жума күнү “Чоң жетинин” саммити башталды. Ага индустриалдык жана демократиялык жактан өнүккөн дүйнөдөгү жети мамлекеттин жетекчилери катышууда. Бул саммит коронавирус пандемиясы башталгандан бери жана АКШ президенти Жо Байден кызматка...,RELEVANT,POLICY,RELEVANT,POLICY,,1,ky_1,G7 discusses climate among topics
KY-F01837,,KY,Azattyk,https://www.azattyk.org/a/25132393.html,2013-10-10,Иманалиев: Мөңгү институтун түзүү керек,"Кумтөр боюнча Кыргызстанда бир эле адис бар. Мындай пикирин депутат Каныбек Иманалиев Жогорку Кеңеште Кумтөр меморандуму каралып жатканда билдирди. Депутат ""Кыргызстандын жер астындагы байлыгы Кумтөр болсо, жер үстүндөгү байлыгы - мөңгү"" деп, бул тармакка өзгөчө маани берүүгө чакырды....",RELEVANT,WATER_CRYO,RELEVANT,WATER_CRYO,,,ky_1,Proposal for glacier institute
KY-F00600,,KY,Azattyk,https://www.azattyk.org/a/1282285.html,2008-04-05,16:00 “Саламаттыгыбызды климаттын өзгөрүшүнөн сактайлы”,Бүгүндөн тарта 7-апрелге чейин Бишкекте Эл аралык саламаттык күнү белгиленет. Бишкек мэриясы уюштуруп жаткан бул иш-чара “Саламаттыгыбызды климаттын өзгөрүшүнөн сактайлы” деген ураан алдында өтүүдө. Аталган иш-чаранын алкагында шаардын ири соода борборлорунда каалоочулар кан басымын акысыз...,RELEVANT,HEALTH_SOCIETY,RELEVANT,HEALTH_SOCIETY,,,ky_2,protect health from climate change
KY-F02174,,KY,Azattyk,https://www.azattyk.org/a/27692193.html,2016-04-23,Жер күнү: булганыч шаарлар,22-апрелде бүткүл дүйнөдө Жер күнү белгиленди. Буга байланыштуу 195 өлкөдө курчап турган чөйрөнү жана экологияны сактоо боюнча акция өттү. Бүгүнкү күндө булганыч заттардын көбү Азия өлкөлөрүнөн чыгууда. Кайсы жерлер көбүрөөк булганып жатканы бул фото баянда.,RELEVANT,POLICY,NOT_RELEVANT,,1,,ky_1,
KY-F01212,,KY,Azattyk,https://www.azattyk.org/a/1260748.html,2007-01-21,КЕЛЕЧЕК ҮЧҮН ҮЧ МИЛЛИАРД ДАРАК,"Баян Жумакадыр кызы, Прага Еврокомиссия жер шарындагы климаттын өзгөрүүсүн токтотууга байланыштуу программасын ишке киргизди. Еврошаркеттин аткаруучу органы климаттын өзгөрүүсүн жок дегенде жайлатуу үчүн алтернативдүү, өзүнөн-өзү жаңыланып туруучу, зыянсыз энергияга өтүү зарылдыгын белгиледи. Бирок, эксперттер жалгыз бул чаралар климаттын өзгөрүүсүн токтото албасын, ал үчүн кыйылып жаткан токойлордун ордун толтуруу керек экенин айтып жатышат.",RELEVANT,POLICY,RELEVANT,POLICY,,1,ky_1,"EU climate program, reforestation"
KY-R200236,,KY,Azattyk,https://www.azattyk.org/a/33200412.html,2024-11-13,Баткен: Жасалма мөңгү тоңдурган элеттиктер,"Климаттын өзгөрүүсүнөн, кургакчылыктан улам сугат мезгилинде суу таңкыстыгы күчөдү. Баткендиктер суу таңкыстыгын чечүү, жайытты жакшыртуу, кайрак жерлерге суу жеткирүү үчүн бир топ жылгаларга жасалма мөңгү тоңдуруп жатышат.",RELEVANT,WATER_CRYO,RELEVANT,WATER_CRYO,,,ky_1,"Artificial glaciers, water scarcity"
KY-F01646,,KY,Azattyk,https://www.azattyk.org/a/30093457.html,2019-08-05,ӨКМ: Сибирь токойлорундагы өрткө адамдар күнөөлүү,"Орусиянын Өзгөчө кырдаалдар министрлиги Сибирдин токойлорундагы өрттүн башкы себеби катары өрт коопсуздугун сактабаган адамдардын шалаакылыгын белгиледи. Мекеме өрт адеп тутанган жерлердин көбү жолго жакын болгонун билдирди. Буга чейин Айыл чарба министрлиги өрттү кургакчылык, чагылган менен...",RELEVANT,DISASTER,RELEVANT,DISASTER,,1,ky_1,"Siberian wildfires, drought cited"
KY-R200066,,KY,Azattyk,https://www.azattyk.org/a/31506319.html,2021-10-13,Евробиримдик газ кымбаттагандан бери көмүр колдонууну карап жатат,"Европа Биримдигинин аймагында газ кымбаттап, калктын көпчүлүгү көмүргө өтө баштаганын ""Евроньюс"" телеканалы кабарлады. Ошол эле маалда Европа өлкөлөрүнүн көпчүлүгү таза, экологиялык жашыл энергияны колдонууга өтүү стратегиясын даярдап жатат. Европада көмүр энергиянын кымбат булагы болуп...",RELEVANT,ENERGY,RELEVANT,ENERGY,,,ky_1,EU coal vs green energy transition
KY-01353,,KY,24.kg,https://24.kg/kyrgyzcha/216540_laquouluttuk_energoholdingraquo_kazak_tarapka_suu_berilgenin_taksyiktadyi/,2021-12-09,«Улуттук энергохолдинг» казак тарапка суу берилгенин таксыктады - | 24.KG,«Улуттук энергохолдинг» компаниясы жай мезгилинде казак фермерлери үчүн Токтогул суу сактагычынан кошумча суу агызылганы тууралуу Казакстан премьер-министри Аскар Маминдин маалыматын тастыктады.,RELEVANT,WATER_CRYO,RELEVANT,WATER_CRYO,,1,ky_2,Toktogul water sharing with Kazakhstan
KY-F01266,,KY,Azattyk,https://www.azattyk.org/a/1563902.html,2009-03-30,Вашингтондо эл аралык экономикалык форум өтөт,"Апрелдин соңунда Вашингтондо отун-кубат жана климаттын өзгөрүүсүнө арналган эл аралык экономикалык форум өтөт. Бул тууралуу АКШнын президенти Барак Обама билдирди. Ак үй тараткан маалыматка ылайык, 27-28-апрел күндөрү өтө турган форумга экономикасы өнүккөн 16 өлкөнүн лидерлери чакырылды. Форум...",RELEVANT,POLICY,RELEVANT,POLICY,,1,ky_1,Energy + climate change forum
KY-F00980,,KY,Azattyk,https://www.azattyk.org/a/32826975.html,2024-02-20,Тазабек Икрамов жарактан чыккан электромобилдер маселесин көтөрдү,"Жогорку Кеңештин Транспорт, коммуникациялар, архитектура курулуш боюнча комитетинин отурумунда депутат Марлен Маматалиев жана бир канча депутат демилгечи болгон “Айрым мыйзам актыларына жашыл экология маселелери боюнча өзгөртүүлөрдү киргизүү жөнүндө” мыйзам долбоору экинчи окууда каралды. Анда...",RELEVANT,ENERGY,NOT_RELEVANT,,,1,ky_1,"EV waste, green ecology legislation"
KY-F02358,,KY,Azattyk,https://www.azattyk.org/a/33171786.html,2024-10-24,Президент Жапаров Кыргызстан адилеттүү жана басмырлоосуз экономикалык тартипти жактаарын белгиледи,"Президент Садыр Жапаров бүгүн, 24-октябрда Казань шаарында (Татарстан Республикасы) өтүп жаткан XVI БРИКС+ саммитинин кеңейтилген форматтагы пленардык жыйынында сөз сүйлөдү. Мамлекет башчы Кыргызстан БРИКСтин ишкердикти, санариптик жана экологиялык таза технологияларды өнүктүрүү, климаттык...",RELEVANT,POLICY,NOT_RELEVANT,,,1,ky_2,BRICS+ economic order; climate minor mention
KY-F02306,,KY,Azattyk,https://www.azattyk.org/a/28270251.html,2017-01-31,Өзбекстан Арал деңизинин айланасын өнүктүрөт,"Өзбекстан Арал деңизинин айланасындагы аймакты өнүктүрүүгө беш жыл ичинде 2,6 миллиард доллар сарптоону көздөп жатат. Президент Шавкат Мирзиёев кол койгон тиешелүү токтом 30-январда күчүнө кирди. Документ боюнча ал каражат жумуш орундарын түзүү, калкты таза суу менен камсыз кылуу жана...",RELEVANT,WATER_CRYO,RELEVANT,WATER_CRYO,,,gold,IAA adjudicated gold
KY-F01464,,KY,Azattyk,https://www.azattyk.org/a/1268428.html,2007-06-28,UNU: ЖАКЫР-БАКЫР АЙМАККА КАКЫР-ТАКЫР ЖОО КЕЛДИ,"Жакынкы он жылдыкта кургакчыл аймактарды, айрыкча Африканы жана Борборазияны какыр каптап, элүү миллионго чукул киши аргасыз жер которушу мүмкүн. Улуттар Уюмунун Токиодо жайгашкан Университети жарыялаган жаңы докладда “биябандашуу” деп аталган көрүнүш дүйнөлүк масштабдагы экологиялык проблемага айланганы баса көрсөтүлөт. Документти даярдоого 25 өлкөдөн эки жүздөн ашуун эксперт катышкан.",RELEVANT,AGRI_LAND,RELEVANT,HEALTH_SOCIETY,,1,ky_1,Desertification-driven migration
KY-F00510,,KY,Azattyk,https://www.azattyk.org/a/30254016.html,2019-11-05,АКШ Париж келишиминен чыгуу жараянын баштады,Бул тууралуу Кошмо Штаттардын мамлекеттик катчысы Майк Помпео 4-ноябрда жарыялады жана тиешелүү маалымат Бириккен Улуттар Уюмуна жөнөтүлгөнүн билдирди. Келишимден чыгуу жараяны кеминде бир жылга созулмакчы. Дональд Трамп президенттикке аттанып жатканда ошол кездеги Кошмо штаттардын лидери...,RELEVANT,POLICY,RELEVANT,POLICY,,,ky_2,US begins Paris agreement withdrawal
KY-R200016,,KY,Azattyk,https://www.azattyk.org/a/1233557.html,2005-01-12,“ КЫРГЫЗСТАНДЫН КҮН КУБАТЫ ” ДОЛБООРУНА НОРВЕГИЯ КЫЗЫКДАР,"Кабыл Макеш, Бишкек. Жер шарындагы энергия булактарынан Күндүн кубаты эң арзан жана ыңгайлуу. Кыргызстан - күнөстүү өлкө болгону менен күндүн кубатын пайдаланууга анча маани берилбей жүрөт. Ошондуктан Норвегиянын жаратылышты коргоо коому жана Глобалдык экологиялык фонду “ Күн энергиясы - Кыргызстанга” деген долбоорду колдоого алууда.",RELEVANT,ENERGY,RELEVANT,ENERGY,,,ky_1,Solar energy project
KY-F01108,,KY,Azattyk,https://www.azattyk.org/a/32227076.html,2023-01-17,БУУ: Миграциядан улам кылымдын аягында тилдердин көбү жоголушу ыктымал,"Глобалдык жылуулук менен байланышкан табигый кырсыктардан улам көп адамдар өз тилинде сүйлөй албаган жерлерге көчүп жатышат. БУУнун эсебинде, XXI кылымдын аягына чейин азыркы жети миң тилдин көбү жок болушу мүмкүн. Канададагы Квинс университетинин тилдерди изилдеген бөлүмүнүн директору...",RELEVANT,HEALTH_SOCIETY,RELEVANT,HEALTH_SOCIETY,,,gold,IAA adjudicated gold
KY-F00557,,KY,Azattyk,https://www.azattyk.org/a/30269208.html,2019-11-13,Грета Тунберг АКШдан Испанияга катамаранда жол тартат,Швециялык 16 жаштагы активист Грета Тунберг АКШдан Испанияга Атлантика океаны аркылуу катамаран менен барат. Климаттын өзгөрүшүнө жол бербөөгө чакырган активист абаны булгайт деген жүйө менен учак аркылуу саякаттагандан караманча баш тартып келет. Ал түшө турган катамарандын мотору күндөн...,RELEVANT,OTHER_CLIMATE,RELEVANT,HEALTH_SOCIETY,,,ky_2,"Greta Thunberg sails, climate activism"
KY-F01876,,KY,Azattyk,https://www.azattyk.org/a/27063370.html,2015-06-10,Парламент “Суу кодексин” өзгөртүүнү талкуулайт,"Жогорку Кеңештин бүгүнкү жалпы жыйынында “Суу кодексине” өзгөртүү киргизүү маселеси каралат. Долбоорду өкмөт сунуштаган. Эгер ал ишке ашса, мөңгүлүү тоолордо кен казуу иштерине уруксат берүү өкмөттүн колуна өтөт. Парламенттеги “Ата Мекен” фракциясы буга кескин каршы чыгып, аны коррупциялык...",RELEVANT,WATER_CRYO,RELEVANT,WATER_CRYO,,1,ky_2,Water Code amendment on glacier-zone mining
KY-F01938,,KY,Azattyk,https://www.azattyk.org/a/24404400.html,2011-11-28,Дурбанда климаттын өзгөрүшү талкууланат,"Бүгүн Түштүк Африкада климаттын өзгөрүүсүнө байланыштуу чоң жыйын ачылат. Ага өкмөтүк адамдар жана табиятты коргоочулар болуп, 20 миңдей делегат катышат. Дурбан шаарындагы сүйлөшүү өндүрүштүк газдарды абага бөлүүнүн лимитин узартуудагы акыркы мүмкүнчүлүк. Азыркы лимиттин мөөнөтү келерки жылы...",RELEVANT,POLICY,RELEVANT,POLICY,,,ky_2,Durban climate change conference
KY-F01251,,KY,Azattyk,https://www.azattyk.org/a/27399622.html,2015-12-01,Атамбаев: мөңгүлөр эрип баратат,"Париждеги климаттын өзгөрүүсү боюнча Улуттар уюмунун саммитине Кыргызстандын делегациясын президент Алмазбек Атамбаев баштап барды. Атамбаев сөз сүйлөп, Борбор Азияда мөңгүлөр ыкчам эрип жатканын билдирди.",RELEVANT,WATER_CRYO,RELEVANT,WATER_CRYO,,,gold,IAA adjudicated gold
KY-F02143,,KY,Azattyk,https://www.azattyk.org/a/27396658.html,2015-11-29,Парижде акцияга чыккан жүздөй адам кармалды,Франциянын баш калаасы Парижде эртең баштала турган Улуттар Уюмунун Климаттын өзгөрүүсү боюнча саммитин утурлай дүйнө жүзү боюнча он миңдеген адамдар нааразылык акциясына чыгышты. Демонстранттар глобалдык климаттын өзгөрүүсүн токтото турган кескин чараларды көрүүнү талап кылышууда. Учурда ири...,RELEVANT,POLICY,RELEVANT,HEALTH_SOCIETY,,,ky_2,"Paris pre-summit climate protest, detentions"
KY-F00519,,KY,Azattyk,https://www.azattyk.org/a/27661893.html,2016-04-08,БУУ: климаттын өзгөрүүсү боюнча келишимге 130 өлкө кол коет,Климаттын өзгөрүүсү боюнча Парижде жетишилген макулдашууга 130тан ашык өлкө кол коюууга даяр. Бул тууралуу Улуттар Уюму тараткан билдирүүдө айтылат. Бул ирет макулдашууга кол койчу өлкөлөрдүн саны арбын. 1994-жылы БУУнун деңизди пайдалануу укуктары боюнча конвенциясына 119 мамлекет кол койгон....,RELEVANT,POLICY,RELEVANT,POLICY,,,ky_1,130 countries sign Paris agreement
KY-F01836,,KY,Azattyk,https://www.azattyk.org/a/1224610.html,2004-06-06,ЖЕР ШАРЫН КАНТИП САКТАП КАЛСА БОЛОТ?,"Чолпон Орозобекова, Прага Голливудда тартылган “Бүрсүгүнү” аттуу кинотасмада климаттын кескин өзгөрүшү ааламды кандай кыйраканга салаары сүрөттөлгөн. Анда адам баласы Жердеги аба ырайынын ысышын таптакыр токтото албаса да, аны кантип жайлатса болоору тууралуу сөз козголгон.",RELEVANT,SCIENCE_GEN,RELEVANT,SCIENCE_GEN,,,ky_1,Climate change explainer
KY-F01196,,KY,Azattyk,https://www.azattyk.org/a/32658628.html,2023-10-29,Ноябрда Кыргызстанда жашыл экономика боюнча иш-чаралар өткөрүлөт,"1-ноябрда Кыргызстан боюнча “Жашыл экономика күндөрү” деп аталган бир айлык акция башталат. Аны Экономика жана коммерция министрлиги уюштурууда. Мекеме климаттын өзгөрүшүнүн шартында жашыл энергетиканы, туруктуу айыл чарбаны, туризмди жана зыянсыз транспортту өнүктүрүү өзгөчө актуалдуу болуп...",RELEVANT,ENERGY,RELEVANT,POLICY,,1,ky_1,"Green economy program, climate"
KY-R200311,,KY,Azattyk,https://www.azattyk.org/a/1802049.html,2009-08-18,Токтогул: Күйүп кеткен мектеп ордуна жаңысы курулат,Бул тууралуу Өзгөчө кырдаалдар министрлигинен кабарлашты. Аталган минстрлик азыр беш жылууланган чатыр берди. Ар бир чатырга кырктан окуучу батат. 9-августта чагылгандын айынан Токтогулдагы Тоолук айылында мектеп толугу менен күйүп кеткен. (EBM),RELEVANT,OTHER_CLIMATE,NOT_RELEVANT,,,,ky_1,
KY-F02176,,KY,Azattyk,https://www.azattyk.org/a/29371863.html,2018-07-17,Эксперттер Кумтөр кенин мамлекеттештирүүгө чакырышты,"Бишкекте эксперттер ""Кумтөр"" долбоорун ишке ашырууда экологиялык жана экономикалык маселелерди, ""Центерра Голд"" компаниясынын мындан аркы ишин талкууга алышты. Анын жыйынтыгында өкмөткө ""Кумтөр"" кенин мамлекеттештирүү тууралуу сунуш берилди. Талкууга катышкан өкмөттүк аппараттын өкүлү бул...",RELEVANT,POLICY,NOT_RELEVANT,,,,ky_1,
KY-R200113,,KY,Azattyk,https://www.azattyk.org/a/1268889.html,2007-07-08,ГЛОБАЛДЫК КЛИМАТТЫ КОРГООГО ТИЛЕКТЕШТИК КОНЦЕРТИ,"Кечээ дүйнөнүн бир катар өлкөлөрүндө эң белгилүү ырчылардын катышуусунда 24 сааттык концерт болду. Сиднейде башталып, Бразилия менен АКШда аяктаган марафон кеңири коомчулуктун көңүлүн Жер шарындагы климаттык өзгөрүүлөргө тартуу максатында өткөрүлгөн.",RELEVANT,OTHER_CLIMATE,RELEVANT,HEALTH_SOCIETY,,1,ky_2,climate awareness solidarity concert
KY-F01961,,KY,Azattyk,https://www.azattyk.org/a/32524117.html,2023-07-28,"БУУнун баш катчысы ""глобалдык кайноо"" доору башталганын билдирди","Бириккен Улуттар Уюмунун баш катчысы Антониу Гуттериш 27-июлда өткөргөн маалымат жыйында глобалдык жылуулук доору аяктап, ""глобалдык кайноо"" доору башталганын билдирди. ""Климат өзгөрүп жатат. Азыркы аба менен дем алуу мүмкүн эмес. Бул ысыкка адам чыдай албайт"", - деген Гуттериш чечкиндүү жана...",RELEVANT,SCIENCE_GEN,RELEVANT,SCIENCE_GEN,,,ky_1,UN chief global boiling era
KY-F00418,,KY,Azattyk,https://www.azattyk.org/a/1828862.html,2009-09-23,Пан Ги Мун дүйнөнү ката кетирбөөгө чакырды,"Нью-Йоркто глобалдык жылуулук боюнча БУУнун саммити башталды. Саммитти БУУнун баш катчысы Пан Ги Мун ачты. Өз сөзүндө баш катчы жакынкы айларда дүйнөлүк коомчулук глобалдык жылуулук менен күрөштө бир пикирге келе албаса, бул “кечирилгис ката” болорун айтты. Бул жолку саммиттке 140тан ашуун...",RELEVANT,POLICY,RELEVANT,POLICY,,,ky_1,UN global warming summit
KY-R00561,,KY,Azattyk,https://www.azattyk.org/a/27399516.html,2015-12-01,Париж саммитинде Алмазбек Атамбаев сөз сүйлөдү,Климаттын өзгөрүүсүнө байланыштуу дүйнөлүк саммитте сүйлөгөн сөзүндө Кыргызстан президенти планетанын жылуусу алып келе турган коркунучтарды атады: - Божомолдор боюнча 2025-жылга карай Кыргызстандагы мөңгүлөрдүн аянты орто эсеп менен 30-40% кыскарат. Анын натыйжасында Борбор Азиядагы...,RELEVANT,WATER_CRYO,RELEVANT,POLICY,,,ky_1,Atambaev speech Paris climate summit
KY-R200094,,KY,Azattyk,https://www.azattyk.org/a/32868068.html,2024-03-19,Климаттык каржылоо борборуна Адилет Амантаев жетекчи болду,"Климаттык каржылоо борборунун жетекчиси болуп Адилет Амантаев дайындалды. Тескемеге Министрлер кабинетинин төрагасы Акылбек Жапаров кол койду. Буга чейин аталган борбор Жаратылыш ресурстары, экология жана техникалык көзөмөл министрлигине караган. 2023-жылы декабрда Министрлер кабинетинин...",RELEVANT,POLICY,RELEVANT,POLICY,,,gold,IAA adjudicated gold
KY-F00977,,KY,Azattyk,https://www.azattyk.org/a/29452462.html,2018-08-25,Жээнбеков Аралды сактоо багытындагы иштерди сындады,"Кыргызстандын президенти Сооронбай Жээнбеков Арал деңизин сактоо багытындагы иш-чаралар жетиштүү жүрбөй жатканын айтты. Мындай пикирин Түркмөнстандын Түркмөнбашы шаарындагы ""Аваза"" туристтик аймагында Борбор Азия чөлкөмүндөгү өлкө башчылардын жолугушуусунда билдирди. Фонддун тутумун жана...",RELEVANT,WATER_CRYO,RELEVANT,WATER_CRYO,,,ky_1,Aral Sea preservation criticized
KY-F00985,,KY,Azattyk,https://www.azattyk.org/a/26603302.html,2014-09-24,БУУнун 69-сессиясына Кыргызстан делегациясы да катышат,Ал делегацияны тышкы иштер министри Эрлан Абдылдаев жетектейт. Бул тууралуу Кыргызстандын Тышкы иштер министрлигинен 23-сентябрда кабарлашты. Кыргыз делегациясы ошондой эле БУУнун Климат боюнча саммитине катышат жана эл аралык уюмдардын өкүлдөрү жана чет өлкөлүк дипломаттар менен жолугушуулар...,RELEVANT,POLICY,RELEVANT,POLICY,,1,ky_2,Kyrgyz delegation attends UN climate summit
KY-F02238,,KY,Azattyk,https://www.azattyk.org/a/25411033.html,2014-06-05,Брюсселде Чоң Жетинин саммити уланууда,"Өнүккөн жети өлкөнүн жетекчилери Брюсселдеги саммитин улантышууда. Кечээ башталган жыйындын акыркы күнүндө негизинен Украинадагы кризис туурасында сөз болду. Бүгүн глобалдык экономика жана соода, энергетика коопсуздугу, климаттын өзгөрүшү талкууланууда. Кечээки билдирүүсүндө Чоң Жетилтиктин...",RELEVANT,POLICY,NOT_RELEVANT,,,,ky_1,
KY-F02337,,KY,Azattyk,https://www.azattyk.org/a/33375066.html,2025-04-06,Мөңгүлөрдү сактоо үчүн 7 млрд дарак отургузуу демилгеси көтөрүлдү,"Президенттин иш башкармалыгы мөңгүлөрдүн эришин жайлатуу жана экологиялык кризистин алдын алуу үчүн 7 млрд дарак отургузуу демилгесин көтөрдү. Соңку изилдөөлөр көрсөткөндөй, Кыргызстанда акыркы жылдары мөңгүлөр тездик менен эрип, айрымдары жок болуп кеткен. Президенттин иш башкармалыгынын...",RELEVANT,WATER_CRYO,RELEVANT,WATER_CRYO,,,gold,IAA adjudicated gold
KY-F00583,,KY,Azattyk,https://www.azattyk.org/a/1264174.html,2007-04-02,Брюсселде климаттын өзгөрүшү боюнча эл аралык илимий жыйын өтүүдө,БУУнун эгидасы астында өтүп жаткан бул жыйында дүйнөнүн алдыңкы окумуштуулары глобалдык жылуулуктун ыктымал кесепеттерин талкуулашат. Окумуштуулардын тыянагы БУУнун атайын комиссиясынын докладына кирет. Ал документ ушул жума күнү жарыяланган жатат. Конференциянын бүгүнкү иш күнүндө...,RELEVANT,SCIENCE_GEN,RELEVANT,SCIENCE_GEN,,,ky_1,"Scientific climate meeting, IPCC"
KY-F00433,,KY,Azattyk,https://www.azattyk.org/a/2233749.html,2010-11-30,Мексикада экология маселелери талкууланат,Мексикада Улуттар уюмунун климат боюнча конференциясы башталды. Канкун шаарына чогулган 200дөй өлкөнүн өкүлдөрү былтыр Копенгагенде өткөн саммитте козголгон маселелерди талкуулоону улантышат. Ал бийик жолугушууда абанын глобалдык ысышын алдын алуу боюнча жаңы келишимге жетишилбей калган. Бул...,RELEVANT,POLICY,RELEVANT,POLICY,,,ky_2,Cancun UN climate conference
KY-F01448,,KY,Azattyk,https://www.azattyk.org/a/1244097.html,2005-10-03,АРАЛДА КАЙРАДАН БАЛЫК ЧАРДАЙТ,"Баян Жумакадыр кызы, Прага шаары Мунайга бай Казакстан Арал деңизинин бир бөлүгүн калыбына келтирүү боюнча долбоорлорду ишке ашыруунун үстүнөн иштеп жатат. Арал деңизи боюнча эксперт Николай Аладиндин айтымында, Дүйнөлүк Банктын долбоору боюнча Арал деңизинин Казакстанга караштуу бөлүгүнүн суусунун көлөмүн алты жарым метрге көтөрүү пландаштырууда. Ал эми 2007-2010 жылдардын аралыгында ишке ашырыла турган долбоор боюнча, Аралдын суусун азыркыдан эки эсеге, деңиз бетинин аянтын азыркыдан үчтөн экиге көбөйтүү пландаштырылууда. Аралды ушул абалга адамдар жеткирген, жагдайды оңдоо адамдардын вазыйпасы, ал иш адам колунан келет, дешет эксперттер.",RELEVANT,WATER_CRYO,RELEVANT,WATER_CRYO,,,gold,IAA adjudicated gold
KY-F00306,,KY,Azattyk,https://www.azattyk.org/a/1738693.html,2009-05-25,БУУнун баш катчысы өнөр-жайчыларды глобалдык жылуулукка каршы күрөшкө салым кошууга чакырды,"Дания баш калаасы Копенгагенде, ишкерлердин конференциясында сүйлөгөн сөзүндө Пан Ги Мун дүйнө өлкөлөрүнүн өкмөттөрүнүн баарын абага булганыч газдардын бөлүнүшүн кыскартууга ынандыруу зарылдыгын белгилөө менен ишкер чөйрөнүн өкүлдөрүн бул ишке өз салымын кошууга чакырды. Учурда Копенгагенде...",RELEVANT,POLICY,RELEVANT,POLICY,,,ky_2,UN urges industry cut warming emissions
KY-F02240,,KY,Azattyk,https://www.azattyk.org/a/26971942.html,2015-04-22,Илимпоздор климаттын өзгөрүшүнө байланыштуу чара көрүүгө чакырышты,"Климатты изилдөө боюнча 17 институттун башын бириктирген альянс дүйнө лидерлерин декабрда Париждеги саммитте сегиз пункттан турган планды кабыл алууга үндөштү. Жер лигасы деген альянс бүгүнкү билдирүүсүндө белгилегендей, мындагы башкы максат - дүйнөнү климаттагы опурталдуу өзгөрүүлөрдөн сактап...",RELEVANT,POLICY,RELEVANT,SCIENCE_GEN,,1,ky_2,"Scientists urge climate action, Paris plan"
KY-F01473,,KY,Azattyk,https://www.azattyk.org/a/28524251.html,2017-06-02,Трамптын климат келишими боюнча чечими сынга кабылды,"АКШнын өнөктөштөрү жана атаандаштары президент Дональд Трамптын өлкөсүн климат боюнча 2015-жылкы Париж келишиминен чыгаруу чечимин сынга алуу менен анын келишимди кайра сүйлөшүү сунушун да четке кагышты. Маселен Франция, Германия, Италия лидерлеринин биргелешкен билдирүүсүндө “биз келишим...",RELEVANT,POLICY,RELEVANT,POLICY,,,gold,IAA adjudicated gold
KY-R200082,,KY,Azattyk,https://www.azattyk.org/a/32648608.html,2023-10-22,Беринг деңизинде климаттан улам он миллиард краб кырылып калды,"Беринг деңизиндеги он миллиард крабдын ачкалыктан кырылып калышына аймакта климат өзгөрүп, күндүн ысып кеткени себеп. Science журналына жарыяланган баяндаманын авторлору крабдар мындан ары мурункудай көбөйбөй турганын белгилешүүдө. Окумуштуулардын маалыматына караганда, аба табынын...",RELEVANT,SCIENCE_GEN,RELEVANT,SCIENCE_GEN,,1,ky_2,Bering Sea crabs died from warming
KY-F01932,,KY,Azattyk,https://www.azattyk.org/a/29803826.html,2019-03-05,Токойчулардын үйлөрүнө күн нурунан кубат алган жабдыктар орнотулду,"Кыргызстандын Жайыл, Жети-Өгүз, Түп, Кочкор, Ак-Талаа, Кочкор-Ата, Кара-Алма жана Ноокат райондорундагы токой чарбалары пилоттук түрдө күн нурунан кубат алуучу шаймандар менен жабдылды. Бул саамалык БУУнун Азык-түлүк программасынын «Климат өзгөрүп жатканда токойлорду жана кен байлыктарын...",RELEVANT,ENERGY,RELEVANT,ENERGY,,,ky_1,"Solar equipment, climate project"
KY-R200307,,KY,Azattyk,https://www.azattyk.org/a/29866368.html,2019-04-08,Жогорку Кеңештин комитеттери өкмөт башчынын отчетун угат,"Ушул апта парламенттин тармактык комитеттери өкмөттүн былтыркы иши тууралуу отчетун уга баштайт. Бүгүн, 8-апрелде өкмөттүн бир жылда жасаган иши боюнча вице-премьер-министрлер Алтынай Өмүрбекова жана Замирбек Аскаров Агрардык саясат, суу ресурстары, экология жана аймактык өнүктүрүү жана...",RELEVANT,SCIENCE_GEN,NOT_RELEVANT,,,,ky_2,
KY-F00428,,KY,Azattyk,https://www.azattyk.org/a/1902663.html,2009-12-13,Данияда жүздөгөн демонстранттар бошотулду,Жүздөгөн активисттер өлкө башкалаасы Копенгагендеги кечээги демонстрациянын учурунда кармалган эле. Алар көчөгө глобалдык жылуулукка каршы күрөшүү үчүн дүйнө өлкөлөрүн абага булганыч газдардын бөлүнүшүн чындап кыскартууга милдеттендирген келишимге жетишүү талабы менен чыгышкан. Дания...,RELEVANT,POLICY,RELEVANT,HEALTH_SOCIETY,,,ky_2,Copenhagen climate demonstrators released
KY-F01222,,KY,Azattyk,https://www.azattyk.org/a/27693326.html,2016-04-24,Климат боюнча глобалдык келишимге кол койгон өлкөлөрдүн ичинде Кыргызстан жок,"Климатты өзгөртүү боюнча Парижде жетишилген келишимге кол койгон өлкөлөрдүн ичинде Борбор Азиядан Ооганстан менен Тажикстан гана бар. Кыргызстан, Казакстан, Өзбекстан жана Түркмөнстан жок. Былтыр декабрда Париждеги саммитте жетишилген келишимге 22-апрелде БУУнун баш кеңсесинде кол коюлган. Ал...",RELEVANT,POLICY,RELEVANT,POLICY,,,ky_2,Kyrgyzstan not among Paris agreement signatories
KY-F00035,,KY,Azattyk,https://www.azattyk.org/a/33342515.html,2025-03-10,"""Бир булактын көзүн карап отурган кооптуу"". Чүй, Нарында күндөн энергия алгандар","Климаттын өзгөрүшү, кургакчылык Кыргызстандагы ири ГЭСтердин ишине түз таасирин тийгизүүдө. Акыркы жылдары суу сактагычтарга жетиштүү суу топтолбой, өлкө энергетикалык кризиске кабылууда.",RELEVANT,ENERGY,RELEVANT,ENERGY,,,gold,IAA adjudicated gold
KY-F00589,,KY,Azattyk,https://www.azattyk.org/a/27396058.html,2015-11-29,Атамбаев БУУнун саммитине катышуу үчүн Парижге барат,"Бүгүн, 29-ноябрда президент Алмазбек Атамбаев жумушчу сапар менен Парижге барат. Бул тууралуу президенттик аппараттын малымат саясаты бөлүмүнүн башчысы Алмаз Усенов “Азаттыкка” билдирди. Анын айтымында, өлкө башчысы 30-ноябрда БУУнун климаттын өзгөрүшү боюнча жыйынында сөз сүйлөйт. БУУнун...",RELEVANT,POLICY,RELEVANT,POLICY,,,ky_2,Atambayev to Paris UN climate summit
KY-F00837,,KY,Azattyk,https://www.azattyk.org/a/33378072.html,2025-04-12,Борбор Азия: Климаттык кризис кызматташууга мүмкүнчүлүк,Борбор Азия климаттык өзгөрүүнүн оор кыйынчылыктары менен бет келүүдө.,RELEVANT,OTHER_CLIMATE,RELEVANT,SCIENCE_GEN,,1,ky_2,"Central Asia climate crisis, cooperation"
KY-F00832,,KY,Azattyk,https://www.azattyk.org/a/30982008.html,2020-12-03,2020-жыл эң ысык жылдардын бири болду,"2020-жыл аба ырайына байкоо жүргүзүлүп келгенден бери тарыхтагы экинчи ысык жыл болду. Бул тууралуу Дүйнөлүк метеорологиялык уюм бейшембиде билдирди. Глобалдык жылуулук жагынан 2016-жылы рекорд байкалган. Ал эми быйылкы 12 ай пандемия менен гана эмес, абанын адаттан тыш жогорку температурасы...",RELEVANT,SCIENCE_GEN,RELEVANT,SCIENCE_GEN,,,ky_2,"2020 among hottest years, WMO"
KY-F01960,,KY,Azattyk,https://www.azattyk.org/a/1897464.html,2009-12-08,Данияда климаттын өзгөрүүсү боюнча жыйын башталды,"Копенгагенде он эки күнгө созулуучу жана тагдыр чечээр бул жыйын климаттагы өзгөрүүлөргө каршы күрөшүү үчүн жаңы глобалдык келишимдин негизги өңүттөрүн макулдашуу максатын көздөйт. Анын жүрүшүндө 192 өлкөнүн өкүлдөрү абага бөлүнүп жаткан булганыч газдардын көлөмүн кыскартуу, бул багытта жакыр...",RELEVANT,POLICY,RELEVANT,POLICY,,,ky_1,Copenhagen climate change meeting
KY-F02018,,KY,Azattyk,https://www.azattyk.org/a/28846015.html,2017-11-10,Суу кодекси боюнча талкуу ызы-чуу менен аяктады (видео),"Бишкекте Суу кодексине сунушталып жаткан өзгөртүүлөр боюнча жыйын ызы-чуу менен аяктап, жарандык активисттер менен өкмөт мунаса тапкан жок. Активисттер бул өзгөртүүлөр экологияга олуттуу зыян алып келет деген негизде мыйзам долбоорун парламенттен артка чакыртып алууну талап кылышты....",RELEVANT,WATER_CRYO,NOT_RELEVANT,,,1,ky_1,Water Code ecology legislative dispute
KY-F01438,,KY,Azattyk,https://www.azattyk.org/a/32139181.html,2022-11-20,COP27: Климаттын өзгөрүшүнөн жапа чеккен өлкөлөргө жардам көрсөтүлөт,Египеттин Шарм-эль-Шейх шаарында уюштурулган COP27 саммитинин акыркы күнүндө климаттын өзгөрүшүнөн эң көп жапа чеккен өлкөлөргө жардам көрсөтүүчү фонд түзүү демилгеси колдоо тапты. Бириккен Улуттар Уюмунун климаттын өзгөрүшүнө арналган бул иш-чарасына катышкан дүйнөнүн 200дөй өлкөсүнүн...,RELEVANT,POLICY,RELEVANT,POLICY,,,ky_1,COP27 loss and damage fund
KY-R200347,,KY,Azattyk,https://www.azattyk.org/a/27028115.html,2015-05-21,Климаттын өзгөрүшү улуттук коопсуздукка терс таасирин тийгизет,"Бул тууралуу АКШ президенти Барак Обама Коннектикут штатында жээк күзөтү академиясынын бүтүрүүчүлөрүнүн алдында сүйлөп жатып билдирди. Анын айтуусунда, климаттын өзгөрүшүнөн дүйнөдө туруксуздук күчөп, чыр-чатак арбышы ыктымал. Президенттин сөзү боюнча климаттын өзгөрүшү америкалык аскерлердин...",RELEVANT,POLICY,RELEVANT,HEALTH_SOCIETY,,1,ky_2,Climate change as national security threat
KY-F01526,,KY,Azattyk,https://www.azattyk.org/a/1281169.html,2008-03-15,Евробиримдик климаттын өзгөрүшүнө каршы чараларды кабыл алуунун мөөнөтүн макулдашты,"Мындай макулдашуу Брюсселдеги саммитте жетишилди. Шаркеттин азыркы төрагасы – Словениянын премьер- министри Янез Яншанын билдиргенине караганда, уюмга мүчө 27 өлкөнүн баары Европанын энергетикалык рыногун быйыл июнь айына карата либералдаштырууну, ал эми декабрда жылуулукка каршы күрөшүү боюнча...",RELEVANT,POLICY,RELEVANT,POLICY,,,gold,IAA adjudicated gold
KY-F01038,,KY,Azattyk,https://www.azattyk.org/a/32066187.html,2022-10-05,Ажикеев: Кыргызстанда жыл сайын 400дөй табыгый кырсык катталат,"Өзгөчө кырдаалдар министри Бообек Ажикеев 5-октябрда Дүйнөлүк банктын Аксель Ван Троценбург баштаган өкүлдөрү менен жолугуп, табыгый кырсыктарга байланыштуу жагдайды, кызматташуу маселелерин талкуулады. ""Ажикеев дүйнөдөгү климаттын өзгөрүшүнө байланыштуу табигый кырсыктар көбөйүп жатканына...",RELEVANT,DISASTER,RELEVANT,DISASTER,,,gold,IAA adjudicated gold
KY-F01987,,KY,Azattyk,https://www.azattyk.org/a/31470539.html,2021-09-21,"Байден Башкы ассамблеяда климат, пандемия маселеси боюнча чогуу иштөөгө чакырат","АКШнын президенти Жо Байден БУУнун Башкы ассамблеясындагы алгачкы сөзүндө Вашингтон климаттагы өзгөрүүлөр жана COVID-19 пандемиясы өңдүү жалпы адамзат үчүн маанилүү маселелерди чечүүнүн үстүнөн дипломатиялык аракеттерин күч алдырарына токтолот. Байден 76-ассамблеянын биринчи күнүндө,...",RELEVANT,POLICY,RELEVANT,POLICY,,,gold,IAA adjudicated gold
KY-F00028,,KY,Azattyk,https://www.azattyk.org/a/1904007.html,2009-12-15,Копенгагенде саммиттеги жаңжал токтотулду,"Бириккен улуттар уюмунун жетекчилигинде өтүп жаткан саммитте 192 өлкөнүн өкүлдөрү климаттагы өзгөрүүнү талкуулап жатышкан. Өнүгүп келаткан өлкөлөр абага чыгарылуучу булганыч газды азайдууда көбүрөөк жоопкердикти өнүккөн өлкөлөр өздөрүнө алышы керектигин талап кылып, кечээ конференцияга...",RELEVANT,POLICY,RELEVANT,POLICY,,,ky_2,"Copenhagen summit dispute, 192 countries"
KY-F00689,,KY,Azattyk,https://www.azattyk.org/a/1349312.html,2008-11-15,"Климаттын өзгөрүшү жана туризм: Бүгүн эрте десек, эртең кечпи?","Климаттын өзгөрүшү дүйнөнүн эң орчун, анткен менен ага каршы көрүлүүчү чаралар биротоло макулдашыла албай жаткан көйгөйү.",RELEVANT,OTHER_CLIMATE,RELEVANT,SCIENCE_GEN,,,ky_1,Climate change general/tourism
KY-F01324,,KY,Azattyk,https://www.azattyk.org/a/1772512.html,2009-07-09,Италияда Чоң сегиздин саммити башталды,Үч күндүк жыйын Италиянын апрелдеги быйылкы жер титирөөдөн катуу жабыр тарткан Аквила шаарында өтүп жатат. Глобалдык экономикадагы кризис - саммиттин күн тартибиндеги башкы маселе. Мындан сырткары саммитте климаттын өзгөрүүсү жана ага каршы көрүлүүчү чаралар да талкууланат. Эртеңки...,RELEVANT,POLICY,NOT_RELEVANT,,,1,ky_2,G8 summit; climate secondary topic
KY-F00266,,KY,Azattyk,https://www.azattyk.org/a/32237791.html,2023-01-28,"Geos: Отун жакпаган, абаны булгабаган конуш","Кадимки отун жана газ жакпаган, зыяндуу заттарды айлана- чөйрөгө такыр бөлүп чыгарбаган конуш бар. АКШнын Колорадо штатындагы Geos конушун экоактивисттер, жашыл энергиянын жактыргандар, окумуштуулар жана курулуш жаатында иштеген адистер негиздеген. “Азаттыктын” кабарчысы жашыл конушта болду.",RELEVANT,ENERGY,RELEVANT,ENERGY,,1,ky_1,Green energy zero-emission settlement
KY-R00128,,KY,Azattyk,https://www.azattyk.org/a/28827623.html,2017-11-01,Мөңгүдөн алтын казууга уруксат берген мыйзам үчүнчү окууда колдоо тапты,"Жогорку Кеңештин агрардык саясат, суу ресурстары, экология жана аймактык өнүгүү боюнча комитети 31-октябрда Суу кодексине киргизилген өзгөртүүлөрдү үчүнчү окууда кабыл алды. Өкмөт иштеп чыккан мыйзам долбоордо алтын казуучу компанияларга айрым учурларда мөңгү аймактарында иш жүргүзүүгө уруксат...",RELEVANT,WATER_CRYO,RELEVANT,WATER_CRYO,,1,ky_2,Glacier-zone mining law passes third reading
KY-R00616,,KY,Azattyk,https://www.azattyk.org/a/1239942.html,2005-06-16,Аба ырайы,"БИШКЕК. Аба ырайын маалымдоо борборунун шашылыш билдирүүсү боюнча, 17-19-июнь күндөрү тоолордогу мөңгүлөрдүн тез эришине байланыштуу өлкөнүн дарыяларында суулардын агымы көбөйүп, ташкындоосу күтүлүүдө. 17-июнда Кыргызстанда күн ачык болот. Абанын температурасы: Сарыөзөн ЧҮЙдө түнкүсүн...",RELEVANT,WATER_CRYO,NOT_RELEVANT,,,1,ky_1,"Weather forecast, seasonal glacier melt"
KY-F01342,,KY,Azattyk,https://www.azattyk.org/a/29451391.html,2018-08-24,Жээнбеков Аралды сактоо фондун реформалоону сунуш кылды,"Бүгүн, 24-августта Түркмөнстанда Арал деңизин сактоо маселеси талкууланган саммитте Кыргызстандын президенти Сооронбай Жээнбеков тиешелүү эл аралык фондду реформалоо боюнча демилге көтөрдү. -2016-жылы Кыргызстан Аралды сактоо боюнча эл аралык фонддун ишине катышууну токтоткон. Бул аны терең...",RELEVANT,WATER_CRYO,RELEVANT,WATER_CRYO,,1,ky_2,Jeenbekov proposes Aral fund reform
KY-F02331,,KY,Azattyk,https://www.azattyk.org/a/1262993.html,2007-03-09,Кечээ Брюсселде Евробиримдиктин 27 мүчөсүнүн катышуусунда эки күндүк саммит өз ишин баштады,Жолугушуунун негизги темасы - климаттын өзгөрүүлөрү менен күрөшүүнүн жолдорун табуу. Евробиримдиктин лидерлери 2020-жылга карата көмүр кычкыл газдарынын калдыктарын 1990-жылга салыштырмалуу 20 пайызга кыскартуу долбоорун талкуулашууда. Бирок Евробиримдиктин мүчөлөрү арасында олуттуу пикир...,RELEVANT,POLICY,RELEVANT,POLICY,,,ky_2,EU summit on fighting climate change
KY-F02033,,KY,Azattyk,https://www.azattyk.org/a/32591210.html,2023-09-13,Экология жаштарга эле керекпи?,"Экологияга кам көрүүдө эмнеге улуу муунга караганда жаштар жигердүү? Мамлекеттин экологиялык саясаты канчалык ачык-айкын жана жаштар ага канчалык кызыгат? ЖЕР ЭНЕ подкастында климаттын өзгөрүүсүнүн Кыргызстанга таасири, климаттык активизм жана аны жайылтуу тууралуу баарлашабыз.",RELEVANT,POLICY,RELEVANT,HEALTH_SOCIETY,,1,ky_2,"Podcast on climate activism, youth"
KY-F01134,,KY,Azattyk,https://www.azattyk.org/a/1778259.html,2009-07-16,Климаттын жылуусунун таасири Бишкекте талкууланды,"Бүгүн “Хаят” мейманканасында климаттын өзгөрүүсүнө байланыштуу Кыргызстандын улуттук маалыматынын бет ачаары болду. Маалымат Глобалдык экологиялык фонд жана ПРООНдун жардамы менен даярдалган. Докладдагы эксперттердин маалыматында, климаттын өзгөрүүсү кылым соңунда өлкөдө температуранын 4...",RELEVANT,SCIENCE_GEN,RELEVANT,SCIENCE_GEN,,,ky_1,KG national climate change report
KY-R00661,,KY,Azattyk,https://www.azattyk.org/a/1219511.html,2004-02-05,ӨКМӨТ ЖАРАТЫЛЫШ КЫРСЫКТАРЫН АЛДЫН АЛУУ ҮЧҮН ЭЛ АРАЛЫК УЮМДАРДАН ЖАРДАМ СУРАЙТ,"Кыргызстанда быйыл жаратылыш кырсыктары жылдагыдан арбын болоору күтүлүүдө. Иликтөөнүн негизинде ушундай тыянакка келген тиешелүү тармактар болжолдуу кырсыктарды негизинен көчкү жана суу ташкындары менен байланыштырышат. Ошондуктан, кыргыз өкмөтү ушул айдын ичинде жаратылыш кырсыктарын алдын алуу максатында жардам сурап, эл аралык сүрөөнчү (донор) уюмдарга кайрылууну максат кылууда.",RELEVANT,DISASTER,NOT_RELEVANT,,,1,ky_1,"Generic natural disasters, aid request"
KY-00007,,KY,24.kg,https://24.kg/kyrgyzcha/103108_jashyil_klimattyik_fond_kyirgyizstanga_grant_kataryi_10nbspmillion_dollar_bolot/,2018-12-05,Жашыл климаттык фонд Кыргызстанга грант катары 10 миллион доллар бөлөт - | 24.KG,Жашыл климаттык фонд Кыргызстанга грант катары 10 миллион доллар бөлөт. Бул тууралуу «Азаттыкка» Айлана-чөйрөнү коргоо жана токой чарбасы боюнча мамлекеттик агенттиктин жетекчиси Абдыкалык Рустамов билдирди.,RELEVANT,POLICY,RELEVANT,POLICY,,,ky_1,Green Climate Fund grant to KG
KY-F01926,,KY,Azattyk,https://www.azattyk.org/a/28871170.html,2017-11-23,Суу кодексине каршы петиция президентке тапшырылат,"Жогорку Кеңеш тарабынан кабыл алынган ""Суу кодексин өзгөртүү жөнүндө"" мыйзам долбооруна каршы петиция ""Мөңгүлөрдү сактоо боюнча жарандык демилге"" кыймылы тарабынан уюштурулуп, ага эки миңден ашуун киши кол койгон. Бул петиция бүгүн Алмазбек Атамбаевдин президенттик кызматындагы акыркы иш күнүндө...",RELEVANT,WATER_CRYO,RELEVANT,WATER_CRYO,,,ky_1,Glacier movement petition Water Code
KY-F01350,,KY,Azattyk,https://www.azattyk.org/a/1907747.html,2009-12-19,АКШ президенти дүйнө өлкөлөрү климаттагы өзгөрүүгө каршы чара көрүүсү керек деп эсептейт,"Барак Обама бүгүн БУУнун климат боюнча конференциясында сүйлөгөн сөзүндө белгилегендей, эгер глобалдык климат боюнча макулдашуу жетишилсе, дүйнөнүн бир да өлкөсү каалаганынын баарын эле ала албайт. Ал ошондой эле Америка “Копенгагенде эмне болгонуна карабай”, булганыч газдардын бөлүнүшүн...",RELEVANT,POLICY,RELEVANT,POLICY,,,ky_2,Obama urges climate action at UN conference
KY-R200401,,KY,Azattyk,https://www.azattyk.org/a/28660373.html,2017-08-05,АКШ Париж келишиминен чыгуу жараянын баштады,"АКШ климаттык өзгөрүү боюнча Париж келишиминен чыгуу жараянын баштады. Мамлекеттик департамент 4-августта билдиргендей, БУУдагы делегация баш катчы Антониу Гутеррешке бул тууралуу маалымдады. Келишимден чыгуу жараяны эки жылга созулат. 1-июнда президент Дональд Трамп 2015-жылы дүйнөнүн...",RELEVANT,POLICY,RELEVANT,POLICY,,,ky_1,US began leaving Paris agreement
KY-F01877,,KY,Azattyk,https://www.azattyk.org/a/32516561.html,2023-07-24,Антарктиданын муз аянты болуп көрбөгөндөй азайды,"Антарктиданын муз аянты быйыл болуп көрбөгөндөй кыскарып, тарыхый эң аз чекке жетти. АКШнын Кар жана мөңгүлөр боюнча улуттук борборунун баяндамасында айтылгандай, учурда деңиз музунун аянты 12,7 миллион чарчы километрди түзөт. Бул 2022-жылга салыштырмалуу 1,6 миллион чарчы километрге, жалпы...",RELEVANT,WATER_CRYO,RELEVANT,WATER_CRYO,,1,ky_2,Antarctic sea ice at record low
KY-F00863,,KY,Azattyk,https://www.azattyk.org/a/31539926.html,2021-11-01,"COP26: Саммитте Жапаров мөңгүлөрдүн азайышын, суу маселесин көтөрөт",Шотландиянын Глазго шаарында дүйнө лидерлеринин климаттын өзгөрүшүнө арналган саммитинде Кыргызстандын президенти Садыр Жапаров 2-ноябрда сөз сүйлөйт. Бул тууралуу президенттин басма сөз кызматы маалымдады. “Мамлекет башчы иш-чаранын катышуучуларынын көңүлүн мөңгүлөрдү жана суу ресурстарын...,RELEVANT,WATER_CRYO,RELEVANT,WATER_CRYO,,1,ky_2,"COP26: Japarov raises glaciers, water"
KY-C00276,,KY,24.kg,https://24.kg/kyrgyzcha/94323_araldyin_koygoyu_bishkektin_taaryinyichyi/,2018-08-27,"Аралдын көйгөйү, Бишкектин таарынычы - | 24.KG",Түркмөнстанда Арал деңизинин көйгөйүн чечүүгө арналган жыйын өттү. Ага Борбор Азиянын беш өлкөсүнүн президенттери катышты.,RELEVANT,WATER_CRYO,RELEVANT,WATER_CRYO,,1,ky_1,Aral Sea problem summit
KY-F00276,,KY,Azattyk,https://www.azattyk.org/a/1280130.html,2008-02-25,7:09 Бишкекте бүгүн климаттын өзгөрүшү боюнча докладдын бет ачаары болот,"“Климаттын өзгөрүшү менен күрөш: чалкеш кеткен дүйнөдөгү тилектештик” деген аталыштагы докладдын бет ачаары Бириккен Улуттар уюумунун Бишкектеги үйүндө өтмөкчү. Маалыматка караганда, бул доклад климаттын өзгөрүшүнө байланышкан курч маселелерди талкуулоого өбөлгө түзөт. (SM)",RELEVANT,POLICY,RELEVANT,SCIENCE_GEN,,,ky_1,Climate change report launch
KY-F02037,,KY,Azattyk,https://www.azattyk.org/a/1254550.html,2006-08-24,ЖЕР КУРГАП БАРАТАТ,"Ушу ташта дүйнөдө эки миллиарддан ашуун киши суу тартыш аймактарда жашайт, эгер жер шарындагы азыркы абал алдыдагы жарым кылымда өзгөрбөсө, мукурап сууга муктаж болгон калктын саны эки эсеге көбөйөт. Төрт жүздөн ашуун гидролог-агроном, башка да илимий адистерден куралган эл аралык эксперттер тобунун дүйшөмбү күнү жарыяланган докладында ушундай эскертүү айтылат.",RELEVANT,WATER_CRYO,RELEVANT,WATER_CRYO,,,ky_1,Global water scarcity report
KY-R200374,,KY,Azattyk,https://www.azattyk.org/a/1285222.html,2008-05-29,"“ЭЛ БАШЫ БОЛГОНЧО, СУУ БАШЫ БОЛ”","Бишкекте V Бүткүл дүйнөлүк суу форумунун алкагында эл аралык конференция өтүүдө. Анда Орто Азиядагы суу ресурстарын --> http://rfe.azattyk.org/rubrics/economics/ky/2008/05/DB0254B5-3F14-42C2-AA9E-5083AC46142A.asp пайдалануу жана өнүктүрүү, климаттын өзгөрүүсүндөгү көйгөйлөр козголууда. Айыл, суу чарба жана кайра өндүрүү министри Арстанбек Ногоев жыйында сууну товар катарында кароо маселеси козголорун билдирди. Аталган конференцияны уюштуруп жаткан Түркия өкмөтүнүн айлана-чөйрө жана токой чарбасы боюнча министри Вейсел Эроглу суу маселесинен башка эки өлкөнүн ортосундагы кызматташтыкты мындан ары өркүндөтүү багытында өлкө башчысы Курманбек Бакиев менен жолугушууда кеп болорун кошумчалады.",RELEVANT,WATER_CRYO,RELEVANT,WATER_CRYO,,1,ky_1,"Water forum, climate change"
KY-F00049,,KY,Azattyk,https://www.azattyk.org/a/2119962.html,2010-08-06,Күндүн ысыгы кайтпай жаткан Орусия буудай экспортуна тыюу салды,"Температура өлчөнө баштагандан берки эң ысык жайда башталган жүздөгөн өрт очогу өчүрүлө элек, кургакчылыктан буудайдын 20 пайызы күйүп кетти. Орусия дүйнөдөгү эң ири буудай экспорттоочулардын бири. Өлкөдөн экспорт азаят деген чочулоодон улам июндун башынан бери буудайдын дүйнөлүк баасы ансыз...",RELEVANT,AGRI_LAND,RELEVANT,AGRI_LAND,,1,ky_2,"Russia heat/drought wheat export ban, food security"
KY-R200140,,KY,Azattyk,https://www.azattyk.org/a/1280358.html,2008-02-28,ТОПОН СУУ КОРКУНУЧУ ЖАКЫНДАП КЕЛАТАБЫ?,"Мээрим Султангазы, Ысыккөл Учурда климаттын өзгөрүшү илимий далилденген факт. Бирок аба ырайынын өзгөрүшүнүн кесепеттери жер жүзүндө кандай таасирин тийгизээрин азырынча так айтуу кыйын. Адистердин жоромолдоруна ылайык аба ырайынын жылышы мөңгүлөрдүн ээришине, ал эми анын кесепеттери көптөгөн өлкөлөр суу астында калуу коркунучуна алып келет. Жер жүзүндө климаттын өзгөрүшү Кыргызстанга кандай таасирин тийгизиши мүмкүн? Мына ушул маселе учурда Ысыккөлдө ББУнун колдоосу менен өтүп жаткан жыйында талкууланып жатат.",RELEVANT,WATER_CRYO,RELEVANT,SCIENCE_GEN,,1,ky_2,"climate change, glacier melt, flood risk"
KY-F00526,,KY,Azattyk,https://www.azattyk.org/a/1285445.html,2008-06-02,Германиянын Бонн шаарында климаттын өзгөрүшү боюнча сүйлөшүүлөрдүн жаңы айлампасы башталды,Ага 160тан ашуун өлкөдөн 2000дей делегат жана эксперттердин катышууда. Эки аптага созулуучу Бонн конференциясы - Улуттар уюму өткөрүүчү сегиз жыйындын экинчиси. Бул жыйындарын максаты – климаттын өзгөрүшүнө крата көрүлүүчү чаралар боюнча ушул жылдын соңуна чейин глобалдык жаңы макулдашууга...,RELEVANT,POLICY,RELEVANT,POLICY,,,ky_2,Bonn climate change negotiations round
KY-F00694,,KY,Azattyk,https://www.azattyk.org/a/27140692.html,2015-07-21,Тоолуу Бадахшанда сел жана жер көчкүдөн 7 жаран апаат болду,"Тажикстандын Тоолуу Бадахшан регионунда жер көчкү жана сел акыркы күндөрү жети адамдын өмүрүн алды. Автономиялык облустун өкүлү Нилуфар Асламшоеванын “Азаттык” радиосуна билдиришинче, ээриген мөңгүлөр жараткан жер көчкү жана сел Ванч районунда 70 чакты үйдү кыйратып, электр линияларын жана...",RELEVANT,DISASTER,RELEVANT,DISASTER,,,ky_2,"Glacier-melt mudflow/landslide kills 7, Badakhshan"
KY-F01956,,KY,Azattyk,https://www.azattyk.org/a/1276539.html,2007-12-13,БАЛИДЕГИ КЛИМАТ ФОРУМУ: АКШ ДАГЫ ЖАЛГЫЗ КАЛДЫ,"Эгер Балидеги конференцияда Киото келишимин алмаштыра турган жаңы документ кабыл алынбаса,анда климаттагы өзгөрүштөрдүн салакаларын азайтуу багытында буга чейин жасалган аракеттердин баары текке кетет, деп эскертти бул жерде аяктап жаткан эл аралык форумдун төрагасы Иво де Боер. Жаңы документтин негизги позициялары аныкталды, бирок конкреттүү бир катар милдеттерге айрым өлкөлөр, айрыкча АКШ караманча каршы чыгууда.",RELEVANT,POLICY,RELEVANT,POLICY,,,ky_2,"Bali climate forum, US isolated"
KY-F01762,,KY,Azattyk,https://www.azattyk.org/a/1276483.html,2007-12-12,БУУнун башкатчысы дүйнөлүк коомчулукту климаттын өзгөрүшү боюнча 2009-жылга карата кеңири келишим түзүүгө чакырды,"Пан Ги Мундун айтымында, мындай келишимге жетишүү - ""азыркы муундун моралдык парзы"". Ал бул тууралуу климаттын өзгөрүшү боюнча Индонезиянын Бали аралында өтүп жаткан эл аралык конференцияда билдирди. Жыйынга дүйнө өлкөлөрүнүн экология министрлери катышууда. БУУнун башкатчычсы белгилегендей, жаңы...",RELEVANT,POLICY,RELEVANT,POLICY,,,ky_1,"UN urges climate agreement, Bali"
KY-F02059,,KY,Azattyk,https://www.azattyk.org/a/1275082.html,2007-11-14,13:20 “Мөңгү” экологиялык фондусу Камбарата ГЭСтеринин курулушуна каршы чыгууда,"Готфрид Мерцбахер атындагы “Мөңгү” экологиялык фондусунун президенти Үрүстөм Кабылбековдун айтымында, Кыргызстанда Камбарата ГЭСтерин куруу экологиялык көйгөйлөргө алып келиши мүмкүн. “Учурда жер жүзүндө климаттын жылып баратышынан улам суунун аянтын кеңейтүү өтө кооптуу. Анткени суунун...",RELEVANT,WATER_CRYO,RELEVANT,WATER_CRYO,,1,ky_1,"Glacier fund vs HPP, climate risk"
KY-F01040,,KY,Azattyk,https://www.azattyk.org/a/30995526.html,2020-12-11,Быйыл дүйнөдө зыяндуу газдардын абага бөлүнүшү азайган,2020-жылы дүйнөдөгү көмүр кычкыл газынын бөлүнүшү мурдагы жылдарга караганда 7 пайызга азайган. Бул тууралуу Global Carbon Project долбоорунун изилдөөлөрүндө айтылат. Климатка зыяндуу газдардын азайышына быйылкы коронавирус пандемиясынан улам чектөөлөрдүн киргени себеп болгону кабарланды....,RELEVANT,ENERGY,RELEVANT,SCIENCE_GEN,,,ky_2,"Global CO2 emissions fell 7%, COVID"
KY-F00409,,KY,Azattyk,https://www.azattyk.org/a/1246229.html,2005-11-28,Монреал шаарында климат боюнча экинчи эл аралык форум башталды,"Канаданын Монреал шаарында бүгүн аба ырайынын дүйнөлүк өзгөрүшү боюнча Бириккен Улуттардын жаңы эл аралык конференциясы башталды. Ага 189 мамлекеттен келген он миңге жакын өкүл катышууда. Киото протоколу кабыл алынгандан бери бул – аталган маселе боюнча уюштурулган экинчи эң ири жыйын, ал 12...",RELEVANT,POLICY,RELEVANT,POLICY,,,ky_1,Montreal UN climate forum
KY-F02241,,KY,Azattyk,https://www.azattyk.org/a/1370767.html,2009-01-16,Жогорку Кеңеш мөңгүлөр менчиккке кетет деген кептерди четке какты,"Буга чейин маалымат агенттиктери, Кыргызстанда мөңгүлөр жеке колдорго өтүп кетиши ыктымал экендиги, буга байланыштуу мыйзам долбоору даярдалып жаткандыгы тууралуу маалыматтарды жазып чыгышкан. Бүгүн Жогорку Кеңештин маалымат кызматы мөңгүлөрдүн менчиктештирилиши тууралуу маалыматтар чындыкка...",RELEVANT,WATER_CRYO,RELEVANT,WATER_CRYO,,1,ky_2,parliament denies glacier privatization
KY-F01143,,KY,Azattyk,https://www.azattyk.org/a/26702816.html,2014-11-21,БУУ аймактарды өнүктүрүүгө акча берет,"Кыргызстандын аймактарындагы көйгөйлөрдү азайтууга БУУ тарабынан 16,8 миллион доллар бөлүнөт. Социалдык өнүгүү министрлигинен кабарлашкандай, каражат эки жарым жыл аралыгында табигый кырсыктардын зыяндарын азайтууга жана климаттын өзгөрүшүнө ыңгайлашуу боюнча долбоорлоого жумшалат. Каражаттын...",RELEVANT,POLICY,RELEVANT,POLICY,,,ky_1,UN climate adaptation funding
KY-R200327,,KY,Azattyk,https://www.azattyk.org/a/27386152.html,2015-11-25,2015-жыл эң ысык жыл деп катталды,"Бириккен Улуттар Уюмунун Метеорологиялык башкармалыгы 2015-жылдын аба ырайы эң ысык болуп, рекорд койгонун маалымдады. 25-ноябрда чыккан билдирүүдө быйылкы жыл былтыркыга салыштырмалуу өтө ысык болуп, мурдагы жылдардагы климаттык жылуулуктун жогорку көрсөткүчүнө чыкты. Аталган башкармалыктын...",RELEVANT,SCIENCE_GEN,RELEVANT,SCIENCE_GEN,,,ky_1,2015 hottest year recorded
KY-F01079,,KY,Azattyk,https://www.azattyk.org/a/1907900.html,2009-12-19,Климат боюнча келишим долбоорунан акыркы мөөнөт алынды,"БУУнун климат боюнча Копенгагенде өтүп жаткан конференциясынын жыйынтыктоочу документинин долбоорунан булганыч газдардын бөлүнүшүн кыскартуу боюнча аткарууга милдеттүү келишимге жетүүнүн акыркы мөөнөтү катары – 2010-жыл деген шилтеме алынды. Батыш маалымат агенттиктери кабарлагандай, текстке...",RELEVANT,POLICY,RELEVANT,POLICY,,,ky_1,Copenhagen climate agreement deadline
KY-F02120,,KY,Azattyk,https://www.azattyk.org/a/30180431.html,2019-09-24,Евробиримдик: Зыяндуу газдардын абага тарашы 45% азаят,Европа дүйнөлүк климаттык коркунучка каршы күрөштүн натыйжалуу болушун каалайт жана климат боюнча Париж макулдашуусун толук ишке ашырууга умтулат. Бул тууралуу Нью-Йоркто Бириккен Улуттар Уюмунун Башкы Ассамблеясынын алкагында жүрүп жаткан жыйында Европа Кеңешинин төрагасы Дональд Туск...,RELEVANT,POLICY,RELEVANT,POLICY,,,ky_2,"EU 45% emission cut, Paris implementation"
KY-F01267,,KY,Azattyk,https://www.azattyk.org/a/30243985.html,2019-10-30,Грета Тунберг «Түндүк кеңешинин» сыйлыгынан баш тартты,"Швециялык 16 жаштагы активист Грета Тунберг ""Инстаграмдагы"" баракчасына ""Түндүк кеңешинин"" айлана-чөйрөнү коргоо жаатындагы сыйлыгын албай турганын жазды. Окуучу кыз бул уюмга түйшүк мээнетин эске алганына ыраазычылык билдирип, бирок климаттын өзгөрүшүнө жол бербөөгө чакырган кыймыл сыйлыкка...",RELEVANT,OTHER_CLIMATE,RELEVANT,HEALTH_SOCIETY,,,ky_1,Greta Thunberg climate activism
KY-F02123,,KY,Azattyk,https://www.azattyk.org/a/31509560.html,2021-10-14,Садыр Жапаров ЕАЭБ жыйынында энергетикалык коопсуздук маселесин козгоду,"Президент Садыр Жапаров бүгүн, 14-октябрда, Жогорку Евразиялык экономикалык кеңештин (ЖЕЭК) кезектеги жыйынына онлайн катышты. Ал өз сөзүндө 2025-жылга чейин Евразия экономикалык биримдигинин алкагында экономикалык интеграцияны тездетүү жана климаттын өзгөрүүсүнө жараша көмүртекти аз өндүрүү...",RELEVANT,POLICY,RELEVANT,ENERGY,,1,ky_2,"EAEU energy security, low-carbon production"
KY-R200346,,KY,Azattyk,https://www.azattyk.org/a/24883001.html,2013-01-24,Латын Америкада мөңгүлөр ылдам ээрип барат,Түштүк Американын Анды тоолорундагы мөңгүлөрдүн көлөмү 1970-жылдан бери 30-50 процентке чейин азайган. Жаңы изилдөө акыркы 300 жылда Анды тоолорундагы мөңгүлөр тез ээрип баратканын аныктаган. “Криосфера” (Cryosphere) журналына жарыяланган изилдөөнүн жетекчиси Антони Рэбетал акыркы отуз жылда...,RELEVANT,WATER_CRYO,RELEVANT,WATER_CRYO,,,ky_2,"Andes glaciers melting fast, study"
KY-F02015,,KY,Azattyk,https://www.azattyk.org/a/28854741.html,2017-11-15,Мөңгү маселеси: эртең кеч,"“Арай көз чарай” талкуусуна профессор Саламат Аламанов, экология боюнча эксперт Динара Кутманова, география илимдеринин кандидаты, доцент Кайрат Молдошев катышты.",RELEVANT,WATER_CRYO,RELEVANT,WATER_CRYO,,,ky_1,Glacier issue discussion
KY-F00894,,KY,Azattyk,https://www.azattyk.org/a/27423763.html,2015-12-13,Обама Париж макулдашуусун тарыхый деп атады,АКШ президенти Барак Обама Ак үйдө сүйлөгөн сөзүндө климат боюнча Парижде жетишилген макулдашууну “тарыхый” деп атады. Ишемби күнү 195 өлкөнүн өкүлдөрү Парижде глобалдык жылуулукту алдын алууга карата дүйнөлүк пакттын долбоорун жактырган. Обама форумда кабыл алынган чечимдер айлана-чөйрөнү...,RELEVANT,POLICY,RELEVANT,POLICY,,,gold,IAA adjudicated gold
KY-F01887,,KY,Azattyk,https://www.azattyk.org/a/32896331.html,2024-04-08,Атмосферадагы зыяндуу газдардын концентрациясы мурда болуп көрбөгөндөй чекке жетти,"Өткөн жылы глобалдык жылуулукка себеп болгон көмүр кычкыл газынын, метандын жана азоттун кош кычкылынын атмосферадагы концентрациясы мурда болуп көрбөгөндөй чекке жетти. Бул тууралуу АКШнын Океанды жана атмосфераны изилдөө башкармалыгы билдирди. Көмүр жагуудан, мал чарбасынын жайылышынан жана...",RELEVANT,ENERGY,RELEVANT,SCIENCE_GEN,,,ky_1,Greenhouse gas concentration record
KY-F00086,,KY,Azattyk,https://www.azattyk.org/a/1282048.html,2008-04-01,14:01 Бишкекте Эл аралык ден-соолук күнү белгиленет,"Апрелдин бешинен жетисине чейин улана турган бул иш-чара “Ден-соолукту климаттын өзгөрүүсүнөн сактайлы” деген ураан алдында өтөт. Бул күнгө карата башкалаада спорттун ар кыл түрлөрү боюнча мелдештер, мектеп окуучулар арасында сүрөт тартуу боюнча ири сынак уюштурулат. (AiJu)",RELEVANT,HEALTH_SOCIETY,RELEVANT,HEALTH_SOCIETY,,,ky_2,"health day, protect from climate change"
KY-R200230,,KY,Azattyk,https://www.azattyk.org/a/1616847.html,2009-04-28,К. Бакиев Алматыга Арал боюнча жыйынга барат,Президент Курманбек Бакиев 28-апрелде Аралды сактоо боюнча эл аралык фондду түзгөн мамлекет башчылардын Алматыдагы жыйынына катышат. Анда негизинен аталган фонд алкагында кызматташуунун жыйынтыктары талкууланмакчы. Бул тууралуу президенттин маалымат кызматы билдирди. (EBM),RELEVANT,WATER_CRYO,RELEVANT,WATER_CRYO,,,gold,IAA adjudicated gold
KY-F02357,,KY,Azattyk,https://www.azattyk.org/a/1273501.html,2007-10-12,Нобелдин Тынчтык сыйлыгынын лауреаттары аталды,Норвегиянын Илимдер падышалык академиясы бүгүн АКШнын мурдагы вице-президенти Алберт Горду жана БУУнун Климаттык өзгөрүүлөр боюнча өкмөттөр аралык адистер тобун Нобелдин Тынчтык сыйлыгынын лауреаттары деп атады. Байгеси 1.5 миллион доллар болгон Тынчтык премиясы ушуну менен бешинчи жолу...,RELEVANT,POLICY,RELEVANT,SCIENCE_GEN,,1,ky_2,"Nobel Prize for Gore, IPCC climate work"
KY-F00594,,KY,Azattyk,https://www.azattyk.org/a/27076935.html,2015-06-17,Түндүк Корея катуу кургакчылыкка кабылды,"Түндүк Корея бийлиги өлкө акыркы жүз жылдан берки катуу кургакчылыкка кабылганын, бул өлкөдө азык-түлүк тартыштыгына алып келиши ыктымалдыгын айтып чыкты. Мамлекеттик KCNA жаңылыктар агенттиги жамгыр жаабагандыктан өлкөдөгү шалы аянттары кургап баратканын, чыгымды азайтуу үчүн кургакчылыктан...",RELEVANT,AGRI_LAND,RELEVANT,DISASTER,,1,ky_1,North Korea severe drought
KY-F01002,,KY,Azattyk,https://www.azattyk.org/a/1286978.html,2008-07-02,БУУнун Башкы катчысы Пан Ги Мун Кытайга үч күндүк сапарын баштады,"Сапардын жүрүшүндө ал Кытайдын жетекчилери менен сүйлөшөт, анда орчундуу көнүл кытай экономикасынын глобалдык климатка тийгизген таасири жөнүндө болмокчу. Кытай АКШ сыяктуу эле өндүрүштүк чаңдар менен абаны абдан көп булгаган өлкө болуп эсептелет. БУУнун баш катчысы ошондой эле Бээжиндеги...",RELEVANT,POLICY,RELEVANT,POLICY,,1,ky_2,UN visit focuses China climate impact
KY-F01916,,KY,Azattyk,https://www.azattyk.org/a/1617161.html,2009-04-28,Бүгүн президент Алма-Атадагы Аралды сактоо боюнча саммитке катышат,Бүгүн (28-апрелде) президент Курманбек Бакиев Аралды сактоо боюнча эл аралык корду түзгөн мамлекет башчылардын Алма-Атада шаарындагы саммитине катышат. Бул тууралуу президенттин маалымат кызматы билдирди. Жыйында негизинен аталган кордун алкагында кызматташуунун жыйынтыктары талкууланмакчы. Өлкө...,RELEVANT,WATER_CRYO,RELEVANT,WATER_CRYO,,,ky_2,president attends Aral preservation summit
KY-R200167,,KY,Azattyk,https://www.azattyk.org/a/27420765.html,2015-12-11,Климат боюнча эл аралык келишимди кабыл алуу 12-декабрга калды,"Франциянын тышкы иштер министри Лоран Фабиус климаттык өзгөрүүлөргө каршы чара көрүү боюнча келишимди кабыл алуу эртеңкиге калганын билдирди. Министр 12-декабрга чейин мунаса табыларына ишенерин айтты. Улуттар Уюмунун климат боюнча конференциясына 195 өлкөнүн өкүлдөрү катышып, ал бүгүн соңуна...",RELEVANT,POLICY,RELEVANT,POLICY,,,ky_2,Paris climate agreement adoption postponed
KY-F01282,,KY,Azattyk,https://www.azattyk.org/a/27800833.html,2016-06-16,Бишкек-Нарын-Торугарт жолунун жээктерин бекемдөө тапшырмасы берилди,"Өзгөчө кырдаалдар министрлигинен билдиришкендей, нөшөрлөгөн жаан жана аба ырайынын ысып кетишине байланыштуу мөңгүлөр эрип, 9-10-июнда Чүй облусундагы Чу дарыясындагы суунун деңгээли кескин көтөрүлдү. Бүгүн премьер-министр Сооронбай Жээнбеков абал менен жеринде таанышып, өкмөттүн облустагы өкүлү...",RELEVANT,WATER_CRYO,RELEVANT,WATER_CRYO,,1,ky_1,Glacier melt raised river level
KY-F00721,,KY,Azattyk,https://www.azattyk.org/a/31541685.html,2021-11-02,Жапаров: БУУнун климат саммитин 2027-жылы Бишкекте өткөрүүнү сунуштадык,"Кыргызстандын президенти Садыр Жапаров Глазго шаарында өтүп жаткан дүйнө лидерлеринин климаттын өзгөрүүсү боюнча саммитинин алкагында “Фейсбуктун” кеңсесинде (Meta Platforms компаниясы) президенттин баракчасы аркылуу түз эфирде кайрылуу жасады. Жапаров анда самитте көтөргөн маселелерге токтолуп,...",RELEVANT,POLICY,RELEVANT,POLICY,,,ky_2,Japarov proposes 2027 Bishkek climate summit
KY-F01848,,KY,Azattyk,https://www.azattyk.org/a/29003987.html,2018-01-29,Жогорку Кеңештин комитетинде жазгы талаа жумуштарына даярдык каралат,"Бүгүн Жогорку Кеңештин Агрардык саясат, суу ресурстары, экология жана регионалдык өнүктүрүү боюнча комитети жазгы талаа жумуштарына даярдыктын жүрүшүн талкуулайт. Парламенттин басма сөз кызматы билдиргендей, анда айыл чарба, тамак аш өнөр жайы жана мелиорация министри Нурбек Мурашев маалымат...",NOT_RELEVANT,,NOT_RELEVANT,,,,ky_2,
KY-C00380,,KY,24.kg,https://24.kg/kyrgyzcha/173325_bishkektegi_mektep_okuuchularyinyin_deerlik_uchton_biri_aralyikta_bilim_aluuga_kirbeyt/,2020-11-17,Бишкектеги мектеп окуучуларынын дээрлик үчтөн бири аралыкта билим алууга кирбейт - | 24.KG,Бишкектин мектеп окуучуларынын дээрлик үчтөн бири аралыкта билим алууга камтылбайт. Бул тууралуу социалдык маселелер боюнча шаардык кеңештин туруктуу комиссиясынын отурумуна катышкан вице-мэр Айжан Чыныбаева билдирди.,NOT_RELEVANT,,NOT_RELEVANT,,,,ky_1,
KY-F00884,,KY,Azattyk,https://www.azattyk.org/a/30932241.html,2020-11-06,Бишкекте «Таза шаар» социалдык акциясы өтөт,"Эртең, 7-ноябрда Бишкектеги Энвер Гареев атындагы Ботаникалык бакта «Таза шаар» аттуу социалдык акция өтөт. Анын максаты - шаар тургундарынын экологиялык маданиятын калыптандыруу жана коомчулуктун көңүлүн баш калаадагы тазалык маселесине буруу экенин «Азаттыкка» иш-чараны уюштуруп жаткан...",NOT_RELEVANT,,NOT_RELEVANT,,,,ky_1,
KY-F01349,,KY,Azattyk,https://www.azattyk.org/a/30060398.html,2019-07-18,Алтын Капалованын «Сулуусуу» жомогу корей тилине которулду,"Жарандык активист Алтын Капалованын экология маселесин көтөргөн «Сулуусуу» жомогу корей тилине которулду. Бет ачары 18-июлда Бишкекте болот. Жомок Ысык-Көлдүн түбүндө жашаган суу ханышасы жөнүндө баяндайт. Анда сууга ыргытылган таштанды, адамдардын табиятка болгон катаал мамилеси баяндалат....",NOT_RELEVANT,,NOT_RELEVANT,,,,ky_2,
KY-F02047,,KY,Azattyk,https://www.azattyk.org/a/25308588.html,2014-03-25,Кумтөргө байланыштуу митинг тарады,"Ысык-Көлдүн Жети-Өгүз райондук сотунун жанында Кумтөрдун экологиялык зыянын текшерүүнү талап кылгандардын митинги тарады. Аймактагы кабарчыбыз маалымдагандай, митингге чыккандар райондук соттун төрагасы Болот Эшебаев менен жолугуп, атайын кайрылуу тапшырышты. Сот төрагасы арыз кароонун...",NOT_RELEVANT,,NOT_RELEVANT,,,,ky_1,
KY-F01312,,KY,Azattyk,https://www.azattyk.org/a/1226671.html,2004-07-23,Кыргыз-өзбек өкмөттөр аралык комиссиясынын отуруму болот,"БИШКЕК. Эртең Бишкекте Кыргызстан менен Өзбекстандын эки тараптуу кызматташтык боюнча өкмөттөр аралык комиссиясынын алтынчы отуруму болот. Бул тууралуу бүгүн өкмөттүн басма сөз кызматынан билдиришти. Жыйында соода-экономикалык, суу-энергетика, экология жана туристтик кызмат боюнча маселелер...",NOT_RELEVANT,,NOT_RELEVANT,,,,ky_1,
KY-F00852,,KY,Azattyk,https://www.azattyk.org/a/28974650.html,2018-01-14,Гавайидеги жалган тревогага адам фактору себепкер,"Гавайи штатынын бийлиги аралга учуп келе жаткан ракета тууралуу жалган маалымат Чукул кырдаалдар башкармалыгынын кызматкеринин күнөөсү менен жиберилгенин маалымдашты. Ал нөөмөт алмашуу учурунда туура эмес кнопканы басып алган. 13-январда аралдын жашоочуларынын кол телефондоруна ""баллистикалык...",NOT_RELEVANT,,NOT_RELEVANT,,,,ky_2,
KY-C00060,,KY,24.kg,https://24.kg/kyrgyzcha/137568_saatyina_110nbspchakyiryim_balyikchyi_shaaryinan_kuakyi_ashuusuna_cheyinki_burulush_karaluuda/,2019-12-11,Саатына 110 чакырым. Балыкчы шаарынан Куакы ашуусуна чейинки бурулуш каралууда - | 24.KG,"Жогорку Кеңеште Кылмыштар жана жоруктар тууралуу кодекстеги түзөтүүлөрдү, анын ичинен жол эрежесин одоно бузгандарга салынган айыпты көбөйтүүнү жана жасалма номурларды пайдалангандарды талкуулап жатышат.",NOT_RELEVANT,,NOT_RELEVANT,,,,ky_1,
KY-R00395,,KY,Azattyk,https://www.azattyk.org/a/26969258.html,2015-04-21,Жогорку Кеңеш ПАСЕден Бакиевдерди экстрадициялоого көмөктөшүүнү суранды,"Бул тууралуу ушул күндөрү Страсбургда өтүп жаткан Европа Кеңешинин Парламенттик Ассамблеясынын жыйынында Жогорку Кеңештин Эл аралык иштер боюнча комитетинин төрагасы Каныбек Иманалиев айтып чыкты. Ал 2010-жылкы апрел окуялары тууралуу доклад окуп, андагы күнөөлүүлөрдү жазалоого көмөктөшүүнү...",NOT_RELEVANT,,NOT_RELEVANT,,,,ky_1,
KY-F02069,,KY,Azattyk,https://www.azattyk.org/a/1358190.html,2008-12-11,Күн системасынын сыртында көмүр кычкылтеги бар экени аныкталды,АКШнын космос агенттиги – НАСА Хаббл телескопу биринчи жолу Күн системасынын сыртында көмүр кычкылтегин аныктаганын маалымдады. Бул – жашоо башка жерлерде да пайда болушу мүмкүн деген теорияны далилдейт.,NOT_RELEVANT,,NOT_RELEVANT,,,,ky_2,
KY-C00016,,KY,24.kg,https://24.kg/kyrgyzcha/157252_talasta_sanitardyik_charalar_kuchotuldu/,2020-06-24,Таласта санитардык чаралар күчөтүлдү - | 24.KG,Талас облусунда дүкөндөрдүн жана базарлардын иштөө тартиптерине чектөө киргизилди. Бул туурлауу өкмөттүн ыйгарым укуктуу өкүлү Марат Мураталиев маалымат жыйында билдирди.,NOT_RELEVANT,,NOT_RELEVANT,,,,ky_1,
KY-R00145,,KY,Azattyk,https://www.azattyk.org/a/1366734.html,2009-01-06,Газадагы бүгүнкү трагедия эртеңки күн үчүн негиз даярдоодо,Газа тилкесиндеги кризистин башталганынан бери эки апта болуп калды. Эл аралык дипломаттар ок атышуунун токтотулушуна жетишүүнүн аракетинде. Евробиримдик тараптарды мунасага келүүгө чакырууда. Газа тилкесиндеги кризис жана согуштун тарыхы тууралуу Эркин Европа/Азаттык үналгысынын берүүлөр боюнча директорунун орун басары Аббас Жавади комментарий жазды.,NOT_RELEVANT,,NOT_RELEVANT,,,,ky_1,
KY-F01334,,KY,Azattyk,https://www.azattyk.org/a/30825279.html,2020-09-07,Бишкекте экологиялык акция өттү (видео),"7-сентябрда Бишкекте экологиялык акция өттү. “Көгүлтүр асман үчүн таза аба” (International Day of Clean Air for blue skies) эл аралык күнүнө карата өткөрүлгөн иш-чараны экологиялык ""MoveGreen"" жаштар уюму уюштурду. Алардын айтымында, акциянын максаты – абанын булганышынын адамдын ден соолугуна...",NOT_RELEVANT,,NOT_RELEVANT,,1,,ky_2,
KY-R200004,,KY,Azattyk,https://www.azattyk.org/a/28982494.html,2018-01-18,Бишкекте жаңы конуштардагы абанын абалы текшерилди,"Мамлекеттик экотехинспекциянын инспекторлору Бишкек шаарын айланта курчаган жаңы конуштардагы абанын абалын Айлана-чөйрөнү коргоо агенттигинин адистери менен бирге текшерүүдө. Экотехинспекция кызматынын басма сөз катчысы Анара Мамбеталиеванын ""Азаттыкка"" билдиргени боюнча, абанын курамындагы чаң...",NOT_RELEVANT,,NOT_RELEVANT,,1,,ky_1,
KY-C00115,,KY,24.kg,https://24.kg/kyrgyzcha/100978_sotsialdyik_maanidegi_oorular_daryilardyi_ondurushchulordon_tuz_satyip_aluu_karalat_/,2018-11-12,Социалдык маанидеги оорулар. Дарыларды өндүрүшчүлөрдөн түз сатып алуу каралат - | 24.KG,Жогорку Кеңештин депутаттары социалдык маанидеги оорулардын дарыларын өндүрүшчүлөрдөн түз сатып алууну сунушташууда. Бул тууралуу маалымат жыйында депутат Дастан Бекешов билдирди.,NOT_RELEVANT,,NOT_RELEVANT,,,,ky_1,
KY-C00422,,KY,24.kg,https://24.kg/kyrgyzcha/93052_elnbsparalyik_kompaniya_kyirgyizstandagyi_komusko_ekonomikanyi_izildeyt/,2018-08-09,Эл аралык компания Кыргызстандагы көмүскө экономиканы изилдейт - | 24.KG,Экономика министрлиги Европанын реконструкциялоо жана өнүктүрүү банкынын колдоосунда Кыргызстандагы көмүскө экономиканын масштабын иликтейт.,NOT_RELEVANT,,NOT_RELEVANT,,,,ky_2,
KY-F00981,,KY,Azattyk,https://www.azattyk.org/a/32260060.html,2023-02-07,"АКШда жаныбарлардын 40%, өсүмдүктөрдүн 34% жоголуу коркунучуна кабылды","АКШда жаныбарлардын 40% жана өсүмдүктөрдүн 34% жок болуу коркунучуна кабылып, экосистеманы олуттуу зыян тооруп турат. АКШ менен Канаданын жаратылышты коргоо боюнча NatureServe изилдөө тобунун баяндамасында ушундай тыянак чыгарылды. Илимпоздордун беш жылдык изилдөөсү көрсөткөндөй,...",NOT_RELEVANT,,NOT_RELEVANT,,,1,ky_2,US species extinction study; no climate frame
KY-F00360,,KY,Azattyk,https://www.azattyk.org/a/28962243.html,2018-01-08,Кенде иштегендердин жапырт жумуштан бошотулушу талкууланат,"Өнөр жай, энергетика жана жер казынасын пайдалануу боюнча мамлекеттик комитет бүгүн Бишкекте Ала-Бука районундагы Иштамберди алтын кенин иштеткен кытайлык “Фул Голд Майнинг” компаниясынын жетекчилиги, тоо-кен тармагы боюнча кесиптик кошуундар уюмунун, Экологиялык жана техникалык коопсуздук...",NOT_RELEVANT,,NOT_RELEVANT,,,,ky_1,
KY-F01746,,KY,Azattyk,https://www.azattyk.org/a/24355709.html,2011-10-11,Жол боюна эстелик орнотууну тыюу сунушталды,"Жол жээктеринде жол кырсыктарынан каза болгондорго эстеликтерди, аварияга учураган автоунаанын кузовдорун, каркастарын коюуга тыюу салыныш керек. Мындай сунушту бүгүн Жогорку Кеңештин Жер-агрардык маселелер, суу ресурстары, экология жана аймактык өнүгүү боюнча комитети колдоду. Мыйзам...",NOT_RELEVANT,,NOT_RELEVANT,,,,ky_2,
KY-C00132,,KY,24.kg,https://24.kg/kyrgyzcha/160169_kyirgyizstandyik_uchnbspokuuchunbspel_aralyik_mendeleev_olimpiadasyinda_medalga_eenbspbolushtu/,2020-07-21,Кыргызстандык үч окуучу Эл аралык Менделеев олимпиадасында медалга ээ болушту - | 24.KG,Кыргызстандык мектеп окуучулары химия предмети боюнча Эл аралык Менделеев олимпиадасында медалга ээ болушту. Бул тууралуу билим берүү жана илим министринин орун басары Надира Жусупбекова брифингде билдирди.,NOT_RELEVANT,,NOT_RELEVANT,,,,gold,IAA adjudicated gold
KY-C00268,,KY,24.kg,https://24.kg/kyrgyzcha/100508_ukmknyin_kyizmatkerleri_elnbsparalyik_terrorduk_uyumdun_mucholorun_karmadyi/,2018-11-02,УКМКнын кызматкерлери эл аралык террордук уюмдун мүчөлөрүн кармады - | 24.KG,"УКМКнын кызматкерлери эл аралык террордук уюмдун мүчөлөрүн кармады. Бул тууралуу аталган комитеттен билдиришти. Маалыматка караганда, жалпысынан чет элдик 5 жаран жана кыргызстандык 4 жаран кармалды. Алар Чүй облусунда ишмедүүлүгүн жүргүзүп келишкен. Колго түшкөндөр 2017-жылдан бери Ооганстан жана Сириядагы эл аралык террордук уюмдун катарына башкаларды тартуу менен алектенишкен.",NOT_RELEVANT,,NOT_RELEVANT,,,,ky_2,
KY-F00345,,KY,Azattyk,https://www.azattyk.org/a/1284693.html,2008-05-19,13:30 Эртең Барскоондогу форумда аймактагы экологиялык маселе да көтөрүлөт,"Жарандык форумда Барскоон аймагындагы экология маселеси көтөрүлүп Кумтөр кенинин уулу зат калдыктарын сактоочу жай, мөңгүлөрдүн ээриши, Петров көлүндө суунун көбөйүшү, токойлордун соолушуна байланыштуу маселелер талкуулант. Буга чейин цианидтен жабыр тарткан жергиликтүү тургундарга “Кумтөр”...",NOT_RELEVANT,,NOT_RELEVANT,,,1,ky_2,"Kumtor ecology forum, cyanide focus"
KY-R200350,,KY,Azattyk,https://www.azattyk.org/a/1218245.html,2004-01-04,ПРАВИТЕЛЬСТВО ПРИНИМАЕТ МЕРЫ ПО РАЗВИТИЮ МАЛОЙ АВИАЦИИ,"Бишкек, 3 января. 31 декабря 2003 года премьер-министр Николай Танаев подписал постановление «О развитии малой авиации в Кыргызской Республике». Как сообщает пресс-служба правительства, согласно данному постановлению Министерству экологии и чрезвычайных ситуаций (МЧЭС), Пограничной службе и...",NOT_RELEVANT,,NOT_RELEVANT,,,,ky_2,
KY-F01638,,KY,Azattyk,https://www.azattyk.org/a/32319359.html,2023-03-15,Кутманова: Коррупцияга каршы күрөш кимдир бирөөгө жакпай жатат,"Жаратылыш ресурстары, экология жана техникалык көзөмөл министри кызматынан алынган Динара Кутманова коррупцияга каршы күрөшү “кимдир бирөөгө жакпай калды” деп эсептейт. Мындай оюн ал бүгүн 15-мартта “Азаттыкка” учкай билдирди: “Комментарий берүүдөн карманайын. Коррупцияга каршы күрөш кимдир...",NOT_RELEVANT,,NOT_RELEVANT,,,,ky_2,
KY-F00014,,KY,Azattyk,https://www.azattyk.org/a/27162157.html,2015-07-31,Ысык-Көлдө жоголгон литвалыктар табылды,"29-июль түнү Кеңсаң капчыгайында Чоң-Өзөн-Батыш мөңгү тилкесинде таш кулап, Литванын 28 жаштагы жараны каза болгон. Ал Каракол – Көл-Төр – Алтын-Арашан туристтик багыты боюнча жолго чыккан литвалык 8 туристтин бири экени аныкталып, ошол эле күнү калган туристтерди издөө боюнча куткаруу тобу...",NOT_RELEVANT,,NOT_RELEVANT,,,,gold,IAA adjudicated gold
KY-F01172,,KY,Azattyk,https://www.azattyk.org/a/1227261.html,2004-08-06,Кырсыкка кабылган альпинисттерди издөө уланууда,БИШКЕК. Хантеңири чокусунда көчкү алдында калган 6 адамды издөө улантылууда. Кырсык болгон жерге Орусиянын күтүүсүз кырдаалдар министрлигинен 30га жакын альпинист жардамга келди. Бул тууралуу Экология жана өзгөчө кырдаалдар министрлигинин басма сөз кызматынан бүгүн кабарлашты. 5-августта таңга...,NOT_RELEVANT,,NOT_RELEVANT,,,,ky_2,
KY-R00108,,KY,Azattyk,https://www.azattyk.org/a/31822165.html,2022-04-26,Орусия хоккей боюнча дүйнө чемпионатын өткөрүү укугунан ажырады,Хоккей боюнча Эл аралык федерация (IIHF) Орусияны 2023-жылы дүйнө чемпионатын өткөрүү укугунан ажыратты. Мындай чечим федерациянын кеңеши тарабынан 26-апрелде Цюрихте өткөн жыйында кабыл алынды. Анын себеби коопсуздукка байланыштуу деп түшүндүрүлдү. Кеңеш буга чейин юниорлор арасында дүйнө...,NOT_RELEVANT,,NOT_RELEVANT,,,,ky_1,
KY-C00402,,KY,24.kg,https://24.kg/kyrgyzcha/212495_HRW_elnbsparalyik_koomchuluktu_tajikstandagyi_ukuk_buzuularga_konul_buruuga_chakyirdyi/,2021-11-03,HRW эл аралык коомчулукту Тажикстандагы укук бузууларга көңүл бурууга чакырды - | 24.KG,Human Rights Watch (HRW) эл аралык укук коргоо уюму Бириккен Улуттар Уюму (БУУ) менен эл аралык коомчулукту тажик бийлигин өлкөдөгү адам укуктарынын кейиштүү абалына көңүл бурдуртууга чакырды.,NOT_RELEVANT,,NOT_RELEVANT,,,,ky_2,
KY-F00264,,KY,Azattyk,https://www.azattyk.org/a/24540969.html,2012-04-08,Пакистан: кар көчкү баскан аскерлер табыла элек,"Пакистанда аскерлерди басып калган кар көчкүнүн калыңдыгы 20 метрдей болушу мүмкүн. Гималай тоо кыркарларындагы Сиачен мөңгүсүнө чукул жерде кар алдында калган аскерлерди издөө азырынча эч натыйжа бере элек. Издөөгө аскерлер, атайын үйрөттүлгөн иттер жана техника колдонулууда. Соңку...",NOT_RELEVANT,,NOT_RELEVANT,,,,ky_2,
KY-C00299,,KY,24.kg,https://24.kg/kyrgyzcha/57558_bishkek-osh_jolunda_benzovoz_oodaryilyip_uzun_tyigyin_jaraldyi/,2017-07-14,"Бишкек-Ош жолунда бензовоз оодарылып, узун тыгын жаралды - | 24.KG","Бишкек-Ош жолунун Көк-Бел аймагында бензовоз оодарылып, машиналардын узун тыгыны жаралды.",NOT_RELEVANT,,NOT_RELEVANT,,,,ky_2,
KY-F01695,,KY,Azattyk,https://www.azattyk.org/a/31252664.html,2021-05-13,Чаткал: Алтын кениндеги 100 млн сомдук зыян боюнча маселе сотто каралды,"Кыргызстандын Башкы прокуратурасы Чаткалдагы “Чаарат Заав” алтын кен компаниясынын ишмердүүлүгүн текшерип, мыйзам бузулгандыктан экологияга 100 миллион сомдук зыян келтирилгенин айтып чыкты. Мекеменин сайтына 12-майда жарыяланган маалыматка караганда, Жалал-Абад облустук прокуратурасы текшерүү...",NOT_RELEVANT,,NOT_RELEVANT,,,,gold,IAA adjudicated gold
KY-F02273,,KY,Azattyk,https://www.azattyk.org/a/1260554.html,2007-01-18,ЗИЛЗАЛАДАН ЖАБЫРКАГАНДАРГА ӨКМӨТТҮН ЖАРДАМЫ КАНААТТАНДЫРБАЙТ,"Кочкордогу жана Баткендеги жер титирөөдөн жабыркаган аймактар боюнча 17-январда Жогорку Кеңештин өзгөчө кырдаалдар, токой чарбалар жана экология боюнча комитети кеңейтилген жыйын өткөрдү. Ага өкмөт мүчөлөрү жана Нарын, Баткен облустарынын губернаторлору катышып, кырсыктан жабыркагандарга берилип жаткан жардам тууралуу маалымат беришти. Айрым депутаттар өкмөт жер титирөөдөн жабыркагандарга жакшы көңүл бурбай жатат деп нааразы болушту.",NOT_RELEVANT,,NOT_RELEVANT,,,,ky_2,
KY-F00898,,KY,Azattyk,https://www.azattyk.org/a/1268767.html,2007-07-05,14:30 “Миң жылдыкты өнүктүрүүнүн максаттары” аттуу эл аралык форум өтөт,"Анда Түндүк жана Борбор Азия, КМШ аймактарындагы жашоонун деңгээлин көтөрүүгө багытталган миң жылдыкты өнүктүрүү максаттарына байланыштуу маселелер көтөрүлөт. Форумдун күн тартибине айлана-чөйрөнү коргоо, социалдык кызмат көрсөтүүлөрдү жакшыртуу жаатындагы суроолор коюлат. Жыйын Улуттар уюмуму...",NOT_RELEVANT,,NOT_RELEVANT,,,,ky_2,
KY-R00138,,KY,Azattyk,https://www.azattyk.org/a/29771388.html,2019-02-15,Эл аралык трафик уурдаган кылмыштуу топ кармалды,"Алар ""Альфа Телеком"" же ""Мегакомго"" эл аралык трафикти мыйзамсыз жеткирип жүрүшкөнү УКМК «Альфа Телеком» мамлекеттик байланыш операторунун коопсуздук кызматы менен чогуу жүргүзгөн иш-чаранын алкагында аныкталды. УКМКнын маалыматы боюнча, тергөө иштеринин жүрүшүндө бул мыйзамсыз ишти уюштурган үч...",NOT_RELEVANT,,NOT_RELEVANT,,,,gold,IAA adjudicated gold
KY-F00486,,KY,Azattyk,https://www.azattyk.org/a/2302038.html,2011-02-09,"В Москве пройдет акция ""Кто ответит за террор?""","В центре Москвы - на Пушкинской площади - сегодня пройдет митинг под лозунгом ""Кто ответит за террор?"" Санкционированную властями акцию проводят активисты различных общественных организаций, среди которых - экологи из подмосковного города Химки. Как сообщила Радио Свобода лидер движения в...",NOT_RELEVANT,,NOT_RELEVANT,,,,ky_1,
KY-R00127,,KY,Azattyk,https://www.azattyk.org/a/33034239.html,2024-07-14,"Кытайдын Тажикстандагы жашыруун базасы, жасалма интеллектти пайдаланган экстремисттер",8-13-июль аралыгында дүйнө басылмаларына чыккан айрым макала-баяндарга сереп.,NOT_RELEVANT,,NOT_RELEVANT,,,,ky_1,
KY-R00325,,KY,Azattyk,https://www.azattyk.org/a/26673107.html,2014-11-04,Чек ара: тургундарга курал берүү туурабы? (3),огорку Кеңеш чатак көп катталган чек аралаш аймактарда жашаган тургундарга курал берүү демилгесин көтөрүүдө.,NOT_RELEVANT,,NOT_RELEVANT,,,,ky_2,
KY-F00590,,KY,Azattyk,https://www.azattyk.org/a/32514640.html,2023-07-22,Кечки радио эфир | 22.07.2023 | УКМК Динара Кутманованы коррупцияга айыптады,"УКМК мурдагы экология министри Динара Кутманованы коррупцияга айыптап чыкты, ал өзү мындай кинени четке кагууда. Кыргызстандык ишканалар АКШнын санкцияларга байланыштуу чектөөлөрүнө кабылды. Серепчилер Орусиядагы мигранттарга каршы рейддердин кесепетин талдап жатышат.",NOT_RELEVANT,,NOT_RELEVANT,,,,ky_2,
KY-C00364,,KY,24.kg,https://24.kg/kyrgyzcha/116679_omurbek_tekebaev_menen_duyshonkul_chotonovdun_kyilmyish_ishteri_kayra_karalbayt/,2019-05-03,Өмүрбек Текебаев менен Дүйшөнкул Чотоновдун кылмыш иштери кайра каралбайт - | 24.KG,"Буга чейин жактоочулар камактагылардын жаза мөөнөтүн кыскартуу тууралуу өтүнүч менен кайрылбай, Өмүрбек Текебаев менен Дүйшөнкул Чотоновдун иштерин Биринчи Май райондук сотуна жаңы жагдайлар боюнча териштирүүгө жиберилишин өтүнүшкөн. Бирок, Жогорку сот өтүнүчтү четке кагып, мурунку өкүмдү күчүндө калтырды.",NOT_RELEVANT,,NOT_RELEVANT,,,,ky_2,
KY-R200208,,KY,Azattyk,https://www.azattyk.org/a/1220338.html,2004-02-23,Ош-Бишкек автожолу ачылды,"БИШКЕК. «Кумтөр» ишканасы Ош-Бишкек автожолундагы кар көчкүндөн жабыр тарткан атуулдардын үй-бүлөсүнө жардам катары 100 миң сом акча бөлдү. Бул тууралуу бүгүн «Кумтөр» ишканасынын Бишкектеги өкүлчүлүгүнөн маалымдашты. Ал эми Экология жана өзгөчө кырдаалдар министрлигинин кабарлоосуна караганда,...",NOT_RELEVANT,,NOT_RELEVANT,,,,ky_2,
KY-F00619,,KY,Azattyk,https://www.azattyk.org/a/1263215.html,2007-03-14,7:15 Таласта бүгүн аймактагы алтын кендерин иштетүүгө каршы митинг өтүшү күтүлүүдө,"Облустук акимчиликтин алдында өтүшү күтүлүп жаткан бул нааразылык чара “Таза табият – келечегибиз» деген ураан астында өтмөкчү. Аймактагы кабарчыбыздын маалыматына караганда, элдин нааразылыгына экологиялык маселелер себеп болууда. Мындай митинг 7-мартта Талас районундагы Манас айылында да...",NOT_RELEVANT,,NOT_RELEVANT,,,,ky_1,
KY-F00835,,KY,Azattyk,https://www.azattyk.org/a/1229029.html,2004-09-20,ШКУнун Бишкектеги жыйынында олуттуу маселелер каралат,"БИШКЕК. 23-сентябрда Бишкекте өтө турган Шанхай кызматташтык уюмуна мүчө мамлекеттердин өкмөт башчыларынын кезектеги үчүнчү жыйынында уюмдун алкагында соода-экономикалык, маалымат-технологиялык, экологиялык жана көптөгөн башка тармактардагы кызматташуулардын программасы бекитилет. Бул тууралуу...",NOT_RELEVANT,,NOT_RELEVANT,,,,ky_2,
KY-R00640,,KY,Azattyk,https://www.azattyk.org/a/1987099.html,2010-03-18,Эртең өлкө боюнча 4500 көчөт отургузулат,Мындай иш-чараны өткөрүү идеясы Улуттук университеттин студенткасы Назира Ибраим кызына таандык. Анын “Экологияны сактоодо жаштардын ролу” аттуу долбоору Ачык коом институту уюштурган эл аралык сынакта жеңген. Долбоорду ишке ашырууга аталган институт 2000 АКШ долларын бөлүп берген. Н.Ибраим...,NOT_RELEVANT,,NOT_RELEVANT,,,,ky_2,
KY-F00960,,KY,Azattyk,https://www.azattyk.org/a/32724069.html,2023-12-10,Бишкекте тыюу салынган буюмдарды өрттөгөндөрдү текшерүү уланууда,"Бишкек шаарынын комиссиясы Жаратылыш ресурстары министрлиги менен бирге мончо жана сауналарда тыюу салынган буюмдарды өрттөөгө каршы рейд жүргүздү. Бул тууралуу шаар бийлигинен кабарлашты. Маалыматта акыркы жети күндө Биринчи май районундагы 12 мончо текшерилгени, ал жерлерде экологиялык...",NOT_RELEVANT,,NOT_RELEVANT,,1,,ky_2,
KY-R00383,,KY,Azattyk,https://www.azattyk.org/a/32955146.html,2024-05-20,Чет өлкөлүктөрдүн сабалышы: Кыргызстан канчалык коопсуз?,"18-майга караган түнү Бишкекте Кыргызстандын жарандары чет өлкөлүк студенттердин жатаканасына кирип барып, ал жерде жашагандарды ур-токмокка алган. Бул окуя эмне себептен келип чыкты, укук коргоо органдары кандай иштешти, Кыргызстандын эл аралык коомчулук алдындагы кадыр-баркы кандай болот?",NOT_RELEVANT,,NOT_RELEVANT,,,,ky_2,
KY-F01691,,KY,Azattyk,https://www.azattyk.org/a/31391172.html,2021-08-03,"""Кумтөр иши"" боюнча экс-премьер-министр Темир Сариев кармалды","Улуттук коопсуздук комитети (УКМК) мурдагы премьер-министр Темир Сариев “Кумтөр иши” боюнча камакка алынганын билдирди. Тергөө Темир Сариев экономика министри жана “Кумтөр” боюнча мамлекеттик комиссиянын төрагасы болуп туруп, Кумтөр кенинин экологияга келтирген зыянын бир канча миллиард сомго...",NOT_RELEVANT,,NOT_RELEVANT,,,,ky_2,
KY-R200233,,KY,Azattyk,https://www.azattyk.org/a/1211242.html,2003-06-28,Бишкекте калкты химиялык куралдардан коргоого арналган семинар аяктады,"БИШКЕК. «Калкты химиялык куралдардан коргоо» деп аталган семинар бүгүн Бишкекте өз ишин аяктады. Беш күн бою Экология жана өзгөчө кырдаалдар министрлигинин, жарандык коргонуу кызматтарынын, Коргоо, Тышкы иштер жана Ички иштер министрликтеринин адистери капысынан химиялык курал колдонулуп калса,...",NOT_RELEVANT,,NOT_RELEVANT,,,,ky_2,
KY-F01301,,KY,Azattyk,https://www.azattyk.org/a/1209992.html,2003-05-27,Кыргызстандын тез аракеттенүүчү күчтөрү машыгуу өткөрүштү,"БИШКЕК. Бүгүн Кыргызстандын Коргоо, Ички иштер, Экология жана күтүүсүз кырдаалдар министрликтеринин, Улуттук коопсуздук кызматынын жана Улуттук гвардиянын тез аракеттенүүчү күчтөрүнүн жыйынтыктоочу тактикалык атайын машыгуусу болду. Анда бул күчтөрдүн ар кандай күтүүсүз кырдаалдарда жасай турган...",NOT_RELEVANT,,NOT_RELEVANT,,,,ky_2,
KY-F02072,,KY,Azattyk,https://www.azattyk.org/a/30434495.html,2020-02-14,Сооронбаев: Бишкектеги ыштын ден соолукка зыяны изилдене элек,"Бишкекти каптаган ыштын адамдардын ден соолугуна зыяны изилдене элек. Бул тууралуу “Азаттыкка” Саламаттык сактоо министрлигинин өпкө илдеттери боюнча башкы дарыгери, профессор Талант Сооронбаев билдирди. Анын айтымында, борбор калаада экологиялык абал начар экени айтылганы менен бул көрүнүштүн...",NOT_RELEVANT,,NOT_RELEVANT,,1,,ky_2,
KY-F00706,,KY,Azattyk,https://www.azattyk.org/a/1220477.html,2004-02-26,Каракөлдө жер көчтү,"БИШКЕК. Акыркы күндөрү жааган жаандын кесепетинен Каракөл шаарынын аймагында жер көчүп, турак үйлөргө 200 метр жетпей токтоду. Бул тууралуу бүгүн Экология жана күтүүсүз кырдаалдар министрлигинен кабарлашты. Достук заводунун аймагында орун алган бул жер көчкүнүн жалпы көлөмү 15 миң кубометрди...",NOT_RELEVANT,,NOT_RELEVANT,,,,ky_1,
KY-R00040,,KY,Azattyk,https://www.azattyk.org/a/2030560.html,2010-05-03,Еврозонанын финансы министрлери жыйынга чогулушту,Анда грек өкмөтүнө финансылык жардам көрсөтүүнүн мөөнөтү жана механизмдери талкууланып жатат. Франциянын министри Кристин Лагард үч жылга эсептелген жардамдын жалпы көлөмү 100 же 120 миллиард еврого жетиши мүмкүн экенин ырастады. Грек премьер-министри Георгиос Папандреу Эл аралык валюта кору...,NOT_RELEVANT,,NOT_RELEVANT,,,,ky_1,
KY-R200268,,KY,Azattyk,https://www.azattyk.org/a/29455420.html,2018-08-27,Токтогулда боз үйдө окуган окуучуларга жылуу чатыр бериле элек,"Токтогул районунун Кызыл-Өзгөрүш айыл аймагында жайгашкан №36 Анарбек Ибраимов атындагы мектептин башталгыч класстары үчүн атайын жылууланган чатырлар берилген жок. Бул тууралуу “Азаттыкка” Токтогул районунун акиминин орун басары Айна Нават кызы билдирди. Анын айтымында, ӨКМ ""өзгөчө жаратылыш...",NOT_RELEVANT,,NOT_RELEVANT,,,,ky_2,
KY-F01005,,KY,Azattyk,https://www.azattyk.org/a/29623165.html,2018-11-27,Автоунаалардан чыккан түтүндүн зыяны текшерилүүдө,Бүгүн Мамлекеттик экологиялык техникалык инспекция Бишкек шаарындагы автоунаалардан чыккан түтүндүн зыяндуулугун аныктоо боюнча рейд жүргүзүүдө. Мекеменин адистери көпчүлүк учурда тийиштүү нормадан ашыкча уулуу зат бөлүп чыгарып жаткан машинелер эскиргенин же алардын техникалык абалы начар...,NOT_RELEVANT,,NOT_RELEVANT,,1,,ky_1,
KY-F01590,,KY,Azattyk,https://www.azattyk.org/a/32918424.html,2024-04-24,Президент башкы прокурор Зулушев менен министр Тургунбаевге сөгүш берди,"Президент Садыр Жапаров башкы прокурор Курманкул Зулушев менен жаратылыш ресурстары, экология жана техникалык көзөмөл министри Мелис Тургунбаевге сөгүш берди. Бул тууралуу Президенттин администрациясы кабарлады. Маалыматта айтылгандай, Министрлер кабинетинин төрагасынын орун басары, Улуттук...",NOT_RELEVANT,,NOT_RELEVANT,,,,ky_1,
KY-R200375,,KY,Azattyk,https://www.azattyk.org/a/27346108.html,2015-11-05,Кумтөр экономикалык маселе катары каралыш керек,"Бул тууралуу Темир Сариев билдирди. Анын айтуусунда, Кумтөр саясатташтырылбай, экономикалык жана экологиялык маселе катары каралып, чечилиши керек. Жаңы өкмөт шайланып бүтсө, ал Кумтөр боюнча сүйлөшүүгө киришет. Бул маселе Жогорку Кеңештеги башкаруучу коалиция менен макулдашылганын Сариев...",NOT_RELEVANT,,NOT_RELEVANT,,,,ky_1,
KY-C00050,,KY,24.kg,https://24.kg/kyrgyzcha/112813_bishkek-kara-balta_jolun_kuruunbsp2032_chakyiryim_aralyikka_asfalt_beton_tosholot_/,2019-03-25,"Бишкек-Кара-Балта жолун куруу. 20,32 чакырым аралыкка асфальт бетон төшөлөт - | 24.KG","Кубатбек Боронов Сокулук жана Ак-Суу суулары аркылуу өткөн көпүрөнүн куруу иштеринин жүрүшү менен таанышып, Жайыл районунун Полтавка жана Новониколаевка айылдарында курулуп жаткан тилкелерди, ошондой эле жер өтмөктөрүнүн курулушун көрүп чыкты.",NOT_RELEVANT,,NOT_RELEVANT,,,,ky_2,
KY-F01007,,KY,Azattyk,https://www.azattyk.org/a/31022243.html,2020-12-28,Айлана-чөйрөнү коргоо агенттигинин кызматкерлери директорго каршы акцияга чыгышты,"Өкмөткө караштуу Айлана-чөйрөнү коргоо жана токой чарба агенттигинин кызматкерлери директор Динара Кутманованын кызматтан кетишин талап кылышууда. Алар 28-декабрда эртең менен мекеменин алдына чогулушуп, директорду ""Эмгек кодексин бузуп, мыйзамсыз иштерди жасап жатат» деп сындап чыгышты....",NOT_RELEVANT,,NOT_RELEVANT,,,,ky_1,
KY-F01565,,KY,Azattyk,https://www.azattyk.org/a/24183210.html,2011-05-23,Жаштар конуштарды өнүктүрүү долбоорлорун сунуштады,"“Жаңылануу” деп аталган долбоордун алкагында Бишкектеги жаңы конуш жаштарынын форуму өтүп жатат. “ЭрЭп” бирикмесинин жетекчиси Мирзат Ажиев анда алты жаңы конуштагы жаштар топтору өздөрү жашаган аймактагы инфраструктураны өнүктүрүү, экологиялык маселелерди чечүү, жаштардын илим-билимин чыңдоо,...",NOT_RELEVANT,,NOT_RELEVANT,,,,ky_2,
KY-C00383,,KY,24.kg,https://24.kg/kyrgyzcha/100115_yuriy_krakovetskiy_dzyudo_boyuncha_Grand_Slam_elnbsparalyik_meldeshte_3-orundu_kamsyizdadyi/,2018-10-30,Юрий Краковецкий дзюдо боюнча Grand Slam эл аралык мелдеште 3-орунду камсыздады - | 24.KG,"Юрий Краковецкий 100 килограммдан өйдө салмак ченинде күч сынашып, коло медаль тагынды.",NOT_RELEVANT,,NOT_RELEVANT,,,,ky_2,
KY-C00434,,KY,24.kg,https://24.kg/kyrgyzcha/89960_batkende_akyirkyi_5nbspay_aralyigyinda_9nbspospurum_suuga_chogup_kaza_boldu/,2018-07-05,Баткенде акыркы 5 ай аралыгында 9 өспүрүм сууга чөгүп каза болду - | 24.KG,Баткен облусунда акыркы 5 ай аралыгында 9 өспүрүм сууга чөгүп каза болду. Бул тууралуу Баткен ОИИБнын басма сөз кызматы билдирди.,NOT_RELEVANT,,NOT_RELEVANT,,,,ky_1,
KY-F01207,,KY,Azattyk,https://www.azattyk.org/a/1339995.html,2008-11-10,Бишкекте коомдук саламаттык сактоону реформалоо боюнча иш чара өтүүдө,"Коомдук саламаттык сактоону реформалоо жана санэпидкызматтын аткарган иштерине байланыштуу өтүп жаткан жаңы көз карандысыз мамлекеттердин Бишкекте бүгүн башталган саясий баарлашуусунда жугуштуу оорулар, экологиялык факторлордун ден-соолукка тийгизген терс жактары, өзгөчө кырдаалдар, дем алуу...",NOT_RELEVANT,,NOT_RELEVANT,,,,ky_2,
KY-R200321,,KY,Azattyk,https://www.azattyk.org/a/33002446.html,2024-06-20,Шамбесайда алтын казылбай турган болду,"Президент Садыр Жапаров Кадамжайдагы жыйырма жылдан бери чыры басылбай келген Шамбесай кенинен алтын казылбай турганын билдирди. Кенди иштетүүгө жергиликтүү тургундар караманча каршы болуп келишкен. Алар кен ишке кирсе, аймактагы Исфайрам суусу булганарын жана башка экологиялык маселелер чыгарын айтышкан.",NOT_RELEVANT,,NOT_RELEVANT,,,,ky_2,
KY-F00328,,KY,Azattyk,https://www.azattyk.org/a/1265144.html,2007-04-19,8:10 Балыкчы шаарынын башчысы кызматтан кетти,"Талант Бекжановду Балыкчы шаар мэрлигинен бошоткон буйрукка өлкө президенти кечээ кол койду. Президенттин кечээ кол койгон дагы бир буйругуна ылайык, Арстанбек Давлеткелдиев айлана-чөйрөнү коргоо жана токой чарбачылыгы боюнча мамлекеттик агенттиктин деректирлигине дайындалды.(SM)",NOT_RELEVANT,,NOT_RELEVANT,,,,ky_2,
KY-C00241,,KY,24.kg,https://24.kg/kyrgyzcha/196714_chek_ara_aktivistternbspel_aralyik_kyilmyish_sotuna_kayryilyishtyi/,2021-06-07,Чек ара: активисттер Эл аралык кылмыш сотуна кайрылышты - | 24.KG,Кыргызстан Эл аралык кылмыш сотунун прокуроруна Тажикстандын бийлигине каршы тергөө ишин баштоо өтүнүчү менен кайрылуу жөнөттү. Мындай арыз менен өлкөнүн активисттери жана юристтери кайрылышты.,NOT_RELEVANT,,NOT_RELEVANT,,,,ky_2,
KY-C00263,,KY,24.kg,https://24.kg/kyrgyzcha/86756_naristeler_uchun_beriluuchu_suyunchu_pulga_byudjetten_90nbspmillion_som_karaldyi/,2018-06-05,Наристелер үчүн берилүүчү сүйүнчү пулга бюджеттен 90 миллион сом каралды - | 24.KG,Жыл башынан бери 21 миң 800 киши жаңы төрөлгөн бала үчүн берилүүчү сүйүнчү пулга ээ болушту. Бул тууралуу маалымат жыйында Социалдык өнүгүү министрлигинин мамлекеттик жөлөк пулдар жана акчалай компенсациялар башкармалыгынын башчысы Жыпара Рысбекова билдирди.,NOT_RELEVANT,,NOT_RELEVANT,,,,ky_2,
KY-R00358,,KY,Azattyk,https://www.azattyk.org/a/30866729.html,2020-09-30,Президент Сооронбай Жээнбеков биологиялык ар түрдүүлүк боюнча саммитте видео кайрылуу жасайт,"Нью-Йоркто өтүп жаткан биологиялык ар түрдүүлүк боюнча саммитте Кыргызстандын президенти Сооронбай Жээнбековдун сөзү түз көрсөтүлөт. Президенттик аппараттын маалыматына караганда, мамлекет башчы өз кайрылуусунда өлкөнүн тышкы саясатынын маанилүү бөлүгүн «экологиялык» дипломатия жана жашыл...",NOT_RELEVANT,,NOT_RELEVANT,,,1,ky_2,"Biodiversity summit, green diplomacy; not climate"
KY-F00771,,KY,Azattyk,https://www.azattyk.org/a/1285520.html,2008-06-04,БОРБОРАЗИЯ: CУУ ЭГЕШИ ЭРЕГИШКЕ АЙЛАНЫШЫ ЫКТЫМАЛ,"Быйылкы жылды Борборазияда кургакчылык болот, суунун тартыштыгы --> http://rfe.azattyk.org/rubrics/economics/ky/2008/05/F987C33B-503F-4288-BC9C-6525DF57400D.asp айрыкча сезилет деп жатышат. Бу маселе ала жазда эле айрым жерлерде коңшуларды араздаштырганга алып барды. Байкоочулар бул жагдай аймактагы экономикалык кызматташтыкка эле терс таасирин тийгизбейт, саясий кырдаалды, атүгүл улут аралык мамилелерди кучутушу мүмкүн дешет.",NOT_RELEVANT,,RELEVANT,WATER_CRYO,,,ky_1,"CA drought, water dispute"
KY-F02012,,KY,Azattyk,https://www.azattyk.org/a/1249658.html,2006-03-18,"КЫЗЫКТАР ДҮЙНӨСҮНДӨ: СУУ ТҮТҮГҮНӨН АККАН ПИВО, ТҮРКМӨНБАШЫ - ПИНГВИНДЕРДИН КОРГООЧУСУ...","Түркмөнбашы – пингвиндердин коргоочусу Дагы бир түбөлүк лидер Түркмөнбашы орус классигинин чыгармасындагы бир каарманга окшоп, улам жаңы долбоор ойлоп чыгарууда. Бул жолу Ашгабаддын айланасында 1 миң квадрат метрлик токой отургузулмакчы. Бул баш калаадагы климатты жакшыртат, - дейт Ниязов....",NOT_RELEVANT,,NOT_RELEVANT,,,,ky_2,
KY-C00211,,KY,24.kg,https://24.kg/kyrgyzcha/192753_tajikstandyin_askerdik_araketin_elnbsparalyik_jol_menen_joopko_tartuu_zaryil/,2021-05-03,Тажикстандын аскердик аракетин эл аралык жол менен жоопко тартуу зарыл - | 24.KG,Тажикстандын аскердик агрессиялык аракетин эл аралык ыкмалар менен жоопко тартуу зарыл. Бул тууралуу мурунку Тышкы иштер министри Чыңгыз Айдарбеков кыргыз-тажик чек арасындагы куралдуу кол салуу боюнча кайрылуусунда билдирди.,NOT_RELEVANT,,NOT_RELEVANT,,,,ky_1,
KY-C00195,,KY,24.kg,https://24.kg/kyrgyzcha/143874_batkende_chek_aradagyi_chyirdan_kiyin_karmalgandardyin_bash_korgoo_charasyi_karaluuda_/,2020-02-17,Баткенде чек арадагы чырдан кийин кармалгандардын баш коргоо чарасы каралууда - | 24.KG,Баткендин Көк-Таш айылында «ээнбаштык жасады» деп милиция камакка алган Зайнидин Бердиев менен Нурбек Сапарбаевдин ишин облустук сот карап жатат. Бул тууралуу «Марал» радиосу билдирет.,NOT_RELEVANT,,NOT_RELEVANT,,,,ky_2,
KY-C00056,,KY,24.kg,https://24.kg/kyrgyzcha/56281_oshto_alyish_k1199r1257sh1199_boyuncha_ayaldar_arasyinda_elnbsparalyik_taymash_1257t1199pnbspjatat/,2017-06-29,Ошто алыш күрөшү боюнча аялдар арасында эл аралык таймаш өтүп жатат - | 24.KG,Ошто алыш күрөшү боюнча аялдар арасында эл аралык таймаш өтүп жатат. Бул тууралуу шаардык мэриянын маалымат кызматы билдирет.,NOT_RELEVANT,,NOT_RELEVANT,,,,ky_2,
KY-F02348,,KY,Azattyk,https://www.azattyk.org/a/1221305.html,2004-03-16,Өзгөн районундагы эки мектеп урап калды,"ОШ. Мектеп имараттарынын кулап түшүшүнө жумалап жааган жамгыр себеп болгон. Бир имарат 1926-жылы, бири 1961-жылы курулган экен. Кыйроо түнүчүндө болгондуктан адам өмүрүнө забын келгени жок. Экология жана күтүүсүз кырдаалдар министрлиги Жаңгакты айылына 40 орундуу 8 чатыр алып барып, мектептин...",NOT_RELEVANT,,NOT_RELEVANT,,,,ky_2,
KY-F02095,,KY,Azattyk,https://www.azattyk.org/a/28114347.html,2016-11-14,Чек арага жакын аймактарда аң уулоого тыюу салынат,"Жогорку Кеӊештин Агрардык саясат, суу ресурстары, экология жана регионалдык өнүктүрүү боюнча комитети чек арага жакын аймактарда аң уулоого тыюу салуу максатында иштелип чыккан мыйзам долбоорунун концепциясын жактырды. Мыйзамга ылайык чек ара тилкесинин сырт жагынан 1000 метрге чейинки...",NOT_RELEVANT,,NOT_RELEVANT,,,,ky_2,
KY-F00144,,KY,Azattyk,https://www.azattyk.org/a/1225905.html,2004-07-06,Ысыккөл биосфералык аймагына кирүү акысы такталды,"КАРАКОЛ. Облустук кеңештин токтомуна ылайык Ысыккөл, Кызыломпол жана Караталаа экологиялык посттору мындан ары үзгүлтүксүз иштейт. Ысыккөл биосфералык аймагына кирген республиканын жүк ташуучу автоунааларынан, менчигинин түрүнө карабастан 100 сомдон, жеңил автоунаалардан 50 сомдон, ал эми алыскы...",NOT_RELEVANT,,NOT_RELEVANT,,,,ky_2,
KY-F02231,,KY,Azattyk,https://www.azattyk.org/a/1334613.html,2008-10-14,17:50 Ново-Покровкада жылуулукту көпкө кармай турган «үнөмдүү мешти» ойлоп табышты,«Биом» деп аталган экологиялык кыймыл жана айылдык депутаттардын биргелешкен аракеттери менен Новопокровка айылында алгачкы «үнөмдүү меш» курулду. Аталган мешке бир эле учурда тамак жасап жана үч-төрт бөлмө үйдү жылытууга мүмкүн. Жарык тез-тез өчүп турган шартта «үнөмдүү меш» газ менен электр...,NOT_RELEVANT,,NOT_RELEVANT,,,1,ky_2,"efficient stove, no climate frame"
KY-F00154,,KY,Azattyk,https://www.azattyk.org/a/32540356.html,2023-08-09,"Ысык-Көлдү, жака-белин булгагандарга айып пулду көбөйтүү каралууда","Ысык-Көлдү жана анын жака-белин булгагандарга салынган айып пулдун өлчөмүн көбөйтүү каралууда. Бул тууралуу Жаратылыш ресурстары, экология жана техникалык көзөмөл министрлигинин бөлүм башчысы Таалай Далбаев билдирди. Ал айып пулдун көлөмү көп жылдан бери өзгөрө электигин, жогорулатууга...",NOT_RELEVANT,,NOT_RELEVANT,,,,ky_1,
KY-F01309,,KY,Azattyk,https://www.azattyk.org/a/1275265.html,2007-11-18,"АЛТЫН АЗГЫРЫГЫ: ЧАҢ БАСКАН ТОО, УУЛАНГАН СУУ","Акшыйрак тоо кыркасынын түндүк-батыш тарабынан орун алган “Кумтөр” алтын кени советтик геологдор тарабынан 1978-жылы ачылганы менен аны иштетүү 1997-жылдан башталган. Ушу тапта дүйнөдөгү эң ири кендердин бири эсептелген “Кумтөрдө” 2 миң ашуун жумушчу иштейт. Деңиз деңгээлинен 4 миң 400 метр бийиктикте жайгашкан алтын кен комбинаты 182 тоннадан ашуун алтын казып, андан аркыл төлөмдөр, салык эсебинен Кыргызстанга 750 миллион доллар акча түшкөн. Быйыл комбинат 9 тоннадан ашуун алтын казып алууну көздөөдө. “Кумтөр” алтын кен комбинатынын аялуу проблемасы экология, жардыруудан чыккан чаңдардан эриген мөңгүлөр, бузулган тоо, уулуу зат калдыктары сакталган жайдын абалы болууда.",NOT_RELEVANT,,NOT_RELEVANT,,,1,ky_1,"Kumtor mining pollution, not climate"
KY-F00191,,KY,Azattyk,https://www.azattyk.org/a/32970160.html,2024-05-29,Уран казууга уруксат берген мыйзам долбоору 1-окууда кабыл алынды,"Бүгүн, 29-майда парламент Кыргызстанда уран жана торий кендерине геологиялык изилдөө иштерин жүргүзүүгө жана иштетүүгө уруксат берүү боюнча мыйзам долбоорун 1-окуудан карап, кабыл алды. Жаратылыш ресурстары, экология жана техникалык көзөмөл министри Мелис Тургунбаев депутаттарга баяндама...",NOT_RELEVANT,,NOT_RELEVANT,,,,gold,IAA adjudicated gold
KY-F01884,,KY,Azattyk,https://www.azattyk.org/a/31045700.html,2021-01-14,Башкы прокуратура: Айлана-чөйрөнү коргоо агенттиги мамлекетке ири өлчөмдө зыян келтирген,Башкы прокуратура Айлана-чөйрөнү коргоо жана токой чарбасы мамлекеттик агенттиги соңку эки жылда 7 290 366 сом зыян келтиргенин билдирди. Бул тууралуу кабарды аталган мекеме өзүнүн порталына жайгаштырды. Анда белгиленгенге караганда агенттиктин 2018-жылдан 2020-жылга чейинки аралыктагы...,NOT_RELEVANT,,NOT_RELEVANT,,,,ky_2,
KY-R00286,,KY,Azattyk,https://www.azattyk.org/a/32653551.html,2023-10-25,Газа: Ооруканаларда абал оор,"Шейшембинин кечинде Газа секторуна гуманитардык жардамдын төртүнчү партиясы жеткирилди. Бирок тилкедеги 2 миллиондон ашуун тургундун абалы, өзгөчө ооруканалардагы эң зарыл нерселердин тартыштыгы эл аралык уюмдарды тынчсыздандырууда.",NOT_RELEVANT,,NOT_RELEVANT,,,,ky_2,
KY-F02151,,KY,Azattyk,https://www.azattyk.org/a/1255487.html,2006-09-20,ОШ : ЧЕГАРА ТЕКШЕРҮҮЛӨРҮ ЭЛДИ КЫЙНАП БҮТТҮ,"Кубанычбек Жолдошев, Ош Расмий Бишкек менен расмий Ташкендин саясий мамилелери жылуулана баштаганы менен эки тараптын атуулдарынын чегара бекеттеринен эркин өтүү, мыйзамдуу көзөмөлдү жүргүзүү жана чегара соодасын жөнгө салуу багытында маселелери азайган жок. Ары-бери катташкан эки тараптын көпчүлүк атууларды чегара жана бажы текшерүүлөрүнүн мыйзамсыз экенин белгилешти.",NOT_RELEVANT,,NOT_RELEVANT,,,,ky_2,
KY-F00885,,KY,Azattyk,https://www.azattyk.org/a/28770650.html,2017-10-03,АКШ президенти Лас-Вегаска жана Пуэрто-Рикого барат,"АКШ президенти Дональд Трамп 3-октябрда Пуэрто-Рико аралына жана Лас-Вегас шаарына барары күтүлүүдө. Эки апта мурда ""Мария"" деп аталган бороон Пуэрто-Рико аралын каптап, аралда ушул күнгө чейин электр жарыгы жок, азык-түлүк, таза суу тартыш. Сан-Хуан шаарынын мэри Кармен Юлин Крус буга чейин...",NOT_RELEVANT,,NOT_RELEVANT,,,,ky_1,
KY-R00003,,KY,Azattyk,https://www.azattyk.org/a/24632040.html,2012-07-02,Оштон Стамбулга учак каттай баштайт,"Бул тууралуу эл аралык Ош аэропортунун директору Орозбек Калдаров “Азаттыкка” кабарлады. Анын айтымында, биринчи каттам 17-июлга белгиленип жатат. Жумасына үч жолу каттай турган учак жолунун акысы азырынча тактала элек. Бүгүн Түркиядан келген компания өкүлдөрү менен кайсы күндөрү, кандай учак...",NOT_RELEVANT,,NOT_RELEVANT,,,,ky_1,
KY-C00210,,KY,24.kg,https://24.kg/kyrgyzcha/163688_ata-enelerdin_81nbsppayyizyi_mektepterdin_aralyiktan_okuusuna_naraazyi_/,2020-09-01,Ата-энелердин 81 пайызы мектептердин аралыктан окуусуна нараазы - | 24.KG,"Ата-энелердин 81, 2 пайызы мектептердин аралыктан окуусуна нараазы. Бул боюнча 2020-жылдын июнь айында жүргүзүлгөн сурамжылоодо айтылат.",NOT_RELEVANT,,NOT_RELEVANT,,,,ky_2,
KY-F02167,,KY,Azattyk,https://www.azattyk.org/a/32373275.html,2023-04-21,"Исаев БУУнун өкүлү менен тышкы карызды ""жашыл"" долбоорго алмашууну сүйлөштү","Тышкы иштер министринин орун басары Асеин Исаев 20-апрелде Бириккен Улуттар Уюмунун Өнүктүрүү программасынын (ПРООН) Кыргызстандагы туруктуу өкүлү Луиз Чемберлен менен жолукту. Анда тараптар өлкөнүн тышкы карызын экологиялык долбоорлорго алмаштыруу демилгесин талкуулады. ""Асеин Исаев өлкөнүн...",NOT_RELEVANT,,RELEVANT,POLICY,,,ky_1,Debt-for-green swap talks
KY-R00452,,KY,Azattyk,https://www.azattyk.org/a/1215563.html,2003-10-27,АКШнын Мамлекеттик департаменти Кыргызстанда баңгизаттарга каршы жүргүзүлүп жаткан күрөштү азырынча натыйжасыз деп эсептейт,БИШКЕК. Кыргызстандын Баңгизаттарга көзөмөл жүргүзүү боюнча комиссиясынын ишмердүүлүгү азырынча ийгиликсиз болууда. Баңгизат менен алектенүү Ош облусунун тургундарынын негизги киреше булагына айланды. Бул тууралуу АКШнын Мамлекеттик департаментинин баңгизатка көзөмөл жүргүзүү боюнча эл аралык...,NOT_RELEVANT,,NOT_RELEVANT,,,,ky_1,
KY-C00303,,KY,24.kg,https://24.kg/kyrgyzcha/89259_okmot_kyirgyizstandyi_elnbsparalyik_reytingde_50nbspmyiktyi_olkonun_kataryina_koshot_/,2018-06-28,Өкмөт Кыргызстанды эл аралык рейтингде 50 мыкты өлкөнүн катарына кошот - | 24.KG,Өкмөт Кыргызстанды эл аралык рейтингде 50 мыкты өлкөнүн катарына кошот. Бул тууралуу премьер-министр Мухаммедкалый Абылгазиев Бизнести өнүктүрүү жана инвестициялык кеңешмеде билдирди.,NOT_RELEVANT,,NOT_RELEVANT,,,,ky_1,
KY-F00359,,KY,Azattyk,https://www.azattyk.org/a/1268881.html,2007-07-07,МОСКВА ТАТАРСТАНГА БӨТӨНЧӨ УКУК БЕРДИ,"Муса Мураталиев, Маскөө калаасы Орусиянын Мамдумасы бул жумада федералдык борбордун Татарстан менен болуучу укугун чектөө келишимин бекитти. Ал документ күчүнө киргенде орусиялык өкмөт менен Татарстан министрлер кабинети жумурияттын экономика, экология жана маданиятындагы өзгөчөлүгүнө байланышкан маселелерди биргелешип чече турган макулдашууга кол коюшат. Андан сырткары Татарстан өз тургундарынын паспортторуна татар тилинде аты жөнү жазылган тиркеме бере алат. Ошондой эле жумурият өзүнүн гербин атуулдар паспортторуна тартууга укук алат. Келишимдин арибине ылайык мындан ары Татарстандын президенттиги үчүн ат салышкан талапкерлер орус тилинен сырткары татар тилин да билүүсү милдеттендирилет. Эми ал документти Орусиянын федералдык кеңеши карап, бекитүүсү керек.",NOT_RELEVANT,,NOT_RELEVANT,,,,ky_1,
KY-F00159,,KY,Azattyk,https://www.azattyk.org/a/32986023.html,2024-06-10,ЖК комитети Ысык-Көлдөн чет элдиктерге мүлк сатууга уруксат берген документти колдоду,"Чет өлкөлүк жарандарга Ысык-Көлдүн аймагынан мүлк сатып алууга уруксат берген мыйзам долбоорун Жогорку Кеңештин Агрардык саясат, суу ресурстары, экология жана регионалдык өнүктүрүү комитети 10-июндагы жыйынында үчүнчү окуудан колдоду. Документке бир депутат Султанбай Айжигитов “каршы” добуш...",NOT_RELEVANT,,NOT_RELEVANT,,,,ky_1,
KY-R00398,,KY,Azattyk,https://www.azattyk.org/a/32908700.html,2024-04-17,USAID администратору Саманта Пауэр “чет элдик өкүл” мыйзамына тынчсыздануусун билдирди,"АКШнын Эл аралык өнүктүрүү агенттигинин (USAID -ЮСАИД) администратору Саманта Пауэр Кыргызстанда ""Чет элдик өкүл"" мыйзамы боюнча тынчсыздануусун билдирди. Бул тууралуу 16-апрелде Кыргызстандын Министрлер кабинетинин төрагасы Акылбек Жапаров менен Вашингтондо жолугушкан учурунда айтты....",NOT_RELEVANT,,NOT_RELEVANT,,,,ky_2,
KY-R00178,,KY,Azattyk,https://www.azattyk.org/a/30684273.html,2020-06-22,"Орусияда “Желе"" жамааты боюнча дагы эки киши соттолду","Санкт-Петербургда аскердик сот «террордук жамаат» тууралуу иш боюнча айыпталган Виктор Филинковду 7 жылга, Юлий Бояршиновду 5,5 жылга күчөтүлгөн режимдеги колонияга кести. Аларга “Желе (“Сеть”) деп аталган регион аралык террордук анархиялык коомуна” мүчө болгон деген күнөө тагылды. Тергөөчүлөр...",NOT_RELEVANT,,NOT_RELEVANT,,,,ky_2,
KY-F01634,,KY,Azattyk,https://www.azattyk.org/a/1254895.html,2006-09-04,ЖАЛАЛАБАТ: УРАН КАЛДЫКТАРЫ УНУТУЛГАН ШААРДЫ УУЛАНДЫРУУДА,"Облустун “Кызылжар-12” шаарчасындагы уран калдыктарынын күчү адаттагыдан 30 эсе ашык. Жергиликтүү калк жумушсуздуктун айынан уран көмүлгөн жайлардын курулуш материалдарын сатып жан багат. Уулуу заттын калдыктары ден соолукка таасир этип, аялдардын боюнан түшүп, наристелер майып болуп төрөлүүдө. Облустук айлана-чөйрөнү коргоо башкармасынын маалыматы боюнча шаарчадагы жагдайга көңүл бурулбай калган.",NOT_RELEVANT,,NOT_RELEVANT,,,,ky_2,
KY-R00169,,KY,Azattyk,https://www.azattyk.org/a/1252094.html,2006-06-06,БАТЫШ МЕНЕН ИРАНДЫН МАМИЛЕЛЕРИ ОҢОЛГОНУ КАЛДЫ,"Баян Жумакадыр кызы,Прага шаары Еврошаркеттин тышкы байланыштар боюнча жооптуу комиссары Хавьер Солана Иранга келип, өлкөнүн атомдук энергия боюнча агенттигинин башчысы Али Лариджани менен сүйлөшүүлөрдү өткөрдү. Солана Ирандын ядролук программасынын айланасындагы кризисти жөнгө салуу боюнча эл аралык жаңы сунуштардын топтомун тапшырды. Бул сунуштар өткөн жумада Улуттар уюмунун Коопсуздук кеңешинин туруктуу мүчөлөрү менен Германиянын катышуусунда иштелип чыккан.",NOT_RELEVANT,,NOT_RELEVANT,,,,ky_2,
KY-R00041,,KY,Azattyk,https://www.azattyk.org/a/30715759.html,2020-07-09,Жээнбеков: Акчаны максатсыз коромжу кылдырбайбыз,"Кыргызстандын президенти Сооронбай Жээнбеков бүгүн, 9-июлда элге кайрылуу жасады. Анда мамлекет башчы эл арасында «бийликтегилер эл аралык финансы уюмдарынан келген жардамды жеп койду» деген дооматтар көбөйүп жатканын белгилеп, өкмөт бул боюнча ачык жооп берерин билдирген. «Элдин, мамлекеттин...",NOT_RELEVANT,,NOT_RELEVANT,,,,ky_1,
KY-F00355,,KY,Azattyk,https://www.azattyk.org/a/30137311.html,2019-08-30,Жээнбеков: Бишкекти жашылдандыруу саясатын өнүктүрүү керек,"Президент Сооронбай Жээнбеков Бишкекте жашыл саясаттын жоктугунан, курулушту пландоо начардыгынан экология жабыркап жатканын билдирди. Бул тууралуу өлкө башчысы Бишкектеги жаңы сейил бактын ачылышында сүйлөп жатып билдирди. Ал мындан ары шаардын курулуш эстетикасын жакшыртып, көркүнө, кооз...",NOT_RELEVANT,,NOT_RELEVANT,,,,ky_1,
KY-F00535,,KY,Azattyk,https://www.azattyk.org/a/24534727.html,2012-04-02,Транзиттик борбордун жабылышын талап кылган митинг өттү,"Бүгүн Жогорку Кеңештин алдында""Манас"" аба майданындагы Транзиттик жүк ташуулар борборунун жабылышын талап кылган митинг өттү. Ага отуздай киши катышты. Акциянын уюштуруучусу, ""Асыр"" жаратылышты коргоо бейөкмөт уюмунун жетекчиси Карыпбек Сереновдун ""Азаттыкка"" билдиргенине караганда, Чүйдүн...",NOT_RELEVANT,,NOT_RELEVANT,,,,ky_1,
KY-R00299,,KY,Azattyk,https://www.azattyk.org/a/1256255.html,2006-10-11,ДАНИЯЛЫК ТАКМАЗА СҮРӨТТӨР МУСУЛМАНДАРДЫ КАЙРА ЫЗАЛАНТТЫ,Мухаммад пайгамбарды такмаза кылган сүрөттөргө байланыштуу дагы бир чатак чыкты. Бул сүрөттөр тууралуу видео тасма Даниялык сыналгыдан көрсөтүлгөндөн кийин дүйнөдөгү эң ири эл аралык мусулман уюму Батышта сабырдуулук тайыздап бараткандыгына нааразылык билдирди.,NOT_RELEVANT,,NOT_RELEVANT,,,,ky_1,
KY-F00692,,KY,Azattyk,https://www.azattyk.org/a/2343697.html,2011-03-20,Экологияны бузгандарга каршы ишембилик,"19-мартта жарандык коомдун демилгеси менен Бишкектеги Ата-Түрк"" паркында ишембилик өттү. Элүү чакты адам парктын ичиндеги таштандыларды тазалап, бош калган жерлерге жаңы көчөттөрдү тигишти.",NOT_RELEVANT,,NOT_RELEVANT,,,,ky_1,
KY-R00092,,KY,Azattyk,https://www.azattyk.org/a/1257331.html,2006-11-04,Анна Политковскаянын өлүмү эл аралык деңгээлде иликтенүүгө тийиш,"Ушундай талап айтылган петицияга алты миңден ашуун адам кол койду. Алардын арасында европалык журналисттер, россиялык жана чет элдик коомдук ишмерлер бар. Өнөктүктү “Чекарасыз кабарчылар” уюму өткөрүүдө.",NOT_RELEVANT,,NOT_RELEVANT,,,,ky_2,
KY-F01847,,KY,Azattyk,https://www.azattyk.org/a/1212825.html,2003-08-12,Премьер-министр Николай Танаев Баткенде болду,"БАТКЕН. Премьер-министр Николай Танаев баштаган топтун курамында өлкөнүн тышкы иштер министри Аскар Айтматов, экология жана чукул кырдаалдар министри Сатыбалды Чырмашев, кыргыз өкмөтүнүн регионалдык саясат бөлүмүнүн башчысы Саламат Аламанов, Чек ара кызматынын жетекчиси Калмурат Садиев жана...",NOT_RELEVANT,,NOT_RELEVANT,,,,ky_2,
KY-F01319,,KY,Azattyk,https://www.azattyk.org/a/27012962.html,2015-05-13,Бишкекте Кыргызстандагы инвестициялык абал талкууланат,"«Инвестициялык климат: экономикалык талдоонун жыйынтыгы» деген темадагы ""тегерек үстөл"" инвестициялык мыйзам жоболорун эл аралык ченемдерге ылайык өркүндөтүү максатында уюштурулууда. Жогорку Кеңештин басма сөз кызматы билдиргендей, жыйын ЮСАИД уюмунун колдоосу менен өтөт. Бүгүн Park Hotel...",NOT_RELEVANT,,NOT_RELEVANT,,,,ky_1,
KY-C00196,,KY,24.kg,https://24.kg/kyrgyzcha/101406_oshto_merdin_demilgesi_menen_karalbay_kalgan_2nbspkop_kabattuu_uynbspondoodon_ottu_/,2018-11-16,Ошто мэрдин демилгеси менен каралбай калган 2 көп кабаттуу үй оңдоодон өттү - | 24.KG,"Ош шаарындагы үлгүлүү үй катары оңдоп түзөөдөн өткөрүлгөн Кулатов кичи шаарчасындагы № 6,8-көп кабаттуу үйлөр пайдаланууга берилди. Бул тууралуу каала мэриясы кабарлайт.",NOT_RELEVANT,,NOT_RELEVANT,,,,ky_2,
KY-C00113,,KY,24.kg,https://24.kg/kyrgyzcha/145698_okmot_koronaviruska_karshyi_ish-charalarga_30nbspmillion_som_boldu_/,2020-03-06,Өкмөт коронавируска каршы иш-чараларга 30 миллион сом бөлдү - | 24.KG,Өкмөт коронавируска каршы иш-чараларга 30 миллион сом бөлдү. Бул тууралуу маалымат жыйында саламаттыкты сактоо министринин орун басары Төлө Исаков билдирди.,NOT_RELEVANT,,NOT_RELEVANT,,,,ky_2,
KY-C00181,,KY,24.kg,https://24.kg/kyrgyzcha/145544_koronavirus_shtab_massalyik_ishnbspcharalardyi_azaytuu_kerektigin_eskertet/,2020-03-05,Коронавирус. Штаб массалык иш чараларды азайтуу керектигин эскертет - | 24.KG,Коронавирустун алдын алуу боюнча республикалык штаб массалык иш чараларды чектөөнү сунуштады. Бул тууралуу 4-марттагы жыйынында айтылды.,NOT_RELEVANT,,NOT_RELEVANT,,,,ky_1,
KY-F02214,,KY,Azattyk,https://www.azattyk.org/a/33015564.html,2024-07-01,Бишкекте троллейбустарды сактап калууну талап кылган акция өттү,Бишкектеги №14 линиядагы троллейбустардын биринде шаарда аталган транспорттун түрүн сактап калууну талап кылган – “Кийинки аялдама” деп аталган акция өттү. Бул тууралуу экология боюнча уюмдардын Ecostan.kg сайты кабарлады. Активисттер транспорттун ичине Бишкектин троллейбус системасынын...,NOT_RELEVANT,,NOT_RELEVANT,,,1,ky_2,Save-trolleybuses transport activism; no climate frame
KY-F01073,,KY,Azattyk,https://www.azattyk.org/a/27133501.html,2015-07-17,Баткен: Зардалыда туризмди жандантуу аракети башталды,"Бул тууралуу ""Азаттыкка"" Зардалы айылынын тургуну Жакып Сүйүнов билдирди. Анын айтымында, Зардалы айылынан Шудман ашуусуна карай беш чакырымдан ашык жол жергиликтүүлөрдүн өз демилгеси менен курулуп, мөңгү астынан чыккан ысык сууну атайын куур менен автоунаа жолу бүткөн жерге чейин тартып келүү...",NOT_RELEVANT,,NOT_RELEVANT,,,,ky_1,
KY-F00639,,KY,Azattyk,https://www.azattyk.org/a/1225022.html,2004-06-16,"Дүйнөлүк банк 6,9 млн. доллар грант бөлдү","БИШКЕК. Дүйнөлүк банктын директорлор кеңеши Кыргызстандын ""Күтүүсүз кырдаалдарды алдын-алуу"" деген долбоору үчүн 6 миллион 900 миң доллар бөлдү. Мындай маалыматты бүгүн Дүйнөлүк банктын өлкөдөгү өкүлчүлүгү таратты. Күтүүсүз кырдаалдар жана экология министри Темирбек Акматалиевдин билдирүүсү...",NOT_RELEVANT,,NOT_RELEVANT,,,,gold,IAA adjudicated gold
KY-R00120,,KY,Azattyk,https://www.azattyk.org/a/30987497.html,2020-12-07,ИИМ: Орусиянын эл аралык издөөдө жүргөн жараны кармалды,Ушул жылдын 4-декабрында Ички иштер министрлигинин (ИИМ) Интерпол улуттук борбордук бюросунун жана Нарын облустук ички иштер башкармалыгынын кызматкерлери төрт жылдан бери эл аралык издөөдө жүргөн Орусиянын жаранын кармашты. Бул тууралуу ИИМдин басма сөз кызматы кабарлады. 41 жаштагы М.Вга...,NOT_RELEVANT,,NOT_RELEVANT,,,,ky_1,
KY-R00349,,KY,Azattyk,https://www.azattyk.org/a/30025079.html,2019-06-28,Ысык-Көлдө эл аралык музыка фестивалы башталат,"28-30-июнга белгиленген “Kөl-Fest” музыка фестивалына Европадан, Азиядан, Борбор Азиядан жана Кыргызстандан музыкалык топтор, диджейлер катышат. Жергиликтүү ыктыярчылар уюштуруп жаткан фестивалда европалык жана борбор азиялык музыканттардын шоусу, йога менен машыгуу, бий жана башка иш-чаралар...",NOT_RELEVANT,,NOT_RELEVANT,,,,ky_1,
KY-F01756,,KY,Azattyk,https://www.azattyk.org/a/1232589.html,2004-12-17,Кыргызстанда уран калдыктарын коопсуздугу гранттар аркылуу ишке ашууда,"БИШКЕК. Бүгүн Жогорку Кеңештин Эл өкүлдөр жыйыны Кыргызстандагы уран калдыктары сакталган жайларды коопсуздандыруу жана бул максаттарга бөлүнгөн гранттарды пайдалануунун абалы тууралуу Экология жана күтүүсүз кырдаалдар министри Темирбек Акматалиевдин маалыматын угуп, канагаттандырарлык баа...",NOT_RELEVANT,,NOT_RELEVANT,,,,gold,IAA adjudicated gold
KY-F01853,,KY,Azattyk,https://www.azattyk.org/a/25351775.html,2014-04-16,Кеч болсо да майрамдалган Нооруз,"Базаркоргондун тоолу Кызыл-Үңкүр айылынын тургундары Нооруз майрамын 21-марта эмес, апрелдин орто ченинде белгилешет. Анткени аймактын климаттык шарты ушуну талап кылат. Жаз өкүмүн жаңыдан сүрүп, жыл жаңырган айылдагы саамалыктан кабарчыбыз Руслан Калматовдун репортажында.",NOT_RELEVANT,,NOT_RELEVANT,,,,ky_2,
KY-F00275,,KY,Azattyk,https://www.azattyk.org/a/1208669.html,2003-04-27,В КЫРГЫЗСТАНЕ ПРОДОЛЖЕТСЯ СХОД ОПОЛЗНЕЙ,"БИШКЕК, 27 апреля. Вчера вечером на 76-километре автодороги Ош-Хорог сошел оползень. Никто не пострадал, однако трасса была закрыта. В настоящее время там ведутся работы по очистке завалов. Сообщение об этом было получено сегодня из оперативного отдела министерства экологии и чрезвычайных...",NOT_RELEVANT,,NOT_RELEVANT,,,,ky_1,
KY-F00537,,KY,Azattyk,https://www.azattyk.org/a/32682641.html,2023-11-13,Сицилияда Этна жанар тоосу атыла баштады,"Сицилияда Европадагы эң чоң Этна вулканы атыла баштады. Италиянын жанар тоолорду изилдеген институту лава түштүк-чыгыш тарабындагы кратерден атылганын маалымдады. Күл аралаш чаң, кум деңизден 4 жарым миң метр бийиктикке көтөрүлдү. Жанар тоодон атылган күл аралдын чыгышында, Катания-Мессина кан...",NOT_RELEVANT,,NOT_RELEVANT,,,,ky_2,
KY-R00441,,KY,Azattyk,https://www.azattyk.org/a/31448638.html,2021-09-08,"""Үч улуттун кубогундагы"" урунттуу учурлар","""Үч улуттун кубогу"" эл аралык футбол мелдешинин акыркы оюну 7-сентябрда Бишкек шаарындагы Дөлөн Өмүрзаков атындагы стадиондо өтүп, беттеште Кыргызстан курамасы Бангладешти 4-1 эсеби менен утту.",NOT_RELEVANT,,NOT_RELEVANT,,,,ky_1,
KY-F02190,,KY,Azattyk,https://www.azattyk.org/a/2110473.html,2010-07-27,Т.Тургуналиевге мамлекеттик кызмат сунушталууда,"Бул тууралуу “Азаттыкка” Айлана-чөйрөнү коргоо жана токой чарбасы агенттигинин мурдагы жетекчиси Топчубек Тургуналиев билдирди. Анын айтымында ага президенттин саясий маселелер боюнча кеңешчиси кызматы сунушталган. Ал өз сөзүндө президенттин саясий кеңешчиси болууга макул экенин, ал кызматка...",NOT_RELEVANT,,NOT_RELEVANT,,,,ky_1,
KY-C00102,,KY,24.kg,https://24.kg/kyrgyzcha/158259_shayloo-2020_onlayn-uguttoo_ishnbsparaketi_myiyzamda_karalgan_emes/,2020-07-03,Шайлоо-2020. Онлайн-үгүттөө иш аракети мыйзамда каралган эмес - | 24.KG,"БШК шайлоого катыша турган партияларга онлайн-үгүттөө иш-аракеттерин өткөрүүгө жол бербейт, себеби бул формат мыйзамда каралган эмес.",NOT_RELEVANT,,NOT_RELEVANT,,,,ky_1,
KY-R00567,,KY,Azattyk,https://www.azattyk.org/a/1223395.html,2004-05-07,'Жол картасы' аттуу тынчтык планы дагы колдонулушу мүмкүн,"Кечээ күнү Йорданиянын падышасы менен жолуккандан кийин, АКШ президенти Жорж Буш Жакынкы Чыгыш маселесин касташкан тараптар сүйлөшүү аркылуу чечүүгө тийиш деп билдирди. Анын айтымында, ""Жол картасы"" аттуу эл аралык план аткарылууга тийиш. Ошол эле учурда, Буш жөөт премьер-министри Ариел Шарондун...",NOT_RELEVANT,,NOT_RELEVANT,,,,ky_2,
KY-R00621,,KY,Azattyk,https://www.azattyk.org/a/1225425.html,2004-06-25,Маңзаттар өрттөлдү,"ОШ. Бул иш-чара 26-июнь маңзаттарды пайдаланууга, таркатууга жана айландырууга каршы күрөшүүнүн эл аралык күнүнө карата уюштурулду. Ага Ош облустук ички иштер башкармалыгынын алдындагы маңзаттарды сактоо жана жок кылуу комиссиясынын мүчөлөрү, өрттөлчү маңзаттарга тиешелүү документтерди түзгөн...",NOT_RELEVANT,,NOT_RELEVANT,,,,ky_1,
KY-F00027,,KY,Azattyk,https://www.azattyk.org/a/27262342.html,2015-09-22,Өзгөндө автоунаага катылган бүркүт бошотулду,Бүркүт Кара-Кулжа районундагы Ой-Тал айлынын тургуну Сүйүнаалы Арыкбаевдин унаасынан табылган. Бул тууралуу Экология жана техникалык коопсуздук боюнча мамлекеттик инспекциянын Өзгөн райондук башкармалыгы маалымдады. Аталган башкармалык Сүйүнаалы Арыкбаевдин автоунаасын текшерген учурда жүк...,NOT_RELEVANT,,NOT_RELEVANT,,,,gold,IAA adjudicated gold
KY-F02333,,KY,Azattyk,https://www.azattyk.org/a/24932446.html,2013-03-19,Өкмөт башчы Кыргызстанда инвестициялык климат начарлаганын айтты,"Мындай пикирин өкмөт башчы Жантөрө Сатыбалдиев бүгүн Бизнес жана инвестицияны өнүктүрүү кеңешинин жыйынында белгиледи. Сатыбалдиев соңку учурда өкмөткө көп сын айтылып жатканын, чындыгында эле бизнес жаатында өнүгүү байкалбай турганын кошумчалап, чет элден инвестиция тартуу абдан оор болуп...",NOT_RELEVANT,,NOT_RELEVANT,,,,ky_1,
KY-R00268,,KY,Azattyk,https://www.azattyk.org/a/25143020.html,2013-10-21,Нетаньяху Иранга кысымды күчөтүүгө үндөдү,"Израилдин өкмөт башчысы Беньямин Нетаньяху эл аралык коомчулукту Иранга кысымды күчөтүүгө үндөдү. Жекшембиде кабинеттин жыйынында премьер Тегеран атомдук программасы боюнча “сөздөрдөн иштерге өтмөйүнчө” санкциялар алынбашы керек деди. Нетаньяхунун айтымында, Иран аскердик атомдук программасын...",NOT_RELEVANT,,NOT_RELEVANT,,,,ky_2,
KY-F01009,,KY,Azattyk,https://www.azattyk.org/a/27878474.html,2016-07-25,Кара-Балтадагы “Жунда” заводуна айыппул салынды,"Кара-Балтадагы “Жунда” мунайды кайра иштетчү заводуна оңдоо иштерин жүргүзүүдө техникалык эрежелерди сактабаганы үчүн административдик айыппул салынды. Бул тууралуу Техникалык жана экологиялык коопсуздук боюнча мамлекеттик инспекциядан кабарлашты. Маалыматка ылайык, аталган заводдо оңдоо иштерин...",NOT_RELEVANT,,NOT_RELEVANT,,,,ky_2,
KY-R00618,,KY,Azattyk,https://www.azattyk.org/a/1273376.html,2007-10-10,8:11 Кыргыз-орус өкмөт аралык комиссиянын жыйыны 12-октябрда Бишкекте болот,Бул үчүн 11-октябрда Кыргызстанга Россиянын өзөктүк өнөр жай агенттигинин башчысы Сергей Кириенко келет. Ал ошондой эле кыргыз-орус өкмөт аралык комиссиянын орус тарабынын жетекчиси. Өкмөттөр аралык комиссиянын жыйыны 12-октябрда болмокчу.(AiT),NOT_RELEVANT,,NOT_RELEVANT,,,,ky_1,
KY-F00443,,KY,Azattyk,https://www.azattyk.org/a/2349407.html,2011-03-25,Кыргызстан ИКУ менен кызматташууну кеңейтүүгө кызыкдар,"Бүгүн президент Роза Отунбаева Бишкекте Ислам Конференция уюмунун (ИКУ) баш катчысы Экмеледдин Ихсаноглу менен жолукту. Анда тараптар саясий, экономикалык, гуманитардык жана туризм жаатында алака-катышты өнүктүрүү маселелерин талкуулашты. Билим берүү, агрардык жана экологиялык долбоорлорду ишке...",NOT_RELEVANT,,NOT_RELEVANT,,,,ky_2,
KY-F02063,,KY,Azattyk,https://www.azattyk.org/a/1221910.html,2004-03-31,Кипрди бириктирүү боюнча сүйлөшүүлөр уланып жатат,Швейцариянын Бюргенсток курортунда Кипрди бириктирүү боюнча сүйлөшүүлөр уланып жатат. БУУнун сүрөөнчүлүгү астындагы сүйлөшүүлөргө аралдын грек жана түрк жамааттарынын жетекчилеринен тышкары Түркия менен Грекиянын өкмөт башчылары да катышып жатат. Кечээ кечинде түрк жана грек премьерлери...,NOT_RELEVANT,,NOT_RELEVANT,,,,ky_1,
KY-R00320,,KY,Azattyk,https://www.azattyk.org/a/31258398.html,2021-05-17,Мьянмада аскердик режимге каршы топ менен жоокерлер кагылышты,"Мьянманын Миндат шаарында аскерлер менен кагылышууда бери дегенде беш адам каза болуп, дагы бешөө кармалды. Бул тууралуу Франциянын Эл аралык радиосу Чин мамлекеттик боштондук күчтөрүнүн козголоңчуларына таянып билдирди. Индиянын баш калаасынан анча алыс эмес жайгашкан Миндат калаасында...",NOT_RELEVANT,,NOT_RELEVANT,,,,gold,IAA adjudicated gold
KY-F00995,,KY,Azattyk,https://www.azattyk.org/a/28728939.html,2017-09-11,Кумтөр боюнча экологиялык макулдашууга кол коюлду,"Бүгүн кыргыз өкмөтү менен «Центерра Голд Инк.» компаниясынын ортосунда айлана чөйрөнү коргоо жана инвестицияны өнүктүрүү боюнча макулдашууга кол коюлду. Өкмөттүн маалымат кызматынан кабарлашкандай, келишим «Кумтөр» долбоорун ишке ашырууда экологиялык абалды жакшыртууга шарт түзөт. «Центерра...",NOT_RELEVANT,,NOT_RELEVANT,,,,ky_1,
KY-R00262,,KY,Azattyk,https://www.azattyk.org/a/24566992.html,2012-05-02,"Бек Исраилов ""Жаңы толкунда"" ырдайт","Жыл сайын өткөрүлүүчү эл аралык “Жаңы толкун” сынагына бул жолу Кыргызстандын атынан Бек Исраилов катышат. MiT (22-апрель, 2012-жыл)",NOT_RELEVANT,,NOT_RELEVANT,,,,ky_1,
KY-F01276,,KY,Azattyk,https://www.azattyk.org/a/2334491.html,2011-03-11,Жо Байден Орусияны бизнес климатты жакшыртууга чакырды,"АКШнын вице-президенти Жо Байдендин айтымында, коррупция жана мыйзам бузуулар - Орусияга инвестиция келиши үчүн “башкы тоскоолдуктар”. Ал Москва университетинде сүйлөгөн учурунда АКШ администрациясы Орусиянын Дүйнөлүк соода уюмуна кирүү мүдөөсүн бекем колдоорун, соода боюнча Кансыз согуш доорун...",NOT_RELEVANT,,NOT_RELEVANT,,,,ky_2,
KY-F01398,,KY,Azattyk,https://www.azattyk.org/a/28669407.html,2017-08-10,Асман алдында көрсөтүлгөн тасма баяны,"Бишкекте Э.Гареев атындагы ботоникалык бакта ачык асман алдында эко-кино көрсөтүлүп жатат. 10-августа башталган иш-чарада француз фотографы, экологу Ян Артюс –Бертрандын Жер шарындагы экологиялык көйгөйлөр тууралуу тарткан “Үй” фильми сунушталды. Кийинки кино жума күнү тартууланат.",NOT_RELEVANT,,NOT_RELEVANT,,,,ky_2,
KY-R00273,,KY,Azattyk,https://www.azattyk.org/a/28032928.html,2016-10-05,Брюсселде Ооганстан боюнча конференция башталууда,"Брюсселде донор-мамлекеттердин Ооганстан боюнча эл аралык конференциясы башталды. Президент Ашраф Гани баштаган ооган жетекчилери жана 70 өлкөнүн өкүлдөрү миллиарддаган доллар жардам берүү маселесин талкуулашмакчы. Ал үчүн Кабул коррупцияны ооздуктоо, каражатты сарамжалдуу пайдалануу, саясий...",NOT_RELEVANT,,NOT_RELEVANT,,,,gold,IAA adjudicated gold
KY-F00506,,KY,Azattyk,https://www.azattyk.org/a/28625050.html,2017-07-19,Гаага соту Орусияны 5 миллион евро төлөөгө милдеттендирди,"Гаагадагы арбитраждык сот 2013-жылы сентябрда Баренц деңизинде ""Гринпис"" (Greenpeace) экологиялык уюмунун ""Арктик Санрайз"" (Arctic Sunrise) кемесин токтоткону үчүн орус бийлигин Нидерландга компенсация төлөөгө милдеттендирди. Компенсация 5,5 миллион еврону түзөт. Сот чечимине ылайык, орус...",NOT_RELEVANT,,NOT_RELEVANT,,,,ky_2,
KY-F01795,,KY,Azattyk,https://www.azattyk.org/a/1229782.html,2004-10-10,БУШ МЕНЕН КЕРРИ ЭКИНЧИ ТЕЛЕАЙТЫШ ӨТКӨРҮШТҮ,"АКШ президенти Жорж Буш жана анын жакындап калган шайлоодогу башкы атаандашы, демократ Жон Керри жума күнү кечинде экинчи телетаймашка чыгышты. Бул ирет алар ички саясат, жумуш орундары, салык, айлана-чөйрөнү коргоо маселелерин талдашмак. Бирок өткөн аптадагы алгачкы таймаштагыдай эле Ирак темасы кайрадан үстөмдүк кылып кетип, дал ушул маселе телеайтыштын мүнөзүн курчутту.",NOT_RELEVANT,,NOT_RELEVANT,,,,ky_2,
KY-F00310,,KY,Azattyk,https://www.azattyk.org/a/1275266.html,2007-11-18,"КУМТӨР: АЛТЫН АЗГЫРЫГЫ, УУЛАНГАН ТАБИЯТ (сүрөт баян)","Акшыйрак тоо кыркасынын түндүк-батыш тарабынан орун алган “Кумтөр” алтын кени советтик геологдор тарабынан 1978-жылы ачылганы менен аны иштетүү 1997-жылдан башталган. Ушу тапта дүйнөдөгү эң ири кендердин бири эсептелген “Кумтөрдө” 2 миң ашуун жумушчу иштейт. Деңиз деңгээлинен 4 миң 400 метр бийиктикте жайгашкан алтын кен комбинаты 182 тоннадан ашуун алтын казып, андан аркыл төлөмдөр, салык эсебинен Кыргызстанга 750 миллион доллар акча түшкөн. Быйыл комбинат 9 тоннадан ашуун алтын казып алууну көздөөдө. “Кумтөр” алтын кен комбинатынын аялуу проблемасы экология, жардыруудан чыккан чаңдардан эриген мөңгүлөр, бузулган тоо, уулуу зат калдыктары сакталган жайдын абалы болууда.",NOT_RELEVANT,,NOT_RELEVANT,,,1,ky_2,"Kumtor mining pollution, not climate"
KY-R200023,,KY,Azattyk,https://www.azattyk.org/a/33390635.html,2025-04-20,ӨКМ экологияны калыбына келтирүүгө 52 млн доллар бөлүнөрүн билдирди,"Кыргызстанда RESILAND CA+ аттуу ири экологиялык демилге ишке кирди. Бул программа табигый кырсыктарды алдын алууга, жаратылышты коргоого жана коңшу өлкөлөр менен кызматташууну бекемдөөгө багытталган. ӨКМдин билдиришинче, долбоордун алкагында экологияны калыбына келтирүүгө 52 млн доллар бөлүнөт....",NOT_RELEVANT,,RELEVANT,POLICY,,,gold,IAA adjudicated gold
KY-F02362,,KY,Azattyk,https://www.azattyk.org/a/28946104.html,2017-12-29,Орусияда белгилүү экологду сабап кетишти,"Орусиянын Краснодар шаарында эколог-активист, коомдук ишмер Андрей Рудомаханы белгисиз адамдар катуу сабап кетишти. Ооруканага жеткирилгенден кийин анын мурду сынып, баш сөөгүнө жарака кеткени белгилүү болду. 53 жаштагы Андрей Рудомаха ""Түндүк Кавказ боюнча экологиялык вахта"" аттуу уюмдун...",NOT_RELEVANT,,NOT_RELEVANT,,,,ky_1,
KY-F01235,,KY,Azattyk,https://www.azattyk.org/a/30209412.html,2019-10-10,Кыргызстанда уулуу калдыктар сакталган 92 жай бар,Аларда 300 миллион тоннага жакын калдык жашырылган. Бул тууралуу Экологиялык жана техникалык коопсуздук боюнча мамлекеттик инспециянын башчысынын орун басары Шайлообек Нарбеков парламентте уранга каршы мыйзам каралып жатканда билдирди. Жогорку Кеңеште уран жана торий кендерине геологиялык...,NOT_RELEVANT,,NOT_RELEVANT,,,,ky_2,
KY-C00230,,KY,24.kg,https://24.kg/kyrgyzcha/170857_sapar_isakovgo_mamleket_aralyik_izdoo_jaryiyalandyi/,2020-10-27,Сапар Исаковго мамлекет аралык издөө жарыяланды - | 24.KG,Мурдагы премьер-министр Сапар Исаковго мамлекеттер аралык издөө жарыяланды. Бул тууралуу Жаза аткаруу боюнча мамлекеттик кызмат (ЖАМК) билдирди.,NOT_RELEVANT,,NOT_RELEVANT,,,,ky_1,
KY-F02294,,KY,Azattyk,https://www.azattyk.org/a/29523630.html,2018-10-03,Экотехинспекциядагы мыйзамсыз иштер аныкталды,Экология жана техникалык коопсуздук боюнча мамлекеттик инспекциянын айрым мыйзамсыз иштери аныкталды. Бул тууралуу аталган инспекциянын мурунку басма сөз катчысы Анара Мамбеталиеванын кайрылуусунан кийин түзүлгөн комиссиянын жыйынтыгы боюнча президенттин басма сөз кызматы билдирди. Маалыматта...,NOT_RELEVANT,,NOT_RELEVANT,,,,ky_1,
KY-F02061,,KY,Azattyk,https://www.azattyk.org/a/25209988.html,2013-12-23,Еврокомиссия Сербияга 178 миллион евро берет,"Европа комиссиясы Сербия боюнча улуттук программаны жактырды. Ага ылайык, өлкөгө реформа жүргүзүү үчүн 178 миллион евро бөлүнмөкчү. Евробиримдикке кошулуу жараянына жардам иретинде бөлүнгөн акча мамлекеттик башкаруу, транспорт, энергетика, айлана-чөйрөнү коргоо жана айыл чарба тармактарындагы...",NOT_RELEVANT,,NOT_RELEVANT,,,,ky_1,
KY-C00018,,KY,24.kg,https://24.kg/kyrgyzcha/120523_deputat_murunku_prezidenti_karaloo_boyuncha_pikirin_ayttyi/,2019-06-13,Депутат мурунку президенти каралоо боюнча пикирин айтты - | 24.KG,Жогорку Кеңештин жыйынында депутат Анвар Артыков эл өкүлдөрүнүн экс-президент Алмазбек Атамбаевге карата айткан сындары боюнча пикирин айтты.,NOT_RELEVANT,,NOT_RELEVANT,,,,ky_2,
KY-F01655,,KY,Azattyk,https://www.azattyk.org/a/33366700.html,2025-03-25,"""Эненин тиши кариес болсо балага өтөт""","Акыркы жылдары балдардын тиши эрте кетип жатканы айтылып келет. Буга эмне себеп болууда? Тамак-аш сапатыбы, экологиянын бузулушубу же билим деңгээлинин түшкөнүбү? Эмне үчүн кош бойлуу аял тишине кам көрүшү керек? Эшикте ойногон балдардын тиши таза болобу?",NOT_RELEVANT,,NOT_RELEVANT,,,,ky_1,
KY-R00326,,KY,Azattyk,https://www.azattyk.org/a/1267975.html,2007-06-19,НАТОго ООГАНСТАНДА КООМДУН КОЛДООСУ КЕРЕК,"Ооганстанда НАТОну чалкеш абалга койгон маселелер, иштер көбөйдү. Эл аралык коалиция бир жагынан Кабулдагы өкмөттүн амирин тааныгысы келбеген аймактарды борбордук бийликке каратканга көмөк көрсөтүүдө. Экинчи жактан, ар кошкон ала-кула күчтөрдүн, баарыдан мурда талиптер менен ал-каидачылардын кооп-козголоңун баса албай, аларга кошуп кээде жергиликтүү калкты бөөдө чыгымга учуратып, мунусу үчүн акараат сөзгө кала баштады. Ооганстандагы бейпилдик озуйпасынын дал ушул эки өңүтү өткөн аптада Брюсселде болуп өткөн НАТОнун коргоо министрлери саммитинде атайын сөз болду.",NOT_RELEVANT,,NOT_RELEVANT,,,,ky_2,
KY-F00954,,KY,Azattyk,https://www.azattyk.org/a/1288302.html,2008-08-01,НАСА: МАРСТА СУУ БАР,"Тынчтыкбек Чоротегин, Прага, Аида Касымалиева, Бишкек АКШнын космосту иликтөө агенттиги НАСАнын билдиришинче, анын «Феникс Марс Ландер» (Phoenix Mars Lander) космос кемеси Марс планетасында суу бар экендигин тастыктады. Мындан алты жыл илгери эле Марста муз бардыгы аныкталган, бирок бул муз – сууга таандыкпы, же көмүр кычкыл заты менен байланыштуубу, бул суроонун жообу алигиче белгисиз болуп келген. Соңку маалымат, НАСАнын адистеринин оюнча, Марста табылган муздун тоңгон суу экендигин ырастоодо.",NOT_RELEVANT,,NOT_RELEVANT,,,,ky_2,
KY-R00667,,KY,Azattyk,https://www.azattyk.org/a/24769490.html,2012-11-13,"""Манас"" эпосу хинди тилинде жаңырды","Кыргызстандын бир катар жогорку окуу жайларынын өкүлдөрү Индиянын Жавахарлал Неру атындагы эң ири мамлекеттик университети өткөргөн эл аралык конференцияга катышып келди. Аталган университеттин Тил, адабият жана маданият факультети уюштурган бул конференция Улуу Жибек жолундагы билим, маданият...",NOT_RELEVANT,,NOT_RELEVANT,,,,ky_2,
KY-F00421,,KY,Azattyk,https://www.azattyk.org/a/31726386.html,2022-02-27,Байыркы континент табылды,40 миллион жыл мурдагы континенттин орду белгилүү болду. Ээриген мөңгүдөн байыркы аңчылык буюмдары табылды. Лингвисттер тавтологиянын жаңы кызматын аныкташты. Узаган аптадагы «Илим жаңылыктарын» сунуштайбыз.,NOT_RELEVANT,,NOT_RELEVANT,,,,ky_1,
KY-R200324,,KY,Azattyk,https://www.azattyk.org/a/1266658.html,2007-05-21,"ЖОЛ ЖАБЫК, КЕН ИШТӨӨДӨ, СҮЙЛӨШҮҮЛӨР ЖҮРҮҮДӨ","Барскоондогу экологиялык алааматтан бери 9 жыл өттү. Кырсыктан жапа чеккен элдин эки жылы алынбай калган түшүмүнүн акысы да толук төлөнө элек. Канадалык компания “Кумтөр” алтын кенинин мындан аркы тагдыры так аныкталмайынча калган акчаны төлөп берүүнү токтотуп койгон. Ушу тапта кыргыз өкмөтү менен канадалык компаниянын ортосунда сүйлөшүүлөр жүрүүдө. Жергиликтүү эл Башкы келишимди жокко чыгарып, жапа чеккендердин моралдык зыяндарын төлөп берүүнү талап кылып, кенге бараткан жолду эки жерден дагы тосуп салышты.",NOT_RELEVANT,,NOT_RELEVANT,,,,ky_2,
KY-R200053,,KY,Azattyk,https://www.azattyk.org/a/28508184.html,2017-05-25,Казакбаев: Рак козгоочу уулуу зат Бишкектин абасында жогору,Рак оорусун пайда кылуучу формальдегид заты Бишкектин абасында нормадан беш эсе жогору болууда. Борбор шаардын экологиялык абалына байланыштуу көйгөйдү көтөрүп чыккан Жогорку Кеңеш депутаты Руслан Казакбаев бүгүн парламент жыйынында сүйлөп жатып бул маселе өкмөт жана мэрия менен биргеликте...,NOT_RELEVANT,,NOT_RELEVANT,,1,,ky_2,
KY-R00462,,KY,Azattyk,https://www.azattyk.org/a/1239725.html,2005-06-09,Орусиянын коргоо министри Анжиян окуяларына эл аралык иликтөө салууга каршы чыкты,"Орусиянын коргоо министри Сергей Иванов Брюсселдеги жыйынга жөнөөр алдында бүгүн Өзбекстандын Анжиян шаарындагы кыргын тууралуу сүйлөп, анын себептерин Өзбекстандын өзүнүн бийлиги жана прокурорлору тергөөгө тийиш деп билдирди. Анын айтымында, окуяга эл аралык иликтөө салууга Маскөө каршы. Европа...",NOT_RELEVANT,,NOT_RELEVANT,,,,ky_2,
KY-F00807,,KY,Azattyk,https://www.azattyk.org/a/1210709.html,2003-06-15,Казак министрлери кайрадан кызматтарына дайындалууда,"Казак президенти Нурсултан Назарбаев бүгүн өкмөттүн кээ бир министрлерин өз орундарына кайрадан дайындады. Кайырбек Сулейменов ички иштер министри, Мухтар Алтынбаев коргоо министри, Жаксылык Кулекеев билим берүү жана илим министри, Айткүл Самакова экология министри, Владимир Школьник кубат...",NOT_RELEVANT,,NOT_RELEVANT,,,,ky_1,
KY-R00507,,KY,Azattyk,https://www.azattyk.org/a/3550614.html,2011-04-08,БУУ: 12-апрел - Космоско учуунун эл аралык күнү,"Улуттар уюмунун башкы ассамблеясы 12-апрелди адам космоско алгачкы жол салган күнү катары тааныган резолюцияны кабыл алды. ""1961-жылы 12-апрелде адам биринчи жолу космоско учкан. Ал Орусияда туулган советтик атуул Юрий Гагарин. Бул тарыхый окуя адамзаттын жалпы жетишкендиги үчүн космос...",NOT_RELEVANT,,NOT_RELEVANT,,,,ky_1,
KY-F01946,,KY,Azattyk,https://www.azattyk.org/a/27180439.html,2015-08-10,Тоодо жараланган орусиялык альпинисттер Ошко жеткирилди,Баткенде Ак-Сай капчыгайында тоого чыгып баратып жараланган 4 орусиялык альпинист тик учак менен Ош шаарына жеткирилди. Бул тууралуу 10-августта Коргоо министрлигинен кабарлашты. Cпортчулардын экөө денесинен жаракат алган. Окуя деңиз деңгээлинен 4 чакырым бийиктикте мөңгүнүн этегинде болгон....,NOT_RELEVANT,,NOT_RELEVANT,,,,gold,IAA adjudicated gold
KY-F01456,,KY,Azattyk,https://www.azattyk.org/a/32836924.html,2024-02-27,Бишкектин жака-белиндеги 47 жаңы конуштун 31и газдаштырылды,"Жаратылыш ресурстары, экология жана техникалык көзөмөл министринин орун басары Асел Раимкулова Бишкектин жака-белиндеги 47 жаңы конуштун 31и газдаштырылганын билдирди. Бул тууралуу ал Жогорку Кеңештин Отун-энергетикалык комплекс, жер казынасын пайдалануу комитетинин 27-февралдагы жыйынында...",NOT_RELEVANT,,NOT_RELEVANT,,,,ky_2,
KY-F02216,,KY,Azattyk,https://www.azattyk.org/a/29578302.html,2018-11-02,Өкмөттүн Кумтөр боюнча макулдашуусун аткаруу мөөнөтү аяктайт,"Бүгүн, 2-ноябрда өкмөттүн ""Кумтөр"" долбоору боюнча макулдашуусун аткаруу мөөнөтү аяктайт. Кумтөрдөгү экологиялык зыян үчүн кыргыз өкмөтү канадалык инвестор “Центерра Голдду” 2013-жылы сотко берип, 100 миллион доллар кенемте талап кылган. 2017-жылы ошол кездеги премьер-министр Сапар Исаковдун...",NOT_RELEVANT,,NOT_RELEVANT,,,,ky_1,
KY-C00107,,KY,24.kg,https://24.kg/kyrgyzcha/130384_uchnbspmamlekettik_oorukananyi_ozun-ozu_karjyiloogo_otkoruu_karaluuda/,2019-09-25,Үч мамлекеттик оорукананы өзүн-өзү каржылоого өткөрүү каралууда - | 24.KG,3 мамлекеттик оорукананы өзүн-өзү каржылоого өткөрүү каралууда. Бул тууралуу тегерек столдо Саламаттык сактоо министрлигинин Медициналык жардам жана дары-дармек саясаты башкармалыгынын өкүлү Кубанычбек Калмаматов билдирди.,NOT_RELEVANT,,NOT_RELEVANT,,,,ky_1,
KY-R200132,,KY,Azattyk,https://www.azattyk.org/a/2030702.html,2010-05-03,Мунай агымы АКШ буга чейин баштан кечирбеген экологиялык алаамат болушу мүмкүн,Бул тууралуу АКШ президенти Барак Обама билдирди. Ал кечээ “Бритиш Петролиум” компаниясынын Мексика булуңундагы мунай бургулоочу платформасында орун алган авариянын кесепеттери менен жеринде таанышуу үчүн Луизиана штатында болду. Кырсыктан мына ушул штат эң көп жабыр тартары күтүлүүдө. Обаманын...,NOT_RELEVANT,,NOT_RELEVANT,,,,ky_2,
KY-R00594,,KY,Azattyk,https://www.azattyk.org/a/33339465.html,2025-03-07,“Ош базары” көчүрүлгөндөн кийин ал жерде соода кылууга толук тыюу салынат,Бишкек шаарынын мэри Айбек Жунушалиев “Ош базары” көчүрүлө турган жаңы базар үч айдын аралыгында курулуп бүтөрүн жана азыркы аймакта соода кылууга толук тыюу салынарын билдирди. Бул тууралуу шаар мэри 6-мартта “Ош базарында” көчмө жыйын өткөргөн учурда айтты. “Эгерде өзүңөрдүн (ред:...,NOT_RELEVANT,,NOT_RELEVANT,,,,ky_1,
KY-F00608,,KY,Azattyk,https://www.azattyk.org/a/28012556.html,2016-09-26,БУУнун Башкы ассамблеясынын 71-сессиясы аяктайт,"Улуттар Уюмунун Башкы ассамблеясынын 71-сессиясы 13-сентябрда расмий ачылган. Анда туруктуу өнүгүү жолдору жана климаттын өзгөрүшүнө каршы күрөшүү маселелери талкууланды. Ошондой эле Сириядагы жаңжал, исламчыл экстремисттердин чабуулдары жана качкындардын көйгөйлөрү да ортого салынды....",NOT_RELEVANT,,NOT_RELEVANT,,,1,ky_2,UN GA session; climate one of several topics
KY-F01106,,KY,Azattyk,https://www.azattyk.org/a/1207462.html,2003-04-03,Ысыккөл облусунун жетекчилиги аймакты жашылдандыруу тууралуу буйрук чыгарды,"КАРАКОЛ. Буйрукка ылайык облустун аймагын жашылдандыруу, көрктөндүрүү, айлана-чөйрөнүн экологиялык абалын, микроклиматын, токой тилкелерин түзүүнү жакшыртуу, сел жана жер көчкүлөрүн алдын алуу иштери колго алынат. Бул иш-чараларды өткөрүш үчүн курамы 27 адамдан турган облустук штаб түзүлдү....",NOT_RELEVANT,,NOT_RELEVANT,,,1,ky_2,"regional greening, no climate frame"
KY-F00793,,KY,Azattyk,https://www.azattyk.org/a/24242473.html,2011-06-22,Пан Ги Мун БУУнун баш катчылыгына кайрадан шайланды,"БУУнун Башкы ассамблеясы Пан Ги Мунду дагы бир мөөнөткө уюмдун баш катчылыгына шайлады. 67 жаштагы түштүк кореялык дипломаттын климаттык өзгөрүүлөр, өзөктүк куралсыздандыруу, аялдар маселесин чечүүдөгү иштери жогорку баага арзып, ошол эле маалда Кытай жана Орусия өңдүү ири мамлекеттердеги адам...",NOT_RELEVANT,,NOT_RELEVANT,,,,ky_1,
KY-R00156,,KY,Azattyk,https://www.azattyk.org/a/1620078.html,2009-05-02,Бишкекте астма борбору ачылат,"Борбор 5-май астма менен күрөшүүнүн эл аралык күнүнө карата 6-майда ачылат. Кыргызстанда астма менен ооруган сегиз жарым миң адам расмий каттоого алынган. Дарыгерлер иш жүзүндө оорулуулардын саны мындан бир нече эсе көп, алар өз ден соолугуна көңүл буруп, каттоого турбагандыктан так саны...",NOT_RELEVANT,,NOT_RELEVANT,,,,ky_1,
KY-F01092,,KY,Azattyk,https://www.azattyk.org/a/29608566.html,2018-11-19,Бишкекте абанын булганышы нормадан ашканын расмий тарап төгүндөдү,"Бишкек шаарында абанын булганышы тийиштүү нормадан ашып кеткени тууралу маалыматты Айлана-чөйрөнү коргоо жана токой чарба мамлекеттик агенттиги төгүндөп жатат. ""Move Green"" коомдук кыймылы Бишкектеги аба нормадан 20 эсе көп кирдегенин кабарлаган. Бирок Айлана-чөйрөнү коргоо жана токой...",NOT_RELEVANT,,NOT_RELEVANT,,1,,ky_2,
KY-R00678,,KY,Azattyk,https://www.azattyk.org/a/1240184.html,2005-06-23,Брюсселде Иракка байланыштуу эл аралык конференция өтүп жатат,"Ага сексенден ашуун өлкөнүн тышкы иштер министрлери, Арап мамлекеттер лигасынын, эл аралык финансы уюмдарынын өкүлдөрү катышууда. Конференцияны ачып жатып, ООНдун баш катчысы Кофи Аннан эл аралык коомчулук Ирак өкмөтүн жана элин колдойт, коопсуздук кеңешинин резолюциясына ылайык бул өлкөнү кайра...",NOT_RELEVANT,,NOT_RELEVANT,,,,ky_2,
KY-R200341,,KY,Azattyk,https://www.azattyk.org/a/1263460.html,2007-03-19,15:00 Жаштар оппозиция менен бийликти сүйлөштүрүүгө камынууда,"Айрым жаштар уюмдары өлкөдөгү саясий кырдаалга байланыштуу кабатырлануусун билдирүүдө. Жаш саясатчылар форуму, “Келкел”, “Жашыл Кыргызстан” экологиялык жаштар кыймылы, “Асаба” партиясынын жаш канатынын өкүлдөрү баш болгон онго жакын уюм биригип, мамлекеттеги туруктуулук үчүн оппозиция менен...",NOT_RELEVANT,,NOT_RELEVANT,,,,gold,IAA adjudicated gold
KY-R200203,,KY,Azattyk,https://www.azattyk.org/a/26868535.html,2015-02-25,Балыкчы шаарында тарыхый-мемориалдык комплекс курулат,"Балыкчы шаарынын кире беришине, азыркы экологиялык пост турган жерге этно-тарыхый мемориалдык комплекс курулат. Анын долбоорун тандап алуу боюнча сынак бүгүн Каракол шаарында өттү. Комиссиянын кароосуна 12 долбоор коюлду. Талапка ылайык, комплекске облустагы туристтик жайлар боюнча маалымат...",NOT_RELEVANT,,NOT_RELEVANT,,,,gold,IAA adjudicated gold
KY-F01815,,KY,Azattyk,https://www.azattyk.org/a/1286213.html,2008-06-17,7:55 Жогорку Кеңештин комитетинде Ош облусунда жер титирөөдөн жабыркагандарга жардам көрсөтүү маселеси каралат,"Парламент ал боюнча буга чейин атайын токтом кабыл алган. Жогорку Кеңештин жер-агрардык маселелер жана экология, регионалдык өнүктүрүү жана жергиликтүү өзүн-өзү башкаруу комитеттеринин биргелешкен жыйынында мына ошол токтомдун аткарылышы талкууланат. Депутаттарга ал боюнча биринчи...",NOT_RELEVANT,,NOT_RELEVANT,,,,ky_2,
KY-F02080,,KY,Azattyk,https://www.azattyk.org/a/31506325.html,2021-10-13,Бишкектеги жаңы конушта эко-фестиваль өттү,"Бишкек четиндеги таштанды талаасына жакын Алтын Казык жаңы конушунда ""Trash-3: искусство+экология"" аттуу эко-фестивалдын жыйынтыктоочу күнү 12-октябрда болду. Эколог-активисттердин демилгеси менен үч айдан бери таштандыдан атайын материалдар топтолуп, он инсталляция жасалган, катышуучулар...",NOT_RELEVANT,,NOT_RELEVANT,,,,ky_2,
KY-C00238,,KY,24.kg,https://24.kg/kyrgyzcha/143135_elnbsparalyik_terrorduk_toptun_okulu_karmaldyi_/,2020-02-10,Эл аралык террордук топтун өкүлү кармалды - | 24.KG,УКМК Эл аралык террордук топтун өкүлү кармады. Бул тууралуу мекемеден билдиришти.,NOT_RELEVANT,,NOT_RELEVANT,,,,ky_1,
KY-C00223,,KY,24.kg,https://24.kg/kyrgyzcha/182979_bishkek_merinin_mildetin_atkaruuchu_bakyit_kudaybergenov_algachkyi_ish-charalaryin_ayttyi/,2021-02-10,Бишкек мэринин милдетин аткаруучу Бакыт Кудайбергенов алгачкы иш-чараларын айтты - | 24.KG,Бишкек шаарынын мэринин милдетин аткарууга Бакыт Кудайбергенов дайындалды. Бул тууралуу буйрукка бүгүн премьер-министр Улукбек Марипов кол койду.,NOT_RELEVANT,,NOT_RELEVANT,,,,ky_2,
KY-F01381,,KY,Azattyk,https://www.azattyk.org/a/30124611.html,2019-08-23,«Кара жыгач токою – Экологиялык парк» аттуу фестиваль өтөт,"Бишкекте «Кара жыгач токою – Экологиялык парк» аттуу фестиваль өтөт. Аны Борбор Азиядагы Америка Университети, Бишкек мэриясы жана Кыргыз-Француз экотуризм биримдиги өткөрүп жатат. Иш-чаранын алкагында Кара жыгач токою жөнүндө даректүү тасма көрсөтүлүп, балдарга, өспүрүмдөргө ылайыкталган...",NOT_RELEVANT,,NOT_RELEVANT,,,,ky_2,
KY-C00369,,KY,24.kg,https://24.kg/kyrgyzcha/172919_kyirgyizstan_elnbsparalyik_biznes_jana_investitsiya_jaatyinda_yingaysyiz_olkogo_aylanuuda_/,2020-11-13,Кыргызстан эл аралык бизнес жана инвестиция жаатында ыңгайсыз өлкөгө айланууда - | 24.KG,Октябрдагы окуялардан кийин Кыргызстанда инвестициялык кырдаал өтө начар. Бул тууралуу Казак-немец университетинин профессору Рустам Бурнашев билдирди.,NOT_RELEVANT,,NOT_RELEVANT,,,,ky_2,
KY-F01452,,KY,Azattyk,https://www.azattyk.org/a/1212588.html,2003-08-06,ЭКОЛОГИЯ ЖАНА ӨЗГӨЧӨ КЫРДААЛДАР МИНИСТРЛИГИНЕ БЫЙЫЛ ИШ КӨП БОЛЧУДАЙ,"Аманбек Дилденбай, Бишкек Кыргызстанда аба ырайынын кескин өзгөрүшү менен кар көчкү, суу ташкыны, жер көчкү сыңары табигый кырсыктар күч алып, бир топ материалдык чыгым алып келди. Табигый кырсыктар жана алардын алдын алуу боюнча кандай иш-чаралар жасалып жатканын билиш үчүн Экология жана өзгөчө кырдаалдар министрлигине, айрым бейөкмөт уюмдардын өкүлдөрүнө кайрылдык.",NOT_RELEVANT,,NOT_RELEVANT,,,1,ky_1,"Ecology/emergency ministry, weather change"
KY-F01179,,KY,Azattyk,https://www.azattyk.org/a/27034776.html,2015-05-25,Парламентте депутат Самаковдун иши боюнча жумушчу топ түзүлдү,"Жогорку Кеңештин депутаты Карганбек Самаковго козголгон кылмыш иштин мыйзамдуулугун аныктоо боюнча жумушчу топ түзүлдү. Мындай чечим парламенттин Агрардык саясат, суу ресурстары, экология жана региондук өнүгүү боюнча комитетинде кабыл алынды. Жумушчу топ түзүүнү Самаков өзү суранган. Жогорку...",NOT_RELEVANT,,NOT_RELEVANT,,,,ky_1,
KY-F00969,,KY,Azattyk,https://www.azattyk.org/a/1213222.html,2003-08-24,Румыния суунун тартыштыгынан улам атомдук электр станциясын токтотту.,Өлкөнүн экономика жана соода министри Дан Иоан Попеску “Дунай дарыясында суунун деңгээли мурда болуп көрбөгөндөй төмөндөп кеткенге байланыштуу” атомдук станциянын реакторун муздатканга суу жетпей калды деп билдирди. Румын өкмөтү суу тартыштыгына каршы күрөшүү үчүн атайын комиссия түздү.,NOT_RELEVANT,,RELEVANT,WATER_CRYO,,1,ky_1,Romania river water scarcity/drought
KY-R00317,,KY,Azattyk,https://www.azattyk.org/a/1258831.html,2006-12-10,ОРУСИЯДА АДАМ УКУГУНУН АБАЛЫ АЛЫМСЫНДЫРБАЙТ,"Муса Мураталиев, Маскөө калаасы 10-декабрь - Адам укугунун эл аралык күнү. Орусияда анализчилер кийинки учурда адам укугунун абалы кескин оорлоп кеткенин белгилешүүдө. ИНТЕРФАКС агенттигине берген маегинде «Мемориал» борборунун жетекчиси Олег Орлов шайлоо мыйзамына кошулган жаңы толуктолор, пенсионерлер менен майыптарга жеңилдиктердин бузулушу, армиядагы жагдай, түрмөлөрдөгү абал, качкындар маселеси, Түндүк Кавказдагы кырдаал адам укуктарына капкан салуу болду деген.",NOT_RELEVANT,,NOT_RELEVANT,,,,ky_1,
KY-F00315,,KY,Azattyk,https://www.azattyk.org/a/1217664.html,2003-12-19,БОРБОР АЗИЯДА ЭКОЛОГИЯЛЫК КЫРДААЛ ОПУРТАЛДУУ,18-декабрда Бишкекте Борбор Азиядагы күтүүсүз кырдаалдардын алдын-алууга даярдык көрүү жана экологиялык коопсуздук» аттуу эл аралык конференция ишин баштады. Европадагы коопсуздук жана кызматташтык уюмунун көмөгү менен өтүп жаткан бул конференцияда Борбор Азиядагы тоолуу эки өлкө - Кыргызстан менен Тажикстандагы экологиялык кырдаал жана анын алдын-алуу көйгөйлөрү талкууланууда.,NOT_RELEVANT,,NOT_RELEVANT,,,,ky_1,
KY-F01318,,KY,Azattyk,https://www.azattyk.org/a/1285389.html,2008-06-01,ТОО БУЗУЛУП ЧӨЛ БОЛДУ...,"Доорубуздун таланттуу сөз чебери Чыңгыз Айтматовдун чыгармаларында адам-табият маселеси терең философиялык деңгээлде чагылдырылган. Жазуучунун экологиялык --> http://rfe.azattyk.org/rubrics/economics/ky/2008/05/FCC15A2D-F642-4100-9487-D09CD67734AA.asp кабатыр ойлорунун текши баары чынга чыгып, ушу тапта Кыргызстан, жаамы дүйнө жаратылышка карата өзүмчүл мамиленин залакасынан жапа чегүүдө. “Бетме-бет” талкуусунун кезектеги чыгарылышы ушул маселеге арналып, ага философия илим доктору, профессор Осмон Тогусаков жана философия илим кандидаты, доцент Назгүл Акматова катышат. Талкууну Бекташ Шамшиев уюштурду.",NOT_RELEVANT,,NOT_RELEVANT,,,,gold,IAA adjudicated gold
KY-F01131,,KY,Azattyk,https://www.azattyk.org/a/25307421.html,2014-03-24,Крымдын айрым жерлеринде электр жок,"Крымдын айрым жерлеринде жекшембиден бери электр жок. Жергиликтүү электр бөлүштүрүүчү ишкана ""энергия Украинадан келчү зымдагы техникалык мүчүлүштүктөн улам үзгүлтүккө учурап жатат"" деди. Жарым аралдын тургундары Крымдын бир нече шаарында, анын ичинде борбор калаа Симферополдо, электр кубаты...",NOT_RELEVANT,,NOT_RELEVANT,,,,ky_2,
KY-F01423,,KY,Azattyk,https://www.azattyk.org/a/26975455.html,2015-04-24,Бүгүн Бишкекте үчүнчү билим берүү фестивалы болот,"Иш - чараны “Роза Отунбаеванын демилгеси” коомдук фонду уюштурууда. Бул фестивал экологияга жана экологиялык билим берүүгө багытталган. Анын ичинде балдарды жана жаштарды айлана-чөйрөгө этияттык менен мамиле кылуу, жаратылыш ресурстарын үнөмдүү пайдалануу, экологиялык маданият - тазалыкты...",NOT_RELEVANT,,NOT_RELEVANT,,,,gold,IAA adjudicated gold
KY-C00095,,KY,24.kg,https://24.kg/kyrgyzcha/97119_duyshondun_mektebi_janyi_nookat_ayyilyinyin_okuuchularyi_karalbay_kalgan_uydo_okushat/,2018-09-26,Дүйшөндүн мектеби. Жаңы Ноокат айылынын окуучулары каралбай калган үйдө окушат - | 24.KG,Ош облусуна караштуу Ноокат районунун Жаңы Ноокат айылынын окуучулары тоо этегинде каралбай калган үйдө билим алышат. Бул тууралуу 24.kg агенттигине окурмандар билдиришти.,NOT_RELEVANT,,NOT_RELEVANT,,,,ky_1,
KY-00281,,KY,24.kg,https://24.kg/kyrgyzcha/82011_laquoakyilduu_shaardyinraquo_akyilyi_toluk_kire_elek_video_kameralardyin_4nbspfunktsiyasyi_gana_bar/,2018-04-18,«Акылдуу шаардын» акылы толук кире элек. Видео камералардын 4 функциясы гана бар - | 24.KG,«Акылдуу шаар» долбоорунун алкагында орнотулган камераларда төрт функциясы гана бар. Бул тууралуу өкмөт башчысы Сапар Исаков 17-апрелде Жогорку Кеңеште билдирди.,NOT_RELEVANT,,NOT_RELEVANT,,,,ky_2,
KY-00516,,KY,24.kg,https://24.kg/kyrgyzcha/102009_turkiyada_kyirgyizstandyik_jarandar_jyilkyinyi_olturgondugu_uchun_karmalyishtyi/,2018-11-22,Түркияда кыргызстандык жарандар жылкыны өлтүргөндүгү үчүн кармалышты - | 24.KG,"Түркиянын Кайсери шаарында кыргызстандык жарандар, атасы менен уулу жылкыны өлтүргөндүгү үчүн кармалышты. Бул тууралуу haberturk жазып чыкты.",NOT_RELEVANT,,NOT_RELEVANT,,,,ky_1,
KY-00732,,KY,24.kg,https://24.kg/kyrgyzcha/82269_elnbsparalyik_izdoodo_jurgon_terrorchu_karmaldyi/,2018-04-20,Эл аралык издөөдө жүргөн террорчу кармалды - | 24.KG,Кыргызстанда эл аралык издөөдө жүргөн террорчу кармалды. Бул тууралуу УКМКнын басма сөз кызматы билдирди.,NOT_RELEVANT,,NOT_RELEVANT,,,,ky_1,
KY-00040,,KY,24.kg,https://24.kg/kyrgyzcha/147860_koronaviruska_shektelgen_bobokton_ildet_anyiktalbadyi/,2020-03-24,Коронавируска шектелген бөбөктөн илдет аныкталбады - | 24.KG,Коронавируска шектелген бөбөктөн илдет аныкталбады. Бул тууралуу маалымат жыйында коомдук саламаттыкты сактоо башкармалыгынын жетекчиси Айнура Акматова билдирди.,NOT_RELEVANT,,NOT_RELEVANT,,,,gold,IAA adjudicated gold
KY-00437,,KY,24.kg,https://24.kg/kyrgyzcha/69703_sapar_isakov_sochige_jonop_ketti_/,2017-11-30,Сапар Исаков Сочиге жөнөп кетти - | 24.KG,Премьер-министр Сапар Исаков Шанхай кызматташтык уюмунун өкмөт башчыларынын 16-жыйынына катышуу үчүн Сочиге жөнөп кетти. Бул тууралуу анын маалымат кызматы билдирди.,NOT_RELEVANT,,NOT_RELEVANT,,,,ky_1,
KY-00424,,KY,24.kg,https://24.kg/kyrgyzcha/202253_samara_karimova_jol_kyirsyigyina_kabyilyip_oorukanaga_jatkyiryildyi/,2021-07-27,Самара Каримова жол кырсыгына кабылып ооруканага жаткырылды - | 24.KG,Ырчы Самара Каримова жол кырсыгына кабылды. Бул тууралуу маалыматты Жалал-Абад облустук Ички иштер башкармалыгынан билдиришти.,NOT_RELEVANT,,NOT_RELEVANT,,,,ky_2,
KY-00720,,KY,24.kg,https://24.kg/kyrgyzcha/134186_leylekte_bolgon_jol_kyirsyigyi_2nbspadamdyin_omurun_kyiydyi/,2019-11-05,Лейлекте болгон жол кырсыгы 2 адамдын өмүрүн кыйды - | 24.KG,Кечээ Баткен облусуна караштуу Лейлек районунун Шор-Кудук аймагында болгон кырсык 2 адамдын өмүрүн кыйды. Бул тууралуу Жол кыймылынын коопсуздугун камсыздоо башкармалыгынан билдиришти.,NOT_RELEVANT,,NOT_RELEVANT,,,,ky_2,
KY-00106,,KY,24.kg,https://24.kg/kyrgyzcha/114611_bishkekte_manaschyi_saparbek_kasmambetovdun_85nbspjyildyigyi_belgilenet_/,2019-04-11,Бишкекте манасчы Сапарбек Касмамбетовдун 85 жылдыгы белгиленет - | 24.KG,Бишкекте 12-апрелде көрүнүктүү манасчы жана төкмө акын Сапарбек Касмамбетовдун 85 жылдыгына арналган эл аралык илимий конференция болот. Бул боюнча уюштуруучулар билдиришти.,NOT_RELEVANT,,NOT_RELEVANT,,,,ky_1,
KY-00232,,KY,24.kg,https://24.kg/kyrgyzcha/95364_kyirgyizstanda_baldardyin_78nbsppayyizyi_mektepte_zombulukka_duushar_bolgonun_aytyishat/,2018-09-07,Кыргызстанда балдардын 78 пайызы мектепте зомбулукка дуушар болгонун айтышат - | 24.KG,Кыргызстанда балдардын 78 пайызы мектепте зомбулукка дуушар болгонун айтышат. Бул тууралуу БУУнун Балдар фондунун отчетунда маалымдалат.,NOT_RELEVANT,,NOT_RELEVANT,,,,ky_2,
KY-01276,,KY,24.kg,https://24.kg/kyrgyzcha/104342_sooronbay_jeenbekov_aleksey_vasilivetskiy_menen_emne_baylanyishtyiryip_turganyin_ayttyi/,2018-12-19,Сооронбай Жээнбеков Алексей Василивецкий менен эмне байланыштырып турганын айтты - | 24.KG,Сооронбай Жээнбеков бүгүн маалымат жыйында 2010-жылдан бери КСДПда иштеген Орусиялык Алексей Василивецкий менен эмне байланыштырып турганын айтып берди.,NOT_RELEVANT,,NOT_RELEVANT,,,,ky_1,
KY-00698,,KY,24.kg,https://24.kg/kyrgyzcha/77724_asyilbek_ozubekov_kyirgyiz_uluttuk_akademiyalyik_drama_teatryin_jetekteyt_/,2018-03-05,Асылбек Өзүбеков Кыргыз Улуттук академиялык драма театрын жетектейт - | 24.KG,"Эмгек сиңирген артист Асылбек Өзүбеков Токтоболот Абдымомунов атындагы Кыргыз Улуттук академиялык драма театрын жетектейт. Бул тууралуу Маданият, маалымат жана туризм министри билдирет.",NOT_RELEVANT,,NOT_RELEVANT,,,,ky_2,
KY-00605,,KY,24.kg,https://24.kg/kyrgyzcha/127172_kyirgyizstandyin_mamlekettik_karyizyi_4nbspmilliard_dollardan_ashtyi/,2019-08-22,Кыргызстандын мамлекеттик карызы 4 миллиард доллардан ашты - | 24.KG,"2019-жылдын 30-июнуна карата Кыргызстандын мамлекеттик (тышкы, ички) карызы 4 миллиард 471,91 миллион АКШ долларын (310 миллиард 765,75 миллион сомду) түздү. Бул тууралуу Каржы министрлигинен билдиришти.",NOT_RELEVANT,,NOT_RELEVANT,,,,ky_2,
KY-00274,,KY,24.kg,https://24.kg/kyrgyzcha/78117_kar_kochku_tushup_jabyilgan_bishkek-osh_jolu_achyildyi_/,2018-03-12,Кар көчкү түшүп жабылган Бишкек-Ош жолу ачылды - | 24.KG,Бишкек-Ош унаа жолу кар көчкүдөн тазаланды. Бул тууралуу Өзгөчө кырдаалдар министрлиги кабарлайт.,NOT_RELEVANT,,NOT_RELEVANT,,,,ky_1,
KY-01164,,KY,24.kg,https://24.kg/kyrgyzcha/213780_bshk_elektronduk_kapchyik_arkyiluu_dobush_satyip_aluuga_kozomol_jurguzot/,2021-11-16,БШК электрондук капчык аркылуу добуш сатып алууга көзөмөл жүргүзөт - | 24.KG,Борбордук шайлоо комиссиясы электрондук капчык аркылуу шайлоочулардын добушун сатып алуу коркунучун алдын алууга байланыштуу кеңешме өткөрдү.,NOT_RELEVANT,,NOT_RELEVANT,,,,gold,IAA adjudicated gold
KY-00640,,KY,24.kg,https://24.kg/kyrgyzcha/100229_novopokrovkanyin_turgunu_balasyina_tuulgandyigyi_tuuraluu_kuboluk_ala_albay_kelet_/,2018-10-31,Новопокровканын тургуну баласына туулгандыгы тууралуу күбөлүк ала албай келет - | 24.KG,Facebook социалдык түйүнүнүн колдонуучусу Наргиза Жумабекова Новопокровка айыл өкмөтү бир айдан бери балдарга туулгандыгы тууралуу күбөлүк бербей келет деп нааразычылыгын билдирген.,NOT_RELEVANT,,NOT_RELEVANT,,,,ky_1,
KY-00937,,KY,24.kg,https://24.kg/kyrgyzcha/107334_bugun_bishkektin_ayryim_aymaktaryinda_jaryik_ochot/,2019-01-28,Бүгүн Бишкектин айрым аймактарында жарык өчөт - | 24.KG,Бүгүн Бишкектин айрым көчөлөрүндө оңдоо иштерине байланыштуу электр жарыгы убактылуу өчүрүлөт. Бул тууралуу «Түндүк электр» ишканасынан билдиришти.,NOT_RELEVANT,,NOT_RELEVANT,,,,ky_1,
KY-00674,,KY,24.kg,https://24.kg/kyrgyzcha/187442_bishkekte_virus_menen_oorugandardyin_sanyi_osuudo_karantin_kutulboyt_/,2021-03-24,Бишкекте вирус менен ооругандардын саны өсүүдө. Карантин күтүлбөйт - | 24.KG,COVID-19дун үчүнчү толкуну Кыргызстанда баштала элек. Бул тууралуу 24.kg агенттигине саламаттыкты сактоо министри Алымкадыр Бейшеналиев билдирди.,NOT_RELEVANT,,NOT_RELEVANT,,,,ky_1,
KY-01203,,KY,24.kg,https://24.kg/kyrgyzcha/76149_nookattyiktar_tsement_zavodunun_ishine_karshyi_chyiguuda_/,2018-02-15,Ноокаттыктар цемент заводунун ишине каршы чыгууда - | 24.KG,Ош облусунун Ноокат районунун тургундары Түштүк цемент заводунун ишине каршы чыгышууда. Бул тууралуу Жогорку Кеңештин бүгүнкү отурумунда депутат Зиядин Жамалдинов билдирди.,NOT_RELEVANT,,NOT_RELEVANT,,,,ky_2,
KY-01252,,KY,24.kg,https://24.kg/kyrgyzcha/213274_ozbekstanda_prezidenttik_shayloodon_kiyin_soz_erkindigine_basyim_kuchodu/,2021-11-11,Өзбекстанда президенттик шайлоодон кийин сөз эркиндигине басым күчөдү - | 24.KG,Өзбекстанда бир күндүн ичинде бери дегенде эле үч блогер укук коргоо органдарына суракка чакырылды.,NOT_RELEVANT,,NOT_RELEVANT,,,,ky_1,
KY-00248,,KY,24.kg,https://24.kg/kyrgyzcha/128257_supermarkettin_janyindagyi_mushtash_okmot_bashchyi_chara_koruunu_talap_kyildyi/,2019-09-04,Супермаркеттин жанындагы мушташ. Өкмөт башчы чара көрүүнү талап кылды - | 24.KG,"Өкмөт башчы Саламаттык сактоо министрлигине жабыркагандарга квалификациялуу медициналык жардам көрсөтүүнү, зарыл дары-дармектер менен камсыздоо тапшырмасын берди.",NOT_RELEVANT,,NOT_RELEVANT,,,,ky_2,
KY-00241,,KY,24.kg,https://24.kg/kyrgyzcha/146111_koronavirus_parlamentte_deputattardyin_chet_olkogo_saparyin_toktotuu_sunushtaldyi_/,2020-03-11,Коронавирус. Парламентте депутаттардын чет өлкөгө сапарын токтотуу сунушталды - | 24.KG,Жогорку Кеңеште депутаттардын чет өлкөгө сапарын токтотуу сунушталды. Бул тууралуу Жогорку Кеңештин бүгүнкү жыйынында айтылды.,NOT_RELEVANT,,NOT_RELEVANT,,,,ky_1,
KY-00322,,KY,24.kg,https://24.kg/kyrgyzcha/155415_borbor_kalaada_laquobishkek-2020raquo_degen_jazuu_turondo_30nbspmin_gul_oturguzuldu/,2020-06-09,Борбор калаада «Бишкек-2020» деген жазуу түрөндө 30 миң гүл отургузулду - | 24.KG,Бишкек шаарындагы Чокан Валиханов көчөсүнүн боюнда «Бишкек-2020» жазуу түрүндө гүлдөр отургузулду. Бул тууралуу мэриянын Facebook баракчасында түз эфирде маалымдалды.,NOT_RELEVANT,,NOT_RELEVANT,,,,ky_1,
KY-00843,,KY,24.kg,https://24.kg/kyrgyzcha/96889_nikolay_prjevalskiydin_korustonunun_janyin_tashtandyiga_aylandyiryip_salyishtyi/,2018-09-24,Николай Пржевальскийдин көрүстөнүнүн жанын таштандыга айландырып салышты - | 24.KG,"«Музей комплексине кириш үчүн акы төлөнөт, бирок, музейдин айланасы таштанды. Азыркы тапта тарыхый жерлер үчүн ким жооптуу? Эмне үчүн улуу саякатчынын көмүлгөн жайы ушундай абалда?» — деп суроо салган окурман.",NOT_RELEVANT,,NOT_RELEVANT,,,,ky_2,
KY-01317,,KY,24.kg,https://24.kg/kyrgyzcha/187685_okmot_orusiyadan_oznbspbaasyinda_kumsheker_menen_osumduk_mayyin_alyip_kelatat/,2021-03-26,Өкмөт Орусиядан өз баасында кумшекер менен өсүмдүк майын алып келатат - | 24.KG,"Кыргызстан азык-түлүк базарындагы бааны турукташтыруу максатында Орусиядан кумшекер жана өсүмдүк майын өз баасында сатып алып, апрель айында өлкөгө алып келгени жатат. Бул тууралуу Айыл, суу чарбасы жана аймактарды өнүктүрүү министрлигинин басма сөз кызматынын өкүлү Темиржан Мааткеримов билдирди.",NOT_RELEVANT,,NOT_RELEVANT,,,,gold,IAA adjudicated gold
KY-00041,,KY,24.kg,https://24.kg/kyrgyzcha/114974_2019-jyildyin_eki_ayyinda_kyirgyizstanga_migranttar_3446_million_dollar_kotordu_/,2019-04-16,"2019-жылдын эки айында Кыргызстанга мигранттар 344,6 миллион доллар которду - | 24.KG","2019-жылдын январь-февраль айында Кыргызстанга 344,6 миллион доллар которулду. Бул тууралуу Улуттук банк маалымдайт.",NOT_RELEVANT,,NOT_RELEVANT,,,,ky_2,
KY-00619,,KY,Azattyk,https://www.azattyk.org/a/33796743.html,2026-07-04,Баткенде ооруканага бомба коюлганы тууралуу маалымат ырасталган жок,"Баткен шаардык милициясына 4-июлда облустук биргелешкен ооруканага жардыруучу зат коюлганы кабарланган. Баткен ШИИБдин ыкчам-тергөө тобу жана тиешелүү кызматкерлер жеринде текшерүү иштерин жүргүзүп шектүү зат табылган эмес. ""Бомба коюлду"" деген маалымат жалган болуп чыккан. Кыргызстанда буга чейин Бишкектеги ""Манас"" аэропорту баштаган коомдук жайларга бомба коюлганы тууралуу кабарланып, текшерүү учурунда маалымат аныкталган эмес. Кыргызстанда ""бомба коюлду"" деп жалган маалымат тараткандарга Кылмыш-жаза кодексинин 259-беренеси, тактап айтканда, ""Терроризм актысы жөнүндө атайылап жалган билдирүү жасоо"" айыбы боюнча кылмыш иши козголот. Ага ылайык, айып пул төлөтүү, кара жумушка тартуу же үч жылга чейин эркинен ажыратуу өңдүү жазалар каралган. (JsA)",NOT_RELEVANT,,NOT_RELEVANT,,,,ky_1,
KY-01242,,KY,24.kg,https://24.kg/kyrgyzcha/131393_feyktin_biyliginbspje_kalptyin_kazanyi_kaynap_kalganda/,2019-10-06,"Фейктин бийлиги, же калптын казаны кайнап калганда - | 24.KG","«Кырнет тармагын фейктер басып алды». «Биз фейктердин өлкөсүнө айландык» деген билдирүүлөр айтылып, алгач Маданият, маалымат жана туризм министрлиги ага каршы күрөшүү зарылдыгын белгилесе, эми Жогорку Кеңеш атайын мыйзам менен чектөөгө алмакчы. Мындай мыйзам долбоордун зарылдыгын депутат Бакыт Төрөбаев демилгелөөдө.",NOT_RELEVANT,,NOT_RELEVANT,,,,ky_1,
KY-01344,,KY,24.kg,https://24.kg/kyrgyzcha/95755_ekologiyalyik_jana_tehnikalyik_koopsuzduk_boyuncha_inspektsiya_ereje_buzuular_bolgon/,2018-09-12,Экологиялык жана техникалык коопсуздук боюнча инспекция. Эреже бузуулар болгон - | 24.KG,,NOT_RELEVANT,,NOT_RELEVANT,,,,ky_1,
KY-00361,,KY,24.kg,https://24.kg/kyrgyzcha/75819_sapar_isakov_dubay_politsiyasyinyin_shtab-kvartirasyinyin_ishmerdigi_menen_taanyishtyi/,2018-02-12,Сапар Исаков Дубай полициясынын штаб-квартирасынын ишмердиги менен таанышты - | 24.KG,Премьер-министр Сапар Исаков 10-февралда өкмөттөрдүн дүйнөлүк саммитинин ишине катышуу алкагында Дубай шаарынын (БАЭ) полициясынын штаб-квартирасынын ишмердиги жана алдыңкы технологиярдын колдонулушу менен коомдук тартипти камсыздоо боюнча жыйынтыктары боюнча маалымат алды.,NOT_RELEVANT,,NOT_RELEVANT,,,,ky_1,
KY-00514,,KY,24.kg,https://24.kg/kyrgyzcha/118561_tokmoktogu_8470nbsp1nbspkichi_rayongo_barchu_joldun_remontuna_unaa_ministrligi_jooptuu/,2019-05-24,Токмоктогу № 1 кичи районго барчу жолдун ремонтуна Унаа министрлиги жооптуу - | 24.KG,Токмоктогу № 1 кичи районго барчу жолдун ремонтуна Унаа жана жолдор министрлиги жооп берет. Бул тууралуу шаардык мэриядан билдиришти.,NOT_RELEVANT,,NOT_RELEVANT,,,,ky_2,
KY-00056,,KY,24.kg,https://24.kg/kyrgyzcha/211939_sushige_uulangandardyin_sanyi_300don_ashtyi/,2021-10-28,Сушиге уулангандардын саны 300дөн ашты - | 24.KG,"«Империя пиццы» кафесинин тамагына ууланганын айтып, ооруканага кайрылгандардын саны 28-октябрга карата 318 адамга жетти. Бул тууралуу Саламаттык сактоо министрлиги билдирди.",NOT_RELEVANT,,NOT_RELEVANT,,,,gold,IAA adjudicated gold
KY-01143,,KY,24.kg,https://24.kg/kyrgyzcha/215436_ozbekstanda_aktivistterdi_kuuguntuktoo_ulanuuda/,2021-11-30,Өзбекстанда активисттерди куугунтуктоо уланууда - | 24.KG,Өзбекстанда активисттер өлкөдө жарандык коомдун өкүлдөрүнө кысым көрсөтүү уланып жатканын маалымдашты.,NOT_RELEVANT,,NOT_RELEVANT,,,,ky_1,
KY-00740,,KY,24.kg,https://24.kg/kyrgyzcha/159751_duynoluk_salamattyiktyi_saktoo_uyumu_kyirgyizstanga_500_min_dollar_jardam_korsottu/,2020-07-17,Дүйнөлүк саламаттыкты сактоо уюму Кыргызстанга 500 миң доллар жардам көрсөттү - | 24.KG,Дүйнөлүк саламаттыкты сактоо уюму Кыргызстанга жеке коргонуучу каражаттарды жөнөттү. Бул тууралуу Саламаттыкты сактоо минстрлигинин пресс-кызматы билдирди.,NOT_RELEVANT,,NOT_RELEVANT,,,,ky_1,
KY-01032,,KY,24.kg,https://24.kg/kyrgyzcha/106720_kyirgyiz_mamlekettik_tsirkinin_artistteri_naarazyichyilyik_aktsiyaga_chyigyishtyi/,2019-01-21,Кыргыз мамлекеттик циркинин артисттери нааразычылык акцияга чыгышты - | 24.KG,"Нааразы тараптын пикиринде, Маданият, маалымат жана туризм министри Азамат Жаманкулов артисттер көрсөткөн талапкерди эмес, өз кишисин алып келүүгө далалат кылууда.",NOT_RELEVANT,,NOT_RELEVANT,,,,ky_2,
KY-01230,,KY,24.kg,https://24.kg/kyrgyzcha/66605_deputat_otstavkaga_aryiz_jazgan_spikerden_anyi_kim_kuuguntuktap_jatkanyin_suradyi_/,2017-10-25,Депутат отставкага арыз жазган спикерден аны ким куугунтуктап жатканын сурады - | 24.KG,Жогорку Кеңештин «Бир-Бол» фракциясынын депутаты Мыктыбек Абдылдаев отставкасын жарыялаган төрага Чыныбай Турсунбековдон аны ким куугунтуктап жатканын сурады.,NOT_RELEVANT,,NOT_RELEVANT,,,,gold,IAA adjudicated gold
KY-00702,,KY,24.kg,https://24.kg/kyrgyzcha/131468_sooronbay_jeenbekov_vladimir_putindi_tuulgan_kunu_menen_kuttuktadyi/,2019-10-07,Сооронбай Жээнбеков Владимир Путинди туулган күнү менен куттуктады - | 24.KG,"Сооронбай Жээнбеков кесиптешине бекем ден соолук, жакшылык жана мамлекеттик ишмердүүлүгүндө ийгиликтерди каалады.",NOT_RELEVANT,,NOT_RELEVANT,,,,gold,IAA adjudicated gold
KY-00559,,KY,24.kg,https://24.kg/kyrgyzcha/119615_kyiynoolordu_aldyin_aluu_boyuncha_uluttuk_borbor_aida_salyanovanyi_zyiyarat_kyilat/,2019-06-04,Кыйноолорду алдын алуу боюнча улуттук борбор Аида Салянованы зыярат кылат - | 24.KG,Кыйноолорду алдын алуу боюнча улуттук борбордун кызматкерлери кечээ убактылуу кармоочу жайга киргизилген Аида Салянованы зыярат кылуу үчүн жөнөп кетишти. Бул тууралуу 24.kg агенттигине аталган борбордун башчысы Нурдин Сулайманов билдирди.,NOT_RELEVANT,,NOT_RELEVANT,,,,ky_1,
KY-00482,,KY,24.kg,https://24.kg/kyrgyzcha/170927_okmotto_bala_bakchalardyin_ishin_jandandyiruu_talkuulandyi/,2020-10-27,Өкмөттө бала бакчалардын ишин жандандыруу талкууланды - | 24.KG,Вице-премьер-министр Аида Исмаилова мектепке чейинки жана жалпы билим берүү мекемелеринин ишин жандандыруу маселеси боюнча жумушчу жыйын өткөрдү. Бул тууралуу өкмөттүн басма соз кызматы билдирет.,NOT_RELEVANT,,NOT_RELEVANT,,,,ky_2,
KY-01395,,KY,24.kg,https://24.kg/kyrgyzcha/101992_deputat_kiyinki_jyildyi_ekologiya_jyilyi_dep_jaryiyaloonu_sunush_kyildyi/,2018-11-22,Депутат кийинки жылды Экология жылы деп жарыялоону сунуш кылды - | 24.KG,"Депутат кийинки жылды Экология жылы деп жарыялоону сунуш кылды. Жогорку Кеңештин сессиясында «Республика — Ата Журт» фракциясынын депутаты Рада Туманбаева ушундай демилге көтөрдү. Депутаттын айтымында, учурда экология тармагында чечиле турган маселе көп.",NOT_RELEVANT,,NOT_RELEVANT,,,,ky_2,
KY-00049,,KY,24.kg,https://24.kg/kyrgyzcha/85899_bugun_jogorku_sot_sadyir_japarovdun_ishin_karayt_/,2018-05-29,Бүгүн Жогорку Сот Садыр Жапаровдун ишин карайт - | 24.KG,Жогорку Кеңештин мурдакы депутаты Садыр Жапаровдун иши бүгүн Жогорку Сотто каралат.,NOT_RELEVANT,,NOT_RELEVANT,,,,ky_1,
KY-01432,,KY,24.kg,https://24.kg/kyrgyzcha/201888_COVID-19_bir_sutkada_1nbspmin_127_kishiden_virus_anyiktalyip_10nbspkishi_kaza_boldu/,2021-07-23,"COVID-19. Бир суткада 1 миң 127 кишиден вирус аныкталып, 10 киши каза болду - | 24.KG",Кыргызстанда 23-июлга карата коронавирус дагы 1 миң 127 адамдан аныкталды. Бул тууралуу Саламаттык сактоо жана социалдык өнүктүрүү министрлигинин басма сөз кызматы билдирди.,NOT_RELEVANT,,NOT_RELEVANT,,,,ky_1,
KY-00592,,KY,24.kg,https://24.kg/kyrgyzcha/123188_sooronbay_jeenbekov_bugun_moskvada_vladimir_putin_menen_jolugushat_/,2019-07-11,Сооронбай Жээнбеков бүгүн Москвада Владимир Путин менен жолугушат - | 24.KG,Сооронбай Жээнбеков бүгүн Москвада Владимир Путин менен жолугушат. Бул тууралуу өлкө башчысынын маалымат кызматы билдирди.,NOT_RELEVANT,,NOT_RELEVANT,,,,ky_2,
KY-00466,,KY,24.kg,https://24.kg/kyrgyzcha/159695_yuristter_Stand_Upnbspkatyishuuchusun_ukmkga_chakyiruuga_echnbspkanday_negiz_jok/,2020-07-16,Юристтер: Stand Up катышуучусун УКМКга чакырууга эч кандай негиз жок - | 24.KG,"УКМКнын Stand Up шоусунун катышуучусу Назгүл Алымкулованы суракка чакырууга эч кандай негизи жок. Мындан тышкары, бир нече мыйзам ченемдери бузулду. Бул тууралуу Медиа Полис Институтунун адвокаттарынын билдирүүлөрүндө айтылат.",NOT_RELEVANT,,NOT_RELEVANT,,,,ky_2,
KY-00402,,KY,24.kg,https://24.kg/kyrgyzcha/107142_toktogul_suu_saktagyichyinda_suunun_kolomu_159_milliard_kubometrdi_tuzdu/,2019-01-24,"Токтогул суу сактагычында суунун көлөмү 15,9 миллиард кубометрди түздү - | 24.KG","Токтогул суу сактагычында суунун көлөмү бүгүнкү күндө 15,9 миллиард кубометрди түзөт. Бул тууралуу күзгү-кышкы мезгилге даярдануу боюнча республикалык штабдын отурумунда Өндүрүш, энергетика жана тоо-кен байлыктарын пайдалануу мамлекеттик комитетинин статс-катчысы Айбек Асанов билдирди.",NOT_RELEVANT,,NOT_RELEVANT,,,,gold,IAA adjudicated gold
KY-00892,,KY,24.kg,https://24.kg/kyrgyzcha/158829_kara-balta_shaaryinyin_meri_kyizmattyik_unaasyin_medikterge_berdi/,2020-07-09,Кара-Балта шаарынын мэри кызматтык унаасын медиктерге берди - | 24.KG,Кара-Балта шаарынын мэри Данияр Шабданов жана шаардык кеңештин төрагасы Алмаз Аалыев кызматтык унааларын медицина кызматкерлерине тапшырышты. Бул тууралуу мэриянын пресс-кызматы маалымдады.,NOT_RELEVANT,,NOT_RELEVANT,,,,ky_2,
KY-00844,,KY,24.kg,https://24.kg/kyrgyzcha/93399_ekinchi_burulay_kyiz_ala_kachuu_faktyisyi_boyuncha_kyilmyish_ishi_sotko_otkorulup_berildi/,2018-08-14,Экинчи Бурулай. Кыз ала качуу фактысы боюнча кылмыш иши сотко өткөрүлүп берилди - | 24.KG,Нарын облусуна караштуу Жумгал районунда кыз ала качуу фактысы боюнча кылмыш иши сотко өткөрүлүп берилди. Бул тууралуу 24.kg агенттигине «Кылым шамы» укук коргоо борборунун башчысы Азиза Абдирасулова билдирди.,NOT_RELEVANT,,NOT_RELEVANT,,,,gold,IAA adjudicated gold
KY-00887,,KY,24.kg,https://24.kg/kyrgyzcha/122173_yisyik-koldo_esnbspalyip_jurgon_ozbekstandyik_ayal_chogup_ketti/,2019-06-28,Ысык-Көлдө эс алып жүргөн өзбекстандык аял чөгүп кетти - | 24.KG,Ысык-Көлдө эс алып жүргөн өзбекстандык аял чөгүп кетти. Бул тууралуу окуянын күбөлөрү айтышты.,NOT_RELEVANT,,NOT_RELEVANT,,,,ky_2,
KY-01478,,KY,24.kg,https://24.kg/kyrgyzcha/105841_bishkek-antalya_tuz_kattamyi_achyilat/,2019-01-11,Бишкек-Анталья түз каттамы ачылат - | 24.KG,Бишкек-Анталья түз каттамы ачылат.,NOT_RELEVANT,,NOT_RELEVANT,,,,ky_1,
KY-00095,,KY,24.kg,https://24.kg/kyrgyzcha/165352_mirlan_nazarbekov_shayloochularyina_kayryiluu_jasadyi/,2020-09-16,Мирлан Назарбеков шайлоочуларына кайрылуу жасады - | 24.KG,«Мекеним Кыргызстан» партиясынан депутаттыкка талапкер Мирлан Назарбеков шайлоочуларына кайрылуу жасады.,NOT_RELEVANT,,NOT_RELEVANT,,,,ky_1,
KY-01091,,KY,24.kg,https://24.kg/kyrgyzcha/177547_akshnyin_valyutasyinyin_narkyi_kayra_osup_bashtadyi_bir_sutkada_13_somgo_kyimbattadyi/,2020-12-22,"АКШнын валютасынын наркы кайра өсүп баштады. Бир суткада 1,3 сомго кымбаттады - | 24.KG","АКШнын валютасы сомго карата суткада 1,3 сомго кымбаттады. Бүгүн ал 81,5 сомдон сатылып алынып, 81,9-82 сомдон сатылууда.",NOT_RELEVANT,,NOT_RELEVANT,,,,ky_2,
KY-00731,,KY,24.kg,https://24.kg/kyrgyzcha/113455_suroo-joop_janyibarlardyi_byichuuga_islam_jol_berbeyt_/,2019-04-01,Суроо-жооп. Жаныбарларды бычууга ислам жол бербейт - | 24.KG,"24.kg агенттигинин окурмандарынан келип түшкөн суроолорго Дин маселелери боюнча маалымат жана кеңеш берүү борборунун адистери (теолог, юрист, психолог) жооп берет.",NOT_RELEVANT,,NOT_RELEVANT,,,,ky_1,
KY-00521,,KY,24.kg,https://24.kg/kyrgyzcha/60342_omurbek_tekebaev_8nbspemes_4nbspjyil_altyi_aynbspabakta_olturat_/,2017-08-17,"Өмүрбек Текебаев 8 эмес, 4 жыл алты ай абакта олтурат - | 24.KG","«Ата-Мекен» партиясынын лидери Өмүрбек Текебаев менен мурдакы өзгөчө кырдаалдар министри Дүйшөн Чотоновго кечээ кечки саат 8.00дө өкүм угузулду. Сот Айбек Эрнис уулу экөөн тең сегиз жылга эркинен ажыратты. Анда тышкары, прокурорлор талап кылгандай мүлкү конфискацияланып, кийин үч жыл бою мамлекеттик кызматты ээлей алышпайт.",NOT_RELEVANT,,NOT_RELEVANT,,,,ky_1,
KY-01122,,KY,24.kg,https://24.kg/kyrgyzcha/68173_omurbek_babanov_salamattyigyi_myiktyi_ekendigin_bildirdi_/,2017-11-14,Өмүрбек Бабанов саламаттыгы мыкты экендигин билдирди - | 24.KG,Жогорку Кеңештин «Республика-Ата-Журт» фракциясынын депутаты Өмүрбек Бабанов ден-соолугу жана фракция лидерлигинен кеткендигин себебин түшүндүрүп билдирүү жасады.,NOT_RELEVANT,,NOT_RELEVANT,,,,ky_2,
KY-00212,,KY,24.kg,https://24.kg/kyrgyzcha/82061_bishkektin_chetinen_mas_aydoochu_uchnbspunaanyi_koydurup_ketti/,2018-04-18,Бишкектин четинен мас айдоочу үч унааны койдуруп кетти - | 24.KG,Бишкектин четинен Honda CR-V үлгүсүндөгү унааны башкарып келе жаткан мас айдоочу үч машинаны койдуруп кетти. Бул тууралуу Жол коопсуздугун камсыздоо башкы башкармалыгы билдирди.,NOT_RELEVANT,,NOT_RELEVANT,,,,ky_1,
KY-01101,,KY,24.kg,https://24.kg/kyrgyzcha/81678_oshnbspbazaryinyin_soodagerleri_kayradan_mitingge_chyigyishtyi/,2018-04-16,Ош базарынын соодагерлери кайрадан митингге чыгышты - | 24.KG,Ош базарында катталган өрттөн жабыркагандар кайрадан митингге чыгышы. Бул жолу алар өкмөт үйүнүн алдына чогулушту.,NOT_RELEVANT,,NOT_RELEVANT,,,,ky_2,
KY-00345,,KY,24.kg,https://24.kg/kyrgyzcha/54589_laquovityazraquo_madaniyat_ministrligine_berilgeni_menen_anda_mugalimder_dagyi_esnbspalyishat/,2017-06-13,«Витязь» маданият министрлигине берилгени менен анда мугалимдер дагы эс алышат - | 24.KG,«Витязь» маданият министрлигине берилгени менен анда мугалимдер дагы эс алышат. Бул тууралуу өкмөттүн токтомунда айтылат.,NOT_RELEVANT,,NOT_RELEVANT,,,,ky_1,
KY-01061,,KY,24.kg,https://24.kg/kyrgyzcha/135676_laquoazattyiktyinraquo_iliktoosu_prezidentti_bul_choyro_menen_baylanyishtyiruu_araketi_/,2019-11-22,«Азаттыктын» иликтөөсү. Президентти бул чөйрө менен байланыштыруу аракети - | 24.KG,Сооронбай Жээнбековдун инаугурациясы чакырылган коноктордун тизмесин Алмазбек Атамбаевдин аппараты түзгөн. Бул тууралуу президенттин маалыматтык саясат бөлүмүнүн башчысы Толгонай Стамалиева билдирди.,NOT_RELEVANT,,NOT_RELEVANT,,,,ky_2,
KY-00666,,KY,24.kg,https://24.kg/kyrgyzcha/179934_dssu_2021-jyilyi_koronavirus_dagyi_bir_top_kyiyyinchyilyiktardyi_alyip_kelet/,2021-01-14,ДССУ: 2021-жылы коронавирус дагы бир топ кыйынчылыктарды алып келет - | 24.KG,Коронавирус пандемиясынын экинчи жылы биринчи жылга караганда кыйыныраак болушу мүмкүн. Мындай пикирин Дүйнөлүк саламаттыкты сактоо уюмунун Өзгөчө кырдаалдар программасынын директору Майкл Райан түз эфирде билдиргендигин РБК жазды.,NOT_RELEVANT,,NOT_RELEVANT,,,,gold,IAA adjudicated gold
KY-01314,,KY,24.kg,https://24.kg/kyrgyzcha/138222_otkon_jyilga_salyishtyirmaluu_ort_kyirsyiktaryinyin_sanyi_209_payyizga_azaydyi/,2019-12-17,"Өткөн жылга салыштырмалуу өрт кырсыктарынын саны 20,9 пайызга азайды - | 24.KG","Өткөн жылга салыштырмалуу өрт кырсыктарынын саны 20,9 пайызга азайды. Бул тууралуу ӨКМ билдирди.",NOT_RELEVANT,,NOT_RELEVANT,,,,ky_2,
KY-01448,,KY,24.kg,https://24.kg/kyrgyzcha/102392_kurultaydyin_jyiyyintyigyi_delegattar_eks-prezidentke_kyilmyish_ishi_kozgolsun_deshet/,2018-11-27,Курултайдын жыйынтыгы. Делегаттар экс-президентке кылмыш иши козголсун дешет - | 24.KG,"Айтымдарында, курултайдын катышуучулары кабыл алынган резолюциянын баардык пункттарын кадам-кадам аткаруу ниетинде. Айрыкча, алар Алмазбек Атамбаевге карата УКМК кылмыш ишин козгошу керек деген пикирде. Парламенттен дагы мурунку президентти кол тийбестиктен ажырата турган мыйзамды кабыл алууну талап кылышмакчы.",NOT_RELEVANT,,NOT_RELEVANT,,,,ky_2,
KY-00138,,KY,24.kg,https://24.kg/kyrgyzcha/171950_ekonomikalyik_amnistiyadan_byudjetke_400_million_som_tushtu_/,2020-11-04,Экономикалык амнистиядан бюджетке 400 миллион сом түштү - | 24.KG,Акыркы айда козголгон кылмыш иштеринин алкагында өлкө казынасына 400 миллион сомго жакын каражат түштү. Бул тууралуу Бишкектеги маалымат жыйынында Башкы прокурор Курманкул Зулушев билдирди.,NOT_RELEVANT,,NOT_RELEVANT,,,,ky_1,
KY-01154,,KY,24.kg,https://24.kg/kyrgyzcha/180537_aravanda_erkek_kishi_iske_uulanyip_kaza_boldu/,2021-01-20,Араванда эркек киши иске ууланып каза болду - | 24.KG,Араван районундагы Төлөйкөн айылында турак үйдөн өрт чыкты. Бул тууралуу Өзгөчө кырдаал министрлиги билдирет.,NOT_RELEVANT,,NOT_RELEVANT,,,,ky_1,
KY-00160,,KY,24.kg,https://24.kg/kyrgyzcha/89512_chehiya_elnbsparalyik_izdoodo_jurgon_kazakstandyiktyi_ekstraditsiyaladyi/,2018-07-02,Чехия эл аралык издөөдө жүргөн казакстандыкты экстрадициялады - | 24.KG,Кылмыш жообуна тартуу үчүн Чехиядан Казакстанга Владимир Чаплинский аттуу жаран экстрадицияланды. Бул тууралуу Казакстан Башкы прокуратурасы кабарлады.,NOT_RELEVANT,,NOT_RELEVANT,,,,ky_2,
KY-01216,,KY,24.kg,https://24.kg/kyrgyzcha/190908_zelenskiy_putinge_donbassta_jolugushuu_uyushturuunu_sunushtadyi/,2021-04-21,Зеленский Путинге Донбасста жолугушуу уюштурууну сунуштады - | 24.KG,Украинанын президенти Владимир Зеленский Орусиянын мамлекет башчысы Владимир Путинге Донбасста жолугушуу уюштурууну сунуштады.,NOT_RELEVANT,,NOT_RELEVANT,,,,ky_2,
KY-00541,,KY,24.kg,https://24.kg/kyrgyzcha/102876_naryinda_komur_kazgan_ishkananyin_aymagyinda_jer_kochtu/,2018-12-03,Нарында көмүр казган ишкананын аймагында жер көчтү - | 24.KG,Нарын облусуна караштуу Жумгал районунун Ыраакы Миң-Куш тилкесиндеги «Жумгал Суу Курулуш» көмүр казган ишканасынын аймагында жер көчтү. Бул тууралуу ӨКМнын басма сөз кызматы билдирди.,NOT_RELEVANT,,NOT_RELEVANT,,,,ky_2,
KY-01327,,KY,24.kg,https://24.kg/kyrgyzcha/105160_almatyi_oblusunda_sayasiy_repressiyalardyin_kurmandyiktaryina_arnalgan_muzey_achyildyi/,2018-12-27,Алматы облусунда саясий репрессиялардын курмандыктарына арналган музей ачылды - | 24.KG,Казакстандын Алматы облусунун Жаналык айылында саясий репрессиялардын курмандыктарына арналган музей ачылды.,NOT_RELEVANT,,NOT_RELEVANT,,,,ky_2,
KY-00620,,KY,24.kg,https://24.kg/kyrgyzcha/89144_valyutalardyin_kommertsiyalyik_banktardagyi_narkyi/,2018-06-28,Валюталардын коммерциялык банктардагы наркы - | 24.KG,,NOT_RELEVANT,,NOT_RELEVANT,,,,gold,IAA adjudicated gold
KY-00239,,KY,24.kg,https://24.kg/kyrgyzcha/65257_rossiyaga_kyirgyizstandan_bargan_20nbsptonna_kara_oruktu_kirgizbey_koydu_/,2017-10-12,Россияга Кыргызстандан барган 20 тонна кара өрүктү киргизбей койду - | 24.KG,Россияга Кыргызстандан барган 20 тонна кара өрүктү киргизбей койду. Бул тууралуу Россиянын Айыл-чарба товарларын көзөмөлдөө департаментти билдирет.,NOT_RELEVANT,,NOT_RELEVANT,,,,ky_1,
KY-01163,,KY,24.kg,https://24.kg/kyrgyzcha/212389_ayryim_rayondordo_gaz_danbspochurulot/,2021-11-02,Айрым райондордо газ да өчүрүлөт - | 24.KG,"«Газпром Кыргызстан» ЖЧКсынын Бишкек шаарындагы филиалынын маалыматы боюнча, 2021-жылдын 2-5-ноябрына чейин Биринчи май районунун айрым көчөлөрүндө убактылуу газ болбойт.",NOT_RELEVANT,,NOT_RELEVANT,,,,ky_1,
KY-00372,,KY,24.kg,https://24.kg/kyrgyzcha/195775_COVID-19_94nbspbeytaptyin_abalyi_oto_oor_/,2021-05-31,COVID-19. 94 бейтаптын абалы өтө оор - | 24.KG,Коронавирус жуктурган 1 миң 696 бейтап ооруканада дарыланууда. Бул тууралуу Саламаттыкты сактоо министрлиги билдирди.,NOT_RELEVANT,,NOT_RELEVANT,,,,ky_1,
KY-01366,,KY,24.kg,https://24.kg/kyrgyzcha/214096_inspektordu_kapotuna_suyrop_ketken_laquoyandekstaksiraquo_aydoochusuna_ishnbspkozgoldu/,2021-11-18,Инспекторду капотуна сүйрөп кеткен «Яндекс.Такси» айдоочусуна иш козголду - | 24.KG,Милициянын патрулдук кызматынын инспекторун капотуна сүйрөп кеткен «Яндекс.Такси» айдоочусуна карата кылмыш иши козголду. Бул тууралуу ведомствонун маалымат кызматы билдирди.,NOT_RELEVANT,,NOT_RELEVANT,,,,ky_2,
KY-00968,,KY,24.kg,https://24.kg/kyrgyzcha/61013_koalitsiyalyik_kopchuluk_sapar_isakovdun_talapkerligin_jaktyirdyi_/,2017-08-25,Коалициялык көпчүлүк Сапар Исаковдун талапкерлигин жактырды - | 24.KG,Коалициялык көпчүлүк Сапар Исаковдун талапкерлигин жактырды. Чечим бүгүн жыйында кабыл алынды.,NOT_RELEVANT,,NOT_RELEVANT,,,,ky_2,
KY-01411,,KY,24.kg,https://24.kg/kyrgyzcha/111421_tabyip_hashyim_zaynaliev_laquoaprelraquo_telekanalyinyin_kabarchyilaryina_kol_kotordu/,2019-03-11,Табып Хашым Зайналиев «Апрель» телеканалынын кабарчыларына кол көтөрдү - | 24.KG,"«Биз анын клиникасына барганда сыртта үйүлгөн унааларды көрдүк. Элдер кирип, чыгып жатышыптыр. Алардын бирөөсүнөн сурасак, «бейтапмын», — деди. Демек, элди көрүүсүн дагы деле улантып жатыптыр. Ичине кирсек, ак халаттар илинип туруптур. Ошол кезде Хашым Зайналиев коридордун аркы башынан келе жаткан экен. Биз саламдашканда эле, ал бизге жулунуп, орой сөздөрдү айтып, имараттын ичинен күчкө салып түртүп чыгарды. Аз жерден тепкичтен кулап кеткени калдык. Операторубуздун камерасынын базасы жабыркады. Менин болсо, колум ооруксунуп калды», — деп билдирет кабарчы Юлия Кулешова.",NOT_RELEVANT,,NOT_RELEVANT,,,,gold,IAA adjudicated gold
KY-00755,,KY,24.kg,https://24.kg/kyrgyzcha/115686_bishkekte_eks-deputat_sadyir_japarovdu_koldoo_maksatyinda_miting_otup_jatat/,2019-04-23,Бишкекте экс-депутат Садыр Жапаровду колдоо максатында митинг өтүп жатат - | 24.KG,Бүгүн Жогорку сотто экс-депутаттын мөөнөтүн кыскартуу каралууда.,NOT_RELEVANT,,NOT_RELEVANT,,,,ky_1,
KY-01269,,KY,24.kg,https://24.kg/kyrgyzcha/71762_bishkekte_kyirgyiz_tilduu_besh_gana_bala_bakcha_bar/,2017-12-22,Бишкекте кыргыз тилдүү беш гана бала бакча бар - | 24.KG,Бишкек шаарында кыргыз тилдүү беш гана бала бакча бар. Бул тууралуу бүгүн Жогорку Кеңештин «Республика-Ата-Журт» фракциясынын жыйынында айтылды.,NOT_RELEVANT,,NOT_RELEVANT,,,,ky_1,
KY-00841,,KY,24.kg,https://24.kg/kyrgyzcha/83437_kyirgyizstanda_internet_arkyiluu_chet_mamleketten_tovar_satyip_aluu_kuch_aluuda/,2018-05-03,Кыргызстанда интернет аркылуу чет мамлекеттен товар сатып алуу күч алууда - | 24.KG,Кыргызстанда интернет аркылуу чет мамлекеттен товар сатып алуу күч алууда. Бул тууралуу Мамлекеттик каттоо кызматы билдирди.,NOT_RELEVANT,,NOT_RELEVANT,,,,ky_2,
KY-00225,,KY,24.kg,https://24.kg/kyrgyzcha/170097_COVID-19_bishkekte_bir_sutkada_125_uchur_kattaldyi/,2020-10-21,COVID-19. Бишкекте бир суткада 125 учур катталды - | 24.KG,Бишкекте өткөн суткада 125 кишиден вирус аныкталды. Бул тууралуу Саламаттыкты сактоо министрлиги билдирет.,NOT_RELEVANT,,NOT_RELEVANT,,,,ky_2,
KY-00901,,KY,24.kg,https://24.kg/kyrgyzcha/82288_turkmonstan_tapi_gaz_tutugun_kuruu_uchun_ozbekstandan_jardam_surayt/,2018-04-20,Түркмөнстан ТАПИ газ түтүгүн куруу үчүн Өзбекстандан жардам сурайт - | 24.KG,Түркмөнстандын президенти Гурбангулы Бердымухамедов ТАПИ (Түркмөнстан-Ооганстан-Пакистан-Индия) газ түтүгүн курууга моралдык жана материалдык жактан жардам берүү өтүнүчү менен Өзбекстандын башчысы Шавкат Мирзиёевге кайрылат. Бул тууралуу Түркмөнстандын өкмөтү кабарлады.,NOT_RELEVANT,,NOT_RELEVANT,,,,ky_2,
KY-00895,,KY,24.kg,https://24.kg/kyrgyzcha/86552_kyirgyizstandyik_mushker_orusiyada_otkon_meldeshte_altyin_medaldyin_eesi_boldu/,2018-06-04,Кыргызстандык мушкер Орусияда өткөн мелдеште алтын медалдын ээси болду - | 24.KG,Кыргызстандык мушкер Азат Үсөналиев Орусияда өткөн мелдеште алтын медалдын ээси болду. Бул тууралуу спорттук иш чаранын уюштуруучулары билдиришти.,NOT_RELEVANT,,NOT_RELEVANT,,,,ky_1,
KY-00097,,KY,24.kg,https://24.kg/kyrgyzcha/80570_laquokyirgyiz_temir_jolundagyiraquo_jemkorluk_almazbek_nogoybaev_finpoldu_kuup_chyigyiptyir_/,2018-04-04,«Кыргыз темир жолундагы» жемкорлук. Алмазбек Ногойбаев финполду кууп чыгыптыр - | 24.KG,«Кыргыз темир жолу» мамлекеттик ишканасынын башчысы Алмазбек Ногойбаев Экономикалык кылмыштуулукка каршы күрөшүү кызматынын өкүлдөрүн иш бөлмөсүнө киргизбей койгон. Бул тууралуу парламенттин жыйынында депутат Жанар Акаев билдирди.,NOT_RELEVANT,,NOT_RELEVANT,,,,gold,IAA adjudicated gold
KY-01298,,KY,24.kg,https://24.kg/kyrgyzcha/136953_gulcho_ayyilyindagyi_8470nbsp36806_kurgaktagyi_asker_bolugunun_jookeri_tokko_urundu/,2019-12-05,Гүлчө айылындагы № 36806 кургактагы аскер бөлүгүнүн жоокери токко урунду - | 24.KG,Гүлчө айылындагы № 36806 кургактагы аскер бөлүгүнүн жоокери токко урунду. Бул тууралуу 24.kg агенттигине жеке булак билдирди.,NOT_RELEVANT,,NOT_RELEVANT,,,,ky_2,
KY-01388,,KY,24.kg,https://24.kg/kyrgyzcha/127411_sapar_isakov_daryigerlerdin_kozomolundo_alnbspsottuk_oturumga_katyisha_albayt/,2019-08-26,"Сапар Исаков дарыгерлердин көзөмөлүндө, ал соттук отурумга катыша албайт - | 24.KG",Биринчи Май райондук сотундагы ЖЭБ тууралуу иш боюнча процессти мурунку өкмөт башчы Сапар Исаковдун жактоочуларынын өтүнүчү менен токтотуп коюшту. Бул тууралуу 24.kg агенттигине жактоочу Нурбек Токтакунов билдирди.,NOT_RELEVANT,,NOT_RELEVANT,,,,ky_1,
KY-00038,,KY,24.kg,https://24.kg/kyrgyzcha/88740_jaktoochu_aybek_kalievdin_onokot_oorusu_kurchup_ketti/,2018-06-25,Жактоочу: Айбек Калиевдин өнөкөт оорусу курчуп кетти - | 24.KG,"Анын айтымында, УКМКнын тергөө абагында медициналык санитардык бөлүмүндө керектүү дары-дармектер жана дарыланууга шарттар жок. Ал билдиргендей, жакында Айбек Калиевдин баш коргоо чарасы боюнча Жогорку сотко даттанат.",NOT_RELEVANT,,NOT_RELEVANT,,,,ky_1,
KY-01139,,KY,24.kg,https://24.kg/kyrgyzcha/103960_parlamenttin_ksdp_fraktsiyasyi_kezeksiz_jyiyyinga_chogulat_/,2018-12-14,Парламенттин КСДП фракциясы кезексиз жыйынга чогулат - | 24.KG,Парламенттин КСДП фракциясы кезексиз жыйынга чогулат. Маалыматты Жогорку Кеңештен ырасташты.,NOT_RELEVANT,,NOT_RELEVANT,,,,ky_2,
KY-01334,,KY,24.kg,https://24.kg/kyrgyzcha/113951_dushanbede_kyirgyiz-tajik_chek_ara_maseleleri_boyuncha_suyloshuulor_otot/,2019-04-05,Душанбеде кыргыз-тажик чек ара маселелери боюнча сүйлөшүүлөр өтөт - | 24.KG,Бүгүн Душанбеде кыргыз-тажик чек ара маселелери боюнча сүйлөшүүлөр өтөт.,NOT_RELEVANT,,NOT_RELEVANT,,,,ky_2,
KY-00268,,KY,24.kg,https://24.kg/kyrgyzcha/102343_laquoaziya_miksraquo_komandasyinyin_bashchyisyi_eldiyar_kenensarov_jubayyi_menen_ajyirashtyi/,2018-11-27,«Азия Микс» командасынын башчысы Элдияр Кененсаров жубайы менен ажырашты - | 24.KG,"«Жолдошум менен ажырашуу тууралуу чечимди бир жыл мурун кабыл алгам. Анткени эң жакын адамымдын колдоосун көрө алган жокмун. Бардык ишти өзүм бүтүрчүмүн. Кош бойлуу кезимде, толгоом башталган кезде сүйгөн адамым өзүнүн «маанилүү» иштерин бүтүрүп жүрдү. Уулубуздун төрөлгөнүнө 1 ай болгондо көргөн. Ортодо уруш-талаш деле болгон жок. Ошол учурда жолдошум чыгармачылыкка аябай берилип иштеп жаткан эле. Мен ага тоскоолдук жаратпайын деп кичинекей балдарым менен үй-бүлөдөгү маселелерди жалгыз чечип, ал тургай, жолдошумдун долбоорлоруна жардам берип жүрдүм. Канча жер котордук, көчүп-конуп жашадык. Баарына чыдадым. Бирок сүйүктүү адамым тууралуу бир чындыкты угуп аябай капа болдум. Анысына макул деп, бир мүмкүнчүлүк бердим. 2 жыл аралыгында ортобуздагы сый-урмат калыбына келер деп аракет кылдым. Муну бир тараптуу чечим деп кабыл алууга болбойт. Анткени ушунча кыйынчылыктардан кийин жолдошума ажырашалы дегенимде ал дагы макулдугун берди. Экөөбүз тынчтык жолу менен эки башка жолго түштүк.",NOT_RELEVANT,,NOT_RELEVANT,,,,ky_1,
KY-00856,,KY,24.kg,https://24.kg/kyrgyzcha/82643_deputat_bash_prokurorlukka_sunushtalgan_jamshitovdu_azuktap_kop_ishtoogo_chakyirdyi_/,2018-04-24,"Депутат баш прокурорлукка сунушталган Жамшитовду аз уктап, көп иштөөгө чакырды - | 24.KG","Депутат Калдарбек Баймуратов башкы прокурорлукка сунушталган Өткүрбек Жамшитовду аз уктап, көп иштөөгө чакырды. Бул тууралуу ал бүгүн парламенттик көпчүлүктүн жыйынында билдирди.",NOT_RELEVANT,,NOT_RELEVANT,,,,ky_1,
KY-00836,,KY,24.kg,https://24.kg/kyrgyzcha/100473_ksdp_ikramjan_ilmiyanov_tergoo_menen_tyikyir_ishteshken_jok/,2018-11-02,КСДП: Икрамжан Илмиянов тергөө менен тыкыр иштешкен жок - | 24.KG,Кыргызстандын мурунку президентинин экс-кеңешчиси Икрамжан Илмиянов тергөө менен тыкыр иштешкен жок. Бул тууралуу КСДП фракциясынан билдиришти.,NOT_RELEVANT,,NOT_RELEVANT,,,,ky_1,
KY-01241,,KY,24.kg,https://24.kg/kyrgyzcha/211858_meriya_koomduk_unaanyin_sanyin_koboytuunu_karashtyiryip_jatat/,2021-10-27,Мэрия коомдук унаанын санын көбөйтүүнү караштырып жатат - | 24.KG,"Борбор калаада дизель майынын кымбатташына байланыштуу кичи автобустардын айдоочулары иштен кетишкен, анын кесепетинен кыймылдуу курамдын саны азайган. Бул тууралуу мэриянын маалымат кызматы билдирет.",NOT_RELEVANT,,NOT_RELEVANT,,,,ky_1,
KY-00507,,KY,24.kg,https://24.kg/kyrgyzcha/109139_kyirgyizstanda_kurgak_uchuk_menen_oorugandardyin_sanyi_turuktuu/,2019-02-13,Кыргызстанда кургак учук менен ооругандардын саны туруктуу - | 24.KG,Кыргызстанда кургак учук менен ооругандардын саны туруктуу. Бул тууралуу Саламаттык сактоо министрлигинен билдиришти.,NOT_RELEVANT,,NOT_RELEVANT,,,,ky_2,
KY-01451,,KY,24.kg,https://24.kg/kyrgyzcha/78683_laquosayakbayraquo_tasmasyi_kazanda_turk_tasmalar_festivalyinda_korsotulot/,2018-03-16,«Саякбай» тасмасы Казанда Түрк тасмалар фестивалында көрсөтүлөт - | 24.KG,«Саякбай» тасмасы Казанда Түрк тасмалар фестивалында көрсөтүлөт. Бул тууралуу Кинематография департаменти билдирди.,NOT_RELEVANT,,NOT_RELEVANT,,,,ky_2,
KY-00533,,KY,24.kg,https://24.kg/kyrgyzcha/82907_janyi_okmot_bashchyi_salamattyiktyi_saktoo_tarmagyin_biznes_menen_ishteshuugo_chakyirdyi_/,2018-04-26,Жаңы өкмөт башчы саламаттыкты сактоо тармагын бизнес менен иштешүүгө чакырды - | 24.KG,Жаңы өкмөт башчы саламаттыкты сактоо тармагына реформаланууну колго алат. Бул тууралуу премьер-министр Мухаммедкалый Абылгазиев саламаттык сактоо министри Космосбек Чолпонбаев менен өткөргөн жумуш кеңешмеси учурунда билдирди.,NOT_RELEVANT,,NOT_RELEVANT,,,,ky_1,
KY-01350,,KY,24.kg,https://24.kg/kyrgyzcha/128108_chuydo_jergiliktuu_turgun_oznbspkyizyin_zorduktagan/,2019-09-02,Чүйдө жергиликтүү тургун өз кызын зордуктаган - | 24.KG,Чүй облусуна караштуу Сокулук районунун Жаңы-Жер айылында жергиликтүү тургун өз кызын зордуктаган. Бул тууралуу 24.kg агенттигине укук коргоо органдарынан билдиришти.,NOT_RELEVANT,,NOT_RELEVANT,,,,ky_1,
KY-00551,,KY,24.kg,https://24.kg/kyrgyzcha/87372_orozo_ayt_15-iyunda_belgilenet/,2018-06-11,Орозо айт 15-июнда белгиленет - | 24.KG,Орозо айт 15-июнда белгиленет. Бул тууралуу «24.kg» агенттигине КМДБнын басма сөз кызматынан билдиришти.,NOT_RELEVANT,,NOT_RELEVANT,,,,ky_1,
KY-00971,,KY,24.kg,https://24.kg/kyrgyzcha/164353_laquobutun_kyirgyizstanraquo_partiyasyi_mitingge_chyiktyi_shayloo_boyuncha_ishi_sotto_karalat/,2020-09-07,«Бүтүн Кыргызстан» партиясы митингге чыкты. Шайлоо боюнча иши сотто каралат - | 24.KG,Бүгүн «Бүтүн Кыргызстан» партиясынын Боршайкомго арызы сотто каралат.,NOT_RELEVANT,,NOT_RELEVANT,,,,gold,IAA adjudicated gold
KY-01322,,KY,24.kg,https://24.kg/kyrgyzcha/121741_atambaevdin_kol_tiybestigi_ukuk_tartibi_boyuncha_komitet_chechim_kabyil_aldyi/,2019-06-25,Атамбаевдин кол тийбестиги. Укук тартиби боюнча комитет чечим кабыл алды - | 24.KG,"Укук тартиби, кылмыштуулук менен күрөшүү жана коррупцияга каршы аракеттенүү боюнча комитетинин депутаттары мурунку президент Алмазбек Атамбаев тарабынан жасалган кылмыштын белгилери тууралуу башкы прокурордун корутундусун бир добуштан колдошту.",NOT_RELEVANT,,NOT_RELEVANT,,,,ky_2,
KY-00405,,KY,24.kg,https://24.kg/kyrgyzcha/58324_laquok1257g1199lt1199rnbspyisyik-k1257lraquo_pansionatyinyin_jeeginde_laquomersedesraquo_avtounaasyi_toktop_turat/,2017-07-24,«Көгүлтүр Ысык-Көл» пансионатынын жээгинде «Мерседес» автоунаасы токтоп турат - | 24.KG,«Көгүлтүр Ысык-Көл» пансионатынын жээгинде «Мерседес» автоунаасы токтоп турат. Бул тууралуу Facebook баракчасынын колдонуучусу Замир Ибраев маалымдады.,NOT_RELEVANT,,NOT_RELEVANT,,,,ky_1,
KY-01142,,KY,24.kg,https://24.kg/kyrgyzcha/184603_sssrdin_elnbspartisti_toktonalyi_seytaliev_duynodon_kayttyi/,2021-02-25,СССРдин Эл артисти Токтоналы Сейталиев дүйнөдөн кайтты - | 24.KG,"Узакка созулган оорудан улам көрүнүктүү опера ырчысы, СССРдин Эл артисти, Токтогул атындагы Мамлекеттик сыйлыктын лауреаты, профессор Токтоналы Сейталиев 84 жаш курагында дүйнөдөн кайтты. Бул тууралуу 25-февралда Маданият, маалымат, спорт жана жаштар саясаты министрлиги кабарлады.",NOT_RELEVANT,,NOT_RELEVANT,,,,ky_1,
KY-00396,,KY,24.kg,https://24.kg/kyrgyzcha/142161_bishkekte_ichki_ishter_ministrliginin_askeri_asyinyip_aldyi_/,2020-01-31,Бишкекте Ички иштер министрлигинин аскери асынып алды - | 24.KG,Бишкекте ИИМдин № 702 аскер бөлүгүндөгү жоокер асынып алды. Бул тууралуу 24.kg агентгине өздүк булактар билдирди.,NOT_RELEVANT,,NOT_RELEVANT,,,,gold,IAA adjudicated gold
KY-00935,,KY,24.kg,https://24.kg/kyrgyzcha/159494_COVID-19_kyirgyizstanda_virus_jukturgandardyin_sanyi_11nbspmin_977ge_jetti/,2020-07-15,COVID-19. Кыргызстанда вирус жуктургандардын саны 11 миң 977ге жетти - | 24.KG,2020-жылдын 15-июлуна карата республика боюнча СOVID-19 инфекциясынын жаңы 439 учур катталды. Бул тууралуу Саламаттыкты сактоо министрлиги билдирет.,NOT_RELEVANT,,NOT_RELEVANT,,,,ky_1,
KY-00870,,KY,24.kg,https://24.kg/kyrgyzcha/130620_jash_kelindin_kayyin_jurttagyi_jashoosu_laquokelinkaraquo_serialyi_koruuchulorgo_tartuulanat/,2019-09-27,Жаш келиндин кайын журттагы жашоосу. «Келинка» сериалы көрүүчүлөргө тартууланат - | 24.KG,Кыргыз тилинде чыккан «Келинка» сериалы октябрдан тарта көрүүчүлөргө тартууланат. Бул тууралуу 24.kg агенттигине тасманын продюсери Мирлан Даанышман билдирди.,NOT_RELEVANT,,NOT_RELEVANT,,,,ky_1,
KY-00083,,KY,24.kg,https://24.kg/kyrgyzcha/62338_okmot_liglasstan_ushul_aptanyin_ayagyina_cheyin_joop_kutot_/,2017-09-11,Өкмөт Лигласстан ушул аптанын аягына чейин жооп күтөт - | 24.KG,"Liglass Trading ишканасы 18-октябрга чейин, демек ушул жума аягында 37 миллион долларды которушу керек. Бул тууралуу журналисттерге вице-премьер-министр Дуйшенбек Зилалиев билдирди.",NOT_RELEVANT,,NOT_RELEVANT,,,,gold,IAA adjudicated gold
KY-00699,,KY,24.kg,https://24.kg/kyrgyzcha/200451_kyirgyizstanda_COVID-19dun_indiyalyik_shtammyi_kattalgan_jok/,2021-07-09,Кыргызстанда COVID-19дун индиялык штаммы катталган жок - | 24.KG,Кыргызстанда COVID-19дун индиялык штаммы катталган жок. Бул тууралуу маалымат жыйында «Профилактикалык медицина» илимий-өндүрүштүк бирикмесинин директору Омор Касымов билдирди.,NOT_RELEVANT,,NOT_RELEVANT,,,,gold,IAA adjudicated gold
KY-00010,,KY,24.kg,https://24.kg/kyrgyzcha/90279_oshtun_gubernatoru_emi_shaardyi_jetektoogo_attandyi_/,2018-07-09,Оштун губернатору эми шаарды жетектөөгө аттанды - | 24.KG,"Ош шаардык кеңешиндеги көпчүлүк коалициясы чогулуп, Ош шаарынын мэри кызматына Таалайбек Сарыбашовдун талапкерлигин бир добуштан колдошту. Бул боюнча чечим бүгүнкү жыйында кабыл алынды.",NOT_RELEVANT,,NOT_RELEVANT,,,,ky_1,
KY-00021,,KY,24.kg,https://24.kg/kyrgyzcha/73329_oshnbspshaaryindagyi_aba_maydan_ishin_jandanttyi/,2018-01-15,Ош шаарындагы аба майдан ишин жандантты - | 24.KG,Ош аба майданы ишин жандантты. Бул тууралуу «Манас» эл аралык аэропорту маалымдайт.,NOT_RELEVANT,,NOT_RELEVANT,,,,ky_1,
KY-01007,,KY,24.kg,https://24.kg/kyrgyzcha/96563_bishkek_shaardyik_keneshinin_toragasyi_bolup_janyibek_abirov_shaylandyi/,2018-09-20,Бишкек шаардык кеңешинин төрагасы болуп Жаныбек Абиров шайланды - | 24.KG,Бишкек шаардык кеңешинин төрагасы болуп Жаныбек Абиров шайланды. Бүгүн жашыруун добуш берилди.,NOT_RELEVANT,,NOT_RELEVANT,,,,ky_1,
KY-00612,,KY,24.kg,https://24.kg/kyrgyzcha/178876_banktan_nasyiya_algan_673_min_adam_uchnbspaylyik_payyizdyik_tolomdon_boshotulat_/,2021-01-05,Банктан насыя алган 673 миң адам үч айлык пайыздык төлөмдөн бошотулат - | 24.KG,Банктан насыя алган 673 миң адам үч айлык пайыздык төлөмдөн бошотулат. Бул тууралуу Финансы министрлиги билдирди.,NOT_RELEVANT,,NOT_RELEVANT,,,,ky_1,
KY-00853,,KY,24.kg,https://24.kg/kyrgyzcha/208473_kazakstandyin_elchisi_laquotalibanraquo_okmotunun_tyishkyi_ishter_ministri_menen_joluktu/,2021-09-27,Казакстандын элчиси «Талибан» өкмөтүнүн тышкы иштер министри менен жолукту - | 24.KG,Казакстандын Ооганстандагы элчиси Алимхан Есенгелдиев 26-сентябрда Кабул шаарында талибдер түзгөн өкмөттөгү тышкы иштер министри Мир Хан Муттаки менен жолугушту.,NOT_RELEVANT,,NOT_RELEVANT,,,,ky_2,
KY-00159,,KY,24.kg,https://24.kg/kyrgyzcha/83514_oshto_joo_jurgunchunu_eki_unaa_kataryi_menen_koydurup_ketti/,2018-05-04,Ошто жөө жүргүнчүнү эки унаа катары менен койдуруп кетти - | 24.KG,Ошто жөө жүргүнчүнү эки унаа катары менен койдуруп кетти. Бул тууралуу Ош шаардык жол коопсуздугун камсыздоо башкы башкармалыгы билдирди.,NOT_RELEVANT,,NOT_RELEVANT,,,,ky_1,
KY-00278,,KY,24.kg,https://24.kg/kyrgyzcha/125192_atkezchilik_jol_menen_24nbspmin_daana_lampochkanyi_tashyip_bara_jatkandar_karmaldyi/,2019-08-02,Аткезчилик жол менен 24 миң даана лампочканы ташып бара жаткандар кармалды - | 24.KG,Айдаркен чек ара бөлүмү аткезчилик жол менен 24 миң даана лампочканы ташып бара жаткан кыргызстандыктарды колго түшүрдү. Бул тууралуу Чек ара кызматынан билдиришти.,NOT_RELEVANT,,NOT_RELEVANT,,,,ky_1,
KY-00479,,KY,24.kg,https://24.kg/kyrgyzcha/56779_jashyi_jete_elekter_chet_eldik_pasport_menen_gana_1257lk1257d1257nnbspchyiga_alyishat/,2017-07-05,Жашы жете электер чет элдик паспорт менен гана өлкөдөн чыга алышат - | 24.KG,Юстиция министрлиги «16 жашка толо элек балдарга туулгандыгы тууралуу күбөлүккө тиркеме берүүнү токтотуу» тууралуу токтом иштеп чыкты.,NOT_RELEVANT,,NOT_RELEVANT,,,,ky_1,
KY-00105,,KY,24.kg,https://24.kg/kyrgyzcha/100443_karakoldo_8-klasstyin_okuuchusu_parallel_klassta_okugan_balaga_byichak_saydyi/,2018-11-01,Караколдо 8-класстын окуучусу параллель класста окуган балага бычак сайды - | 24.KG,Караколдо 8-класстын окуучусу параллель класста окуган баланы бычак менен жарадар кылды. Бул тууралуу 24.kg агенттигине ИИМден билдиришти.,NOT_RELEVANT,,NOT_RELEVANT,,,,ky_2,
KY-00560,,KY,24.kg,https://24.kg/kyrgyzcha/72238_bermet_akaevanyin_sayasatka_kaytyip_keluu_nieti_bar_/,2017-12-28,Бермет Акаеванын саясатка кайтып келүү ниети бар - | 24.KG,Мурдакы президент Аскар Акаевдин кызы Бермет Акаева Кыргызстанга жана саясатка кайтып келүү ниетин NEXT TV каналына берген маегинде билдирди.,NOT_RELEVANT,,NOT_RELEVANT,,,,ky_2,
KY-00136,,KY,24.kg,https://24.kg/kyrgyzcha/81296_iim_toguz-toroodo_abal_turuktuu/,2018-04-12,ИИМ: Тогуз-Тороодо абал туруктуу - | 24.KG,Жалал-Абад облусунун Тогуз-Торо районунун Казарман аймагында абал туруктуу. Бул тууралуу «24.kg» агенттигине ИИМдин басма сөз кызматы билдирди.,NOT_RELEVANT,,NOT_RELEVANT,,,,gold,IAA adjudicated gold
KY-00489,,KY,24.kg,https://24.kg/kyrgyzcha/135824_kara-balta_shaaryinyin_turgundaryi_jaryiktyin_joktuguna_naarazyi/,2019-11-25,Кара-Балта шаарынын тургундары жарыктын жоктугуна нааразы - | 24.KG,"Айтымында, тургундар шаардык администрацияга кайрылышкан, бирок жыйынтык жок.",NOT_RELEVANT,,NOT_RELEVANT,,,,ky_1,
KY-00098,,KY,24.kg,https://24.kg/kyrgyzcha/87734_sadyir_japarovdu_11nbspjyil_6nbspayga_erkinen_ajyiratuu_chechimi_kuchundo_kaltyiryildyi/,2018-06-13,Садыр Жапаровду 11 жыл 6 айга эркинен ажыратуу чечими күчүндө калтырылды - | 24.KG,Жогорку Сот экс-депутат Садыр Жапаровду 11 жыл 6 айга эркинен ажыратуу чечимин күчүндө калтырды.,NOT_RELEVANT,,NOT_RELEVANT,,,,ky_2,
KY-01109,,KY,24.kg,https://24.kg/kyrgyzcha/84270_leylekte_sel_jurdu_suu_turak_jaylardyi_kaptap_mal_jandyiktaryin_agyizdyi/,2018-05-14,"Лейлекте сел жүрдү. Суу турак жайларды каптап, мал жандыктарын агызды - | 24.KG","Баткендин Лейлек районунда сел турак жайларды каптап, мал жандыктарын агызды. Бул тууралуу ӨКМнын басма сөз кызматы билдирди.",NOT_RELEVANT,,RELEVANT,DISASTER,,1,ky_2,"mudflow flooded homes, washed livestock"
KY-00629,,KY,24.kg,https://24.kg/kyrgyzcha/170692_omurbek_tekebaev_kyizyi_ay-danekti_turmushka_uzattyi/,2020-10-26,Өмүрбек Текебаев кызы Ай-Данэкти турмушка узатты - | 24.KG,Өмүрбек Текебаев кызы Ай- Данэкти турмушка узатты. «Кыз узатуунун» видеосу социалдык тармакта жарыяланды.,NOT_RELEVANT,,NOT_RELEVANT,,,,ky_1,
KY-00092,,KY,24.kg,https://24.kg/kyrgyzcha/157773_vitse-premer-ministr_erkin_asrandiev_koronavirus_jukturup_aldyi/,2020-06-30,Вице-премьер-министр Эркин Асрандиев коронавирус жуктуруп алды - | 24.KG,Вице-премьер-министр Эркин Асрандиев коронавирус жуктуруп алды. Бул тууралуу өкмөттүн маалымат кызматы билдирди.,NOT_RELEVANT,,NOT_RELEVANT,,,,ky_2,
KY-00515,,KY,24.kg,https://24.kg/kyrgyzcha/127705_kumtor_menen_okmottun_makuldashuusu_-too-ken_tarmagyina_onnbsptaasirin_tiygizet/,2019-08-28,Кумтөр менен өкмөттүн макулдашуусу -тоо-кен тармагына оң таасирин тийгизет - | 24.KG,«Кыргыз Республикасынын Өкмөтү менен «Centerra Gold Inc.» компаниясынын ортосундагы Стратегиялык макулдашуу күчүнө кириши- кен казуу иштерине жана тоо-кен тармагына оң таасирин тийгизет». Бул тууралуу 24.kg агенттигине Тоо-металлургиялык профсоюздун борбордук комитетинин төрагасы Эльдар Тажибаев билдирди.,NOT_RELEVANT,,NOT_RELEVANT,,,,ky_2,
KY-00079,,KY,24.kg,https://24.kg/kyrgyzcha/122692_samarkandda_itnbspkapkan_toguz_jashtagyi_bala_kaza_boldu/,2019-07-05,Самаркандда ит капкан тогуз жаштагы бала каза болду - | 24.KG,Өзбекстандын Самарканд облусундагы Равонак айылында бир ай мурда ит каап алган тогуз жаштагы бала каза болду.,NOT_RELEVANT,,NOT_RELEVANT,,,,ky_1,
KY-01256,,KY,24.kg,https://24.kg/kyrgyzcha/171124_balbak_tulobaev_keneshchisi_gulya_almambetovaga_meriyadan_ketuunu_sunushtadyi/,2020-10-28,Балбак Түлөбаев кеңешчиси Гуля Алмамбетовага мэриядан кетүүнү сунуштады - | 24.KG,Бишкек мэринин кеңешчиси Гуля Алмамбетова шаар башчысынын милдетин аткаруучу Балбак Түлөбаев аны мэриядан кетүүнү сунуштаганын митингден айтты.,NOT_RELEVANT,,NOT_RELEVANT,,,,ky_2,
KY-01186,,KY,24.kg,https://24.kg/kyrgyzcha/89156_kazakstanga_atkezchilik_jolu_menen_tashyilyip_baratkan_tameki_produktsiyasyin_tabyishtyi/,2018-06-28,Казакстанга аткезчилик жолу менен ташылып бараткан тамеки продукциясын табышты - | 24.KG,"Маалыматка караганда, тамеки продукциясынын акциздик маркасы жок болуп чыкты.",NOT_RELEVANT,,NOT_RELEVANT,,,,ky_2,
KY-01251,,KY,24.kg,https://24.kg/kyrgyzcha/103848_moskvada_hostel_ozbek_jana_tajik_jarandaryin_kabyil_aluudan_bash_tartkan/,2018-12-13,Москвада хостел өзбек жана тажик жарандарын кабыл алуудан баш тарткан - | 24.KG,Москвада жайгашкан «2Hostel2» хостели Өзбекстан жана Тажикстан жарандарын кабыл алуудан баш тарткан. Хостелдин администрациясы баш тартуу «тилкелик полиция кызматкеринин оозеки көрсөтмөсүнө» байланыштуу экенин билдирген.,NOT_RELEVANT,,NOT_RELEVANT,,,,ky_1,
KY-00996,,KY,24.kg,https://24.kg/kyrgyzcha/91061_chuy_oblusunda_450_kyilmyishtyin_beti_achyila_elek/,2018-07-17,Чүй облусунда 450 кылмыштын бети ачыла элек - | 24.KG,Чүй облусунда 450 кылмыштын бети ачыла элек. Бул тууралуу маалымат жыйында Бишкек ШИИББнын 1-жарым жылдык жыйынтыгын чыгаруу маалында аталган башкармалыктын башчысы Самат Курманкулов айтты.,NOT_RELEVANT,,NOT_RELEVANT,,,,ky_2,
KY-00223,,KY,24.kg,https://24.kg/kyrgyzcha/80667_1-klasstyin_okuuchusu_boboguno_pampers_satyip_beruunu_suranyip_prezidentke_kat_jazdyi/,2018-04-05,1-класстын окуучусу бөбөгүнө памперс сатып берүүнү суранып президентке кат жазды - | 24.KG,Биринчи класстын окуучусу бөбөгүнө памперс сатып берүүнү суранып президент Сооронбай Жээнбековго кат жазды Кыздын катын Facebook социалдык түйүнүнө Нургазы Эргешов аттуу колдонуучу жарыялады.,NOT_RELEVANT,,NOT_RELEVANT,,,,ky_1,
KY-00284,,KY,24.kg,https://24.kg/kyrgyzcha/206121_sibirden_kelgen_turist_kyirgyizstan_jonundo_yirnbspjazyip_klip_tarttyi/,2021-09-06,"Сибирден келген турист Кыргызстан жөнүндө ыр жазып, клип тартты - | 24.KG","Россиялык турист Кыргызстан жөнүндө ыр ырдап, клип тартты. Бул тууралуу Travel Experts компаниясынын директору Сергей Глуховеров Facebook баракчасына жазды.",NOT_RELEVANT,,NOT_RELEVANT,,,,ky_1,
KY-00266,,KY,24.kg,https://24.kg/kyrgyzcha/111345_ayaldardyin_elnbsparalyik_kunu_laquomanasraquo_aba_maydanyinda_muzyikanyin_koshtoosunda_belgilendi/,2019-03-11,Аялдардын эл аралык күнү «Манас» аба майданында музыканын коштоосунда белгиленди - | 24.KG,,NOT_RELEVANT,,NOT_RELEVANT,,,,ky_1,
KY-00273,,KY,24.kg,https://24.kg/kyrgyzcha/121668_atambaevdi_kol_tiybestikten_ajyiratuu_bashkyi_prokuraturanyin_korutundusu_chyiktyi/,2019-06-25,Атамбаевди кол тийбестиктен ажыратуу. Башкы прокуратуранын корутундусу чыкты - | 24.KG,Башкы прокуратура Жогорку Кеңешке экс-президент Алмазбек Атамбаевди кол тийбестиктен ажыратуу тууралуу корутундусун жөнөттү. Бул тууралуу 24.kg агенттигине парламенттен билдиришти.,NOT_RELEVANT,,NOT_RELEVANT,,,,ky_1,
KY-01391,,KY,24.kg,https://24.kg/kyrgyzcha/85752_kiprde_ozunun_batirinin_terezesinen_kyirgyizstandyik_jaran_kulap_ketti_/,2018-05-28,Кипрде өзүнүн батиринин терезесинен кыргызстандык жаран кулап кетти - | 24.KG,Түндүк Кипр Республикасынын Гирне шаарында өзүнүн батиринин терезесинен кыргызстандык Садырбек Алымбеков кулап кетти. Бул тууралуу Haberkibris порталы билдирди.,NOT_RELEVANT,,NOT_RELEVANT,,,,ky_2,
KY-00940,,KY,24.kg,https://24.kg/kyrgyzcha/82668_jarandyi_koydurup_kyirsyik_kattalgan_jerden_kachyip_ketken_aydoochu_izdeluudo/,2018-04-24,"Жаранды койдуруп, кырсык катталган жерден качып кеткен айдоочу изделүүдө - | 24.KG","Сокулукта жаранды койдуруп, кырсык катталган жерден качып кеткен айдоочу изделүүдө. Бул тууралуу Чүй облустук ИИБнын басма сөз кызматы билдирди.",NOT_RELEVANT,,NOT_RELEVANT,,,,ky_2,
KY-01227,,KY,24.kg,https://24.kg/kyrgyzcha/84700_militsiya_28nbspjashtagyi_ayaldyin_kolunan_jabyir_tartkandardyi_izdoodo/,2018-05-17,Милиция 28 жаштагы аялдын колунан жабыр тарткандарды издөөдө - | 24.KG,Алдамчылык менен жан баккан 28 жаштагы аял кармалды. Бул тууралуу ИИМдин басма сөз кызматы билдирди.,NOT_RELEVANT,,NOT_RELEVANT,,,,ky_1,
KY-00393,,KY,24.kg,https://24.kg/kyrgyzcha/59658_tajik_operatorloru_laquokyirgyiztelekomgoraquo_13_mln_dollar_karyiz/,2017-08-09,"Тажик операторлору «Кыргызтелекомго» 1,3 млн доллар карыз - | 24.KG","Тажикстандын «Телеком Технолоджи» жана «Сатурн-Онлайн» операторлору интернет үчүн «Кыргызтелекомго» 1 млн 349 миң доллар карыз. Бул тууралуу компаниянын башчысы Нурлан Мадаминов Мамлекеттик мүлктү башкаруу фондунун жыйынында билдирди.Анын айтымында, «Сатурн-Онлайн» операторунун бересеси 662 миң долларды түзөт. Эл аралык арбитраждык сот карызды жабууну милдеттендирген, бирок тажик тарап өкүмдү аткарууга ашыга элек.",NOT_RELEVANT,,NOT_RELEVANT,,,,ky_2,
KY-01044,,KY,24.kg,https://24.kg/kyrgyzcha/128732_para_aluu_karakol_shaardyik_arhitektura_bashkarmalyigyinyin_bolum_bashchyisyi_unaa_algan/,2019-09-09,Пара алуу. Каракол шаардык архитектура башкармалыгынын бөлүм башчысы унаа алган - | 24.KG,Ысык-Көл облусуна караштуу Каракол шаардык архитектура башкармалыгынын бөлүм башчысы унааны жең ичинен пара катары алган. Бул тууралуу 24.kg агенттигине Каржы полициясынан билдиришти.,NOT_RELEVANT,,NOT_RELEVANT,,,,gold,IAA adjudicated gold
KY-00677,,KY,24.kg,https://24.kg/kyrgyzcha/142569_kara-kulja_rayonunda_tokoy_kalyibyina_keltiriluudo_/,2020-02-04,Кара-Кулжа районунда токой калыбына келтирилүүдө - | 24.KG,"Кара-Кулжа районунун жашоочулары аймагындагы токойду өз күчү менен калыбына келтирүүдө. Бул тууралуу «Экологиялык чечимдер институту» коомдук фондунун ачылышында «Мурас кыймылы» уюмунун өкүлү Гамал Соронкулов билдирди. Анын айтымында, 2014-жылы 28 үй-бүлө биригип түзгөн «Арчун» коомдук уюму 110 гектар жерди ижарага алып, токойду калыбына келтирип баштады. «2016-жылы деңиз денгээлинен 1,5 мин чакырымга жакын бийиктикте 800 кара өрүк көчөттөрүн Аксы районунан алып келип отургузду. Ошондой эле өз күчү менен булактан 3,8 миң чарчы метр арык казып келишти. Бирок, 30 гектар жерди суугарып, айланасын тосо алышты. Токойду калыбына келтирүүгө — мал жаюу тоскоол болууда», — дейт Гамал Соронкулов",NOT_RELEVANT,,NOT_RELEVANT,,,,gold,IAA adjudicated gold
KY-00242,,KY,24.kg,https://24.kg/kyrgyzcha/164144_salyik_kyizmatyi_shayloogo_partiyalardyi_salyiktardyi_ubagyinda_toloogo_chakyirat_/,2020-09-04,Салык кызматы шайлоого партияларды салыктарды убагында төлөөгө чакырат - | 24.KG,Мамлекеттик салык кызматы Жогорку Кеңешинин депутаттарын шайлоого катышуучу партияларды салыктарды убагында төлөөгө чакырат. Бул тууралуу мекеме билдирди.,NOT_RELEVANT,,NOT_RELEVANT,,,,ky_1,
KY-01370,,KY,24.kg,https://24.kg/kyrgyzcha/108249_bokonbaev_ayyilyinda_okuuchu_balanyi_unaa_suzup_ketti/,2019-02-05,Бөкөнбаев айылында окуучу баланы унаа сүзүп кетти - | 24.KG,Ысык-Көл облусуна караштуу Тоң районундагы Бөкөнбаев айылында окуучу баланы унаа сүзүп кетти. Бул тууралуу Өзгөчө кырдаалдар министрлигинен билдиришти.,NOT_RELEVANT,,NOT_RELEVANT,,,,ky_2,
KY-00569,,KY,24.kg,https://24.kg/kyrgyzcha/134880_balyikchyida_alkogolduk_produktsiyanyi_myiyzamsyiz_chyigargan_firma_anyiktaldyi/,2019-11-14,Балыкчыда алкоголдук продукцияны мыйзамсыз чыгарган фирма аныкталды - | 24.KG,Балыкчы шаарында алкоголдук продукцияны мыйзамсыз чыгарган фирма аныкталды. Бул тууралуу Салык кызматынан билдиришти.,NOT_RELEVANT,,NOT_RELEVANT,,,,ky_1,
KY-01115,,KY,24.kg,https://24.kg/kyrgyzcha/143281_saymaitinin_olumu_boyuncha_deputattyik_komissiya_matraimov_menen_sulaymanovdu_ugat_/,2020-02-11,Саймаитинин өлүмү боюнча депутаттык комиссия Матраимов менен Сулаймановду угат - | 24.KG,Жогорку Кеңештин депутаты Искендер Матраимов менен Алтынбек Сулайманов депутаттык комиссиянын эмки жыйынына катышат. Бул тууралуу журналисттерге Талант Мамытов билдирди.,NOT_RELEVANT,,NOT_RELEVANT,,,,gold,IAA adjudicated gold
KY-01488,,KY,24.kg,https://24.kg/kyrgyzcha/112528_ozbekstanda_nooruzdu_mayramyinda_ospurum_selkinchekten_kulap_kaza_boldu/,2019-03-22,"Өзбекстанда Ноорузду майрамында өспүрүм селкинчектен кулап, каза болду - | 24.KG","Анжиян облусундагы эс алуу парктарынын биринде 16 жаштагы өспүрүм селкинчектен кулап түшүп, мерт болду. Күбөлөрдүн айтымында, трагедия 17-мартта Нооруз майрамына арналган иш-чара учурунда болгон, ага район башчысы катышкан.",NOT_RELEVANT,,NOT_RELEVANT,,,,gold,IAA adjudicated gold
KY-00378,,KY,24.kg,https://24.kg/kyrgyzcha/130547_irrigatsiyalyik_obyektilerde_ishterdi_jurguzuugo_1282_million_som_bolungon_/,2019-09-26,"Ирригациялык объектилерде иштерди жүргүзүүгө 128,2 миллион сом бөлүнгөн - | 24.KG",Президент Сооронбай Жээнбеков Ысык-Көл облусуна иш сапарынын алкагында Жети-Өгүз районунун Светлая Поляна жана Оргочор айылдарындагы ирригациялык системаларды калыбына келтирүү иштеринин жүрүшү менен таанышты. Бул тууралуу президенттин басма сөз кызматы билдирди.,NOT_RELEVANT,,NOT_RELEVANT,,,,ky_2,
KY-00834,,KY,24.kg,https://24.kg/kyrgyzcha/77538_bishkekke_janyi_trolleybustar_satyilyip_alyinat/,2018-03-02,Бишкекке жаңы троллейбустар сатылып алынат - | 24.KG,Европалык реконструкция жана өнүктүрүү банкынын насыя жана грант линиясынын негизинде Бишкек троллейбус башкармалыгы 7 млн еврого 52 жаңы троллейбус сатып алат. Бул тууралуу парламенттин жалпы жыйынында Бишкек троллейбус башкармалыгынын директору Артур Өмүрзаков билдирди.,NOT_RELEVANT,,NOT_RELEVANT,,,,ky_1,
KY-00821,,KY,24.kg,https://24.kg/kyrgyzcha/146623_bishkekte_39nbspjashtagyi_sulaymankul_halbekovgo_izdeluudo/,2020-03-16,Бишкекте 39 жаштагы Сулайманкул Халбековго изделүүдө - | 24.KG,Бишкекте 39 жаштагы Сулайманкул Халбековго изделүүдө. Бул тууралуу Биринчи май райондук ички иштер башкармалыгынын пресс-катчысы маалымдады.,NOT_RELEVANT,,NOT_RELEVANT,,,,ky_2,
KY-00203,,KY,24.kg,https://24.kg/kyrgyzcha/96208_deputat_kyirgyizstan_ginnestin_kitebine_kirishi_mumkun/,2018-09-17,Депутат: Кыргызстан Гиннестин китебине кириши мүмкүн - | 24.KG,"Жогорку Кеңештин депутаты Садык Шер-Нияз Каржы министри Адылбек Касымалиевге кайрылып, маданият чөйрөсүнө көп көңүл бурууга чакырды.",NOT_RELEVANT,,NOT_RELEVANT,,,,ky_2,
KY-01281,,KY,24.kg,https://24.kg/kyrgyzcha/217688_COVID-19_bir_sutkada_23nbspkishiden_virus_anyiktalyip_bir_beytap_kaza_boldu/,2021-12-20,"COVID-19. Бир суткада 23 кишиден вирус аныкталып, бир бейтап каза болду - | 24.KG",Кыргызстанда 20-декабря карата коронавирус дагы 23 адамдан аныкталды. Бул тууралуу Саламаттык сактоо жана социалдык өнүктүрүү министрлигинин басма сөз кызматы билдирди.,NOT_RELEVANT,,NOT_RELEVANT,,,,ky_2,
KY-00814,,KY,24.kg,https://24.kg/kyrgyzcha/166740_sooronbay_jeenbekovdun_ishnbspsaparyi_vengriyada_ulanuuda_/,2020-09-29,Сооронбай Жээнбековдун иш сапары Венгрияда уланууда - | 24.KG,Сочидеги жолугушуудан кийин Сооронбай Жээнбеков Венгрияга расмий сапар менен келди. Бул тууралуу өлкө башчысынын маалымат кызматы билдирди.,NOT_RELEVANT,,NOT_RELEVANT,,,,gold,IAA adjudicated gold
KY-00036,,KY,24.kg,https://24.kg/kyrgyzcha/156939_sokulukta_ayyil_okmottun_bashchyisyi_akcha_talap_kyilgandyigyi_uchun_karmalgan_birok/,2020-06-22,"Сокулукта айыл өкмөттүн башчысы акча талап кылгандыгы үчүн кармалган, бирок - | 24.KG",Кризиске каршы кызматы Сокулук айыл өкмөтүнүн башчысы Бакыт Сыдыковду акча талап кылгандыгы үчүн кармаган. Бул тууралуу 24.kg агенттигине өздүк булактар маалымдашты.,NOT_RELEVANT,,NOT_RELEVANT,,,,ky_2,
KY-01433,,KY,24.kg,https://24.kg/kyrgyzcha/62310_militsiya_tentushtaryin_sabagan_mektep_okuuchularyi_taktap_jatat_/,2017-09-11,Милиция теңтуштарын сабаган мектеп окуучулары тактап жатат - | 24.KG,Социалдык тармакта мектеп окуучулары теңтуштарын сабап жаткандыгы тууралуу видео пайда болду.,NOT_RELEVANT,,NOT_RELEVANT,,,,ky_1,
KY-01126,,KY,24.kg,https://24.kg/kyrgyzcha/90070_eltrdin_direktoru_janyi_orun_basarluu_boldu/,2018-07-06,ЭЛТРдин директору жаңы орун басарлуу болду - | 24.KG,Жумамидин Сулайманкулов ЭлТР мамлекеттик телерадиоберүү компаниясынын башкы директорунун орун басары болуп дайындалды. Тиешелүү буйрукка премьер-министр Мухаммедкалый Абылгазиев кол койду.,NOT_RELEVANT,,NOT_RELEVANT,,,,ky_2,
KY-00091,,KY,24.kg,https://24.kg/kyrgyzcha/92377_sapar_isakovdu_kamakta_kaltyiruu_moonotu_eki_ayga_uzartyildyi/,2018-08-01,Сапар Исаковду камакта калтыруу мөөнөтү эки айга узартылды - | 24.KG,Бишкектин Биринчи Май райондук соту экс-премьер-министр Сапар Исаковду камакта калтыруу мөөнөтүн эки айга узартты.Чечим аталган ишти караган сот Айбек Эрнис уулу тарабынан кабыл алынды.,NOT_RELEVANT,,NOT_RELEVANT,,,,ky_1,
KY-01226,,KY,Azattyk,https://www.azattyk.org/a/33797617.html,2026-07-06,Оштогу менчик мектептин жамааты жана ата-энелери президенттен жардам сурады,"Ош шаарындагы “КелБил” жеке менчик мектебинин эмгек жамааты жана анда окуган балдардын ата-энелери президент Садыр Жапаровго кайрылып, билим берүү комплекси жайгашкан имараттан мажбурлап чыгарылганы жатканын даттанды. Алардын видео кайрылуусун мектептин тең негиздөөчүсү жана директору Өмүрбек Акбаралиев Фейсбуктагы баракчасында жарыялады. Мугалимдер жана ата-энелер мамлекет башчыдан имараттын ээси менен келишпестикке кийлигишип, талашты чечип берүүнү өтүндү. Директор Өмүрбек Акбаралиевдин сөзүнө караганда, ижарачы аларды окуу жылынын алдында имараттан чыгып кетүүгө мажбурлоодо: “Биз бул имаратты ижарага алып, балдарга билим берип, мектеп иштетебиз. Ачылганыбызга беш жылдын жүзү болду. “КелБил” мектеби Ош шаарында орду бар мектептердин бири. Мектеп ачуу, команда топтоо, окуучуларды чогултуу, билим берүү ишмердүүлүгүн жүргүзүү кыйын, түйшүгү оор, кыжалатчылыгы көп иш. Ал эми мектепти жаап салуу заматта. Имарат ээсинин байысам деген ниети 400гө жакын окуучунун билим алуусун жана 50дөй мугалимдин ишин токтотууга себеп болууда. Эки жыл мурун ушул бүтпөгөн имаратты бүтүрүү үчүн болгон каражатыбызды салып, жетпегенине жашап жаткан үйүбүздү күрөөгө коюп, алган насыябызды дале төлөп келебиз. Имараттын ээси – Назгүл Жолдошева, документ боюнча ээлик кылган бир тууган Өмүрбек Жолдошев бизди “имараттан чыгарам” деп жатат. Башында беш жылга келишим түзөбүз деген сөзүнө ишенип, каражат салганбыз, бүтпөгөн имаратын бүтүргөнбүз. Жыл сайын ижара акысын көтөрүп, жаңы келишим түзөт. Ижара акысы да олчойгон, чоң сумма. Бул жылы да жаңы келишим түзөбүз деп, иниси телефон чалып, айткан. Анын сөзүнө ишенип, ремонт жасап, ата-энелер, мугалимдер менен келишим түзүп, окуучуларга бирдиктүү форма үчүн каражат топтоп, буйрутма бергенбиз. Бир аптадан кийин “биз силер менен иштешпейбиз, имаратты бошоткула, суу менен жарыкты өчүрттүрөм” деп чыкты. Бул боюнча Ош шаарынын мэрине, Ош шаарынын прокуроруна, УКМКнын Ош шаары боюнча башкы башкармалыгына да кайрылдык. Ал эми ижара ээси “имаратымды мыйзамсыз басып олтурат” деп милицияга кайрылган экен, тергөөчү келип, “чыкпасаңар кылмыш ишин козгойм” деп, кыжалат кылып турат. Биз кылмышкер эмеспиз, биз билим берүүнүн гана күйөрманыбыз. Окуу жылынын башталышына 1,5 айдан ашыгыраак убакыт калды. Ушунча окуучуну алып, бул убакытта башка имаратка чыгып кетүүгө каражатыбыз да, мүмкүнчүлүгүбүз да жок. Ошондуктан ушул имаратта дагы бир жыл иштөөгө уруксат сурап жатабыз”, – деди ал. Видеодо ошондой эле окуучулардын ата-энелери да кайрылуу жасап, окуу жылын башталар алдында мектепти аталган имаратта сактап калууну өлкө жетекчилигинен суранган. ""Азаттык"" ишкер Назгүл Жолдошева байланышканда, ал өзүнүн имараты билим берүү багытына профилдештирилбегенден улам тиешелүү мамлекеттик органдардан эскертүү алганын жана ага айып пул салынганын, ошол себептүү мектепти чыгарууга аргасыз болуп жатканын билдирди. Жолдошева мектеп менен беш жылга эмес, эки жылга гана келишим түзгөнүн, оңдоп-түзөөгө кеткен каражаттын эсебинен билим берүү мекемеси 2024-2025-окуу жылы акысыз иштегенин билдирди. Ал тактагандай, 2025-2026-жылы ижара акы үчүн 750 миң сом алган. Ишкер жаңы кийинки жыл үчүн мектепке акы сунуштабаганын, алардын жөн гана чыгып кетүүсүн талап кылып жатканын айтып, милицияга арыз жазганын ырастады. Тараптардын талашы боюнча жергиликтүү бийлик өкүлдөрү жана укук коргоо органдары да маалымат тарата элек. (ErN)",NOT_RELEVANT,,NOT_RELEVANT,,,,ky_2,
KY-00538,,KY,24.kg,https://24.kg/kyrgyzcha/130966_tekebaev_jana_chotonovdun_sotu_kursan_asanov_kubo_kataryi_suraldyi/,2019-10-01,Текебаев жана Чотоновдун соту. Курсан Асанов күбө катары суралды - | 24.KG,Бишкектеги Биринчи Май райондук сотунда «Ата Мекен» партиясынын лидери Өмүрбек Текебаев жана ӨКМнын мурунку башчысы Дүйшөнкул Чотоновго карата кылмыш ишин кайра кароо башталды. Сотто Айнура Сатарова төрагалык кылууда.,NOT_RELEVANT,,NOT_RELEVANT,,,,ky_2,
KY-00787,,KY,24.kg,https://24.kg/kyrgyzcha/217122_olkonun_myiktyi_80nbspstudenti_prezidenttik_stipendiyaga_eenbspboldu/,2021-12-14,Өлкөнүн мыкты 80 студенти президенттик стипендияга ээ болду - | 24.KG,"Кыргызстандагы жогорку окуу жайлардын алдынкы студенттери ар жыл сайын берилүүчү,50 миң сомдук президенттик стипендияны алышты. Аны бүгүн өлкө башчысы Садыр Жапаров тапшырды.",NOT_RELEVANT,,NOT_RELEVANT,,,,ky_1,
KY-00873,,KY,24.kg,https://24.kg/kyrgyzcha/160528_deputat_elnbspkattoonu_2021-jyilga_jyildyiruunu_sunushtadyi/,2020-07-24,Депутат эл каттоону 2021-жылга жылдырууну сунуштады - | 24.KG,Улуттук статистикалык комитет эл каттоону кайсы убакта жандандыруу керектигин азырынча аныктай элек. Депутат Наталья Никитенко эл каттоону 2021-жылга жылдырууну сунуштап жатат.,NOT_RELEVANT,,NOT_RELEVANT,,,,ky_1,
KY-00949,,KY,24.kg,https://24.kg/kyrgyzcha/73442_samara_karimova_boing-747_uchagyinyin_kurmandyiktaryinyin_elesine_yirnbsparnadyi_/,2018-01-16,Самара Каримова Боинг-747 учагынын курмандыктарынын элесине ыр арнады - | 24.KG,Ырчы Самара Каримова Дача-СУ айылына кулаган учактан мерт болгондордун элесине ыр арнады.,NOT_RELEVANT,,NOT_RELEVANT,,,,ky_2,
KY-01484,,KY,24.kg,https://24.kg/kyrgyzcha/55754_1256zbekstanda_madaniy_murastardyi_chet_1257lk1257l1257rd1257nnbspkaytaruu_boyuncha_borbor_t1199z1199ld1199/,2017-06-23,Өзбекстанда маданий мурастарды чет өлкөлөрдөн кайтаруу боюнча борбор түзүлдү - | 24.KG,Шавкат Мирзиёев 20-июнда Өзбекстанга таандык чет өлкөдө сакталган маданий мурастарды иликтөө борборун түзүү боюнча токтомго кол койду. Бул тууралуу centralasian маалымат агентиги кабарлайт.,NOT_RELEVANT,,NOT_RELEVANT,,,,ky_1,
KY-00769,,KY,24.kg,https://24.kg/kyrgyzcha/83308_almazbek_atambaev_sooronbay_jeenbekov_menen_jolugushuuga_dayar_/,2018-05-02,Алмазбек Атамбаев Сооронбай Жээнбеков менен жолугушууга даяр - | 24.KG,Мурдакы президент Алмазбек Атамбаев өлкө башчысы Сооронбай Жээнбеков менен жолугушууга даяр. Бул тууралуу «24.kg» агенттигине партиянын саясый кеңешинин мүчөсү Марат Аманкулов билдирди.,NOT_RELEVANT,,NOT_RELEVANT,,,,ky_1,
KY-01070,,KY,24.kg,https://24.kg/kyrgyzcha/121957_deputat_kyilmyishtarga_jeenbekovdordun_uy-bulosunun_katyishtyigyi_bar/,2019-06-27,Депутат: Кылмыштарга Жээнбековдордун үй-бүлөсүнүн катыштыгы бар - | 24.KG,Алмазбек Атамбаевди күнөөлөп жаткан кылмыштарга Жээнбековдордун үй-бүлөсүнүн катыштыгы бар. Бул тууралуу Жогорку Кеңештин отурумунда депутат Ирина Карамушкина айтып чыкты.,NOT_RELEVANT,,NOT_RELEVANT,,,,ky_1,
KY-00607,,KY,24.kg,https://24.kg/kyrgyzcha/180052_turkiya_lideri_redjep_erdogan_koronaviruska_karshyi_emdeldi/,2021-01-15,Түркия лидери Реджеп Эрдоган коронавируска каршы эмделди - | 24.KG,Түркия лидери Реджеп Эрдоган коронавируска каршы эмдөөдөн өттү. Бул тууралуу ал өзүнүн Facebook баракчасында билдирди.,NOT_RELEVANT,,NOT_RELEVANT,,,,ky_2,
KY-00742,,KY,24.kg,https://24.kg/kyrgyzcha/175317_sottun_chechimisiz_adamdyi_48nbspsaat_emes_24nbspsaat_karmoo_sunushtaluuda/,2020-12-03,"Соттун чечимисиз адамды 48 саат эмес, 24 саат кармоо сунушталууда - | 24.KG","Конституциялык кеңешмеде соттун чечимисиз адамды 48 саат эмес, 24 саат кармоо сунушталууда. Бул тууралуу маалымат жыйында Конституциялык кеңешменин «Адам жана жарандардын укуктары жана эркиндиктери» секциясынын жетекчиси Нурлан Шерипов билдирди.",NOT_RELEVANT,,NOT_RELEVANT,,,,gold,IAA adjudicated gold
KY-00589,,KY,24.kg,https://24.kg/kyrgyzcha/92543_oshto_22nbspjashtagyi_kelindin_asyinyip_turgan_denesi_tabyildyi/,2018-08-02,Ошто 22 жаштагы келиндин асынып турган денеси табылды - | 24.KG,Ош облусуна караштуу Ноокат районундагы турак үйдөн 22 жаштагы келиндин асынып турган денеси табылды. Бул тууралуу Ош ОИИББдан билдиришти.,NOT_RELEVANT,,NOT_RELEVANT,,,,ky_2,
KY-01454,,KY,24.kg,https://24.kg/kyrgyzcha/64210_naryin_oblusunun_ennbspkaryi_jashoosu_107_jashta_/,2017-10-02,Нарын облусунун эң кары жашоосу 107 жашта - | 24.KG,Нарын облусунун эң кары жашоосу 107 жашта. Бул тууралуу өкмөттүн аймактагы ыйгарым укуктуу өкүлчүлүгү билдирди.,NOT_RELEVANT,,NOT_RELEVANT,,,,ky_2,
KY-00659,,KY,24.kg,https://24.kg/kyrgyzcha/108560_bishkektin_murunku_meri_albek_ibraimov_ishnbspbolmosunon_250_min_dollar_para_algan/,2019-02-07,Бишкектин мурунку мэри Албек Ибраимов иш бөлмөсүнөн 250 миң доллар пара алган - | 24.KG,"Анын айтымында, Албек Ибраимов учурда төрт кылмыш иши боюнча айыпталууда. «Дастан Инжиниринг» жана «Дастан» компанияларынын ортосундагы келишимге ылайык, атайын жабдуулар кымбат баада жеткирилген. Анда жалпы чыгым 22 миллион сомду түзгөн. Буга байланыштуу Албек Ибраимовго, анын орун басарына жана башкы бухгалтерине коррупция жана алдамчылык боюнча айып тагылды.",NOT_RELEVANT,,NOT_RELEVANT,,,,ky_1,
KY-00903,,KY,24.kg,https://24.kg/kyrgyzcha/199626_COVID-19_bir_sutkada_1nbspmin_485_kishiden_virus_anyiktalyip_onnbspadam_kaza_boldu/,2021-07-02,"COVID-19. Бир суткада 1 миң 485 кишиден вирус аныкталып, он адам каза болду - | 24.KG",Бир суткада 1 миң 485 кишиден вирус аныкталды. Бул тууралуу Саламаттыкты сактоо министрлиги билдирди.,NOT_RELEVANT,,NOT_RELEVANT,,,,ky_1,
KY-00725,,KY,24.kg,https://24.kg/kyrgyzcha/170882_balbak_tulobaev_bishkek_shaaryinyin_merinin_mildetin_atkarat_/,2020-10-27,Балбак Түлөбаев Бишкек шаарынын мэринин милдетин аткарат - | 24.KG,Бишкек шаарынын мэринин милдетин аткаруучу болуп Балбак Түлөбаев дайындалды. Дүйшөмбү күнү Нариман Түлеев расмий түрдө арыз жазып кеткен.,NOT_RELEVANT,,NOT_RELEVANT,,,,gold,IAA adjudicated gold
KY-00663,,KY,24.kg,https://24.kg/kyrgyzcha/83278_kara-suuda_aydoochu_10nbspjashar_balanyi_jana_64nbspkoydu_unaasyi_menen_koydurup_ketti/,2018-05-02,Кара-Сууда айдоочу 10 жашар баланы жана 64 койду унаасы менен койдуруп кетти - | 24.KG,Ош облусунун Кара-Суу районунан «Мерседес Бенц 711» үлгүсүндөгү унаанын айдоочусу 10 жашар баланы жана 64 койду койдуруп кетти. Бул тууралуу окуяга күбө болгондор билдирди.,NOT_RELEVANT,,NOT_RELEVANT,,,,ky_2,
KY-00648,,KY,24.kg,https://24.kg/kyrgyzcha/103832_asanbay_kichirayonundagyi_kafe_abanyi_bulgap_jatat/,2018-12-13,Асанбай кичирайонундагы кафе абаны булгап жатат - | 24.KG,Бишкектеги Асанбай кичирайонундагы Токомбаев менен Сухэ-Батор көчөлөрүнүн кесилишинде жайгашкан кафе абаны булгап жатат. Бул тууралуу 24.kg агенттигине окурман билдирди.,NOT_RELEVANT,,NOT_RELEVANT,,1,,ky_2,
KY-00130,,KY,24.kg,https://24.kg/kyrgyzcha/101939_anjelika_kazak_yirchyisyi_menen_duet_yirdap_chyigat_/,2018-11-22,Анжелика казак ырчысы менен дуэт ырдап чыгат - | 24.KG,Ырчы Анжелика Кайратова казак ырчысы менен дуэт ырдап чыгат. Бул тууралуу ал өзүнүн инстаграмм баракчасында билдирди.,NOT_RELEVANT,,NOT_RELEVANT,,,,gold,IAA adjudicated gold
KY-00724,,KY,24.kg,https://24.kg/kyrgyzcha/86217_kyirgyizstanda_18nbspjashka_cheyinki_baldardyin_sanyi_2nbspmillion_312_minge_jetet/,2018-05-31,Кыргызстанда 18 жашка чейинки балдардын саны 2 миллион 312 миңге жетет - | 24.KG,"Кыргызстанда 18 жашка чейинки балдардын саны 2 миллион 312 миңге жетет. Бул тууралуу Улуттук статистикалык комитеттен билдиришти. Маалым болгондой, алардын 51 пайызын эркектер түзөт.",NOT_RELEVANT,,NOT_RELEVANT,,,,ky_2,
KY-01431,,KY,24.kg,https://24.kg/kyrgyzcha/160130_moskvadagyi_kyirgyizstandyiktar_jalal-abad_oblusuna_daryi-darmek_jonotushtu_/,2020-07-21,Москвадагы кыргызстандыктар Жалал-Абад облусуна дары-дармек жөнөтүштү - | 24.KG,Россиядагы кыргызстандыктар Жалал-Абад облусуна дары-дармек жөнөтүштү. Бул тууралуу Москва шаары жана Москва облусу боюнча Жалабад коомдук бирикмеси өкүлдөрү билдиришти.,NOT_RELEVANT,,NOT_RELEVANT,,,,ky_2,
KY-01286,,KY,24.kg,https://24.kg/kyrgyzcha/113039_bishkektin_8nbspmin_abonentinin_elektr_jaryigyi_distantsionduk_turdo_ochurulot/,2019-03-27,Бишкектин 8 миң абонентинин электр жарыгы дистанциондук түрдө өчүрүлөт - | 24.KG,29-мартта Бишкектин 8 миң абонентинин электр жарыгы дистанциондук түрдө өчүрүлөт. Бул тууралуу «Түндүкэлектр» ААКдан билдиришти.,NOT_RELEVANT,,NOT_RELEVANT,,,,gold,IAA adjudicated gold
KY-00635,,KY,24.kg,https://24.kg/kyrgyzcha/164560_COVID-19_bir_sutkada_87nbspkishiden_virus_anyiktaldyi/,2020-09-09,COVID-19. Бир суткада 87 кишиден вирус аныкталды - | 24.KG,Бир суткада 87 кишиден вирус аныкталды. Бул тууралуу Саламаттыкты сактоо министрлигинин өкүлү Айнура Акматова билдирди.,NOT_RELEVANT,,NOT_RELEVANT,,,,ky_2,
KY-01465,,KY,24.kg,https://24.kg/kyrgyzcha/186074_jogorku_keneshtin_deputattaryi_referendumga_makulduk_berishti/,2021-03-11,Жогорку Кеңештин депутаттары референдумга макулдук беришти - | 24.KG,"Бүгүн, 11-март күнү Жогорку Кеңештин депутаттары жаңы Конституциянын долбоору боюнча референдум өткөрүүгө макулдук берди.",NOT_RELEVANT,,NOT_RELEVANT,,,,ky_2,
KY-01428,,KY,24.kg,https://24.kg/kyrgyzcha/92761_akyirkyi_6nbspayda_mektep_okuuchularyi_tarabyinan_255_kyilmyish_jasalgan/,2018-08-06,Акыркы 6 айда мектеп окуучулары тарабынан 255 кылмыш жасалган - | 24.KG,"Алтынай Өмүрбекова: Өспүрүмдөр арасында кылмыштардын санын кыскартуу үчүн балдарды көчөдөн тартып, аларга жеке өнүгүү шарттарын түзүп берүү керек. Бул тууралуу Кыргыз Республикасынын вице-премьер-министри Алтынай Өмүрбекова айтып чыкты. Анын айтымында, жашы жете элек балдар арасындагы кылмыштуулукка өлкөдөгү социалдык-экономикалык абал, ошондой эле адеп-ахлактык факторлор да таасир берет. Кылмыштарды алдын алуу боюнча жүргүзүлгөн иштерге карабастан жашы жете электер арасындагы кылмыштуулуктун статистикасы эки эсе өскөн.",NOT_RELEVANT,,NOT_RELEVANT,,,,ky_1,
KY-00392,,KY,24.kg,https://24.kg/kyrgyzcha/131955_alga_kyilyichev_8470nbsp1nbsptergoo_abagyinan_shiibbnyin_ubaktyiluu_karmoochu_jayyina_kotoruldu/,2019-10-11,Алга Кылычев № 1 тергөө абагынан ШИИББнын убактылуу кармоочу жайына которулду - | 24.KG,КСДП саясий уюмунун мүчөсү Алга Кылычев № 1 тергөө абагынан Бишкек ШИИББнын убактылуу кармоочу жайына которулду. Бул тууралуу 24.kg агенттигине ЖАМКтан билдиришти.,NOT_RELEVANT,,NOT_RELEVANT,,,,gold,IAA adjudicated gold
KY-00670,,KY,24.kg,https://24.kg/kyrgyzcha/118281_turkiya_kyirgyizstandyik_jarandardyin_akyisyiz_daryilanuusu_uchun_kvotanyin_sanyin_koboyttu/,2019-05-22,Түркия кыргызстандык жарандардын акысыз дарылануусу үчүн квотанын санын көбөйттү - | 24.KG,Түркия кыргызстандык жарандардын акысыз дарылануусу үчүн квотанын санын көбөйттү. Бул тууралуу Саламаттык сактоо министрлигинен маалымдашты.,NOT_RELEVANT,,NOT_RELEVANT,,,,ky_1,
KY-00680,,KY,24.kg,https://24.kg/kyrgyzcha/59577_aba-yirayyi_buzulat_/,2017-08-08,Аба-ырайы бузулат - | 24.KG,Кыргызстанда 11-13 августа аба-ырайы бузулат. Бул боюнча Өзгөчө кырдаалдар министрлиги кабарлайт.,NOT_RELEVANT,,NOT_RELEVANT,,,,gold,IAA adjudicated gold
KY-01348,,KY,24.kg,https://24.kg/kyrgyzcha/200782_COVID-19_18nbspmin_kishi_virus_menen_oorup_jatat/,2021-07-12,COVID-19. 18 миң киши вирус менен ооруп жатат - | 24.KG,Кыргызстанда 18 миң 934 киши вирус менен ооруп жатат. Бул тууралуу саламаттыкты сактоо министрлиги билдирди.,NOT_RELEVANT,,NOT_RELEVANT,,,,ky_2,
KY-00264,,KY,24.kg,https://24.kg/kyrgyzcha/102716_avtomektepterde_bilim_algan_44nbspminden_ashyik_kishi_syinaktan_otpoy_kaldyi/,2018-11-30,Автомектептерде билим алган 44 миңден ашык киши сынактан өтпөй калды - | 24.KG,2018-жылдын 9 айында автомектептерде билим алган 44 миңден ашык киши жол эрежесинин сынактарынан өтпөй калган. Бул тууралуу Мамлекеттик каттоо кызматынан билдиришти.,NOT_RELEVANT,,NOT_RELEVANT,,,,ky_1,
KY-00540,,KY,24.kg,https://24.kg/kyrgyzcha/193206_COVID-19_bir_sutkada_385_kishiden_virus_anyiktalyip_uchoo_kaza_boldu/,2021-05-07,"COVID-19. Бир суткада 385 кишиден вирус аныкталып, үчөө каза болду - | 24.KG",Бир суткада 385 кишиден вирус аныкталды. Бул тууралуу Саламаттыкты сактоо министрлиги билдирди.,NOT_RELEVANT,,NOT_RELEVANT,,,,ky_2,
