id,parallel_group,lang,source,url,date,headline,lead,llm_label_l1,llm_label_l2,human_label_l1,human_label_l2,flag_pollution,flag_uncertain,annotator_id,notes
RU-D02137,,RU,Tengrinews,https://tengrinews.kz/kazakhstan_news/vetrovuyu-elektrostantsiyu-astana-expo-2017-obeschali-414958/,2020-09-23,Ветровую электростанцию ”Астана EXPO-2017” обещали вывести на полную мощность: 23 сентября 2020 15:33 - новости на Tengrinews.kz,Tengrinews.kz ▶ Ветровую электростанцию ”Астана EXPO-2017” обещали вывести на полную мощность: 23 сентября 2020 15:33 ▶ Читать подробнее актуальные новости и события на сайте.,RELEVANT,ENERGY,RELEVANT,ENERGY,,,ru_2,wind power plant capacity
RU-D01437,,RU,Tengrinews,https://tengrinews.kz/kazakhstan_news/klimat-menyaetsya-byistree-chem-myi-ojidali-kazgidromet-545172/,2024-08-19,"Климат меняется быстрее, чем мы ожидали - Казгидромет","Темпы изменения климата в стране превышают ожидания синоптиков и метеорологов. Об сообщили в ""Казгидромете"", передает корреспондент Tengrinews.kz.",RELEVANT,SCIENCE_GEN,RELEVANT,SCIENCE_GEN,,,ru_1,climate changing faster than expected
RU-D04617,,RU,Kaktus,https://kaktus.media/doc/473177_kazahstan_i_kyrgyzstan_hotiat_postroit_solnechnyu_stanciu_v_nashey_strane._gde_imenno.html,2022-12-28,Казахстан и Кыргызстан хотят построить солнечную станцию в нашей стране. Где именно?,Держите еще один масштабный проект - Кыргызстан и Казахстан договорились построить солнечную электростанцию на территории нашей страны. Подробнее:,RELEVANT,ENERGY,RELEVANT,ENERGY,,,gold,IAA adjudicated gold
RU-C00449,,RU,24.kg,https://24.kg/archive/ru/community/68917-izmeneniya-klimata-problema-ot-kotoroj-nelzya.html/,2010-02-05,"Изменения климата: проблема, от которой нельзя отгородиться","Изменения климата: проблема, от которой нельзя отгородитьсяВопросы экономического, политического или военного кризиса привлекают всеобщее внимание. А вот вопросы экологии, изменения климата,",RELEVANT,OTHER_CLIMATE,RELEVANT,SCIENCE_GEN,,,ru_2,climate change awareness
RU-D05904,,RU,Tengrinews,https://tengrinews.kz/kazakhstan_news/kazahstane-postroyat-odnu-krupneyshih-solnechnyih-588105/,2025-12-15,В Казахстане построят одну из крупнейших солнечных электростанций,"В сельском округе Орангай Сауранского района Туркестанской области началось строительство крупной солнечной электростанции (СЭС) мощностью 300 мегаватт, состоялась церемония закладки временной капсулы. Об этом сообщили в акимате региона.",RELEVANT,ENERGY,RELEVANT,ENERGY,,,ru_1,large solar plant Kazakhstan
RU-D01621,,RU,Kaktus,https://kaktus.media/doc/411464_proon_predlojila_detiam_poigrat_v_borby_s_izmeneniem_klimata._onlayn.html,2020-04-22,ПРООН предложила детям поиграть в борьбу с изменением климата. Онлайн,"По мере распространения пандемии COVID-19 миллионы людей столкнулись с закрытием школ и учреждений, что привело к появле",RELEVANT,OTHER_CLIMATE,RELEVANT,SCIENCE_GEN,,1,ru_1,UNDP climate game for children
RU-D04465,,RU,Kaktus,https://kaktus.media/doc/513758_ispaniia_vvodit_oplachivaemye_klimaticheskie_otpyska.html,2024-11-29,"Испания вводит оплачиваемые ""климатические отпуска""",Работники в Испании могут взять до четырех дней оплачиваемого отпуска в случае чрезвычайных погодных условий. Подробнее:,RELEVANT,POLICY,RELEVANT,POLICY,,,ru_2,Spain climate leave law
RU-D01497,,RU,Tengrinews,https://tengrinews.kz/usa/tramp-snova-posmeialsia-nad-globalnym-potepleniem-361694/,2019-01-20,Трамп снова посмеялся над глобальным потеплением: 20 января 2019 22:35 - новости на Tengrinews.kz,Tengrinews.kz ▶ Трамп снова посмеялся над глобальным потеплением: 20 января 2019 22:35 ▶ Читать подробнее актуальные новости и события на сайте.,RELEVANT,POLICY,RELEVANT,SCIENCE_GEN,,1,ru_2,Trump mocked global warming
RU-D01928,,RU,Sputnik,https://sputnik.kg/20200224/klimat-aba-yrayy-klimatolog-aldyn-ala-bildiruu-1047163452.html,,Бул жай кандай болорун климатологдор алдын ала айтышты,"Адистер быйылкы кыш жылуу болуп, кар аз жаагандыктан дүйнөнүн көп жеринде кургакчылык өкүм сүрүшү мүмкүн деген божомолун айтууда.",RELEVANT,SCIENCE_GEN,NOT_RELEVANT,,,,gold,IAA adjudicated gold
RU-00029,,RU,Daryo.uz,https://daryo.uz/ru/2025/10/18/pochti-900-mln-chelovek-v-mire-stradayut-ot-bednosti-i-posledstviy-izmeneniya-klimata-oon/,2025-10-18,Почти 900 млн человек в мире страдают от бедности и последствий изменения климата — ООН,651 миллион человек одновременно подвержены риску двух и более климатических угроз. Ещё 309 миллионов живут в условиях сразу трёх или четырёх факторов риска.,RELEVANT,HEALTH_SOCIETY,RELEVANT,HEALTH_SOCIETY,,,gold,IAA adjudicated gold
RU-D05669,,RU,Tengrinews,https://tengrinews.kz/mixnews/rebenok-ogne-medved-lyisom-lednike-trevojnyie-snimki-climate-399584/,2020-04-22,Ребенок в огне и медведь на ”лысом” леднике. Тревожные снимки Climate Change 2020: 22 апреля 2020 12:19 - новости на Tengri Life,Tengrinews.kz ▶ Ребенок в огне и медведь на ”лысом” леднике. Тревожные снимки Climate Change 2020: 22 апреля 2020 12:19 ▶ Читать подробнее актуальные новости и события на сайте.,RELEVANT,SCIENCE_GEN,RELEVANT,SCIENCE_GEN,,,ru_2,climate change photos awareness
RU-D01359,,RU,Sputnik,https://sputnik.kg/20250114/batken-zhasalma-ekologiya-zhayyt-1091409259.html,,Суу таңсыктыгын чечүү максатында Баткенде үч жасалма мөңгү тоңдурулду,"БИШКЕК, 14-янв. — Sputnik. Жайыттардагы суу таңсыктыгын чечүү максатында Баткенде үч жасалма мөңгү тоңдурулду. Бул тууралуу облустук өкүлчүлүктөн билдиришти.",RELEVANT,WATER_CRYO,RELEVANT,WATER_CRYO,,,ru_1,artificial glaciers for water scarcity
RU-D02642,,RU,Sputnik,https://sputnik.kg/20220217/klimattyn-ozgorushu-boyuncha-okumushtuulardyn-zhakshy-zhanylygy-1062114104.html,,Климаттын өзгөрүшү боюнча жакшы кабар бар. Окумуштуулардын соңку иликтөөсү,"Климаттык миңден ашык изилдөөлөрдүн жыйынтыгы адам баласы экологиялык кризис менен баары бир күрөшө аларын көрсөткөн, адистер бирок аны менен токтоп калбаш керектигин эскертүүдө.",RELEVANT,SCIENCE_GEN,RELEVANT,SCIENCE_GEN,,,ru_2,"climate research, good news"
RU-D00383,,RU,Sputnik,https://sputnik.kg/20241113/sadyr-zhaparov-klimat-boyuncha-sammitte-sujlodu-1090160995.html,,Мөңгү 16%га кыскарды. Садыр Жапаров дүйнө лидерлерине коңгуроо какты,Иш-чара Азербайжандын борбору Баку шаарында өтүүдө.,RELEVANT,WATER_CRYO,RELEVANT,WATER_CRYO,,1,ru_1,"glaciers shrank 16%, summit call"
RU-D02563,,RU,Tengrinews,https://tengrinews.kz/story/bolee-70-slonov-pogibli-iz-za-zasuhi-v-kenii-469024/,2022-05-20,Более 70 слонов погибли из-за засухи в Кении: 20 мая 2022 10:05 - новости на Tengrinews.kz,Tengrinews.kz ▶ Более 70 слонов погибли из-за засухи в Кении: 20 мая 2022 10:05 ▶ Читать подробнее актуальные новости и события на сайте.,RELEVANT,DISASTER,RELEVANT,DISASTER,,,ru_1,elephants died from Kenya drought
RU-D05063,,RU,Tengrinews,https://tengrinews.kz/around-the-world/nazvanyi-stranyi-kotoryie-polnostyu-zatopit-lednik-sudnogo-600556/,2026-06-02,"Названы страны, которые может полностью затопить “ледник судного дня“","Разрушение знаменитого ""ледника судного дня"" в Западной Антарктиде может произойти гораздо быстрее, чем рассчитывали учёные. Его полное таяние и неизбежный обвал соседних ледяных массивов грозят наводнением сразу в шести странах, передаёт Tengri Travel со ссылкой на Express Daily.",RELEVANT,WATER_CRYO,RELEVANT,WATER_CRYO,,,ru_1,doomsday glacier could flood countries
RU-00021,,RU,Daryo.uz,https://daryo.uz/ru/2026/04/15/centralnaya-aziya-voda-resurs-kontrol-zasuha-damba/,2026-04-15,Странам Центральной Азии не хватает координации в водном контроле,"В Ташкенте в преддверии заседания Совета глав государств-учредителей Международного фонда спасения Арала, которое пройдет 22 апреля в Астане, обсудили вопросы водной безопасности в регионе в условиях изменения климата.",RELEVANT,WATER_CRYO,RELEVANT,WATER_CRYO,,,ru_2,water security amid climate change
RU-D04501,,RU,Kaktus,https://kaktus.media/doc/401838_1_y_molodejnyy_klimaticheskiy_forym_v_ayca_30_noiabria.html,2019-11-28,1-й Молодежный климатический форум - в АУЦА 30 ноября,"1-й Молодежный климатический форум – это первое масштабное мероприятие, посвященное изменениям климата, вопросам сохране",RELEVANT,OTHER_CLIMATE,RELEVANT,HEALTH_SOCIETY,,1,ru_1,youth climate forum event
RU-D04293,,RU,Tengrinews,https://tengrinews.kz/mixnews/grustnaia-krasota-aralskogo-moria-297869/,2016-07-14,Грустная красота Аральского моря: 14 июля 2016 11:16 - новости на Tengri Life,Tengrinews.kz ▶ Грустная красота Аральского моря: 14 июля 2016 11:16 ▶ Читать подробнее актуальные новости и события на сайте.,RELEVANT,WATER_CRYO,RELEVANT,WATER_CRYO,,1,ru_1,"Aral Sea sad beauty, drying"
RU-D01054,,RU,Kaktus,https://kaktus.media/doc/451753_sosedi_sebia_ogranichili_no_vody_nam_dali._ministr_ekologii_rk_podvel_itogi_2021_goda.html,2021-12-24,"""Соседи себя ограничили, но воду нам дали"". Министр экологии РК подвел итоги 2021 года","Министр экологии, геологии и природных ресурсов Казахстана отчитался об итогах работы своего ведомства. Среди основных достижений - успешные переговоры с соседями о выделении дополнительной поливной воды в ущерб им самим. Догадываетесь, о ком речь?",RELEVANT,WATER_CRYO,RELEVANT,WATER_CRYO,,,ru_2,water-sharing negotiations
RU-00086,,RU,Daryo.uz,https://daryo.uz/ru/2024/06/06/novyj-obzor-kpmg-cto-nuzno-znat-o-vnedrenii-standartov-msfo-s1-i-s2/,2024-06-06,Новый обзор KPMG: Что нужно знать о внедрении стандартов МСФО S1 и S2,"26 июня 2023 года Совет по международным стандартам устойчивого развития (ISSB) выпустил два стандарта, которые вступают в силу для годовых отчетных периодов, начинающихся 1 января 2024 года или после этой даты: - МСФО S1 «Общие требования к раскрытию финансовой информации в области устойчивого развития»; и - МСФО S2 «Раскрытие информации, связанной с климатом».",RELEVANT,POLICY,RELEVANT,POLICY,,1,ru_1,IFRS S2 climate disclosure standards
RU-D00171,,RU,Tengrinews,https://tengrinews.kz/kazakhstan_news/akmolinskoi-oblasti-postroiat-vetrovuiu-elektrostanciiu-344911/,2018-05-23,В Акмолинской области построят ветровую электростанцию мощностью 50 мегаватт: 23 мая 2018 11:34 - новости на Tengrinews.kz,Tengrinews.kz ▶ В Акмолинской области построят ветровую электростанцию мощностью 50 мегаватт: 23 мая 2018 11:34 ▶ Читать подробнее актуальные новости и события на сайте.,RELEVANT,ENERGY,RELEVANT,ENERGY,,,ru_2,wind power plant Akmola
RU-D04687,,RU,Kaktus,https://kaktus.media/doc/366000_skandalom_zakonchilsia_kryglyy_stol_po_spaseniu_lednikov_v_kyrgyzstane._video.html,2017-11-10,Скандалом закончился круглый стол по спасению ледников в Кыргызстане. Видео,"Вице-премьер-министр Зилалиев и активисты поспорили о том, можно ли вести разработку на ледниках.",RELEVANT,WATER_CRYO,RELEVANT,WATER_CRYO,,,ru_2,glacier protection roundtable
RU-D04430,,RU,Tengrinews,https://tengrinews.kz/kazakhstan_news/ekologi-rasskazali-tyajelyih-posledstviyah-obmeleniya-urala-451665/,2021-10-20,Экологи рассказали о тяжелых последствиях обмеления Урала: 20 октября 2021 09:58 - новости на Tengrinews.kz,Tengrinews.kz ▶ Экологи рассказали о тяжелых последствиях обмеления Урала: 20 октября 2021 09:58 ▶ Читать подробнее актуальные новости и события на сайте.,RELEVANT,WATER_CRYO,RELEVANT,WATER_CRYO,,,ru_2,Ural river shallowing consequences
RU-D05844,,RU,Kaktus,https://kaktus.media/doc/462079_kak_poriadok_v_jivotnovodstve_sviazan_s_sohraneniem_lednikov._obiasniaem.html,2022-06-17,Как порядок в животноводстве связан с сохранением ледников. Объясняем,"""Спасем ледники"". Новое движение Министерства сельского хозяйства.",RELEVANT,WATER_CRYO,RELEVANT,WATER_CRYO,,1,ru_2,livestock order linked to glaciers
RU-D05257,,RU,Tengrinews,https://tengrinews.kz/other/uchenyie-nashli-svyaz-globalnyim-potepleniem-uhudsheniem-459446/,2022-01-17,Ученые нашли связь между глобальным потеплением и ухудшением здоровья детей: 17 января 2022 20:44 - новости на Tengrinews.kz,Tengrinews.kz ▶ Ученые нашли связь между глобальным потеплением и ухудшением здоровья детей: 17 января 2022 20:44 ▶ Читать подробнее актуальные новости и события на сайте.,RELEVANT,HEALTH_SOCIETY,RELEVANT,HEALTH_SOCIETY,,,ru_2,warming and children's health
RU-00232,,RU,Daryo.uz,https://daryo.uz/ru/2026/03/13/tashkent-tehnopark-eksperiment-teplicy-energoeffektivnost/,2026-03-13,Без газа и угля: в Ташкенте тестируют энергоэффективные теплицы,"Эксперимент позволит изучить эффективность работы тепловых насосов в холодный сезон, их способность поддерживать необходимый микроклимат внутри теплицы, а также уровень энергосбережения.",RELEVANT,ENERGY,RELEVANT,ENERGY,,,ru_1,"energy-efficient greenhouses, heat pumps"
RU-C00295,,RU,24.kg,https://24.kg/archive/ru/bigtiraj/66117-globalnoe-poteplenie-yeto-falsifikaciya-zadaetsya.html/,2009-11-26,Глобальное потепление - это фальсификация? Задается вопросом,Глобальное потепление - это фальсификация? Задается вопросомThe Guardian (Великобритания). Опубликованные недавно электронные письма из Университета Восточной Англии подрывают репутацию неск,RELEVANT,SCIENCE_GEN,RELEVANT,SCIENCE_GEN,,,ru_1,"global warming skepticism, Climategate"
RU-D01426,,RU,Tengrinews,https://tengrinews.kz/news/effektivnyie-meryi-snijeniyu-uglerodnogo-sleda-lokomotivov-451151/,2021-10-13,Эффективные меры по снижению углеродного следа локомотивов принимают в ҚТЖ: 13 октября 2021 21:30 - новости на Tengrinews.kz,Tengrinews.kz ▶ Эффективные меры по снижению углеродного следа локомотивов принимают в ҚТЖ: 13 октября 2021 21:30 ▶ Читать подробнее актуальные новости и события на сайте.,RELEVANT,ENERGY,RELEVANT,ENERGY,,1,ru_1,railway carbon footprint reduction
RU-C00225,,RU,24.kg,https://24.kg/archive/ru/bigtiraj/135870-ssha-pomogut-tadzhikistanu-v-izuchenii-lednikov.html/,2012-08-31,"США помогут Таджикистану в изучении ледников Памира, рассказывает","США помогут Таджикистану в изучении ледников Памира, рассказывает«Голос России». США предложили Таджикистану помощь в изучении ледников Памира. В Душанбе инициативой американцев",RELEVANT,WATER_CRYO,RELEVANT,WATER_CRYO,,,ru_2,Pamir glacier study
RU-D04879,,RU,Tengrinews,https://tengrinews.kz/asia/iskusstvennyie-dojdi-borbyi-silnoy-zasuhoy-vyizyivayut-kitae-475695/,2022-08-18,Искусственные дожди для борьбы с сильной засухой вызывают в Китае: 18 августа 2022 13:48 - новости на Tengrinews.kz,Tengrinews.kz ▶ Искусственные дожди для борьбы с сильной засухой вызывают в Китае: 18 августа 2022 13:48 ▶ Читать подробнее актуальные новости и события на сайте.,RELEVANT,WATER_CRYO,RELEVANT,DISASTER,,,ru_1,cloud seeding for China drought
RU-C00750,,RU,Daryo.uz,https://daryo.uz/ru/2023/09/18/turkmenistan-iniciiruet-novye-rezolucii-po-energetike-transportu-i-izmeneniu-klimata-na-genassamblee-oon-v-nu-jorke/,2023-09-18,"Туркменистан инициирует новые резолюции по энергетике, транспорту и изменению климата на Генассамблее ООН в Нью-Йорке",Президент Сердар Бердымухамедов примет участие и в саммите в формате Центральная Азия–США,RELEVANT,POLICY,RELEVANT,POLICY,,,ru_1,Turkmenistan UN climate resolutions
RU-D04970,,RU,Sputnik,https://sputnik.kg/20220824/evrokomissiya-kurgakchylyk-klimat-1067124533.html,,Еврокомиссия: 500 жылдан бери Европада азыркыдай кургакчылык болгон эмес,"Климат боюнча Copernicus кызматынын маалыматына ылайык, соңку жети жыл Жер жүзүндө абдан ысык болгон.",RELEVANT,DISASTER,RELEVANT,DISASTER,,,ru_1,worst European drought 500 years
RU-D05675,,RU,Tengrinews,https://tengrinews.kz/kazakhstan_news/obyem-vodyi-uvelichilsya-v-aralskom-more-539249/,2024-06-24,Объем воды увеличился в Аральском море,"В северной части Аральского моря увеличился объем воды. Об этом сообщили в министерстве водных ресурсов и ирригации, передает корреспондент Tengrinews.kz.",RELEVANT,WATER_CRYO,RELEVANT,WATER_CRYO,,,ru_1,Aral water volume increased
RU-D03263,,RU,Kaktus,https://kaktus.media/doc/526810_proryv_takyr_tora._ozero_vyshlo_iz_beregov_iz_za_taianiia_lednikov.html,2025-07-01,Прорыв Такыр-Тора. Озеро вышло из берегов из-за таяния ледников,"Специалист МЧС пояснил, почему озеро Такыр-Тор вышло из берегов.",RELEVANT,WATER_CRYO,RELEVANT,WATER_CRYO,,1,ru_1,glacial lake outburst flood
RU-00066,,RU,Daryo.uz,https://daryo.uz/ru/2023/12/20/genassamblea-oon-prinala-predlozennuu-uzbekistanom-rezoluciu-o-borbe-s-ekologiceskimi-problemami-v-ca/,2023-12-20,Генассамблея ООН приняла предложенную Узбекистаном резолюцию о борьбе с экологическими проблемами в ЦА,Документ призывает страны всего мира активизировать усилия по охране горных экосистем и сохранению ледников,RELEVANT,POLICY,RELEVANT,POLICY,,,ru_1,"UN resolution, protect glaciers/ecosystems"
RU-C00699,,RU,Daryo.uz,https://daryo.uz/ru/2023/07/06/ashabad-i-london-gotovy-k-partnerstvu-v-energetike-i-ekologii/,2023-07-06,Ашхабад и Лондон готовы к партнерству в энергетике и экологии,Британские компании недавно ознакомили с потенциалом «зеленых» проектов,RELEVANT,ENERGY,RELEVANT,ENERGY,,1,ru_1,Ashgabat-London green energy partnership
RU-00114,,RU,Daryo.uz,https://daryo.uz/ru/2026/05/12/mirziyoev-obrashenie-uchastniki-evraziyskiy-ekonomicheskiy-sammit/,2026-05-12,Шавкат Мирзиёев обратился к участникам 29-го Евразийского экономического саммита,"Было отмечено, что одна из ключевых тем нынешнего Саммита — глобальная ответственность в условиях дефицита водных и зелёных ресурсов — сегодня особенно актуальна. Ведь мир сталкивается с нарастающими климатическими вызовами, включая опустынивание, деградацию земель, дефицит воды и ухудшение экологической ситуации.",RELEVANT,AGRI_LAND,RELEVANT,POLICY,,,ru_2,summit address on climate/water
RU-C00291,,RU,24.kg,https://24.kg/archive/ru/bigtiraj/105737-o-posledstviyax-klimaticheskix-izmenenij-pishet.html/,2011-07-27,О последствиях климатических изменений пишет,"О последствиях климатических изменений пишетLa Stampa (Италия). Наводнения уничтожают урожай в Австралии, засуха терзает Северную Европу, растут цены на зерно, дорожает хлеб, ухудшается поло",RELEVANT,AGRI_LAND,RELEVANT,AGRI_LAND,,,ru_1,"climate impacts on crops, food prices"
RU-D02477,,RU,Tengrinews,https://tengrinews.kz/kazakhstan_news/zasuha-jambyilskoy-oblasti-smailov-poobeschal-agrariyam-507319/,2023-08-11,Засуха в Жамбылской области. Смаилов пообещал аграриям возместить убытки,"Премьер-министр Алихан Смаилов сообщил фермерам Жамбылской области, что им возместят ущерб, который они понесли из-за засухи, передает Tengrinews.kz со ссылкой на сайт правительства.",RELEVANT,DISASTER,RELEVANT,AGRI_LAND,,,ru_1,"drought, farmer compensation"
RU-C00456,,RU,Daryo.uz,https://daryo.uz/ru/2025/12/05/uzbekistan-vdvoe-sokratit-vybrosy-vrednyx-gazov-v-atmosferu-k-2035-godu/,2025-12-05,Узбекистан вдвое сократит выбросы вредных газов в атмосферу к 2035 году,Это обязательство Узбекистан взял на себя на климатической конференции COP-30 в Бразилии в рамках Парижского соглашения. В этом направлении совместно с Всемирным банком запущен первый в мире инновационный проект ICRAFT.,RELEVANT,POLICY,RELEVANT,POLICY,,,gold,IAA adjudicated gold
RU-D00507,,RU,Tengrinews,https://tengrinews.kz/world_news/bill-geyts-privlek-sotni-millionov-borbu-izmeneniem-klimata-449120/,2021-09-21,Билл Гейтс привлек сотни миллионов на борьбу с изменением климата: 21 сентября 2021 16:22 - новости на Tengrinews.kz,Tengrinews.kz ▶ Билл Гейтс привлек сотни миллионов на борьбу с изменением климата: 21 сентября 2021 16:22 ▶ Читать подробнее актуальные новости и события на сайте.,RELEVANT,POLICY,RELEVANT,POLICY,,,ru_1,Gates raised climate funding
RU-C00620,,RU,24.kg,https://24.kg/archive/ru/bigtiraj/66555-laquoklimatgejtraquo-za-xakerami-stoit-rossiya.html/,2009-12-08,«Климатгейт»: за хакерами стоит Россия? Задается вопросом,«Климатгейт»: за хакерами стоит Россия? Задается вопросомThe Times (Великобритания). «Климатгейтом» журналисты прозвали скандал вокруг электронной переписки ученых из,RELEVANT,SCIENCE_GEN,RELEVANT,SCIENCE_GEN,,1,ru_2,Climategate climate-science scandal
RU-D00752,,RU,Tengrinews,https://tengrinews.kz/usa/megazasuha-yugo-zapade-ssha-okazalas-silnoy-tyisyacheletie-462064/,2022-02-16,Мегазасуха на юго-западе США оказалась самой сильной за тысячелетие: 16 февраля 2022 16:09 - новости на Tengrinews.kz,Tengrinews.kz ▶ Мегазасуха на юго-западе США оказалась самой сильной за тысячелетие: 16 февраля 2022 16:09 ▶ Читать подробнее актуальные новости и события на сайте.,RELEVANT,DISASTER,RELEVANT,DISASTER,,,ru_1,US megadrought strongest millennium
RU-C00411,,RU,24.kg,https://24.kg/archive/ru/community/184960-taalajbek-ajdaraliev-kyrgyzstan-dolzhen-perexodit.html/,2014-08-13,Таалайбек Айдаралиев: Кыргызстан должен переходить на систему капельного полива на случай засухи,Таалайбек Айдаралиев: Кыргызстан должен переходить на систему капельного полива на случай засухи«Кыргызстан должен переходить на систему капельного полива на случай засушливого периода,RELEVANT,AGRI_LAND,RELEVANT,AGRI_LAND,,,ru_2,drip irrigation for drought
RU-D00014,,RU,Tengrinews,https://tengrinews.kz/kazakhstan_news/obmelenie-kaspiyskogo-morya-obyyasnili-v-minekologii-496336/,2023-04-13,Обмеление Каспийского моря объяснили в Минэкологии: 13 апреля 2023 15:05 - новости на Tengrinews.kz,Tengrinews.kz ▶ Обмеление Каспийского моря объяснили в Минэкологии: 13 апреля 2023 15:05 ▶ Читать подробнее актуальные новости и события на сайте.,RELEVANT,WATER_CRYO,RELEVANT,WATER_CRYO,,,ru_1,Caspian shallowing explained
RU-C00592,,RU,24.kg,https://24.kg/archive/ru/community/183152-problemu-chistoj-vody-v-odnom-iz-sel-issyk-kulya.html/,2014-07-10,Проблему чистой воды в одном из сел Иссык-Куля решили с помощью солнечных батарей,"Проблему чистой воды в одном из сел Иссык-Куля решили с помощью солнечных батарейВ селе Оттук Тонского района Иссык-Кульской области на водозаборе установили солнечные батареи, обеспечивающи",RELEVANT,ENERGY,RELEVANT,ENERGY,,1,ru_1,solar panels for clean water
RU-D04142,,RU,Kaktus,https://kaktus.media/doc/462358_na_issyk_kyle_nachalos_stroitelstvo_krypnoy_solnechnoy_stancii.html,2022-06-22,На Иссык-Куле началось строительство крупной солнечной станции,В селе Тору-Айгыр началось строительство первой солнечной станции мощностью 300 мегаватт.,RELEVANT,ENERGY,RELEVANT,ENERGY,,,ru_1,large solar station Issyk-Kul
RU-D00084,,RU,Tengrinews,https://tengrinews.kz/kazakhstan_news/kazahstane-zapustili-platejnuyu-kartu-araldy-saqta-podderjku-532435/,2024-04-16,В Казахстане запустили платежную карту Araldy Saqta в поддержку спасения Арала,Freedom Bank и международная платежная система Mastercard запустили благотворительную инициативу по сохранению Аральского моря и представили платежную карту Araldy Saqta. При оплате данной картой кэшбек в размере до 10% с каждой покупки будет перечислен в Международный Фонд спасения Арала в Казахстане.,RELEVANT,WATER_CRYO,NOT_RELEVANT,,,1,ru_2,"Aral charity payment card, commercial"
RU-D03786,,RU,Kaktus,https://kaktus.media/doc/363359_bishkekteploenergo_vpervye_ystanovilo_solnechnye_kollektory._foto.html,2017-09-22,"""Бишкектеплоэнерго"" впервые установило солнечные коллекторы. Фото","Сегодня, 22 сентября, на территории КП ""Бишкектеплоэнерго"" состоялась презентация гелиоколлекторов. Об этом сообщает пресс-служба столичной мэрии.",RELEVANT,ENERGY,RELEVANT,ENERGY,,,ru_2,solar collectors installed
RU-D05948,,RU,Kaktus,https://kaktus.media/doc/537954_oon:_chelovechestvo_stremitelno_priblijaetsia_k_ekologicheskoy_tochke_nevozvrata.html,2025-12-29,"ООН: Человечество стремительно приближается к ""экологической точке невозврата""",ЮНЕП предупреждает: промедление с реформами может стоить планете будущего. Подробнее:,RELEVANT,POLICY,RELEVANT,SCIENCE_GEN,,1,ru_2,UN ecological point of no return
RU-D02628,,RU,Tengrinews,https://tengrinews.kz/europe/tayuschiy-lednik-smestil-granitsu-shveytsariey-italiey-474026/,2022-07-27,Тающий ледник сместил границу между Швейцарией и Италией: 27 июля 2022 13:19 - новости на Tengrinews.kz,Tengrinews.kz ▶ Тающий ледник сместил границу между Швейцарией и Италией: 27 июля 2022 13:19 ▶ Читать подробнее актуальные новости и события на сайте.,RELEVANT,WATER_CRYO,RELEVANT,WATER_CRYO,,,gold,IAA adjudicated gold
RU-D03704,,RU,Tengrinews,https://tengrinews.kz/news/glava-samruk-kazyina-rasskazal-putyah-dostijeniya-uglerodnoy-451221/,2021-10-14,Глава ”Самрук-Қазына” рассказал о путях достижения углеродной нейтральности: 14 октября 2021 15:58 - новости на Tengrinews.kz,Tengrinews.kz ▶ Глава ”Самрук-Қазына” рассказал о путях достижения углеродной нейтральности: 14 октября 2021 15:58 ▶ Читать подробнее актуальные новости и события на сайте.,RELEVANT,ENERGY,RELEVANT,ENERGY,,,ru_2,carbon neutrality paths
RU-C00766,,RU,Daryo.uz,https://daryo.uz/ru/2023/09/20/prezident-kr-v-svoej-reci-na-sessii-oon-rasskazal-o-problemah-s-izmeneniem-klimata/,2023-09-20,Президент КР в своей речи на сессии ООН рассказал о проблемах с изменением климата,В январе 2023 года Садыр Жапаров уже предлагал списать внешний долг странам и финансовым институтам при условии реализации зелёных инициатив,RELEVANT,POLICY,RELEVANT,POLICY,,,ru_1,KR president UN speech on climate
RU-00572,,RU,Daryo.uz,https://daryo.uz/ru/2024/03/15/oon-pomozet-uzbekistanu-v-ohrane-vodnyh-resursov/,2024-03-15,ООН поддерживает усилия по сохранению водных ресурсов в Узбекистане,Соответствующий проект финансирует Швейцарское агентство по развитию и сотрудничеству,RELEVANT,WATER_CRYO,RELEVANT,WATER_CRYO,,1,ru_1,UN backs water resource conservation
RU-C00121,,RU,24.kg,https://24.kg/archive/ru/bigtiraj/65750-lednikovyj-period-sposoben-nastupat-v-schitannye.html/,2009-11-18,"Ледниковый период способен наступать в считанные месяцы, рассказываетЛедниковый период способен наступать в считанные месяцы, рассказывает","Ледниковый период способен наступать в считанные месяцы, рассказываетЛедниковый период способен наступать в считанные месяцы, рассказываетNew Scientist (США). Палеоклиматологи показали, что",RELEVANT,SCIENCE_GEN,RELEVANT,SCIENCE_GEN,,,ru_2,paleoclimate ice age research
RU-D01267,,RU,Tengrinews,https://tengrinews.kz/other/klimatolog-predupredil-o-roste-chastotyi-navodneniy-v-mire-443623/,2021-07-21,Климатолог предупредил о росте частоты наводнений в мире: 21 июля 2021 01:49 - новости на Tengrinews.kz,Tengrinews.kz ▶ Климатолог предупредил о росте частоты наводнений в мире: 21 июля 2021 01:49 ▶ Читать подробнее актуальные новости и события на сайте.,RELEVANT,DISASTER,RELEVANT,SCIENCE_GEN,,,ru_2,climatologist flood frequency warning
RU-00194,,RU,Daryo.uz,https://daryo.uz/ru/2023/11/26/tadzikistan-udvoit-mosnosti-poproizvodstvu-zelenojenergii/,2023-11-26,Таджикистан удвоит мощности по производству «зелёной энергии»,Таджикистан имеет значительный потенциал для зелёной энергетики благодаря своим водным ресурсам,RELEVANT,ENERGY,RELEVANT,ENERGY,,,ru_1,Tajikistan doubles green energy
RU-C00529,,RU,Daryo.uz,https://daryo.uz/ru/2023/06/16/na-dne-arala-projdet-marafon/,2023-06-16,На дне Арала пройдет марафон,Главная цель — привлечь внимание мирового сообщества к экологическим проблемам,RELEVANT,WATER_CRYO,NOT_RELEVANT,,,,gold,IAA adjudicated gold
RU-C00407,,RU,Daryo.uz,https://daryo.uz/ru/2025/09/08/dlya-napolneniya-aralskogo-morya/,2025-09-08,Казахстан очистит Коксарайский гидроузел для наполнения Аральского моря,Ведется очистка объекта от ила и песка с применением специальной техники. Весной начнется сброс воды из Коксарайского контррегулятора в нижнее течение реки Сырдарьи для наполнения Аральского моря.,RELEVANT,WATER_CRYO,RELEVANT,WATER_CRYO,,,gold,IAA adjudicated gold
RU-D01367,,RU,Kaktus,https://kaktus.media/doc/547134_jara_stanet_novoy_normoy_opyblikovan_trevojnyy_klimaticheskiy_prognoz.html,2026-06-01,Жара станет новой нормой? Опубликован тревожный климатический прогноз,"В ближайшие пять лет средняя температура на Земле, вероятнее всего, останется на рекордном уровне. Ученые ожидают дальнейшего потепления, сокращения арктического льда и изменения режима осадков в разных регионах мира.",RELEVANT,SCIENCE_GEN,RELEVANT,SCIENCE_GEN,,,gold,IAA adjudicated gold
RU-D01887,,RU,Kaktus,https://kaktus.media/doc/512788_sadyr_japarov_i_aygyl_japarova_na_otkrytii_konferencii_po_izmeneniu_klimata_v_baky_foto.html,2024-11-12,Садыр Жапаров и Айгуль Жапарова на открытии конференции по изменению климата в Баку (фото),На конференцию сторон Рамочной конвенции ООН по изменению климата в Азербайджан приехали более 50 тыс. участников и ста лидеров государств мира. Подробнее:,RELEVANT,POLICY,RELEVANT,POLICY,,,ru_2,COP climate conference Baku
RU-D03102,,RU,Tengrinews,https://tengrinews.kz/usa/izmeneniya-klimata-predstavlyayut-ugrozu-ssha-i-miru-bayden-447910/,2021-09-08,Изменения климата представляют угрозу США и миру - Байден: 08 сентября 2021 08:03 - новости на Tengrinews.kz,Tengrinews.kz ▶ Изменения климата представляют угрозу США и миру - Байден: 08 сентября 2021 08:03 ▶ Читать подробнее актуальные новости и события на сайте.,RELEVANT,POLICY,RELEVANT,POLICY,,,gold,IAA adjudicated gold
RU-01144,,RU,Daryo.uz,https://daryo.uz/ru/2026/05/14/solnechnye-vetryanye-elektrostantsii-rekord-vyrabotka-sutki/,2026-05-14,Солнечные и ветряные электростанции достигли рекордной выработки за сутки,"13 мая объем электроэнергии, выработанной крупными солнечными и ветряными электростанциями за сутки, составил 62,4 млн кВт⋅ч. Это 29% от общего объема выработанной электроэнергии.",RELEVANT,ENERGY,RELEVANT,ENERGY,,,ru_2,solar/wind record generation
RU-D03956,,RU,Kaktus,https://kaktus.media/doc/530117_otechestvennaia_kompaniia_metrym_tek_vpervye_ystanovila_vetrogenerator_v_kyrgyzstane.html,2025-08-25,"Отечественная компания ""Мэтрум ТЭК"" впервые установила ветрогенератор в Кыргызстане","Отечественная компания ""Мэтрум ТЭК"" установила первый ветрогенератор в Кыргызстане. Ветропарк реализуется на территории СЭЗ ""Каракол"" вблизи Балыкчы.",RELEVANT,ENERGY,RELEVANT,ENERGY,,,ru_2,first wind generator Kyrgyzstan
RU-D04871,,RU,Kaktus,https://kaktus.media/doc/446411_nedobrosovestnye_investory_klimat_demokratiia._glavnoe_iz_rechi_sadyra_japarova_v_oon.html,2021-09-22,"Недобросовестные инвесторы, климат, демократия. Главное из речи Садыра Жапарова в ООН",На открывшейся вчера 76-й сессии Генеральной ассамблеи ООН к ее участникам обратился Садыр Жапаров. Какие вопросы поднял в своем выступлении президент? Рассказываем главное.,RELEVANT,POLICY,RELEVANT,POLICY,,1,ru_2,"UN speech, climate one of topics"
RU-D04319,,RU,Kaktus,https://kaktus.media/doc/529060_velikobritaniia_pomojet_kyrgyzstany_nayti_investicii_dlia_vozobnovliaemoy_energetiki.html,2025-08-07,Великобритания поможет Кыргызстану найти инвестиции для возобновляемой энергетики,Благодаря сотрудничеству власти КР смогут лучше оценивать потенциальных инвесторов и оценивать размер необходимых для каждого отдельного проекта госгарантий.,RELEVANT,ENERGY,RELEVANT,ENERGY,,,ru_1,UK helps renewable energy investment
RU-C00328,,RU,Daryo.uz,https://daryo.uz/ru/2023/11/28/v-uzbekistane-obnaruzili-samyj-krupnyj-v-mire-istocnik-vybrosa-metana/,2023-11-28,В Узбекистане обнаружили самый крупный в мире источник выброса метана,Метан удерживает в атмосфере Земли тепло,RELEVANT,ENERGY,RELEVANT,ENERGY,,1,ru_1,largest methane emission source found
RU-D02111,,RU,Tengrinews,https://tengrinews.kz/kazakhstan_news/severnyiy-aral-ojivaet-kazahstan-napravil-milliardyi-580297/,2025-09-10,Северный Арал оживает: Казахстан направил миллиарды кубометров воды,"Объем воды в Северном Арале вырос до 24,1 млрд кубометров — выше запланированного результата. Узнайте, как это достижение влияет на экологию и регион.",RELEVANT,WATER_CRYO,RELEVANT,WATER_CRYO,,,ru_2,"North Aral reviving, water"
RU-D03903,,RU,Tengrinews,https://tengrinews.kz/kazakhstan_news/ochen-strashno-ekologi-otsenili-sostoyanie-kaspiyskogo-morya-504760/,2023-07-14,"""Очень страшно"". Экологи оценили состояние Каспийского моря","Мангистауские экологи считают, что Казахстан и Россия должны прийти к соглашению для направления обильных вод в Каспийское море, передает Tengrinews.kz.",RELEVANT,WATER_CRYO,RELEVANT,WATER_CRYO,,,gold,IAA adjudicated gold
RU-D03678,,RU,Tengrinews,https://tengrinews.kz/autonews/pochemu-avtomobilnaya-otrasl-stat-chastyu-nizkouglerodnogo-527904/,2024-02-29,Почему автомобильная отрасль может стать частью низкоуглеродного будущего: 29 февраля 2024 13:00 - новости на Tengriauto.kz,Tengrinews.kz ▶ Почему автомобильная отрасль может стать частью низкоуглеродного будущего: 29 февраля 2024 13:00 ▶ Читать подробнее актуальные новости и события на сайте.,RELEVANT,ENERGY,RELEVANT,ENERGY,,,gold,IAA adjudicated gold
RU-D04717,,RU,Kaktus,https://kaktus.media/doc/521974_evropy_prizvali_gotovitsia_k_ekstremalnomy_klimaty.html,2025-04-16,Европу призвали готовиться к экстремальному климату,"2024 год в Европе был жарче, чем когда-либо прежде, что вызывает тревогу. Но есть и положительные факторы, говорится в новом климатическом отчете программы Copernicus.",RELEVANT,SCIENCE_GEN,RELEVANT,SCIENCE_GEN,,,ru_2,Europe extreme climate report
RU-C00589,,RU,Daryo.uz,https://daryo.uz/ru/2024/06/14/tarixdagi-eng-issiq-davrga-kirib-boryapmiz-iqlimshunos-ozbekistonda-havo-haroratining-kotarilib-borishi-haqida/,2024-06-14,"""Мы вступаем в самый жаркий период"" — климатолог об изменении климата в Узбекистане и мире","""К 2050 году в Ташкенте будет до 50 градусов тепла"" - сказал Эркин Абдулахатов",RELEVANT,SCIENCE_GEN,RELEVANT,SCIENCE_GEN,,,ru_1,"climatologist, hottest period, 50C"
RU-D04146,,RU,Tengrinews,https://tengrinews.kz/kazakhstan_news/izmenenie-klimata-kazahstane-ministr-otsenil-masshtabyi-520679/,2023-12-19,Изменение климата в Казахстане: министр оценил масштабы угрозы,"Министр экологии и природных ресурсов Ерлан Нысанбаев высказался об изменении климата в мире и в Казахстане, из-за которого казахстанцы наблюдают нетипичную для сезона погоду, передает корреспондент Tengrinews.kz.",RELEVANT,POLICY,RELEVANT,SCIENCE_GEN,,1,ru_2,minister assessed climate threat
RU-D02584,,RU,Kaktus,https://kaktus.media/doc/538508_vsemirnyy_bank_nazval_kluchevyu_problemy_v_borbe_s_klimaticheskimi_bedstviiami_v_kyrgyzstane.html,2026-01-12,Всемирный банк назвал ключевую проблему в борьбе с климатическими бедствиями в Кыргызстане,"Кыргызстан испытывает дефицит средств для борьбы с климатическими бедствиями, считают во Всемирном банке. Подробности:",RELEVANT,POLICY,RELEVANT,POLICY,,,gold,IAA adjudicated gold
RU-D03560,,RU,Kaktus,https://kaktus.media/doc/402624_1_y_molodejnyy_klimaticheskiy_forym_kr:_informativnyy_ekologichnyy_empiricheskiy.html,2019-12-15,"1-й Молодежный климатический форум КР: информативный, экологичный, эмпирический",30 ноября в АУЦА прошел Первый молодежный форум по вопросам изменения климата.,RELEVANT,OTHER_CLIMATE,RELEVANT,HEALTH_SOCIETY,,,gold,IAA adjudicated gold
RU-D01839,,RU,Kaktus,https://kaktus.media/doc/541448_v_bishkeke_predstavili_film_o_taianii_lednikov_ala_too.html,2026-02-27,В Бишкеке представили фильм о таянии ледников Ала-Тоо,"26 февраля в Американском университете Центральной Азии состоялся премьерный показ документального фильма ""Ала-Тоо: вслед за исчезающими ледниками"".",RELEVANT,WATER_CRYO,RELEVANT,WATER_CRYO,,,ru_1,film on melting glaciers
RU-D02364,,RU,Tengrinews,https://tengrinews.kz/world_news/esche-odin-vid-jivotnyih-mojet-pogubit-izmenenie-klimata-440689/,2021-06-18,Еще один вид животных может погубить изменение климата: 18 июня 2021 09:01 - новости на Tengrinews.kz,Tengrinews.kz ▶ Еще один вид животных может погубить изменение климата: 18 июня 2021 09:01 ▶ Читать подробнее актуальные новости и события на сайте.,RELEVANT,SCIENCE_GEN,RELEVANT,SCIENCE_GEN,,,ru_1,climate change threatens species
RU-C00453,,RU,Daryo.uz,https://daryo.uz/ru/2026/04/22/uzbekistan-aralskoe-more-sammit-astana/,2026-04-22,Что сегодня обсудят на саммитах по спасению Аральского моря в Астане,Сегодня президент Шавкат Мирзиёев примет участие в Региональном экологическом саммите и заседании Совета глав государств-учредителей Международного фонда спасения Арала в Астане.,RELEVANT,WATER_CRYO,RELEVANT,WATER_CRYO,,,ru_2,Aral Sea rescue summits
RU-D02729,,RU,Kaktus,https://kaktus.media/doc/399056_ychenik_shkoly_liceia_13_sezdil_v_nu_york_na_molodejnyy_klimaticheskiy_sammit_oon.html,2019-10-07,Ученик школы-лицея №13 съездил в Нью-Йорк на молодежный климатический саммит ООН,"Ученик-активист школы-лицея №13 Кантемир Муратов принял участие в I Молодежном климатическом саммите ООН, прошедшем 21 с",RELEVANT,HEALTH_SOCIETY,RELEVANT,HEALTH_SOCIETY,,1,ru_1,student at UN youth climate summit
RU-D05969,,RU,Kaktus,https://kaktus.media/doc/395698_avstriycy_pokorili_pik_chtoby_pokazat_neveroiatnyu_krasoty_kyrgyzstana_i_spasti_ledniki.html,2019-08-11,"Австрийцы покорили пик, чтобы показать невероятную красоту Кыргызстана и спасти ледники","В Кыргызстан приехали туристы из Австрии, которых покорила природа нашей страны.",RELEVANT,WATER_CRYO,NOT_RELEVANT,,,1,ru_1,"mountaineering tourism, save-glaciers framing"
RU-D00039,,RU,Kaktus,https://kaktus.media/doc/354741_liven.living_asia:_na_chto_povliiaet_izmenenie_klimata_v_kyrgyzstane.html,2017-03-27,"""Ливень.Living Asia"": На что повлияет изменение климата в Кыргызстане?",Николас Мулиню – консультант ЮНИСЕФ по изменению климата с большим опытом работы в развивающихся странах.,RELEVANT,SCIENCE_GEN,RELEVANT,SCIENCE_GEN,,,ru_2,climate change impacts explainer
RU-C00391,,RU,Daryo.uz,https://daryo.uz/ru/2024/01/17/nadezdy-na-spasenie-aralskogo-mora/,2024-01-17,Надежды на спасение Аральского моря,"МФСА действует в партнерстве с международными организациями, донорами, частным бизнесом и частными инвесторами для совместного решения экологических вопросов с целью достижения устойчивого развития в регионе Аральского моря",RELEVANT,WATER_CRYO,RELEVANT,WATER_CRYO,,,gold,IAA adjudicated gold
RU-D05334,,RU,Tengrinews,https://tengrinews.kz/usa/alyaske-doljnyi-vstretitsya-tramp-putin-nachinaetsya-pavodok-577968/,2025-08-13,"На Аляске, где должны встретиться Трамп и Путин, начинается паводок","На Аляске, где должны встретиться президент США Дональд Трамп и президент России Владимир Путин, начинается паводок из-за таяния ледника Менденхолл, передает Tengrinews.kz со ссылкой на Alaska Beacon.",RELEVANT,WATER_CRYO,RELEVANT,WATER_CRYO,,,gold,IAA adjudicated gold
RU-D00696,,RU,Kaktus,https://kaktus.media/doc/328979_almazbek_atambaev_vystypil_na_konferencii_oon_po_izmeneniu_klimata.html,2015-12-01,Алмазбек Атамбаев выступил на Конференции ООН по изменению климата,"Президент Кыргызской Республики Алмазбек Атамбаев вчера, 30 ноября, в рамках рабочего визита во Французскую Республику п",RELEVANT,POLICY,RELEVANT,POLICY,,,ru_2,UN Climate Change Conference speech
RU-D03763,,RU,Kaktus,https://kaktus.media/doc/415109_kyrgyzstan_polychit_eshe_26_mln._na_etot_raz_na_klimat.html,2020-06-15,"Кыргызстан получит еще $2,6 млн. На этот раз на климат","Зеленый климатический фонд выделит Кыргызстану $2,6 млн на разработку Национального плана по адаптации к изменению климата.",RELEVANT,POLICY,RELEVANT,POLICY,,,ru_2,climate adaptation finance
RU-D02857,,RU,Kaktus,https://kaktus.media/doc/458775_o_taianii_lednikov_i_syhih_zimah._videoobrashanie_japarova_na_vodnom_sammite.html,2022-04-23,О таянии ледников и сухих зимах. Видеообращание Жапарова на Водном саммите,"Презедент Кыргызстана сделал видеообращение на Водном саммите. Он заявил, что наблюдается нехватка воды для нужд населения и сельскохозяйственных целей.",RELEVANT,WATER_CRYO,RELEVANT,WATER_CRYO,,,ru_1,"glacier melt, dry winters, water shortage"
RU-D03962,,RU,Kaktus,https://kaktus.media/doc/466001_iz_za_navodneniy_v_pakistane_pogibli_bolee_tysiachi_chelovek._foto_iz_zatoplennyh_mest.html,2022-08-28,Из-за наводнений в Пакистане погибли более тысячи человек. Фото из затопленных мест,"В то время как в Европе и Китае пересыхают реки, число жертв наводнений в Пакистане превысило тысячу человек.",RELEVANT,DISASTER,RELEVANT,DISASTER,,,ru_1,"Pakistan floods, Europe drought"
RU-D01411,,RU,Tengrinews,https://tengrinews.kz/kazakhstan_news/dengi-veter-dno-arala-planirovali-zasevat-saksaulom-vozduha-461571/,2022-02-11,”Деньги на ветер” - как дно Арала планировали засевать саксаулом с воздуха: 11 февраля 2022 08:35 - новости на Tengrinews.kz,Tengrinews.kz ▶ ”Деньги на ветер” - как дно Арала планировали засевать саксаулом с воздуха: 11 февраля 2022 08:35 ▶ Читать подробнее актуальные новости и события на сайте.,RELEVANT,WATER_CRYO,RELEVANT,AGRI_LAND,,1,ru_2,Aral seabed saxaul greening
RU-D00165,,RU,Kaktus,https://kaktus.media/doc/383702_ekologicheskyu_aktivistky_iz_kyrgyzstana_ne_pystili_v_polshy_na_konferenciu_oon_po_klimaty.html,2018-12-10,Экологическую активистку из Кыргызстана не пустили в Польшу на конференцию ООН по климату,"Власти Польши посчитали, что КОлсеникова и ее 14 коллег из Украины, РФ и Грузии представляют угрозу нацбезопасности Польши",RELEVANT,POLICY,RELEVANT,HEALTH_SOCIETY,,,ru_1,climate activist barred from COP
RU-C00429,,RU,24.kg,https://24.kg/archive/ru/community/62899-v-kyrgyzstane-na-lednike-adygene-otkryta-novaya.html/,2009-09-18,В Кыргызстане на леднике Адыгене открыта новая научно-исследовательская станция,В Кыргызстане на леднике Адыгене открыта новая научно-исследовательская станцияВ Кыргызстане на леднике Адыгене открыта новая научно-исследовательская станция. Об этом сообщает организатор к,RELEVANT,WATER_CRYO,RELEVANT,WATER_CRYO,,1,ru_1,glacier research station opened
RU-D03743,,RU,Kaktus,https://kaktus.media/doc/395693_klimaticheskaia_lihoradka_na_vseh_kontinentah._samyy_jarkiy_iul_v_istorii.html,2019-08-06,Климатическая лихорадка на всех континентах. Самый жаркий июль в истории,Июль в этом году стал самым жарким месяцем за всю историю метеонаблюдений:,RELEVANT,SCIENCE_GEN,RELEVANT,SCIENCE_GEN,,,ru_2,hottest July record
RU-D03416,,RU,Kaktus,https://kaktus.media/doc/548282_solnechnaia_elektrostanciia_rox_issyk_kyl:_svet_dlia_ludey_i_opora_dlia_energobezopasnosti.html,2026-06-18,"Солнечная электростанция ""ROX Иссык-Куль"": свет для людей и опора для энергобезопасности","Солнечная электростанция ""ROX Иссык-Куль"" даст Кыргызстану крупный источник чистой энергии и одновременно станет стимулом для социально-экономического развития.",RELEVANT,ENERGY,RELEVANT,ENERGY,,,ru_1,solar plant clean energy
RU-D00178,,RU,Kaktus,https://kaktus.media/doc/502154_klimat_bydet_bolee_nervnym._eksperty_obsyjdaut_voprosy_vody_v_centralnoy_azii.html,2024-05-27,"""Климат будет более нервным"". Эксперты обсуждают вопросы воды в Центральной Азии",На конференции в Алматы обсуждают вопросы воды и энергетики в контексте изменения климата.,RELEVANT,WATER_CRYO,RELEVANT,WATER_CRYO,,,ru_2,"Central Asia water, climate"
RU-D03690,,RU,Tengrinews,https://tengrinews.kz/kazakhstan_news/o-problemah-balhasha-rasskazali-v-minekologii-434111/,2021-04-09,О проблемах Балхаша рассказали в Минэкологии: 09 апреля 2021 15:41 - новости на Tengrinews.kz,Tengrinews.kz ▶ О проблемах Балхаша рассказали в Минэкологии: 09 апреля 2021 15:41 ▶ Читать подробнее актуальные новости и события на сайте.,RELEVANT,WATER_CRYO,RELEVANT,WATER_CRYO,,1,ru_2,Balkhash water problems
RU-D02219,,RU,Tengrinews,https://tengrinews.kz/mixnews/pustynia-otstupaet-ot-aralskogo-moria-298971/,2016-07-22,Пустыня отступает от Аральского моря: 22 июля 2016 10:17 - новости на Tengri Life,Tengrinews.kz ▶ Пустыня отступает от Аральского моря: 22 июля 2016 10:17 ▶ Читать подробнее актуальные новости и события на сайте.,RELEVANT,WATER_CRYO,RELEVANT,WATER_CRYO,,,ru_2,"Aral Sea, desert retreat"
RU-00080,,RU,24.kg,https://24.kg/archive/ru/community/188027-v-kr-vosstanovyat-degradirovannye-lesnye-zemli-i.html/,2014-10-10,В КР восстановят деградированные лесные земли и пастбища,В КР восстановят деградированные лесные земли и пастбищаВ Бишкеке подписали 5-летний проект Глобального экологического фонда (ГЭФ) и Продовольственной и сельскохозяйственной организации ООН,RELEVANT,AGRI_LAND,RELEVANT,AGRI_LAND,,1,ru_1,restore degraded lands and pastures
RU-D05404,,RU,Tengrinews,https://tengrinews.kz/mixnews/kosta-rika-prozila-rekordnye-300-dnei-vozobnovliaemoi-331926/,2017-11-27,Коста-Рика прожила рекордные 300 дней на возобновляемой энергии: 27 ноября 2017 11:10 - новости на Tengri Life,Tengrinews.kz ▶ Коста-Рика прожила рекордные 300 дней на возобновляемой энергии: 27 ноября 2017 11:10 ▶ Читать подробнее актуальные новости и события на сайте.,RELEVANT,ENERGY,RELEVANT,ENERGY,,,ru_2,Costa Rica renewable energy
RU-D05865,,RU,Tengrinews,https://tengrinews.kz/kazakhstan_news/kak-uvelichat-aralskoe-more-rasskazali-v-minvodyi-555139/,2024-11-26,"Как увеличат Аральское море, рассказали в Минводы","В северной части Аральского моря планируется снова увеличить объем воды. Об этом сообщили в Министерстве водных ресурсов и ирригации, передает корреспондент Tengrinews.kz.",RELEVANT,WATER_CRYO,RELEVANT,WATER_CRYO,,,ru_1,plan to increase Aral water
RU-D04788,,RU,Tengrinews,https://tengrinews.kz/kazakhstan_news/tokaev-vyistupit-na-vsemirnom-klimaticheskom-sammite-v-baku-553700/,2024-11-12,Токаев выступит на Всемирном климатическом саммите в Баку,"Президент Токаев выступит на Всемирном климатическом саммите в Баку, передает Tengrinews.kz.",RELEVANT,POLICY,RELEVANT,POLICY,,,ru_2,Tokaev at Baku climate summit
RU-C00194,,RU,Daryo.uz,https://daryo.uz/ru/2023/03/24/aponia-sodejstvuet-turkmenistanu-v-perehode-k-nizkouglerodnoj-ekonomike/,2023-03-24,Япония содействует Туркменистану в переходе к низкоуглеродной экономике,Ашхабад планирует добиться нулевого роста выбросов парниковых газов к 2030 году,RELEVANT,ENERGY,RELEVANT,POLICY,,,ru_1,Japan aids low-carbon transition
RU-D00273,,RU,Tengrinews,https://tengrinews.kz/science/antarkticheskie-ledniki-tayut-samyimi-byistryimi-tempami-470694/,2022-06-10,Антарктические ледники тают самыми быстрыми темпами за 5500 лет - ученые: 10 июня 2022 16:32 - новости на Tengrinews.kz,Tengrinews.kz ▶ Антарктические ледники тают самыми быстрыми темпами за 5500 лет - ученые: 10 июня 2022 16:32 ▶ Читать подробнее актуальные новости и события на сайте.,RELEVANT,WATER_CRYO,RELEVANT,WATER_CRYO,,,ru_2,Antarctic glaciers fastest melt
RU-D02849,,RU,Tengrinews,https://tengrinews.kz/kazakhstan_news/zencenko-pozalovalsia-glave-msx-na-izmenenie-klimata-318737/,2017-05-24,Зенченко пожаловался главе МСХ на изменение климата: 24 мая 2017 16:20 - новости на Tengrinews.kz,Tengrinews.kz ▶ Зенченко пожаловался главе МСХ на изменение климата: 24 мая 2017 16:20 ▶ Читать подробнее актуальные новости и события на сайте.,RELEVANT,AGRI_LAND,RELEVANT,AGRI_LAND,,,gold,IAA adjudicated gold
RU-D02587,,RU,Tengrinews,https://tengrinews.kz/kazakhstan_news/neobyichnyiy-sposob-borbyi-s-zasuhoy-pridumal-kazahstanets-450211/,2021-10-03,Необычный способ борьбы с засухой придумал казахстанец: 03 октября 2021 11:10 - новости на Tengrinews.kz,Tengrinews.kz ▶ Необычный способ борьбы с засухой придумал казахстанец: 03 октября 2021 11:10 ▶ Читать подробнее актуальные новости и события на сайте.,RELEVANT,DISASTER,RELEVANT,AGRI_LAND,,1,ru_2,method to fight drought
RU-D04644,,RU,Tengrinews,https://tengrinews.kz/usa/ushherb-ssa-klimaticeskix-katastrof-2019-godu-prevysil-373569/,2019-07-11,Ущерб США от климатических катастроф в 2019 году превысил миллиард долларов: 11 июля 2019 08:43 - новости на Tengrinews.kz,Tengrinews.kz ▶ Ущерб США от климатических катастроф в 2019 году превысил миллиард долларов: 11 июля 2019 08:43 ▶ Читать подробнее актуальные новости и события на сайте.,RELEVANT,DISASTER,RELEVANT,DISASTER,,,ru_1,US climate disaster damage
RU-C00504,,RU,Daryo.uz,https://daryo.uz/ru/2023/09/20/v-kazahstane-agrariam-vozmestat-userb-ot-zasuhi/,2023-09-20,В Казахстане аграриям возместят ущерб от засухи,Денежную компенсацию выплатят сельхозтоваропроизводителям Жамбылской области,RELEVANT,AGRI_LAND,RELEVANT,AGRI_LAND,,,ru_2,drought damage compensation farmers
RU-D01220,,RU,Tengrinews,https://tengrinews.kz/kazakhstan_news/obmelenie-balhasha-prognoziruyut-v-minekologii-454323/,2021-11-19,Обмеление Балхаша прогнозируют в Минэкологии: 19 ноября 2021 08:58 - новости на Tengrinews.kz,Tengrinews.kz ▶ Обмеление Балхаша прогнозируют в Минэкологии: 19 ноября 2021 08:58 ▶ Читать подробнее актуальные новости и события на сайте.,RELEVANT,WATER_CRYO,RELEVANT,WATER_CRYO,,,ru_1,Balkhash shallowing forecast
RU-D00010,,RU,Tengrinews,https://tengrinews.kz/science/katastroficheskuyu-skorost-tayaniya-lednikov-zafiksirovali-479067/,2022-09-29,Катастрофическую скорость таяния ледников зафиксировали в швейцарских Альпах: 29 сентября 2022 14:35 - новости на Tengrinews.kz,Tengrinews.kz ▶ Катастрофическую скорость таяния ледников зафиксировали в швейцарских Альпах: 29 сентября 2022 14:35 ▶ Читать подробнее актуальные новости и события на сайте.,RELEVANT,WATER_CRYO,RELEVANT,WATER_CRYO,,,ru_1,Alps glacier melting catastrophic
RU-D02491,,RU,Tengrinews,https://tengrinews.kz/kazakhstan_news/aralskoe-more-ili-aralkum-cto-proisxodit-s-ozerom-segodnia-375780/,2019-08-09,Аральское море или Аралкум? Что происходит с озером сегодня: 09 августа 2019 13:56 - новости на Tengrinews.kz,Tengrinews.kz ▶ Аральское море или Аралкум? Что происходит с озером сегодня: 09 августа 2019 13:56 ▶ Читать подробнее актуальные новости и события на сайте.,RELEVANT,WATER_CRYO,RELEVANT,WATER_CRYO,,,ru_2,Aral Sea or Aralkum
RU-D00082,,RU,Kaktus,https://kaktus.media/doc/439825_v_kyrgyzstane_sozdali_onlayn_platformy_s_informaciey_ob_izmenenii_klimata.html,2021-06-04,В Кыргызстане создали онлайн-платформу с информацией об изменении климата,В Кыргызстане при поддержке правительства Швейцарии и ПРООН создали единую онлайн-платформу знаний и информации по изменению климата.,RELEVANT,POLICY,RELEVANT,SCIENCE_GEN,,1,ru_1,online climate change info platform
RU-D00283,,RU,Kaktus,https://kaktus.media/doc/449877_unesko_prinialo_predlojennyu_sadyrom_japarovym_rezoluciu_o_lednikah.html,2021-11-24,ЮНЕСКО приняло предложенную Садыром Жапаровым резолюцию о ледниках,Садыр Жапапров в сентябре на сессии Генассамблеи ООН предложил принять новую резолюции о мониторинге ледников. И ЮНЕСКО ее приняло .,RELEVANT,POLICY,RELEVANT,WATER_CRYO,,1,ru_2,UN resolution on glaciers
RU-D01464,,RU,Tengrinews,https://tengrinews.kz/news/zasuha-padej-skota-spiker-senata-vstretilsya-jitelyami-443372/,2021-07-16,”Засуха и падеж скота”: Спикер Сената встретился с жителями Мангистау: 16 июля 2021 18:05 - новости на Tengrinews.kz,Tengrinews.kz ▶ ”Засуха и падеж скота”: Спикер Сената встретился с жителями Мангистау: 16 июля 2021 18:05 ▶ Читать подробнее актуальные новости и события на сайте.,RELEVANT,AGRI_LAND,RELEVANT,AGRI_LAND,,,ru_2,"drought, cattle deaths"
RU-D00612,,RU,Tengrinews,https://tengrinews.kz/other/uchenyiy-predrek-chelovechestvu-silnyiy-klimaticheskiy-443423/,2021-07-18,Ученый предрек человечеству сильный климатический кризис: 18 июля 2021 06:30 - новости на Tengrinews.kz,Tengrinews.kz ▶ Ученый предрек человечеству сильный климатический кризис: 18 июля 2021 06:30 ▶ Читать подробнее актуальные новости и события на сайте.,RELEVANT,SCIENCE_GEN,RELEVANT,SCIENCE_GEN,,,ru_1,scientist predicts climate crisis
RU-D00716,,RU,Kaktus,https://kaktus.media/doc/405606_pygaushee_otkrytie_sdelali_pod_lednikom_sydnogo_dnia.html,2020-02-08,Пугающее открытие сделали под ледником Судного дня,Американские исследователи при помощи подводного робота впервые сумели заглянуть в самую нижнюю часть ледника Туэйтса.,RELEVANT,WATER_CRYO,RELEVANT,WATER_CRYO,,,ru_1,Thwaites doomsday glacier discovery
RU-C00676,,RU,24.kg,https://24.kg/archive/ru/bigtiraj/102067-vybrosy-parnikovyx-gazov-v-2010-godu-pobili.html/,2011-06-07,"Выбросы парниковых газов в 2010 году побили исторический рекорд, достигнув 30,6 гигатонны, сообщает","Выбросы парниковых газов в 2010 году побили исторический рекорд, достигнув 30,6 гигатонны, сообщает«Газета.ru» (Россия). Несмотря на усилия человечества замедлить процесс глобаль",RELEVANT,SCIENCE_GEN,RELEVANT,SCIENCE_GEN,,,ru_1,GHG emissions record 2010
RU-D05822,,RU,Tengrinews,https://tengrinews.kz/world_news/koronavirus-ne-zatormozit-globalnoe-poteplenie-ekspert-395942/,2020-03-25,Коронавирус не затормозит глобальное потепление - эксперт: 25 марта 2020 09:08 - новости на Tengrinews.kz,Tengrinews.kz ▶ Коронавирус не затормозит глобальное потепление - эксперт: 25 марта 2020 09:08 ▶ Читать подробнее актуальные новости и события на сайте.,RELEVANT,SCIENCE_GEN,RELEVANT,SCIENCE_GEN,,,ru_2,coronavirus won't slow warming
RU-D04850,,RU,Sputnik,https://sputnik.kg/20210716/mongu-suu-klimat-ekologiya-jaratylysh-kubulush-globalizaciya-1053236133.html,,Усубалиев: токойдун азайышы дагы мөңгүнүн эришине таасир этет,Борбор Азиялык жерди прикладдык изилдөө институтунун бөлүм башчысы Рыскул Усубалиев акыркы 70 жылдын ичинде мөңгүлөр 14-16 пайызга кыскарганын айтты.,RELEVANT,WATER_CRYO,RELEVANT,WATER_CRYO,,,ru_2,"glaciers shrinking, forest loss"
RU-D03151,,RU,Tengrinews,https://tengrinews.kz/news/ministr-ekologii-obmelenii-urala-syirdari-vedem-peregovoryi-451787/,2021-10-21,Министр экологии об обмелении Урала и Сырдарьи: Ведем переговоры с соседями: 21 октября 2021 11:20 - новости на Tengrinews.kz,Tengrinews.kz ▶ Министр экологии об обмелении Урала и Сырдарьи: Ведем переговоры с соседями: 21 октября 2021 11:20 ▶ Читать подробнее актуальные новости и события на сайте.,RELEVANT,WATER_CRYO,RELEVANT,WATER_CRYO,,,ru_1,"rivers shallowing, water sharing"
RU-D00458,,RU,Tengrinews,https://tengrinews.kz/kazakhstan_news/katastroficheskie-izmeneniya-klimaticheskiy-haos-ugrojaet-537528/,2024-06-11,"""Катастрофические изменения"". Чем климатический хаос угрожает Казахстану?","Климатический хаос представляет угрозу для каждого региона, страны и сообщества на планете, считает генеральный секретарь ООН Антониу Гуттериш. Климат Земли претерпевает катастрофические изменения. В недавнем докладе ООН было отмечено, что погодные рекорды ставятся повсеместно, а природные аномалии стали обычным явлением. Последствия для человечества очевидны: гибель людей, потеря источников средств к существованию и разрушенная экономика.",RELEVANT,DISASTER,RELEVANT,SCIENCE_GEN,,,ru_2,climate chaos threatens Kazakhstan
RU-D03967,,RU,Sputnik,https://sputnik.kg/20230619/2040-zhyldan-son-suu-tartyshtygy-zharalyshy-mumkun-1076354851.html,,Мөңгү суулары 2040-жылдан соң кескин азая башташы болжолдонууда,Улуттук илимдер академиясынын Суу көйгөйлөрү жана гидроэнергетика институтунун Тянь-Шань бийик тоолуу илимий борборунун жетекчиси Рысбек Сатылканов жаратылышка аяр мамиле жасалбаса 15-20 жылдан соң суу көйгөйү жаралышы ыктымалдыгын айтты.,RELEVANT,WATER_CRYO,RELEVANT,WATER_CRYO,,,ru_2,glacier water decline projection
RU-D05824,,RU,Kaktus,https://kaktus.media/doc/516599_v_kemine_zalojili_kapsyly_pod_stroitelstvo_novoy_solnechnoy_elektrostancii.html,2025-01-21,В Кемине заложили капсулу под строительство новой солнечной электростанции,В Чуйской области дан старт строительству еще одной солнечной электростанции на средства инвесторов из Китая. Подробнее:,RELEVANT,ENERGY,RELEVANT,ENERGY,,,ru_1,new solar plant Kemin
RU-D05128,,RU,Tengrinews,https://tengrinews.kz/kazakhstan_news/na-grani-vyisyihaniya-okazalos-rukotvornoe-more-malyiy-aral-520026/,2023-12-13,На грани высыхания оказалось рукотворное море Малый Арал,"В Казахстане может повториться экологическая катастрофе - на грани высыхания оказалось рукотворное море Малый Арал. Об этом говорится в сюжете телеканала 24kz, передает Tengrinews.kz.",RELEVANT,WATER_CRYO,RELEVANT,WATER_CRYO,,,ru_1,Small Aral near drying
RU-00306,,RU,Daryo.uz,https://daryo.uz/ru/2026/04/28/uzbekistan-fergana-agrokompleks-solnechnaya-energiya-selxozproduksiya/,2026-04-28,"Продукция, скот и энергия в одном месте — в Фергане создали уникальный в ЦА агрокомплекс","Президент ознакомился с агрокомплексом в Куве, где внедрена технология агровольтаики. Здесь на одном земельном участке выращивается сельхозпродукция, скот и вырабатывается электроэнергия с помощью солнечных панелей.",RELEVANT,AGRI_LAND,NOT_RELEVANT,,,,gold,IAA adjudicated gold
RU-D02727,,RU,Kaktus,https://kaktus.media/doc/450807_itogi_sammita_v_glazgo._v_kyrgyzstane_planiryetsia_otkryt_centr_po_izycheniu_klimata.html,2021-12-08,Итоги саммита в Глазго. В Кыргызстане планируется открыть центр по изучению климата,Какие договоренности Кыргызстан достиг на полях саммита в Глазго? Вот краткий список:,RELEVANT,POLICY,RELEVANT,POLICY,,,ru_1,"Glasgow results, climate center planned"
RU-C00434,,RU,24.kg,https://24.kg/archive/ru/reportaji/109911-platice-iz-musora-v-borbe-s-globalnym-potepleniem.html/,2011-09-26,Платьице из мусора в борьбе с глобальным потеплением,"Платьице из мусора в борьбе с глобальным потеплениемПроблемы экологии в последние годы волнуют очень многих. Глобальное потепление, землетрясения, цунами... Ученые и активисты бьют тревогу.",RELEVANT,OTHER_CLIMATE,RELEVANT,HEALTH_SOCIETY,,1,ru_1,"trash dress, global warming awareness"
RU-00007,,RU,24.kg,https://24.kg/archive/ru/perekrestok/182020-deputaty-vs-laquokumtorraquo-lednikovyj-period.html/,2014-06-24,Депутаты vs «Кумтор»: ледниковый период,"Депутаты vs «Кумтор»: ледниковый периодПрезидент Кыргызстана Алмазбек Атамбаев наложил вето на закон «О ледниках», лоббируемый группой депутатов во главе с членом фра",RELEVANT,WATER_CRYO,RELEVANT,POLICY,,1,ru_1,"veto on glacier law, Kumtor"
RU-D05165,,RU,Kaktus,https://kaktus.media/doc/543014_klimat_zemli_vstypil_v_fazy_besprecedentnoy_nestabilnosti._chto_eto_znachit.html,2026-03-24,Климат Земли вступил в фазу беспрецедентной нестабильности. Что это значит,"Новый доклад ВМО предупреждает: рекордные парниковые газы, нагрев океанов и таяние ледников ведут к необратимым изменениям и климатическому хаосу.",RELEVANT,SCIENCE_GEN,RELEVANT,SCIENCE_GEN,,,ru_2,WMO climate instability report
RU-C00472,,RU,Daryo.uz,https://daryo.uz/ru/2023/09/28/ssa-vmeste-s-turkmenistanom-rabotaut-nad-preodoleniem-klimaticeskogo-krizisa-i-sokraseniem-vybrosov-metana-dzo-bajden/,2023-09-28,США вместе с Туркменистаном работают над сокращением выбросов метана – Джо Байден,Вашингтон и Ашхабад планируют разработать инвестиционный план по сокращению выбросов метана,RELEVANT,ENERGY,RELEVANT,POLICY,,,ru_2,US-Turkmenistan climate/methane cooperation
RU-D03654,,RU,Sputnik,https://sputnik.kg/20250417/kyrgyzstan-sel-aldyn-aluu-dolboor-1093397588.html,,"Кыргызстанда селди алдын алуу үчүн 52,4 млн. долларлык долбоор ишке кирди","БИШКЕК, 17-апр. — Sputnik. Кыргызстанда селди алдын алуу үчүн RESILAND CA+ долбоору ишке кирерин ӨКМ билдирди.",RELEVANT,DISASTER,RELEVANT,DISASTER,,1,ru_1,mudflow prevention project
RU-D01190,,RU,Tengrinews,https://tengrinews.kz/kazakhstan_news/novyie-avtobusyi-aktau-budut-ispolzovat-ekologicheski-516966/,2023-11-15,Новые автобусы в Актау будут использовать экологически чистое топливо: 15 ноября 2023 20:03 - новости на Tengrinews.kz,Tengrinews.kz ▶ Новые автобусы в Актау будут использовать экологически чистое топливо: 15 ноября 2023 20:03 ▶ Читать подробнее актуальные новости и события на сайте.,RELEVANT,ENERGY,NOT_RELEVANT,,,,ru_2,
RU-C00593,,RU,Daryo.uz,https://daryo.uz/ru/2023/03/24/saida-mirzieeva-vystupila-na-konferencii-oon-o-posledstviah-aralskoj-tragedii/,2023-03-24,Саида Мирзиёева рассказала о последствиях Аральской трагедии с трибуны ООН,"Делегация Узбекистана приняла участие в Водной конференции ООН, впервые после 45-летнего перерыва.",RELEVANT,WATER_CRYO,RELEVANT,WATER_CRYO,,,ru_2,Aral Sea tragedy at UN
RU-00744,,RU,Daryo.uz,https://daryo.uz/ru/2024/03/18/novye-plotiny-v-centralnoj-azii-ese-bolse-usilat-vodnyj-krizis-v-regione-reki-bez-granic/,2024-03-18,Новые плотины в Центральной Азии усугубят водный кризис в регионе - «Реки без границ»,"По мнению экологов, если на территории ЦА будут реализованы все вынашиваемые сегодня планы по возведению новых плотин и созданию оросительных каналов, то уже через 10-15 лет, регион может столкнуться с крупным рукотворным водно-экологическим кризисом",RELEVANT,WATER_CRYO,RELEVANT,WATER_CRYO,,,ru_2,dams worsen water crisis
RU-D05322,,RU,Kaktus,https://kaktus.media/doc/498459_izmenenie_klimata_zamedliaet_vrashenie_zemli._issledovanie.html,2024-03-30,Изменение климата замедляет вращение Земли. Исследование,"Согласно новому исследованию, таяние полярных льдов, обусловленное изменением климата, влияет на скорость вращения Земли, что может привести к изменениям в глобальном исчислении времени.",RELEVANT,SCIENCE_GEN,RELEVANT,SCIENCE_GEN,,,ru_1,polar melt slows Earth rotation study
RU-D04818,,RU,Kaktus,https://kaktus.media/doc/471850_klimaticheskiy_hakaton_sredi_stydentov_i_molodeji_kyrgyzstana.html,2022-12-06,Климатический хакатон среди студентов и молодежи Кыргызстана,"4 декабря 2022 года в Международном университете ""Ала-Тоо"" прошла вторая часть климатического хакатона среди студентов и молодежи Кыргызстана.",RELEVANT,OTHER_CLIMATE,RELEVANT,HEALTH_SOCIETY,,1,ru_1,youth climate hackathon
RU-00102,,RU,Daryo.uz,https://daryo.uz/ru/2023/12/21/evrosouz-obsudil-s-turkmenistanom-strategiu-eksporta-gaza/,2023-12-21,Евросоюз обсудил с Туркменистаном стратегию экспорта газа,В Брюсселе говорили и об инициативах по сокращению выбросов метана. Предстоит визит президента Сердара Бердымухамедова,RELEVANT,ENERGY,NOT_RELEVANT,,,,gold,IAA adjudicated gold
RU-C00104,,RU,Daryo.uz,https://daryo.uz/ru/2023/09/20/sokrasenie-vybrosov-metana-v-atmosferu-avlaetsa-prioritetom-dla-turkmenistana-prezident/,2023-09-20,Сокращение выбросов метана в атмосферу является приоритетом для Туркменистана – Президент,В стране недавно утвердили Дорожную карту по присоединению к Глобальному обязательству по метану,RELEVANT,POLICY,RELEVANT,POLICY,,,gold,IAA adjudicated gold
RU-00052,,RU,Daryo.uz,https://daryo.uz/ru/2024/04/04/pocti-80-mirovyh-vybrosov-parnikovyh-gazov-prihoditsa-na-dolu-57-krupnejsih-proizvoditelej-uglevodorodov-i-cementa/,2024-04-04,Почти 80% мировых выбросов парниковых газов приходится на долю 57 крупнейших производителей углеводородов и цемента,Это происходит вопреки климатическому Парижскому соглашению,RELEVANT,ENERGY,RELEVANT,SCIENCE_GEN,,,ru_1,80% emissions from 57 producers
RU-D02091,,RU,Tengrinews,https://tengrinews.kz/kazakhstan_news/mejdunarodnyie-ekspertyi-aes-kazahstane-shag-ekologicheskomu-546258/,2024-08-29,Международные эксперты: АЭС в Казахстане - шаг к экологическому будущему,"На Международной выставке ядерной энергетики KazAtomExpo, прошедшей в Астане, международные эксперты подчеркнули значимость ядерной энергетики для устойчивого развития Казахстана, отметив ее ключевую роль в энергетическом будущем страны.",RELEVANT,ENERGY,RELEVANT,ENERGY,,1,ru_2,nuclear as clean energy future
RU-D00396,,RU,Kaktus,https://kaktus.media/doc/506908_kak_izmenenie_klimata_skazyvaetsia_na_kyrgyzstane_ocenka_akademii_nayk.html,2024-08-09,Как изменение климата сказывается на Кыргызстане? Оценка Академии наук,За последние 50-70 лет оледенение в Кыргызстане сократилась на 16%. Как изменение климата сказалось на стране:,RELEVANT,WATER_CRYO,RELEVANT,SCIENCE_GEN,,,ru_1,climate change impact assessment
RU-D00631,,RU,Kaktus,https://kaktus.media/doc/429732_novoe_napravlenie_v_ayca:_ekologicheskaia_ystoychivost_i_klimatologiia_eyk.html,2021-01-13,Новое направление в АУЦА: Экологическая устойчивость и климатология (ЭУК),"В сентябре 2020 года в результате усердной работы преподавательского состава программы ""Экологический менеджмент и устой",RELEVANT,SCIENCE_GEN,NOT_RELEVANT,,,1,ru_2,"academic climatology program, education"
RU-C00311,,RU,24.kg,https://24.kg/archive/ru/community/103708-solnechnye-perspektivy-kyrgyzstana.html/,2011-06-27,Солнечные перспективы Кыргызстана,Солнечные перспективы КыргызстанаВозрастающий дефицит энергетических ресурсов и его последствия для населения отдаленных регионов (отключения) выдвинули на первый план поиски альтернативных,RELEVANT,ENERGY,RELEVANT,ENERGY,,,ru_2,solar energy prospects
RU-D00355,,RU,Sputnik,https://sputnik.kg/20241105/klimat-ozgoruu-planeta-korkunuch-1090029125.html,,Патриарх Кирилл: климаттын өзгөрүшү жана аскердик чатактар коркунуч туудурат,"Патриархтын айтымында, ыңгайлуу жашоого умтулуунун натыйжасында техногендик кырсыктар көбөйүп, өсүмдүктөр менен жаныбарлардын бүтүндөй түрлөрү жоголуп, климат өзгөрдү.",RELEVANT,OTHER_CLIMATE,RELEVANT,SCIENCE_GEN,,1,ru_2,Patriarch on climate change danger
RU-D00302,,RU,Tengrinews,https://tengrinews.kz/kazakhstan_news/tokaev-pribyil-na-peregovoryi-po-spaseniyu-arala-510532/,2023-09-15,Токаев прибыл на переговоры по спасению Арала,"В Душанбе началось заседание глав государств по спасению Арала, передает Tengrinews.kz. На встречу прибыл Президент Казахстана Касым-Жомарт Токаев.",RELEVANT,WATER_CRYO,RELEVANT,WATER_CRYO,,,ru_1,Aral salvation talks
RU-D01155,,RU,Tengrinews,https://tengrinews.kz/kazakhstan_news/minekologii-obyyasnili-rezkoe-obmelenie-reki-ural-bliz-449217/,2021-09-22,В Минэкологии объяснили резкое обмеление реки Урал близ Атырау: 22 сентября 2021 10:30 - новости на Tengrinews.kz,Tengrinews.kz ▶ В Минэкологии объяснили резкое обмеление реки Урал близ Атырау: 22 сентября 2021 10:30 ▶ Читать подробнее актуальные новости и события на сайте.,RELEVANT,WATER_CRYO,RELEVANT,WATER_CRYO,,,ru_2,Ural river shallowing
RU-D03697,,RU,Sputnik,https://sputnik.kg/20210419/putin-klimat-sammit-1052190759.html,,Байдендин чакыруусун кабыл алды. Путин климат боюнча саммитке катышат,Буга чейин АКШ президенти аталган саммитке катышууга 40 мамлекеттин башчысын чакырган.,RELEVANT,POLICY,RELEVANT,POLICY,,,ru_1,Putin joins climate summit
RU-D00323,,RU,Kaktus,https://kaktus.media/doc/532327_v_kitae_ispytali_moshneyshiy_v_mire_letaushiy_vetrogenerator_video.html,2025-09-27,В Китае испытали мощнейший в мире летающий ветрогенератор (видео),"В Китае успешно провели испытательный полет ветрогенератора модели S1500, который называют самым мощным в мире.",RELEVANT,ENERGY,RELEVANT,ENERGY,,,ru_1,most powerful wind generator
RU-C00667,,RU,Daryo.uz,https://daryo.uz/ru/2023/12/04/krupnejsie-v-mire-neftegazovye-kompanii-namereny-sokratit-vybrosy-a-ne-dobycu-bloomberg/,2023-12-04,"Крупнейшие в мире нефтегазовые компании намерены сократить выбросы, а не добычу - Bloomberg","Пакт по декарбонизации нефти и газа подписали пятьдесят компаний, на которые приходится примерно 40% мировой добычи",RELEVANT,ENERGY,RELEVANT,ENERGY,,,ru_2,oil&gas decarbonization pact
RU-D03179,,RU,Kaktus,https://kaktus.media/doc/499091_nazvan_obem_ostavshihsia_v_kyrgyzstane_lednikov.html,2024-04-09,Назван объем оставшихся в Кыргызстане ледников,"В Кыргызстане из-за таяния ледников их количество увеличивается, но объем снижается.",RELEVANT,WATER_CRYO,RELEVANT,WATER_CRYO,,,ru_2,glacier volume declining
RU-D00316,,RU,Kaktus,https://kaktus.media/doc/526993_v_kr_postroiat_solnechnyu_i_vetrovyu_elektrostancii._podpisano_soglashenie_s_kitayskoy_firmoy.html,2025-07-03,В КР построят солнечную и ветровую электростанции. Подписано соглашение с китайской фирмой,Кыргызстан подписал с китайской компанией инвестиционное соглашение о строительстве солнечной и ветровой электростанций мощностью по 300 МВт каждая. Подробнее:,RELEVANT,ENERGY,RELEVANT,ENERGY,,,ru_2,solar and wind plants
RU-00060,,RU,Daryo.uz,https://daryo.uz/ru/2024/02/01/abr-vydelil-rekordnye-98-mlrd-na-finansirovanie-klimaticeskih-programm/,2024-02-01,"АБР выделил рекордные $9,8 млрд на финансирование климатических программ",Средства направлены на реализацию мер по сокращению выбросов парниковых газов,RELEVANT,POLICY,RELEVANT,POLICY,,,ru_1,ADB record climate finance
RU-D00045,,RU,Kaktus,https://kaktus.media/doc/543344_ledniki_v_centralnoy_azii_taut_nevidannymi_prejde_tempami._trevojnye_dannye.html,2026-03-30,Ледники в Центральной Азии тают невиданными прежде темпами. Тревожные данные,"Ледники Центральной Азии тают с беспрецедентной скоростью, угрожая водоснабжению и экономике. ООН и МАГАТЭ наращивают усилия по сохранению.",RELEVANT,WATER_CRYO,RELEVANT,WATER_CRYO,,,ru_1,Central Asia glaciers melting fast
RU-D02413,,RU,Kaktus,https://kaktus.media/doc/487175_vlasti_namereny_ystanavlivat_solnechnye_paneli_maloobespechennym_semiam.html,2023-09-15,Власти намерены устанавливать солнечные панели малообеспеченным семьям,"Минэнерго и Соцфонд разработали проект ""Кун кубат"". Он коснется малообеспеченных семей:",RELEVANT,ENERGY,RELEVANT,ENERGY,,,ru_1,solar panels for poor families
RU-D01268,,RU,Tengrinews,https://tengrinews.kz/tengri-health/article/zara-kleshhi-ultrafiolet-izmenenie-klimata-vliiaet-zdorove-4182/,2026-06-23,"Жара, клещи и ультрафиолет. Как изменение климата влияет на здоровье казахстанцев","Изменение климата всё заметнее влияет не только на окружающую среду, но и на здоровье людей. TengriHealth разбирался, почему врачи чаще говорят",RELEVANT,HEALTH_SOCIETY,RELEVANT,HEALTH_SOCIETY,,,ru_2,climate change affects health
RU-D03157,,RU,Kaktus,https://kaktus.media/doc/343056_klimatologi:_k_2084_gody_olimpiyskie_igry_mogyt_proyti_v_bishkeke.html,2016-08-15,Климатологи: к 2084 году Олимпийские игры могут пройти в Бишкеке?,"Американские ученые выяснили, что к 2084 году глобальное потепление сделает невозможным проведение летних Олимпийских иг",RELEVANT,SCIENCE_GEN,RELEVANT,SCIENCE_GEN,,,ru_2,global warming projection research
RU-00994,,RU,Daryo.uz,https://daryo.uz/ru/2023/11/11/francuzskaavoltalia-vozvedet-dve-elektrostancii-v-uzbekistane/,2023-11-11,Французская Voltalia возведёт две электростанции в Узбекистане,В июле текущего года Voltalia открыла свой новый офис в Ташкенте,RELEVANT,ENERGY,NOT_RELEVANT,,,1,ru_1,"plain power plant deal, no stated angle"
RU-C00055,,RU,24.kg,https://24.kg/archive/ru/bigtiraj/69419-uchenye-globalnogo-potepleniya-vozmozhno-ne.html/,2010-02-16,"Ученые: глобального потепления, возможно, не существует, сообщает","Ученые: глобального потепления, возможно, не существует, сообщаетThe Sunday Times (Великобритания). Исследователь атмосферы Джон Кристи из Университета Алабамы пришел к выводу, что данные о",RELEVANT,SCIENCE_GEN,RELEVANT,SCIENCE_GEN,,,ru_1,scientists question global warming
RU-D05668,,RU,Tengrinews,https://tengrinews.kz/science/klimat-zemli-vernutsya-proshloe-33-milliona-let-nazad-408288/,2020-07-15,"Климат Земли может ”вернуться в прошлое” на 3,3 миллиона лет назад: 15 июля 2020 08:29 - новости на Tengrinews.kz","Tengrinews.kz ▶ Климат Земли может ”вернуться в прошлое” на 3,3 миллиона лет назад: 15 июля 2020 08:29 ▶ Читать подробнее актуальные новости и события на сайте.",RELEVANT,SCIENCE_GEN,RELEVANT,SCIENCE_GEN,,,ru_2,climate return to past projection
RU-D04127,,RU,Kaktus,https://kaktus.media/doc/472548_v_kyrgyzstane_v_2023_gody_nachnyt_stroit_solnechnyu_elektrostanciu_stoimostu_180_mln.html,2022-12-17,В Кыргызстане в 2023 году начнут строить солнечную электростанцию стоимостью $180 млн,"Акылбек Жапаров заявил, что в следующем году начнется работа по строительству солнечной электростанции на территории Кыргызстана. Строить станцию будет Masdar - госкомпания из ОАЭ, они еще и выступят инвесторами проекта - потратят 180 млн долларов.",RELEVANT,ENERGY,RELEVANT,ENERGY,,,ru_1,"solar power plant $180M, Masdar"
RU-D01124,,RU,Sputnik,https://sputnik.kg/20220402/stanciya-kuruuda-ehkologiya-birinchi-orunda-karalyshy-kerek-1063340006.html,,Кырбашева: альтернативдүү булактардан өндүрүлгөн энергияны 10%га жеткирүү керек,Күн жана шамал энергиялары ассоциациясынын төрайымы Кундус Кырбашева Кыргызстан энергетикалык коопсуздугун камсыздоо үчүн энергиянын альтернативдүү булактарына да көңүл бурушу керектигин айтты.,RELEVANT,ENERGY,RELEVANT,ENERGY,,,gold,IAA adjudicated gold
RU-00008,,RU,24.kg,https://24.kg/archive/ru/bigtiraj/180266-otkaz-ot-dvd-diskov-sokratit-vybrosy-parnikovyx.html/,2014-05-30,"Отказ от DVD-дисков сократит выбросы парниковых газов на миллионы тонн, пишет","Отказ от DVD-дисков сократит выбросы парниковых газов на миллионы тонн, пишет«Газета.ru» (Россия). Американские исследователи решили выяснить, насколько вредно увлечение человече",RELEVANT,SCIENCE_GEN,RELEVANT,SCIENCE_GEN,,,ru_1,DVD ditch cuts GHG emissions study
RU-00070,,RU,Daryo.uz,https://daryo.uz/ru/2023/11/29/latvia-zanimaet-trete-mesto-v-es-po-dole-vozobnovlaemyh-istocnikov-energii-v-konecnom-potreblenii/,2023-11-29,Латвия замыкает тройку лидеров в ЕС по доле возобновляемых источников энергии в конечном потреблении,"По сравнению с 2021 годом, валовое потребление природного газа в 2022 году в стране сократилось на 28,2%",RELEVANT,ENERGY,RELEVANT,ENERGY,,,ru_2,renewable energy share EU
RU-D00806,,RU,Tengrinews,https://tengrinews.kz/science/naucnaia-ekspediciia-izuceniiu-vody-pribyla-aralskii-region-296842/,2016-06-17,Научная экспедиция по изучению воды прибыла в Аральский регион: 17 июня 2016 23:01 - новости на Tengrinews.kz,Tengrinews.kz ▶ Научная экспедиция по изучению воды прибыла в Аральский регион: 17 июня 2016 23:01 ▶ Читать подробнее актуальные новости и события на сайте.,RELEVANT,WATER_CRYO,RELEVANT,WATER_CRYO,,,gold,IAA adjudicated gold
RU-D02742,,RU,Kaktus,https://kaktus.media/doc/330472_naychno_tehnicheskaia_gryppa_po_lednikam_predostavila_otchet_po_kymtory.html,2015-12-24,Научно-техническая группа по ледникам предоставила отчет по Кумтору,"Научно-техническая группа по изучению состояния ледников, расположенных в зоне промышленной деятельности золоторудного м",RELEVANT,WATER_CRYO,RELEVANT,WATER_CRYO,,,ru_2,glacier report Kumtor
RU-D05093,,RU,Tengrinews,https://tengrinews.kz/story/vozobnovlyaemyie-istochniki-vernuli-rol-vajneyshego-465276/,2022-03-30,Возобновляемые источники вернули себе роль важнейшего производителя электричества: 30 марта 2022 18:42 - новости на Tengrinews.kz,Tengrinews.kz ▶ Возобновляемые источники вернули себе роль важнейшего производителя электричества: 30 марта 2022 18:42 ▶ Читать подробнее актуальные новости и события на сайте.,RELEVANT,ENERGY,RELEVANT,ENERGY,,,ru_2,renewables leading electricity producer
RU-D04718,,RU,Kaktus,https://kaktus.media/doc/548019_na_issyk_kyle_zapystili_pervyu_ochered_solnechnoy_elektrostancii_rox_issyk_kyl.html,2026-06-14,"На Иссык-Куле запустили первую очередь солнечной электростанции ""ROX Иссык-Куль""","На Иссык-Куле ввели в эксплуатацию первую очередь солнечной электростанции ""ROX Иссык-Куль"" мощностью 175 МВт. Общая мощность всех этапов проекта должна составить 1 900 МВт, объем инвестиций оценивается примерно в $1,5 млрд.",RELEVANT,ENERGY,RELEVANT,ENERGY,,,ru_2,solar plant launched
RU-D05449,,RU,Kaktus,https://kaktus.media/doc/365957_chto_stalo_s_lednikami_na_kymtore_foto_so_spytnika_20_let_nazad_i_seychas.html,2017-11-11,Что стало с ледниками на Кумторе? Фото со спутника 20 лет назад и сейчас,Что стало с ледниками Давыдова и Лысый на руднике Кумтор? Фотографии,RELEVANT,WATER_CRYO,RELEVANT,WATER_CRYO,,,ru_1,"Kumtor glaciers change, satellite"
RU-D00681,,RU,Sputnik,https://sputnik.kg/20200710/klimat-zhakynky-5-zhyl-1048964474.html,,COVID таасири: метеорологдор беш жылда климат кандай өзгөрөрүн айтышты,Улуу Британиянын Аба ырайы бюросунун жетекчилиги климаттын акыркы беш жылдагы өзгөрүүлөрүн дүйнө жүзүндөгү алдыңкы тажрыйбалуу метеорологдордун изилдөөлөрүнө таянып жыл сайын жарыялап турат.,RELEVANT,SCIENCE_GEN,RELEVANT,SCIENCE_GEN,,,ru_1,climate change projections
RU-D01430,,RU,Tengrinews,https://tengrinews.kz/world_news/aisberg-vesom-trillion-tonn-otkololsia-lednika-antarktide-322190/,2017-07-12,Айсберг весом в триллион тонн откололся от ледника в Антарктиде: 12 июля 2017 22:14 - новости на Tengrinews.kz,Tengrinews.kz ▶ Айсберг весом в триллион тонн откололся от ледника в Антарктиде: 12 июля 2017 22:14 ▶ Читать подробнее актуальные новости и события на сайте.,RELEVANT,WATER_CRYO,RELEVANT,WATER_CRYO,,1,ru_2,Antarctic iceberg calving
RU-00006,,RU,24.kg,https://24.kg/archive/ru/economics/182401-vladimir-komissarov-vopros-s-zasoreniem-lednikov.html/,2014-06-27,Владимир Комиссаров: Вопрос с засорением ледников должен решиться с приданием им статуса особо ценных природных объектов,Владимир Комиссаров: Вопрос с засорением ледников должен решиться с приданием им статуса особо ценных природных объектов«Вопрос с засорением ледников должен решиться с приданием им ста,RELEVANT,WATER_CRYO,NOT_RELEVANT,,,,gold,IAA adjudicated gold
RU-D00951,,RU,Tengrinews,https://tengrinews.kz/kazakhstan_news/tokaev-posetil-solnechnuyu-elektrostantsiyu-403842/,2020-05-29,Токаев посетил солнечную электростанцию: 29 мая 2020 15:04 - новости на Tengrinews.kz,Tengrinews.kz ▶ Токаев посетил солнечную электростанцию: 29 мая 2020 15:04 ▶ Читать подробнее актуальные новости и события на сайте.,RELEVANT,ENERGY,RELEVANT,ENERGY,,,ru_1,president visited solar plant
RU-00040,,RU,Daryo.uz,https://daryo.uz/ru/2024/06/21/vybrosy-co2-pobili-rekord-mir-prodolzaet-zaviset-ot-iskopaemogo-topliva/,2024-06-21,Выбросы углекислого газа побили рекорд: мир продолжает зависеть от ископаемого топлива,"В 2023 году потребление углеводородов выросло на 1,5% до 505 эксаджоулей",RELEVANT,ENERGY,RELEVANT,ENERGY,,,ru_2,"CO2 record, fossil fuel dependence"
RU-C00228,,RU,24.kg,https://24.kg/archive/ru/bigtiraj/89582-klimatologi-iz-evropy-predrekayut-kazaxstanu.html/,2010-12-24,"Климатологи из Европы предрекают Казахстану очередной ледниковый период, пишет","Климатологи из Европы предрекают Казахстану очередной ледниковый период, пишет«Экспресс К» (Казахстан). Как известно, Лондон расположен на одной широте с Астаной, но теплое океан",RELEVANT,SCIENCE_GEN,RELEVANT,SCIENCE_GEN,,,ru_2,climate projection Kazakhstan
RU-C00469,,RU,Daryo.uz,https://daryo.uz/ru/2023/05/20/minfin-uzbekistana-planiruet-prisoedinitsa-k-klimaticeskoj-koalicii/,2023-05-20,Министерство финансов Узбекистана планирует присоединиться к климатической коалиции,Документ был передан на заседании ЕБРР в Самарканде,RELEVANT,POLICY,RELEVANT,POLICY,,,ru_1,Uzbek MoF joins climate coalition
RU-C00408,,RU,24.kg,https://24.kg/archive/ru/community/109649-v-stolice-kyrgyzstana-projdet-yekologicheskaya.html/,2011-09-21,В столице Кыргызстана пройдет экологическая акция «Экофестиваль 350»,В столице Кыргызстана пройдет экологическая акция «Экофестиваль 350»В столице Кыргызстана на Старой площади 24 и 25 сентября пройдет экологическая акция «Экофестиваль 350&r,RELEVANT,OTHER_CLIMATE,NOT_RELEVANT,,,1,ru_2,eco-festival per addendum 7
RU-D01833,,RU,Kaktus,https://kaktus.media/doc/479977_lidery_soobshestv_issyk_kylia:_kak_sohranit_ledniki_i_zashitit_prava_rabotnikov_kymtora.html,2023-05-02,"Лидеры сообществ Иссык-Куля: как сохранить ледники и защитить права работников ""Кумтора""",Резолюция встречи лидеров сообществ Иссык-Кульской области: как сохранить ледники и обеспечить безопасность и защиту трудовых прав трудящихся на золотодобывающем месторождении Кумтор?,RELEVANT,WATER_CRYO,RELEVANT,WATER_CRYO,,1,ru_2,"preserving glaciers, mixed with labor rights"
RU-00035,,RU,Daryo.uz,https://daryo.uz/ru/2025/05/30/otkolovsijsa-lednik-pocti-polnostu-razrusil-derevnu-v-svejcarii/,2025-05-30,Отколовшийся ледник почти полностью разрушил деревню в Швейцарии,"«Мы потеряли нашу деревню», — сказал мэр Блаттена на пресс-конференции после оползня.",RELEVANT,WATER_CRYO,RELEVANT,DISASTER,,1,ru_1,glacier collapse destroys Swiss village
RU-D04638,,RU,Tengrinews,https://tengrinews.kz/kazakhstan_news/sarancha-saygaki-zasuha-livni-2023-god-nazvali-hudshim-510903/,2023-09-19,"Саранча, сайгаки, засуха и ливни. 2023 год назвали худшим для аграриев","Председатель объединения юридических лиц ""Зерновой союз Казахстана"" Нурлан Оспанов оценил тенденции в сельском хозяйстве Казахстана, передает корреспондент Tengrinews.kz.",RELEVANT,AGRI_LAND,RELEVANT,AGRI_LAND,,,ru_2,"drought, worst year for farmers"
RU-D05614,,RU,Sputnik,https://sputnik.kg/20211029/kurgakchylyk-tushum-az-boldu-1054399347.html,,Министр: кургакчылыктан улам түшүмдүн үчтөн бир бөлүгүнөн кол жуудук,"Министрдин айтымында, сугат үчүн сууну дыйкандардын баарына жетиштүү көлөмдө берүү мүмкүн болгон жок.",RELEVANT,AGRI_LAND,RELEVANT,AGRI_LAND,,,ru_2,drought reduced harvest
RU-00050,,RU,Daryo.uz,https://daryo.uz/ru/2024/04/04/climate-change-central-asia/,2024-04-04,Изменение климата привело к сокращению ледников в Центральной Азии на 20-30%,"Ожидается, что из-за глобального потепления всё больше осадков в горах будет выпадать в виде дождя вместо снега",RELEVANT,WATER_CRYO,RELEVANT,WATER_CRYO,,,ru_2,climate change glacier reduction
RU-C00649,,RU,Daryo.uz,https://daryo.uz/ru/2023/12/03/uzbekistan-razrabotaet-nacionalnyj-reestr-dla-uceta-vybrosov/,2023-12-03,В Узбекистане разработают Национальный реестр для учёта выбросов,Соответствующий меморандум подписан на Климатическом саммите в Дубае,RELEVANT,POLICY,RELEVANT,POLICY,,,ru_1,"national emissions registry, COP28"
RU-D01393,,RU,Tengrinews,https://tengrinews.kz/kazakhstan_news/novaya-vetrovaya-elektrostantsiya-poyavilas-akmolinskoy-423416/,2020-12-18,Новая ветровая электростанция появилась в Акмолинской области: 18 декабря 2020 15:05 - новости на Tengrinews.kz,Tengrinews.kz ▶ Новая ветровая электростанция появилась в Акмолинской области: 18 декабря 2020 15:05 ▶ Читать подробнее актуальные новости и события на сайте.,RELEVANT,ENERGY,RELEVANT,ENERGY,,,ru_1,new wind power plant
RU-D01965,,RU,Tengrinews,https://tengrinews.kz/world_news/izmenenie-klimata-ugrojaet-100-millionam-v-afrike-oon-451674/,2021-10-20,Изменение климата угрожает более 100 миллионам человек в Африке - ООН: 20 октября 2021 12:34 - новости на Tengrinews.kz,Tengrinews.kz ▶ Изменение климата угрожает более 100 миллионам человек в Африке - ООН: 20 октября 2021 12:34 ▶ Читать подробнее актуальные новости и события на сайте.,RELEVANT,HEALTH_SOCIETY,RELEVANT,HEALTH_SOCIETY,,,ru_1,climate threatens millions Africa
RU-D04808,,RU,Sputnik,https://sputnik.kg/20220727/kajra-zharaluuchu-ehnergiya-tarif-1066357560.html,,Кайра жаралуучу энергия боюнча тарифтерде кандай кемчилик бар? Адистин пикири,"Адистер ""Энергиянын кайра жаралуучу булактары жөнүндө"" жаңы мыйзам инвесторлорду оолактатат деп эсептейт.",RELEVANT,ENERGY,RELEVANT,ENERGY,,,ru_1,renewable energy tariffs law
RU-D04162,,RU,Tengrinews,https://tengrinews.kz/kazakhstan_news/tehnika-protiv-zasuhi-v-turkestane-proizvodyat-dojdevalnyie-575755/,2025-07-21,Техника против засухи: как в Туркестане производят дождевальные машины,"В этом выпуске мы отправились в Туркестан, где в индустриальном парке на предприятии BNK Group производят машины, которые каждый день экономят тонны воды и помогают фермерам собирать больше урожая.",RELEVANT,AGRI_LAND,RELEVANT,AGRI_LAND,,1,ru_2,irrigation machines against drought
RU-D03850,,RU,Tengrinews,https://tengrinews.kz/other/shestero-alpinistov-pogibli-iz-za-obrusheniya-lednika-gorah-472324/,2022-07-03,Шестеро альпинистов погибли из-за обрушения ледника в горах Италии: 03 июля 2022 23:37 - новости на Tengrinews.kz,Tengrinews.kz ▶ Шестеро альпинистов погибли из-за обрушения ледника в горах Италии: 03 июля 2022 23:37 ▶ Читать подробнее актуальные новости и события на сайте.,RELEVANT,DISASTER,RELEVANT,DISASTER,,1,ru_2,glacier collapse killed climbers Italy
RU-C00454,,RU,24.kg,https://24.kg/archive/ru/bigtiraj/66233-klimatologi-priznalis-v-unichtozhenii-dannyx-po.html/,2009-12-01,"Климатологи признались в уничтожении данных по глобальному потеплению, рассказывает","Климатологи признались в уничтожении данных по глобальному потеплению, рассказываетThe Times (Великобритания). Администрация университета Восточной Англии призналась в том, что избавлялась о",RELEVANT,SCIENCE_GEN,RELEVANT,SCIENCE_GEN,,,ru_2,global warming data (Climategate)
RU-00012,,RU,24.kg,https://24.kg/archive/ru/community/172125-urustam-kabylbekov-spasat-ledniki-v-kyrgyzstane.html/,2014-02-14,Урустам Кабылбеков: Спасать ледники в Кыргызстане требует само время,"Урустам Кабылбеков: Спасать ледники в Кыргызстане требует само время«Спасать ледники в Кыргызстане требует само время», - заявил сегодня на пресс-конференции президент общественн",RELEVANT,WATER_CRYO,RELEVANT,WATER_CRYO,,,ru_2,saving glaciers
RU-D02178,,RU,Tengrinews,https://tengrinews.kz/science/planetu-zdet-klimaticeskii-ad-v-2017-godu-314896/,2017-03-27,Планету ждет климатический ад в 2017 году: 27 марта 2017 20:34 - новости на Tengrinews.kz,Tengrinews.kz ▶ Планету ждет климатический ад в 2017 году: 27 марта 2017 20:34 ▶ Читать подробнее актуальные новости и события на сайте.,RELEVANT,SCIENCE_GEN,RELEVANT,SCIENCE_GEN,,,ru_2,climate hell projection 2017
RU-D03007,,RU,Tengrinews,https://tengrinews.kz/kazakhstan_news/balhash-idet-po-stopam-arala-ekologi-443016/,2021-07-13,Балхаш идет по стопам Арала - экологи: 13 июля 2021 13:47 - новости на Tengrinews.kz,Tengrinews.kz ▶ Балхаш идет по стопам Арала - экологи: 13 июля 2021 13:47 ▶ Читать подробнее актуальные новости и события на сайте.,RELEVANT,WATER_CRYO,RELEVANT,WATER_CRYO,,,ru_1,Balkhash following Aral drying
RU-D05719,,RU,Kaktus,https://kaktus.media/doc/367181_na_parlament_kyrgyzstana_podali_v_syd_iz_za_lednikov_lysyy_i_davydov.html,2017-12-07,На парламент Кыргызстана подали в суд из-за ледников Лысый и Давыдов,"Атамбаев подписал Закон Кыргызской Республики ""О внесении изменений в Водный Кодекс Кыргызской Республики"" 23 ноября.",RELEVANT,WATER_CRYO,RELEVANT,POLICY,,1,ru_1,lawsuit over glacier Water Code law
RU-D02240,,RU,Tengrinews,https://tengrinews.kz/science/globalnoe-poteplenie-prevraschaet-tsentralnuyu-aziyu-471600/,2022-06-23,Глобальное потепление превращает Центральную Азию в пустыню - ученые: 23 июня 2022 12:56 - новости на Tengrinews.kz,Tengrinews.kz ▶ Глобальное потепление превращает Центральную Азию в пустыню - ученые: 23 июня 2022 12:56 ▶ Читать подробнее актуальные новости и события на сайте.,RELEVANT,AGRI_LAND,RELEVANT,AGRI_LAND,,,gold,IAA adjudicated gold
RU-00010,,RU,24.kg,https://24.kg/archive/ru/bigtiraj/177254-prognozy-klimatologov-ni-vody-ni-edy-pishet.html/,2014-04-21,"Прогнозы климатологов: ни воды, ни еды, пишет","Прогнозы климатологов: ни воды, ни еды, пишет«Караван» (Казахстан). 83 процента казахстанцев чувствуют изменения климата в стране, и почти половина обеспокоены этим - таковы данн",RELEVANT,SCIENCE_GEN,RELEVANT,SCIENCE_GEN,,,ru_1,"climatologist forecasts, water/food scarcity"
RU-C00644,,RU,24.kg,https://24.kg/archive/ru/biznes-info/110515-beeline-podderzhal-yekologicheskij-festival.html/,2011-10-03,Beeline поддержал экологический фестиваль «350»,"Beeline поддержал экологический фестиваль «350»Компания Sky Mobile (торговая марка Beeline) выступила партнером фестиваля «350», посвященного проблемам экологии.В рам",RELEVANT,OTHER_CLIMATE,RELEVANT,HEALTH_SOCIETY,,1,ru_1,350 climate festival
RU-D01959,,RU,Kaktus,https://kaktus.media/doc/510945_iz_za_nezakonno_postroennoy_dorogi_razrysheny_ledniki._vozbyjdeno_ygolovnoe_delo.html,2024-10-10,Из-за незаконно построенной дороги разрушены ледники. Возбуждено уголовное дело,"Генпрокуратура возбудила уголовное дело по незаконному строительству дороги в Алайском районе, в результате которого были разрушены ледники.",RELEVANT,WATER_CRYO,RELEVANT,WATER_CRYO,,1,ru_2,"glaciers destroyed, criminal case"
RU-D05663,,RU,Kaktus,https://kaktus.media/doc/366263_ledniki_davydova_i_lysyy_bydyt_osvaivatsia._jogorky_kenesh_odobril.html,2017-11-16,Ледники Давыдова и Лысый будут осваиваться. Жогорку Кенеш одобрил,"Поправка была необходима для того, чтобы Госагентство охраны окружающей среды и лесного хозяйства разрешило работы на ледниках Кумтору.",RELEVANT,WATER_CRYO,NOT_RELEVANT,,,,gold,IAA adjudicated gold
RU-D05552,,RU,Kaktus,https://kaktus.media/doc/463439_a_on_govoril_press_sekretar_prezidenta_napomnil_kak_vopros_taianiia_lednikov_vajen_miry.html,2022-07-12,"А он говорил! Пресс-секретарь президента напомнил, как вопрос таяния ледников важен миру","Самое время вспомнить, что говорил Садыр Жапаров о таяниях ледников, после большого обрушения ледника Джууку. Так, по крайней мере, решил пресс-секретарь президента Эрбол Султанбаев. Подробнее:",RELEVANT,WATER_CRYO,RELEVANT,WATER_CRYO,,,ru_2,"glacier melting, Djuuku collapse"
RU-D05049,,RU,Kaktus,https://kaktus.media/doc/328882_pochemy_nam_nyjno_obratit_vnimanie_na_klimaticheskyu_konferenciu_v_parije.html,2015-11-30,Почему нам нужно обратить внимание на климатическую конференцию в Париже,"Потому что там выступит президент АтамбаевСегодня, 30 ноября, в Париже откроется климатическая конференция ООН.",RELEVANT,POLICY,RELEVANT,POLICY,,,ru_1,Paris climate conference COP21
RU-00088,,RU,Daryo.uz,https://daryo.uz/ru/2026/05/04/uzbekistan-dolya-zelenaya-energiya-54-procent-2030/,2026-05-04,К 2030 году Узбекистан планирует довести долю «зеленой» энергии до 54%,"На 59-м ежегодном заседании Совета управляющих Азиатского банка развития, которое проходит в Самарканде, Шавкат Мирзиёев отметил, что конкурентоспособными на глобальном рынке смогут оставаться только те страны, которые предлагают инвесторам дешевую, надежную и «зеленую» энергию.",RELEVANT,ENERGY,RELEVANT,ENERGY,,,ru_1,green energy share to 54% by 2030
RU-D04426,,RU,Tengrinews,https://tengrinews.kz/kazakhstan_news/sovet-uluchsheniyu-investklimata-rassmotrel-voprosyi-440755/,2021-06-18,Совет по улучшению инвестклимата рассмотрел вопросы развития альтернативной энергетики: 18 июня 2021 17:35 - новости на Tengrinews.kz,Tengrinews.kz ▶ Совет по улучшению инвестклимата рассмотрел вопросы развития альтернативной энергетики: 18 июня 2021 17:35 ▶ Читать подробнее актуальные новости и события на сайте.,RELEVANT,ENERGY,RELEVANT,ENERGY,,,ru_2,alternative energy development
RU-C00269,,RU,24.kg,https://24.kg/archive/ru/bigtiraj/68765-usama-ben-laden-obvinyaet-v-izmeneniyax-klimata.html/,2010-02-03,"Усама бен Ладен обвиняет в изменениях климата США и доллар, пишет","Усама бен Ладен обвиняет в изменениях климата США и доллар, пишетLa Stampa (Италия). В новом аудиопослании шейх террора обвиняет Соединенные Штаты в разрушении климата на планете и призывает",RELEVANT,OTHER_CLIMATE,RELEVANT,OTHER_CLIMATE,,1,ru_1,bin Laden blames US for climate
RU-D01332,,RU,Tengrinews,https://tengrinews.kz/kazakhstan_news/stroitelstvo-zavoda-vetrovyih-elektrostantsiy-obsudili-508831/,2023-08-28,Строительство завода ветровых электростанций обсудили в Жезказгане,"28 августа в Жезказгане состоялась встреча председателя Региональной палаты предпринимателей области Ұлытау (""Атамекен"") Гульмиры Каженовой с представителями компаний Канатом Абеновым - директором ТОО ""ТГС-Констракшн"", Жомартом Моминбаевым - директором ТОО ""ТГС-Энерджи"", Вэй Хумином - представителем Power China.",RELEVANT,ENERGY,RELEVANT,ENERGY,,,ru_2,wind power plant factory
RU-D05540,,RU,Kaktus,https://kaktus.media/doc/442761_ychenyy_predrek_chelovechestvy_silnyy_klimaticheskiy_krizis.html,2021-07-18,Ученый предрек человечеству сильный климатический кризис,"Председатель Консультативной группы по климатическим кризисам (CCAG) Дэвид Кинг уверен, что последствия того погодного кризиса, с которым человечеству уже приходится сталкиваться, со временем будут только ухудшаться.",RELEVANT,SCIENCE_GEN,RELEVANT,SCIENCE_GEN,,,ru_1,scientist predicts climate crisis
RU-D03312,,RU,Tengrinews,https://tengrinews.kz/world_news/bill-geyts-vyidelit-15-milliarda-borbu-izmeneniem-klimata-445673/,2021-08-12,"Билл Гейтс выделит 1,5 миллиарда на борьбу с изменением климата: 12 августа 2021 23:37 - новости на Tengrinews.kz","Tengrinews.kz ▶ Билл Гейтс выделит 1,5 миллиарда на борьбу с изменением климата: 12 августа 2021 23:37 ▶ Читать подробнее актуальные новости и события на сайте.",RELEVANT,POLICY,RELEVANT,POLICY,,,ru_1,Gates funds climate fight
RU-D00680,,RU,Tengrinews,https://tengrinews.kz/science/uchenyie-predlojili-zatemnit-solnechnyiy-svet-yujnoy-afrike-421406/,2020-11-27,Ученые предложили затемнить солнечный свет в Южной Африке: 27 ноября 2020 13:26 - новости на Tengrinews.kz,Tengrinews.kz ▶ Ученые предложили затемнить солнечный свет в Южной Африке: 27 ноября 2020 13:26 ▶ Читать подробнее актуальные новости и события на сайте.,RELEVANT,OTHER_CLIMATE,RELEVANT,SCIENCE_GEN,,1,ru_2,solar dimming geoengineering proposal
RU-C00707,,RU,24.kg,https://24.kg/archive/ru/bigtiraj/108874-v-kazaxstane-ustanavlivayut-pervye-solnechnye.html/,2011-09-13,"В Казахстане устанавливают первые солнечные фонари, сообщает","В Казахстане устанавливают первые солнечные фонари, сообщает«Казинформ» (Казахстан). Установивший солнечные фонари предприниматель Владимир Ильин, глава фирмы «Техцентр&raq",RELEVANT,ENERGY,RELEVANT,ENERGY,,,ru_1,first solar lamps Kazakhstan
RU-D00635,,RU,Kaktus,https://kaktus.media/doc/491491_izmenenie_klimata_privodit_k_prodovolstvennomy_krizisy_mnenie.html,2023-11-29,Изменение климата приводит к продовольственному кризису (мнение),Ситуация с голодом в мире может усугубиться из-за изменений климата. Мнение гендиректора ФАО Цюй Дунъюя.,RELEVANT,AGRI_LAND,RELEVANT,AGRI_LAND,,,ru_2,climate causes food crisis
RU-D05300,,RU,Kaktus,https://kaktus.media/doc/439398_dinara_kytmanova:_na_kymtore_lednikovyu_vody_ispolzyut_dlia_promyvki_i_tehnicheskih_nyjd.html,2021-05-29,"Динара Кутманова: На ""Кумторе"" ледниковую воду используют для промывки и технических нужд","На ""Кумторе"" ледниковую воду из озера Петрова используют для промывки золота и на технические нужды.",RELEVANT,WATER_CRYO,RELEVANT,WATER_CRYO,,1,ru_2,glacial water industrial use Kumtor
RU-D05809,,RU,Kaktus,https://kaktus.media/doc/463387_obval_lednika_na_perevale_djyyky._v_mchs_rasskazali_kakogo_obema_byla_lavina.html,2022-07-11,"Обвал ледника на перевале Джууку. В МЧС рассказали, какого объема была лавина","В пресс-службе МЧС рассказали, что сотрудники их ведомства обследуют место обвала ледника в ущелье Джууку в Иссык-Кульской области. Сообщается, что предполагаемый объем сошедшей ледниковой массы - 2 миллиона 11 тысяч 500 кубометров.",RELEVANT,WATER_CRYO,RELEVANT,DISASTER,,1,ru_1,glacier avalanche Dzhuuku pass
RU-D03550,,RU,Kaktus,https://kaktus.media/doc/382944_otlichie_vybrosov_na_modernizirovannoy_i_staroy_chastiah_bishkekskoy_tec.html,2018-11-23,Отличие выбросов на модернизированной и старой частях бишкекской ТЭЦ,Смог над Бишкеком. Как бишкекская ТЭЦ влияет на загрязнение воздуха в столице?,RELEVANT,ENERGY,NOT_RELEVANT,,1,,ru_2,
RU-D01355,,RU,Tengrinews,https://tengrinews.kz/mixnews/solenost-aralskogo-moria-prevysila-solenost-mirovogo-okeana-346041/,2018-06-06,Соленость Аральского моря превысила соленость Мирового океана в четыре раза: 06 июня 2018 18:24 - новости на Tengri Life,Tengrinews.kz ▶ Соленость Аральского моря превысила соленость Мирового океана в четыре раза: 06 июня 2018 18:24 ▶ Читать подробнее актуальные новости и события на сайте.,RELEVANT,WATER_CRYO,RELEVANT,WATER_CRYO,,,gold,IAA adjudicated gold
RU-D04684,,RU,Kaktus,https://kaktus.media/doc/491243_akylbek_japarov_provel_finalnye_peregovory_po_stroitelstvy_solnechnoy_elektrostancii.html,2023-11-25,Акылбек Жапаров провел финальные переговоры по строительству солнечной электростанции,Акылбек Жапаров провел заключительные переговоры с консорциумом китайских компаний по строительству солнечной электростанции мощностью 1 ГВт в Иссык-Кульской области.,RELEVANT,ENERGY,RELEVANT,ENERGY,,,ru_2,solar power plant negotiations
RU-D03360,,RU,Tengrinews,https://tengrinews.kz/show/leonardo-di-kaprio-napisal-o-probleme-aralskogo-moria-279809/,2015-08-26,Леонардо Ди Каприо написал о проблеме Аральского моря: 26 августа 2015 09:35 - новости на Tengrinews.kz,Tengrinews.kz ▶ Леонардо Ди Каприо написал о проблеме Аральского моря: 26 августа 2015 09:35 ▶ Читать подробнее актуальные новости и события на сайте.,RELEVANT,WATER_CRYO,RELEVANT,WATER_CRYO,,,ru_1,DiCaprio on Aral Sea problem
RU-D00549,,RU,Sputnik,https://sputnik.kg/20240730/kyrgyzstan-sel-ozgocho-kyrdaal-1087464757.html,,ӨКМ: жырылып кетүү кооптуулугу бар көлдөр тыкыр көзөмөлдөнүүдө,"Тоо башындагы көлдөр мөңгүнүн эришинен улам жырылып кетиши ыктымал, ошондуктан күн ысык кезде алар тыкыр көзөмөлдөнөт.",RELEVANT,WATER_CRYO,RELEVANT,WATER_CRYO,,,ru_2,glacial lakes burst risk monitored
RU-D01037,,RU,Kaktus,https://kaktus.media/doc/403777_ychenye:_balhash_mojet_povtorit_sydby_arala.html,2020-01-06,Ученые: Балхаш может повторить судьбу Арала,В недалеком будущем судьбу Аральского моря может повторить Балхаш.,RELEVANT,WATER_CRYO,RELEVANT,WATER_CRYO,,,ru_2,Balkhash may repeat Aral fate
RU-D05442,,RU,Kaktus,https://kaktus.media/doc/480935_klimatologi:_zemlu_ojidaet_samyy_jarkiy_period_za_vsu_istoriu_nabludeniy.html,2023-05-20,Климатологи: Землю ожидает самый жаркий период за всю историю наблюдений,"Всемирная метеорологическая организация ООН опубликовала тревожный доклад, согласно которому в ближайшие пять лет Землю ожидает самый жаркий период за всю историю наблюдений.",RELEVANT,SCIENCE_GEN,RELEVANT,SCIENCE_GEN,,,ru_2,WMO hottest period projection
RU-C00103,,RU,24.kg,https://24.kg/archive/ru/bigtiraj/120164-ne-sleduet-panikovat-iz-za-globalnogo-potepleniya.html/,2012-02-01,"Не следует паниковать из-за глобального потепления, считает","Не следует паниковать из-за глобального потепления, считаетThe Wall Street Journal (США). «Нет убедительных научных аргументов в пользу радикальных действий по «декарбонизации&ra",RELEVANT,SCIENCE_GEN,RELEVANT,SCIENCE_GEN,,,ru_2,global warming skepticism opinion
RU-C00099,,RU,Daryo.uz,https://daryo.uz/ru/2023/11/03/aralskoe-more-popolnat-vodami-iz-sosednih-stran/,2023-11-03,В Ташкенте обсудили восстановление Аральского моря,Его пополнят водами из соседних стран,RELEVANT,WATER_CRYO,RELEVANT,WATER_CRYO,,,ru_2,restoring Aral Sea
RU-00014,,RU,24.kg,https://24.kg/archive/ru/community/166566-shamil-ilyasov-esli-tendenciya-izmeneniya-klimata.html/,2013-11-29,"Шамиль Ильясов: Если тенденция изменения климата в Кыргызстане будет продолжаться, страна потеряет значительную массу ледников","Шамиль Ильясов: Если тенденция изменения климата в Кыргызстане будет продолжаться, страна потеряет значительную массу ледников «Если тенденция изменения климата в Кыргызстане буде",RELEVANT,WATER_CRYO,RELEVANT,WATER_CRYO,,,ru_2,climate change glacier loss
RU-D00887,,RU,Kaktus,https://kaktus.media/doc/464208_perehod_na_vozobnovliaemye_istochniki_energii_v_kyrgyzstane_eto_realno._chto_nyjno_sdelat.html,2022-07-27,Переход на возобновляемые источники энергии в Кыргызстане - это реально. Что нужно сделать,"Что нужно сделать Кыргызстану, чтобы реально перейти на возобновляемые источники энергии, зачем это вообще нужно и чем грозит игнорирование диверсификации энергоснабжения - читайте в анализе от ""МувГрин"":",RELEVANT,ENERGY,RELEVANT,ENERGY,,,gold,IAA adjudicated gold
RU-D04172,,RU,Kaktus,https://kaktus.media/doc/450170_sammit_v_tyrkmenistane._sadyr_japarov_prizval_sokratit_vybrosy_ygleroda.html,2021-11-28,Саммит в Туркменистане. Садыр Жапаров призвал сократить выбросы углерода,Президент Садыр Жапаров: Организация экономического сотрудничества должна быть готова к вызовам современного мира по расширению деятельности экономических проектов,RELEVANT,POLICY,RELEVANT,POLICY,,,ru_2,"summit, call to cut carbon"
RU-D01135,,RU,Kaktus,https://kaktus.media/doc/449817_obeshaet_odno_delaet_drygoe._o_neposledovatelnosti_sadyra_japarova_na_primere_ekologii.html,2021-11-24,"Обещает одно, делает другое. О непоследовательности Садыра Жапарова на примере экологии","3 ноября в Глазго президент, выступая перед донорами и прося $10 млрд, пообещал, что Кыргызстан сократит вредные выбросы. Но в самом Кыргызстане действия властей идут вразрез с этими обещаниями.",RELEVANT,POLICY,RELEVANT,POLICY,,,ru_1,Japarov emissions promise inconsistency
RU-D03106,,RU,Kaktus,https://kaktus.media/doc/522970_kyrgyzstancy_ot_14_do_35_let_mogyt_priniat_ychastie_v_klimaticheskom_karavane.html,2025-04-30,Кыргызстанцы от 14 до 35 лет могут принять участие в Климатическом караване,Открыт набор в Молодежный климатический караван для участия в разработке климатической повестки Кыргызстана,RELEVANT,POLICY,RELEVANT,HEALTH_SOCIETY,,,ru_2,youth climate caravan activism
RU-D00683,,RU,Tengrinews,https://tengrinews.kz/other/izmenenie-klimata-vyizvalo-rezkoe-sokraschenie-populyatsii-411981/,2020-08-21,Изменение климата вызвало резкое сокращение популяции лосося: 21 августа 2020 18:25 - новости на Tengrinews.kz,Tengrinews.kz ▶ Изменение климата вызвало резкое сокращение популяции лосося: 21 августа 2020 18:25 ▶ Читать подробнее актуальные новости и события на сайте.,RELEVANT,OTHER_CLIMATE,RELEVANT,SCIENCE_GEN,,,gold,IAA adjudicated gold
RU-D02327,,RU,Sputnik,https://sputnik.kg/20231110/parizh-sadyr-zhaparov-yunesko-kajryluu-klimat-1080350561.html,,"Жапаров Парижде ЮНЕСКОнун сессиясында сүйлөп, Айтматовдун осуятын айтты","Президент климаттын глобалдык өзгөрүүсүнүн кесепеттерине токтолуп, 2027-жылы Кыргызстан ""Бишкек+25"" тоо саммитин өткөрүүнү пландаштырып жатканын белгилеген.",RELEVANT,POLICY,RELEVANT,POLICY,,,ru_1,president on climate at UNESCO
RU-D00797,,RU,Tengrinews,https://tengrinews.kz/kazakhstan_news/tokaev-prizval-obyedinitsya-resheniya-ekologicheskih-problem-540629/,2024-07-06,Токаев призвал объединиться для решения экологических проблем Каспия и Аральского моря,"6 июля Президент Казахстана принял участие в неформальном саммите Организации тюркских государств, проходящем в Айзербайджане, передает Tengrinews.kz со ссылкой на сообщение Акорды.",RELEVANT,WATER_CRYO,RELEVANT,WATER_CRYO,,,ru_2,Caspian and Aral cooperation
RU-C00214,,RU,Daryo.uz,https://daryo.uz/ru/2024/06/21/uzbekistan-polucil-ot-vsemirnogo-banka-vyplatu-za-sokrasenie-vybrosov/,2024-06-21,Узбекистан получил от Всемирного банка выплату за сокращение выбросов,"Правительство Узбекистана обязалось использовать часть средств, получаемых в рамках проекта iCRAFT, для оказания финансового содействия уязвимым домохозяйствам, чье благополучие затронули недавние изменения тарифов на электричество и газ, - говорится в сообщении",RELEVANT,POLICY,RELEVANT,POLICY,,,ru_1,WB payment for emissions reduction
RU-00115,,RU,Daryo.uz,https://daryo.uz/ru/2023/11/28/ssa-i-turkmenistan-obsudili-iniciativu-po-globalnomu-metanovomu-obazatelstvu/,2023-11-28,США и Туркменистан обсудили инициативу по Глобальному метановому обязательству,"Спецпредставитель Джон Керри отметил, что требуются инвестиции в возобновляемые источники энергии",RELEVANT,POLICY,RELEVANT,POLICY,,,ru_2,Global Methane Pledge initiative
RU-D05590,,RU,Kaktus,https://kaktus.media/doc/484019_v_kyrgyzstane_ychrejden_sovet_ekologicheskogo_stroitelstva.html,2023-07-19,В Кыргызстане учрежден Совет экологического строительства,Впервые учрежден Совет экологического строительства Кыргызстана как часть глобального движения World Green Building Council.,RELEVANT,OTHER_CLIMATE,NOT_RELEVANT,,,,ru_2,
RU-C00066,,RU,Daryo.uz,https://daryo.uz/ru/2023/09/06/francia-i-turkmenistan-sosredotocat-obsie-usilia-na-sokrasenii-vybrosov-metana-i-upravlenii-vodnymi-resursami/,2023-09-06,Франция и Туркменистан сосредоточат общие усилия на сокращении выбросов метана и управлении водными ресурсами,Ашхабад может присоединиться к Глобальному обязательству по выбросам метана,RELEVANT,POLICY,RELEVANT,POLICY,,,ru_1,"France-Turkmenistan methane, water"
RU-D04983,,RU,Kaktus,https://kaktus.media/doc/534666_indiia_stala_chetvertym_krypneyshim_proizvoditelem_vozobnovliaemoy_energii_v_mire.html,2025-11-05,Индия стала четвертым крупнейшим производителем возобновляемой энергии в мире,"Индия заняла четвертое место в мире по объемам производства возобновляемой энергии, достигнув мощности в 257 ГВт. Мощность солнечной энергетики выросла до 128 ГВт.",RELEVANT,ENERGY,RELEVANT,ENERGY,,,ru_2,India renewable energy producer
RU-D01209,,RU,Kaktus,https://kaktus.media/doc/457365_gcf_zelenyy_klimaticheskiy_fond_zapyskaet_proekt_tehnicheskoy_pomoshi_dlia_doscredobank.html,2022-03-31,"GCF ""Зеленый климатический фонд"" запускает проект технической помощи для Doscredobank","GCF ""Зеленый климатический фонд"" запускает проект технической помощи для Doscredobank.",RELEVANT,POLICY,RELEVANT,POLICY,,,ru_1,Green Climate Fund project
RU-D05146,,RU,Tengrinews,https://tengrinews.kz/kazakhstan_news/obmelenie-kaspiya-prokommentirovali-v-minekologii-488160/,2023-01-11,Обмеление Каспия прокомментировали в Минэкологии: 11 января 2023 07:43 - новости на Tengrinews.kz,Tengrinews.kz ▶ Обмеление Каспия прокомментировали в Минэкологии: 11 января 2023 07:43 ▶ Читать подробнее актуальные новости и события на сайте.,RELEVANT,WATER_CRYO,RELEVANT,WATER_CRYO,,,ru_1,Caspian shallowing
RU-D01480,,RU,Kaktus,https://kaktus.media/doc/436800_kak_toptalis_na_meste_tak_i_topchemsia._ekspert_o_reshenii_problem_ekologii_v_kyrgyzstane.html,2021-04-26,"""Как топтались на месте, так и топчемся"". Эксперт о решении проблем экологии в Кыргызстане",Саммит по климату и вопросы экологической политики Кыргызстана - тема новой публикации эксперта Исмаила Даирова.,RELEVANT,POLICY,RELEVANT,POLICY,,1,ru_1,"expert on climate summit, eco policy"
RU-C00458,,RU,Daryo.uz,https://daryo.uz/ru/2023/11/08/obse-obucaet-turkmenskih-specialistov-monitoringu-vybrosov-metana/,2023-11-08,ОБСЕ обучает туркменских специалистов мониторингу выбросов метана,Ашхабад планирует присоединиться к Глобальному метановому обязательству,RELEVANT,ENERGY,RELEVANT,POLICY,,,ru_2,"methane monitoring, methane pledge"
RU-C00533,,RU,24.kg,https://24.kg/archive/ru/economics/126422-yeldar-gilfanov-ledniku-davydova-v-kyrgyzstane.html/,2012-04-13,"Эльдар Гильфанов: Леднику Давыдова в Кыргызстане некуда двигаться, кроме как в карьер «Кумтора»","Эльдар Гильфанов: Леднику Давыдова в Кыргызстане некуда двигаться, кроме как в карьер «Кумтора»«Леднику Давыдова в Кыргызстане некуда двигаться, кроме как в карьер «К",RELEVANT,WATER_CRYO,RELEVANT,WATER_CRYO,,1,ru_1,Davydov glacier displaced by Kumtor mine
RU-D05578,,RU,Tengrinews,https://tengrinews.kz/kazakhstan_news/mamin-prinyal-uchastie-v-klimaticheskom-sammite-v-glazgo-452792/,2021-11-02,Мамин принял участие в климатическом саммите в Глазго: 02 ноября 2021 13:34 - новости на Tengrinews.kz,Tengrinews.kz ▶ Мамин принял участие в климатическом саммите в Глазго: 02 ноября 2021 13:34 ▶ Читать подробнее актуальные новости и события на сайте.,RELEVANT,POLICY,RELEVANT,POLICY,,,ru_2,Glasgow climate summit COP26
RU-D00799,,RU,Tengrinews,https://tengrinews.kz/kazakhstan_news/ao-arselormittal-temirtau-puti-snijeniya-uglerodnogo-sleda-491686/,2023-02-20,АО ”АрселорМиттал Темиртау” на пути снижения углеродного следа: 20 февраля 2023 15:12 - новости на Tengrinews.kz,Tengrinews.kz ▶ АО ”АрселорМиттал Темиртау” на пути снижения углеродного следа: 20 февраля 2023 15:12 ▶ Читать подробнее актуальные новости и события на сайте.,RELEVANT,ENERGY,RELEVANT,ENERGY,,1,ru_1,steel plant carbon footprint reduction
RU-D03528,,RU,Tengrinews,https://tengrinews.kz/kazakhstan_news/zuregimdi-elziretti-ekologiia-ministri-buu-da-soz-soilegen-382830/,2019-10-30,Жүрегімді елжіретті - экология министрі БҰҰ-да сөз сөйлеген Грета Тунберг туралы: 30 октября 2019 12:55 - новости на Tengrinews.kz,Tengrinews.kz ▶ Жүрегімді елжіретті - экология министрі БҰҰ-да сөз сөйлеген Грета Тунберг туралы: 30 октября 2019 12:55 ▶ Читать подробнее актуальные новости и события на сайте.,RELEVANT,OTHER_CLIMATE,RELEVANT,HEALTH_SOCIETY,,1,ru_1,minister on Greta Thunberg speech
RU-D04618,,RU,Kaktus,https://kaktus.media/doc/454324_sotni_malyh_ges_solnechnyh_i_vetrianyh_stanciy._akylbek_japarov_nazval_celi_v_energetike.html,2022-02-10,"""Сотни малых ГЭС, солнечных и ветряных станций"". Акылбек Жапаров назвал цели в энергетике","Глава кабмина, выступая на национальном форуме по переходу к устойчивой энергетике, рассказал, какой потенциал имеет, но пока не использует страна.",RELEVANT,ENERGY,RELEVANT,ENERGY,,,ru_2,"renewables, sustainable energy transition"
RU-00109,,RU,Daryo.uz,https://daryo.uz/ru/2024/01/07/mcs-gotovitsa-k-novomu-sezonu-po-ozeleneniu-dna-osusennogo-aralskogo-mora/,2024-01-07,МЧС готовится к новому сезону по озеленению дна осушенного Аральского моря,Семена саксаула будут высеваться с воздуха при содействии МЧС,RELEVANT,WATER_CRYO,RELEVANT,AGRI_LAND,,1,ru_1,"greening dried Aral seabed, saxaul"
RU-D03148,,RU,Tengrinews,https://tengrinews.kz/kazakhstan_news/tokaev-prizval-obratit-vnimanie-ekologiyu-problemyi-klimata-544271/,2024-08-09,Токаев призвал обратить внимание на экологию и проблемы климата: 09 августа 2024 15:00 - новости на Tengrinews.kz,Tengrinews.kz ▶ Токаев призвал обратить внимание на экологию и проблемы климата: 09 августа 2024 15:00 ▶ Читать подробнее актуальные новости и события на сайте.,RELEVANT,POLICY,RELEVANT,POLICY,,,gold,IAA adjudicated gold
RU-D03998,,RU,Kaktus,https://kaktus.media/doc/407664_belorysskie_proizvoditeli_proiavili_interes_k_tendery_po_zakypke_ekologichnyh_avtobysov.html,2020-03-10,Белорусские производители проявили интерес к тендеру по закупке экологичных автобусов,Мэр Бишкека и посол Беларуси в КР обсудили также возможности создания предприятий по сборке троллейбусов и лифтов. Подробнее:,RELEVANT,ENERGY,NOT_RELEVANT,,,,ru_2,
RU-D04648,,RU,Kaktus,https://kaktus.media/doc/406804_askar_salymbekov:_sohraniaia_ledniki_sohranit_mir_na_granicah.html,2020-02-26,"Аскар Салымбеков: Сохраняя ледники, сохранить мир на границах",Аскар Салымбеков: Необходимо создать единый центр для сохранения ледников в Центральной Азии,RELEVANT,WATER_CRYO,RELEVANT,WATER_CRYO,,,ru_1,"glacier conservation, regional center"
RU-C00366,,RU,24.kg,https://24.kg/archive/ru/community/134476-dlya-izucheniya-sostoyaniya-lednikov-kyrgyzstana.html/,2012-08-08,Для изучения состояния ледников Кыргызстана в районе работы Кумтора может понадобиться $50 тысяч,Для изучения состояния ледников Кыргызстана в районе работы Кумтора может понадобиться $50 тысячДля изучения состояния ледников Кыргызстана в районе работы Кумтора может понадобиться $50 тыс,RELEVANT,WATER_CRYO,RELEVANT,WATER_CRYO,,,ru_2,glacier study Kumtor
RU-D04947,,RU,Tengrinews,https://tengrinews.kz/news/voda-nachala-postupat-v-maloe-aralskoe-more-448729/,2021-09-16,Вода начала поступать в Малое Аральское море: 16 сентября 2021 19:43 - новости на Tengrinews.kz,Tengrinews.kz ▶ Вода начала поступать в Малое Аральское море: 16 сентября 2021 19:43 ▶ Читать подробнее актуальные новости и события на сайте.,RELEVANT,WATER_CRYO,RELEVANT,WATER_CRYO,,,gold,IAA adjudicated gold
RU-D02433,,RU,Tengrinews,https://tengrinews.kz/kazakhstan_news/v-aralskoe-more-vozvraschaetsya-voda-592478/,2026-02-12,В Аральское море возвращается вода,"В Аральское море возвращается вода. По последним данным, объёмы в Малом Арале увеличились до 23 миллиардов кубических метров, передаёт Tengrinews.kz со ссылкой на Almaty.tv.",RELEVANT,WATER_CRYO,RELEVANT,WATER_CRYO,,,ru_1,water returns to Aral
RU-D03318,,RU,Tengrinews,https://tengrinews.kz/news/ekologicheskaya-katastrofa-proizoyti-gorah-almatyi-uchenyie-409720/,2020-08-13,Экологическая катастрофа может произойти в горах Алматы - ученые: 13 августа 2020 10:54 - новости на Tengrinews.kz,Tengrinews.kz ▶ Экологическая катастрофа может произойти в горах Алматы - ученые: 13 августа 2020 10:54 ▶ Читать подробнее актуальные новости и события на сайте.,RELEVANT,WATER_CRYO,NOT_RELEVANT,,,1,ru_1,vague ecological catastrophe warning
RU-C00339,,RU,24.kg,https://24.kg/archive/ru/bigtiraj/74874-lednikovyj-period-nastupit-v-2014-godu-zadaetsya.html/,2010-05-27,Ледниковый период наступит в 2014 году? Задается вопросом,"Ледниковый период наступит в 2014 году? Задается вопросомLa Stampa (Италия). По мнению российского ученого, эра потепления закончилась, более того, начинается малый ледниковый период. Часы п",RELEVANT,SCIENCE_GEN,RELEVANT,SCIENCE_GEN,,,ru_2,climate projection ice age
RU-C00535,,RU,Daryo.uz,https://daryo.uz/ru/2026/06/24/tri-shaga-sokrashchenie-uglerodniy-sled-uzbekistan/,2026-06-24,ЦЭИР обозначил три шага к сокращению углеродного следа в Узбекистане,"Среди необходимых масштабных преобразований — повышение экологичности электроэнергетики, расширение электрификации транспорта, зданий и промышленности, а также внедрение технологий улавливания углерода, зеленого водорода и других низкоуглеродных решений. Normal 0 false false false false RU X-NONE X-NONE /* Style Definitions */ table.MsoNormalTable {mso-style-name:""Обычная таблица""; mso-tstyle-rowband-size:0; mso-tstyle-colband-size:0; mso-style-noshow:yes; mso-style-priority:99; mso-style-parent:""""; mso-padding-alt:0cm 5.4pt 0cm 5.4pt; mso-para-margin-top:0cm; mso-para-margin-right:0cm; mso-para-margin-bottom:8.0pt; mso-para-margin-left:0cm; line-height:107%; mso-pagination:widow-orphan; font-size:11.0pt; font-family:""Aptos"",sans-serif; mso-ascii-font-family:Aptos; mso-ascii-theme-font:minor-latin; mso-hansi-font-family:Aptos; mso-hansi-theme-font:minor-latin; mso-font-kerning:1.0pt; mso-ligatures:standardcontextual; mso-fareast-language:EN-US;}",RELEVANT,ENERGY,RELEVANT,ENERGY,,,ru_2,decarbonization/energy transition steps
RU-D02138,,RU,Sputnik,https://sputnik.kg/20260609/birikken-uluttar-uyumu-aptap-katuu-bolorun-eskertti-1101789137.html,,БУУ Жердин көп бөлүгүндө аба ырайы катуу өзгөрө турганын эскертти. Себеби,"Тынч океандагы бул кубулуштун кесепетинен Жердин бир катар аймактарын аптап каптаса, кайсы бир жерлеринде жаан-чачындын арбый турганы айтылды.",RELEVANT,SCIENCE_GEN,RELEVANT,SCIENCE_GEN,,1,ru_1,UN warns severe weather changes
RU-D02036,,RU,Tengrinews,https://tengrinews.kz/world_news/globalnoe-poteplenie-vernet-zemlyu-35-millionov-let-nazad-435220/,2021-04-21,Глобальное потепление ”вернет” Землю на 35 миллионов лет назад - ученый: 21 апреля 2021 09:34 - новости на Tengrinews.kz,Tengrinews.kz ▶ Глобальное потепление ”вернет” Землю на 35 миллионов лет назад - ученый: 21 апреля 2021 09:34 ▶ Читать подробнее актуальные новости и события на сайте.,RELEVANT,SCIENCE_GEN,RELEVANT,SCIENCE_GEN,,,gold,IAA adjudicated gold
RU-D01470,,RU,Kaktus,https://kaktus.media/doc/473328_klimatolog_predypredil_o_vozmojnyh_pogodnyh_anomaliiah_v_mire_v_2023_gody.html,2023-01-05,Климатолог предупредил о возможных погодных аномалиях в мире в 2023 году,"Наступивший 2023 год может оказаться теплее 2022-го, заявил директор Климатической программы Всемирного фонда дикой природы WWF России Алексей Кокорин.",RELEVANT,SCIENCE_GEN,RELEVANT,SCIENCE_GEN,,,ru_2,climatologist weather anomalies warning
RU-D04932,,RU,Sputnik,https://sputnik.kg/20180825/zheenbekov-turkmonstanda-araldy-saktoo-fondusunun-ishine-syndady-1040773702.html,,Жээнбеков: КР Борбор Азияда суу-энергетикалык маселелерди талкуулоого ачык,КР президенти Түркмөнстандагы саммитте Аралды сактоо боюнча эл аралык фондусунун ишин реформалоодо жылыш болбой жаткандыгын айтты.,RELEVANT,WATER_CRYO,RELEVANT,POLICY,,,gold,IAA adjudicated gold
RU-D03693,,RU,Kaktus,https://kaktus.media/doc/366269_ekolog_rasskazal_chto_proishodit_s_lednikami_okolo_rydnika_kymtor.html,2017-11-16,"Эколог рассказал, что происходит с ледниками около рудника ""Кумтор""","Все подробности о таянии и загрязнении ледников возле рудника ""Кумтор""",RELEVANT,WATER_CRYO,RELEVANT,WATER_CRYO,,,ru_2,glaciers melting near Kumtor
RU-C00312,,RU,24.kg,https://24.kg/archive/ru/bigtiraj/88276-v-voprosax-klimata-centralnaya-aziya-ne-gotova.html/,2010-12-07,"В вопросах климата Центральная Азия не готова защищать свои интересы, считает","В вопросах климата Центральная Азия не готова защищать свои интересы, считает«Немецкая волна» (Германия). Страны Центральной Азии относятся к числу наиболее уязвимых в том, что к",RELEVANT,POLICY,RELEVANT,POLICY,,,ru_1,CA not ready on climate negotiations
RU-01443,,RU,Daryo.uz,https://daryo.uz/ru/2026/04/10/surhandarya-nacpark-zashita-ot-pozharov/,2026-04-10,Как в Сурхандарье защищают нацпарки от пожаров,В стратегически важных точках национального природного парка «Юкори Тупаланг» размещают пластиковые емкости с водой.,RELEVANT,DISASTER,NOT_RELEVANT,,,1,ru_2,national park fire prevention prep
RU-D00077,,RU,Kaktus,https://kaktus.media/doc/512840_kak_izmenenie_klimata_vliiaet_na_kyrgyzstan_i_chto_delat._mnenie_analitika.html,2024-11-13,Как изменение климата влияет на Кыргызстан и что делать. Мнение аналитика,"Как изменение климата влияет на Кыргызстан? Что будет, если не решать эту проблему? Какие варианты решения существуют? На эти, и не только, вопросы ответил аналитик Бактыбек Саипбаев. Подробнее:",RELEVANT,SCIENCE_GEN,RELEVANT,SCIENCE_GEN,,,ru_1,climate change impact analysis
RU-D02715,,RU,Kaktus,https://kaktus.media/doc/490192_globalnomy_potepleniu_predrekli_skoryy_vyhod_iz_pod_kontrolia.html,2023-11-05,Глобальному потеплению предрекли скорый выход из-под контроля,"Британские ученые из Центра экологической политики Имперского колледжа Лондона считают, что глобальные температуры пройдут безопасный порог потепления в 1,5 градуса к концу текущего десятилетия.",RELEVANT,SCIENCE_GEN,RELEVANT,SCIENCE_GEN,,,ru_2,global warming 1.5C projection
RU-D05292,,RU,Tengrinews,https://tengrinews.kz/europe/drevnee-orujie-nashli-v-lednikah-norvegii-399416/,2020-04-20,Древнее оружие нашли в ледниках Норвегии: 20 апреля 2020 18:05 - новости на Tengrinews.kz,Tengrinews.kz ▶ Древнее оружие нашли в ледниках Норвегии: 20 апреля 2020 18:05 ▶ Читать подробнее актуальные новости и события на сайте.,RELEVANT,WATER_CRYO,NOT_RELEVANT,,,,ru_1,
RU-D00745,,RU,Sputnik,https://sputnik.kg/20211105/akylbek-zhaparov-el-aralyk-forumga-katyshty-1054502804.html,,Акылбек Жапаров: жашыл экономиканы курууга Кыргызстанда шарт бар,Акылбек Жапаров форумдун чечимдеринин аткарылышына мониторинг жүргүзө турган Экономикалык форумдун катчылыгын түзүүнү сунуштаган жана аны Бишкекте жайгаштырууга Кыргызстан даяр экенин айткан.,RELEVANT,POLICY,RELEVANT,POLICY,,1,ru_2,green economy building
RU-D04278,,RU,Kaktus,https://kaktus.media/doc/546811_aktivisty_movegreen_proveli_klimaticheskie_treningi_v_mechetiah_i_medrese.html,2026-05-26,Активисты MoveGreen провели климатические тренинги в мечетях и медресе,"Организация MoveGreen обучила имамов и преподавателей медресе тому, как рассказывать о климатических изменениях через исламские ценности. Проект охватил религиозные общины в разных регионах Кыргызстана.",RELEVANT,OTHER_CLIMATE,RELEVANT,HEALTH_SOCIETY,,,ru_1,climate trainings via religious communities
RU-D02601,,RU,Tengrinews,https://tengrinews.kz/kazakhstan_news/tokaev-prinyal-glavu-zelenogo-klimaticheskogo-fonda-mafaldu-570913/,2025-05-23,Токаев принял главу Зеленого климатического фонда Мафальду Дуарте,"Касым-Жомарт Токаев принял исполнительного директора Зеленого климатического фонда Мафальду Дуарте, передает Tengrinews.kz со ссылкой на сообщение Акорды.",RELEVANT,POLICY,RELEVANT,POLICY,,,ru_2,Green Climate Fund head
RU-D05276,,RU,Tengrinews,https://tengrinews.kz/world_news/zasuha-mojet-prevratitsya-v-sleduyuschuyu-pandemiyu-oon-440703/,2021-06-18,Засуха может превратиться в следующую пандемию - ООН: 18 июня 2021 12:30 - новости на Tengrinews.kz,Tengrinews.kz ▶ Засуха может превратиться в следующую пандемию - ООН: 18 июня 2021 12:30 ▶ Читать подробнее актуальные новости и события на сайте.,RELEVANT,DISASTER,RELEVANT,DISASTER,,,ru_1,drought as next pandemic UN
RU-D04123,,RU,Tengrinews,https://tengrinews.kz/kazakhstan_news/34-milliarda-tenge-ohranu-ekologii-v-pavlodare-snijayut-442203/,2021-07-03,34 миллиарда тенге на охрану экологии. Как в Павлодаре снижают выбросы: 03 июля 2021 11:22 - новости на Tengrinews.kz,Tengrinews.kz ▶ 34 миллиарда тенге на охрану экологии. Как в Павлодаре снижают выбросы: 03 июля 2021 11:22 ▶ Читать подробнее актуальные новости и события на сайте.,RELEVANT,ENERGY,NOT_RELEVANT,,1,,ru_2,
RU-D05763,,RU,Tengrinews,https://tengrinews.kz/usa/bayden-obyyavit-chrezvyichaynoy-klimaticheskoy-situatsii-smi-473457/,2022-07-19,Байден объявит о чрезвычайной климатической ситуации - СМИ: 19 июля 2022 11:50 - новости на Tengrinews.kz,Tengrinews.kz ▶ Байден объявит о чрезвычайной климатической ситуации - СМИ: 19 июля 2022 11:50 ▶ Читать подробнее актуальные новости и события на сайте.,RELEVANT,POLICY,RELEVANT,POLICY,,,ru_1,Biden climate emergency
RU-D04753,,RU,Kaktus,https://kaktus.media/doc/490400_my_mojem_poteriat_bolee_80_lednikov._japarov_predlagaet_ysilit_mery_po_ih_sohraneniu.html,2023-11-10,"""Мы можем потерять более 80% ледников"". Жапаров предлагает усилить меры по их сохранению",Глобальное изменение климата с каждым годом становится все более серьезной угрозой. Поэтому Садыр Жапаров призывает мировое сообщество объединиться для сохранения ледников и охраны зоны формирования водных ресурсов:,RELEVANT,WATER_CRYO,RELEVANT,WATER_CRYO,,,ru_1,"glacier loss, conservation call"
RU-C00363,,RU,24.kg,https://24.kg/archive/ru/parlament/67707-v-kyrgyzstane-iz-vozobnovlyaemyx-istochnikov.html/,2010-01-12,В Кыргызстане из возобновляемых источников можно вырабатывать 1 миллиард киловатт-часов электроэнергии,В Кыргызстане из возобновляемых источников можно вырабатывать 1 миллиард киловатт-часов электроэнергииВ Кыргызстане из возобновляемых источников можно вырабатывать 1 миллиард киловатт-часов,RELEVANT,ENERGY,RELEVANT,ENERGY,,,ru_2,renewable energy potential
RU-D03876,,RU,Tengrinews,https://tengrinews.kz/kazakhstan_news/kyzylordinskii-skolnik-izobrel-unikalnyi-vid-vetrogeneratora-361254/,2019-01-13,Кызылординский школьник изобрел уникальный вид ветрогенератора: 13 января 2019 09:30 - новости на Tengrinews.kz,Tengrinews.kz ▶ Кызылординский школьник изобрел уникальный вид ветрогенератора: 13 января 2019 09:30 ▶ Читать подробнее актуальные новости и события на сайте.,RELEVANT,ENERGY,NOT_RELEVANT,,,,gold,IAA adjudicated gold
RU-D00170,,RU,Sputnik,https://sputnik.kg/20220118/munay-eksport-kuveyt-ekologiya-nachar-1061320219.html,,Bloomberg: мунай экспорттогон Кувейт жашоого жараксыз аймакка айланып баратат,"Өткөн жылдын июнь айында өлкөдөгү абанын температурасы 50 градустан ашкан. Канаттуулар жайкысын суу менен көлөкө таппай өлүп калып жатса, сүт эмүүчүлөргө күн өтүп кетүүдө.",RELEVANT,DISASTER,RELEVANT,DISASTER,,1,ru_2,"extreme heat, Kuwait uninhabitable"
RU-C00045,,RU,Daryo.uz,https://daryo.uz/ru/2023/08/12/agrariam-zambylskojoblasti-vozmestat-poteri-iz-za-zasuhi/,2023-08-12,Аграриям Жамбылской области возместят потери из-за засухи,В Жамбылской области прошла встреча населения с премьер-министром Казахстана,RELEVANT,AGRI_LAND,RELEVANT,AGRI_LAND,,,ru_1,drought losses compensated to farmers
RU-D05585,,RU,Kaktus,https://kaktus.media/doc/534326_v_tadjikistane_otkololas_bolshaia_chast_lednika_ismoila_somoni.html,2025-10-29,В Таджикистане откололась большая часть ледника Исмоила Сомони,От ледника на вершине пика Исмоила Сомони в Таджикистане откололась крупная масса льда.,RELEVANT,WATER_CRYO,RELEVANT,WATER_CRYO,,,ru_1,glacier chunk broke off Tajikistan
RU-D00071,,RU,Kaktus,https://kaktus.media/doc/427941_fermery_batkenskoy_oblasti_osvaivaut_novye_znaniia_po_adaptacii_k_izmeneniu_klimata.html,2020-12-14,Фермеры Баткенской области осваивают новые знания по адаптации к изменению климата,"На прошлой неделе в Баткенской области прошли практические занятия для местных фермеров, направленные на усовершенствование их знаний и навыков, связанных с адаптацией к изменению климата.",RELEVANT,AGRI_LAND,RELEVANT,AGRI_LAND,,,gold,IAA adjudicated gold
RU-C00486,,RU,Daryo.uz,https://daryo.uz/ru/2023/08/04/podderzka-es-agroprodovolstvennogo-sektora-uzbekistana-v-smagcenii-posledstvij-i-adaptacii-v-usloviah-izmenenia-klimata/,2023-08-04,Поддержка ЕС агропродовольственного сектора Узбекистана в смягчении последствий и адаптации в условиях изменения климата,Изменение климата уже влияет на жизнь людей во всем мире,RELEVANT,AGRI_LAND,RELEVANT,AGRI_LAND,,,ru_1,EU agri-food climate adaptation
RU-00028,,RU,Daryo.uz,https://daryo.uz/ru/2025/10/26/razrabotany-mery-po-smyagcheniyu-posledstviy-izmeneniya-klimata-v-tashkente-i-tashkentskoy-oblasti/,2025-10-26,Разработаны меры по смягчению последствий изменения климата в Ташкенте и Ташкентской области,"Реализация данных мер позволит снизить объемы загрязняющих выбросов, повысить экологическую безопасность, а также создать более комфортные условия проживания для жителей столицы и Ташкентской области.",RELEVANT,POLICY,RELEVANT,POLICY,,,ru_2,climate mitigation measures Tashkent
RU-D02088,,RU,Tengrinews,https://tengrinews.kz/kazakhstan_news/zasuha-mangistau-tokaev-nazval-prichinu-medlitelnosti-449288/,2021-09-22,Засуха в Мангистау: Токаев назвал причину медлительности госорганов: 22 сентября 2021 18:41 - новости на Tengrinews.kz,Tengrinews.kz ▶ Засуха в Мангистау: Токаев назвал причину медлительности госорганов: 22 сентября 2021 18:41 ▶ Читать подробнее актуальные новости и события на сайте.,RELEVANT,AGRI_LAND,RELEVANT,DISASTER,,,ru_1,"Mangistau drought, govt response"
RU-D04325,,RU,Sputnik,https://sputnik.kg/20161209/nasa-antarktidada-zhuz-kilometrlik-zharaka-tapty-1030685565.html,,НАСА Антарктидада жүз километрлик жараканы тапты,Ларсен С мөңгүсү Антарктиданын чыгыш тарабында жайгашып 1995-жылдан бери акырындык менен жок боло баштаган.,RELEVANT,WATER_CRYO,RELEVANT,WATER_CRYO,,,ru_1,Antarctic ice shelf crack
RU-D05173,,RU,Tengrinews,https://tengrinews.kz/world_news/snimki-nasa-pokazali-izmenenie-klimata-425003/,2021-01-05,Снимки НАСА показали изменение климата: 05 января 2021 16:44 - новости на Tengrinews.kz,Tengrinews.kz ▶ Снимки НАСА показали изменение климата: 05 января 2021 16:44 ▶ Читать подробнее актуальные новости и события на сайте.,RELEVANT,SCIENCE_GEN,RELEVANT,SCIENCE_GEN,,,ru_2,NASA images climate change
RU-D05198,,RU,Kaktus,https://kaktus.media/doc/548997_v_oshe_detskiy_sad_76_modernizirovali_s_ychetom_izmeneniia_klimata.html,2026-06-30,В Оше детский сад №76 модернизировали с учетом изменения климата,"В Оше после реконструкции представили детский сад №76 как демонстрационную модель учреждения, адаптированного к изменению климата. В детсаду повысили энергоэффективность, модернизировали системы отопления и вентиляции и улучшили качество воздуха в по",RELEVANT,OTHER_CLIMATE,RELEVANT,OTHER_CLIMATE,,1,ru_1,kindergarten adapted to climate change
RU-D02376,,RU,Kaktus,https://kaktus.media/doc/528292_na_chakan_ges_deystvyet_plavychaia_solnechnaia_elektrostanciia.html,2025-07-24,На Чакан ГЭС действует плавучая солнечная электростанция,Плавучая солнечная электростанция работает в штатном режиме.,RELEVANT,ENERGY,RELEVANT,ENERGY,,,ru_1,floating solar at HPP
RU-C00287,,RU,Daryo.uz,https://daryo.uz/ru/2023/08/25/turkmenistan-gotov-vnedrat-innovacionnye-tehnologii-dla-sokrasenia-vybrosov-metana/,2023-08-25,Туркменистан готов внедрять инновационные технологии для сокращения выбросов метана,"Метан представляет собой угрозу для климата в 80 раз более мощную, чем CO2",RELEVANT,ENERGY,RELEVANT,POLICY,,,ru_2,methane reduction commitment
RU-D01010,,RU,Tengrinews,https://tengrinews.kz/kazakhstan_news/razvitie-zaryadnoy-infrastrukturyi-kazahstane-novaya-tsel-513877/,2023-10-18,Развитие зарядной инфраструктуры в Казахстане – новая цель ”Астана Моторс”: 18 октября 2023 10:02 - новости на Tengrinews.kz,Tengrinews.kz ▶ Развитие зарядной инфраструктуры в Казахстане – новая цель ”Астана Моторс”: 18 октября 2023 10:02 ▶ Читать подробнее актуальные новости и события на сайте.,RELEVANT,ENERGY,NOT_RELEVANT,,,1,ru_2,"EV charging, commercial frame"
RU-D01836,,RU,Tengrinews,https://tengrinews.kz/science/ucenye-obnaruzili-priznaki-skoroi-klimaticeskoi-katastrofy-367016/,2019-04-12,Ученые обнаружили признаки скорой климатической катастрофы: 12 апреля 2019 07:25 - новости на Tengrinews.kz,Tengrinews.kz ▶ Ученые обнаружили признаки скорой климатической катастрофы: 12 апреля 2019 07:25 ▶ Читать подробнее актуальные новости и события на сайте.,RELEVANT,SCIENCE_GEN,RELEVANT,SCIENCE_GEN,,,ru_2,signs of climate catastrophe
RU-D01309,,RU,Tengrinews,https://tengrinews.kz/kazakhstan_news/irtys-predlagaiut-ispolzovat-dlia-spaseniia-aralskogo-moria-278444/,2015-07-28,Иртыш предлагают использовать для спасения Аральского моря: 28 июля 2015 18:27 - новости на Tengrinews.kz,Tengrinews.kz ▶ Иртыш предлагают использовать для спасения Аральского моря: 28 июля 2015 18:27 ▶ Читать подробнее актуальные новости и события на сайте.,RELEVANT,WATER_CRYO,RELEVANT,WATER_CRYO,,,ru_2,saving drying Aral Sea
RU-D02830,,RU,Kaktus,https://kaktus.media/doc/533044_vozobnovliaemaia_energiia_obognala_ygol:_oon_prizyvaet_yskorit_otkaz_ot_iskopaemogo_topliva.html,2025-10-08,Возобновляемая энергия обогнала уголь: ООН призывает ускорить отказ от ископаемого топлива,"Впервые в истории солнечные и ветровые источники произвели больше электроэнергии, чем уголь, а их рост уже опережает мировой спрос. Генсек ООН Антониу Гутерриш назвал это ""историческим переломным моментом"".",RELEVANT,ENERGY,RELEVANT,ENERGY,,,ru_2,"renewables surpass coal, fossil phase-out"
RU-D02174,,RU,Sputnik,https://sputnik.kg/20220218/adamzatka-emne-kooptuuluktar-zharalyp-zhatkan-aytyldy-1062144077.html,,Ойго келбейт. БУУ адамзат үчүн кандай кооптуулуктар жаралып жатканын айтты,Эл аралык абройлуу уюм адам баласына зыянын тийгизе турган токойдогу өрттөр менен добуштардын кесепети экендигин айткан.,RELEVANT,DISASTER,NOT_RELEVANT,,,,ru_2,
RU-D02461,,RU,Tengrinews,https://tengrinews.kz/mixnews/realno-li-spasti-aral-300279/,2016-08-11,Реально ли спасти Арал?: 11 августа 2016 14:43 - новости на Tengri Life,Tengrinews.kz ▶ Реально ли спасти Арал?: 11 августа 2016 14:43 ▶ Читать подробнее актуальные новости и события на сайте.,RELEVANT,WATER_CRYO,RELEVANT,WATER_CRYO,,,ru_1,can Aral be saved
RU-D01008,,RU,Kaktus,https://kaktus.media/doc/444832_v_bishkekskoy_shkole_aktivisty_zapystili_vodonagrevatel_na_solnechnyh_paneliah.html,2021-08-24,В бишкекской школе активисты запустили водонагреватель на солнечных панелях,"Команда ""MoveGreen (МувГрин)"" провела установку и запуск водонагревателя на солнечных панелях в средней образовательной школе № 86 Первомайского района города Бишкека.",RELEVANT,ENERGY,RELEVANT,ENERGY,,,ru_1,school solar water heater
RU-D03068,,RU,Tengrinews,https://tengrinews.kz/news/samruk-kazyina-planiruet-10-protsentov-sokratit-uglerodnyiy-450675/,2021-10-08,”Самрук-Қазына” планирует на 10 процентов сократить углеродный след: 08 октября 2021 11:15 - новости на Tengrinews.kz,Tengrinews.kz ▶ ”Самрук-Қазына” планирует на 10 процентов сократить углеродный след: 08 октября 2021 11:15 ▶ Читать подробнее актуальные новости и события на сайте.,RELEVANT,ENERGY,RELEVANT,ENERGY,,,ru_2,carbon footprint reduction
RU-D01941,,RU,Tengrinews,https://tengrinews.kz/money/zelenaya-ekonomika-kak-sokratit-vrednyie-vyibrosyi-co2-496010/,2023-04-11,Зеленая экономика: как сократить вредные выбросы CO2: 11 апреля 2023 09:00 - новости на Tengrinews.kz,Tengrinews.kz ▶ Зеленая экономика: как сократить вредные выбросы CO2: 11 апреля 2023 09:00 ▶ Читать подробнее актуальные новости и события на сайте.,RELEVANT,ENERGY,RELEVANT,ENERGY,,,ru_2,"green economy, cut CO2 emissions"
RU-D03673,,RU,Sputnik,https://sputnik.kg/20250710/-kredit-ekologiya-zhylytuu-elektromobil--1095222756.html,,Бийлик үй жылуулоого жана электромобиль алууга жеңилдетилген насыяга акча бөлдү,"БИШКЕК, 10-июл. — Sputnik. Министрлер кабинети Ишкердикти өнүктүрүү фондуна 678,9 миллион сом бөлүү чечимин кабыл алды. Бул тууралуу аталган фонддон кабарлашты.",RELEVANT,ENERGY,RELEVANT,ENERGY,,1,ru_2,"insulation, EV subsidized loans"
RU-D00154,,RU,Kaktus,https://kaktus.media/doc/512753_sadyr_japarov_priletel_v_baky_na_klimaticheskiy_sammit.html,2024-11-12,Садыр Жапаров прилетел в Баку на Климатический саммит,Президент Садыр Жапаров прибыл в Баку для участия в 29-й Конференции сторон рамочной Конвенции ООН по изменению климата.,RELEVANT,POLICY,RELEVANT,POLICY,,,ru_1,president at COP29 climate summit
RU-D05606,,RU,Sputnik,https://sputnik.kg/20231222/zharatylyshty-korgoo-myjzamy-1081464899.html,,Сууну товар катары кароо мезгили келди. Министрдин орун басары менен маек,Климаттын өзгөрүшү жаратылыш ресурстарын натыйжалуу пайдалануу маселесин актуалдаштырууда. Өзгөчө Борбор Азия чөлкөмүндө суу ресурстарын колдонуу көйгөйү убакыттын өтүшү менен курчуй берери айтылган.,RELEVANT,WATER_CRYO,RELEVANT,WATER_CRYO,,,gold,IAA adjudicated gold
RU-C00324,,RU,Daryo.uz,https://daryo.uz/ru/2023/07/11/turkmenistan-na-mezdunarodnom-forume-obse-zaavil-cto-primet-mery-po-borbe-s-izmeneniem-klimata/,2023-07-11,Туркменистан примет меры по борьбе с изменением климата,Об этом страна объявила на конференции ОБСЕ,RELEVANT,POLICY,RELEVANT,POLICY,,,gold,IAA adjudicated gold
RU-D01549,,RU,Kaktus,https://kaktus.media/doc/492535_v_indii_osvoiat_znachitelnyy_potencial_odnogo_iz_shtatov_po_vyrabotke_solnechnoy_energii.html,2023-12-16,В Индии освоят значительный потенциал одного из штатов по выработке солнечной энергии,Потенциал штата Джамму и Кашмир по выработке солнечной энергии оценили как второй по величине в Индии. У правительства страны - амбициозные планы на эту отрасль в регионе.,RELEVANT,ENERGY,RELEVANT,ENERGY,,,ru_1,India solar energy potential
RU-D00618,,RU,Tengrinews,https://tengrinews.kz/travel-notes/sveciia-vnesla-ekologiceskii-nalog-v-stoimost-aviabileta-341171/,2018-04-02,Швеция внесла экологический налог в стоимость авиабилета: 02 апреля 2018 18:18 - новости на Tengritravel.kz,Tengrinews.kz ▶ Швеция внесла экологический налог в стоимость авиабилета: 02 апреля 2018 18:18 ▶ Читать подробнее актуальные новости и события на сайте.,RELEVANT,POLICY,RELEVANT,POLICY,,1,ru_2,Sweden airfare eco tax
RU-D04929,,RU,Tengrinews,https://tengrinews.kz/world_news/30-protsentov-lyudey-zemle-mogut-stat-klimaticheskimi-503715/,2023-07-02,30 процентов людей на Земле могуть стать климатическими мигрантами к концу века,"При наихудшем сценарии изменения климата к концу 21 века около трех миллиардов человек, то есть около 30 процентов населения планеты, будут вынуждены сменить место жительства, при наилучшем - мигрантами станут 10 процентов землян. Об этом РИА Новости рассказал климатолог Алексей Кокорин, передает Tengri Life.",RELEVANT,HEALTH_SOCIETY,RELEVANT,HEALTH_SOCIETY,,,ru_1,climate migrants by century
RU-D04559,,RU,Tengrinews,https://tengrinews.kz/kazakhstan_news/ugrojaet-li-kazahstanu-zasuha-posle-pavodkov-532037/,2024-04-14,Угрожает ли Казахстану засуха после паводков?,"В Казахстане это лето может оказаться засушливым. Своими опасениями на этот счет поделился аграрный эксперт, независимый директор НАО ""Национальный аграрный научно-образовательный центр"" Кирилл Павлов, передает корреспондент Tengrinews.kz.",RELEVANT,AGRI_LAND,RELEVANT,AGRI_LAND,,1,ru_1,drought risk after floods
RU-D01643,,RU,Tengrinews,https://tengrinews.kz/kazakhstan_news/o-more-stavsem-pustynei-aral-v-cifrax-i-faktax-305234/,2016-11-01,"О море, ставшем пустыней. Арал в цифрах и фактах: 01 ноября 2016 11:58 - новости на Tengrinews.kz","Tengrinews.kz ▶ О море, ставшем пустыней. Арал в цифрах и фактах: 01 ноября 2016 11:58 ▶ Читать подробнее актуальные новости и события на сайте.",RELEVANT,WATER_CRYO,RELEVANT,WATER_CRYO,,,ru_2,Aral Sea became desert
RU-D03465,,RU,Tengrinews,https://tengrinews.kz/science/vyibrosyi-dvuokisi-ugleroda-proizvodstve-tsementa-udvoilis-471609/,2022-06-23,Выбросы двуокиси углерода при производстве цемента удвоились за 20 лет - ученые: 23 июня 2022 16:51 - новости на Tengrinews.kz,Tengrinews.kz ▶ Выбросы двуокиси углерода при производстве цемента удвоились за 20 лет - ученые: 23 июня 2022 16:51 ▶ Читать подробнее актуальные новости и события на сайте.,RELEVANT,SCIENCE_GEN,RELEVANT,SCIENCE_GEN,,,ru_1,cement CO2 emissions doubled
RU-D05177,,RU,Sputnik,https://sputnik.kg/20220520/buu-klimattyk-katastrofa-1064541316.html,,БУУ климаттык кыйроо жакындап калганын эскертти,"БУУнун башкы катчысы энергетика системасындагы жаңыланууну, өзгөрүүнү тездетүү чараларын сунуштаган.",RELEVANT,POLICY,RELEVANT,SCIENCE_GEN,,,ru_2,UN climate catastrophe warning
RU-D03629,,RU,Kaktus,https://kaktus.media/doc/458093_kak_rabotaut_solnechnye_batarei_i_vo_skolko_oni_oboydytsia_seme.html,2022-04-18,Как работают солнечные батареи и во сколько они обойдутся семье,"Многие начали задумываться об альтернативных источниках энергии. Kaktus.media посчитал, во сколько обойдется установка солнечных батарей и на что их хватит.",RELEVANT,ENERGY,RELEVANT,ENERGY,,,ru_2,solar panels alternative energy
RU-D02892,,RU,Kaktus,https://kaktus.media/doc/460211_izmeneniia_klimata_kosnytsia_vseh._kak_kyrgyzstan_sobiraetsia_zashishat_okryjaushyu_sredy.html,2022-05-22,Изменения климата коснутся всех. Как Кыргызстан собирается защищать окружающую среду,"Кыргызстан провел консультации и определил свои позиции на встрече ""Стокгольм +50"".",RELEVANT,POLICY,RELEVANT,POLICY,,,ru_2,"climate change, Stockholm+50 positions"
RU-D02496,,RU,Sputnik,https://sputnik.kg/20200217/klimattyn-ozgorushu-zhyluu-yanvar-1047092391.html,,Адамзат тарыхтагы эң жылуу январды башынан кечирди,"Быйылкы январда кургак жерлерде аба температурасынын орточо көрсөткүчү 16,6 градус болуп турду. Бул акыркы 141 жылдан берки эң жогорку көрсөткүч.",RELEVANT,SCIENCE_GEN,RELEVANT,SCIENCE_GEN,,,ru_1,warmest January in history
RU-C00708,,RU,24.kg,https://24.kg/archive/ru/community/86031-v-stolice-kyrgyzstana-obsudyat-vliyanie-klimata.html/,2010-11-01,В столице Кыргызстана обсудят влияние климата на здоровье граждан,В столице Кыргызстана обсудят влияние климата на здоровье гражданВ столице Кыргызстана обсудят влияние изменения климата на здоровье граждан. Об этом сообщает пресс-служба Министерства здрав,RELEVANT,HEALTH_SOCIETY,RELEVANT,HEALTH_SOCIETY,,,gold,IAA adjudicated gold
RU-D01767,,RU,Sputnik,https://sputnik.kg/20230106/klimat-aba-yrajy-ysyk-suuk-temperatura-bozhomol-1071778963.html,,Алдыңкы он жылда климат кандай өзгөрөт? Адистин жообу,Адистин божомолунда мурдагыдай өтө суук кыштар аз болот.,RELEVANT,SCIENCE_GEN,RELEVANT,SCIENCE_GEN,,,ru_2,climate change decade projection
RU-D03524,,RU,Tengrinews,https://tengrinews.kz/events/usel-ne-vernulsia-17-letnii-student-vesti-propal-aktobe-339043/,2018-03-03,”Ушел и не вернулся”. 17-летний студент без вести пропал в Актобе: 03 марта 2018 02:39 - новости на Tengrinews.kz,Tengrinews.kz ▶ ”Ушел и не вернулся”. 17-летний студент без вести пропал в Актобе: 03 марта 2018 02:39 ▶ Читать подробнее актуальные новости и события на сайте.,RELEVANT,WATER_CRYO,NOT_RELEVANT,,,,ru_1,
RU-D04499,,RU,Tengrinews,https://tengrinews.kz/usa/zatoplenie-niu-iorka-iz-za-globalnogo-potepleniia-pokazali-319476/,2017-06-03,Затопление Нью-Йорка из-за глобального потепления показали на видео: 03 июня 2017 01:54 - новости на Tengrinews.kz,Tengrinews.kz ▶ Затопление Нью-Йорка из-за глобального потепления показали на видео: 03 июня 2017 01:54 ▶ Читать подробнее актуальные новости и события на сайте.,RELEVANT,DISASTER,RELEVANT,SCIENCE_GEN,,,gold,IAA adjudicated gold
RU-C00479,,RU,24.kg,https://24.kg/archive/ru/community/93957-kamchibek-musuraliev-ledniki-kyrgyzstana.html/,2011-02-25,Камчибек Мусуралиев: Ледники Кыргызстана нуждаются в исследовании,"Камчибек Мусуралиев: Ледники Кыргызстана нуждаются в исследовании«Ледники Кыргызстана нуждаются в исследовании», - заявил сегодня на пресс-конференции начальник Кыргызской компле",RELEVANT,WATER_CRYO,RELEVANT,WATER_CRYO,,,gold,IAA adjudicated gold
RU-D01073,,RU,Tengrinews,https://tengrinews.kz/kazakhstan_news/ozero-jambyilskoy-oblasti-povtorit-sudbu-aralskogo-morya-429787/,2021-02-23,Озеро в Жамбылской области может повторить судьбу Аральского моря: 23 февраля 2021 04:34 - новости на Tengrinews.kz,Tengrinews.kz ▶ Озеро в Жамбылской области может повторить судьбу Аральского моря: 23 февраля 2021 04:34 ▶ Читать подробнее актуальные новости и события на сайте.,RELEVANT,WATER_CRYO,RELEVANT,WATER_CRYO,,,ru_1,lake may repeat Aral fate
RU-D02855,,RU,Kaktus,https://kaktus.media/doc/506024_oon_prizyvaet_peresmotret_klimaticheskie_strategii.html,2024-07-27,ООН призывает пересмотреть климатические стратегии,"Генеральный секретарь ООН Антониу Гутерриш призвал мировое сообщество срочно пересмотреть свои климатические стратегии, после того как в понедельник был вновь зафиксирован самый жаркий день в истории наблюдений.",RELEVANT,POLICY,RELEVANT,POLICY,,,gold,IAA adjudicated gold
RU-D04453,,RU,Tengrinews,https://tengrinews.kz/article/budet-aralskoe-more-vosstanovitsia-sest-vozmoznyx-izmenenii-3066/,2025-07-30,"Что будет, если Аральское море восстановится? Шесть возможных изменений и одна дилемма",Давайте представим такую ситуацию: в один из дней жители Казахстана проснулись и узнали — Аральское море (оно же озеро) вдруг вернулось к своим,RELEVANT,WATER_CRYO,RELEVANT,WATER_CRYO,,,ru_1,Aral restoration scenario
RU-D04242,,RU,Tengrinews,https://tengrinews.kz/kazakhstan_news/tokaev-vyiskazalsya-klimaticheskih-problemah-tsentralnoy-518818/,2023-12-01,Токаев высказался о климатических проблемах Центральной Азии,"Президент Казахстана Касым-Жомарт Токаев высказался о климатических проблемах Центральной Азии, передает Tengrinews.kz со ссылкой на пресс-службу Акорды.",RELEVANT,POLICY,RELEVANT,POLICY,,,ru_2,Tokaev on Central Asia climate
RU-D04845,,RU,Tengrinews,https://tengrinews.kz/kazakhstan_news/spasenie-arala-kaspiya-tokaev-vyistupil-predlojeniyami-518065/,2023-11-24,Спасение Арала и Каспия: Токаев выступил с предложениями на саммите в Баку,"Президент Касым-Жомарт Токаев, выступая на саммите Специальной программы ООН для экономик Центральной Азии (СПЕКА) предложил начать совместную научно-исследовательскую и прикладную работу по экологической и климатической проблематике, а также управлению трансграничными водными ресурсами, передает корреспондент Tengrinews.kz.",RELEVANT,WATER_CRYO,RELEVANT,WATER_CRYO,,1,ru_1,"Aral/Caspian saving, water summit"
RU-D04654,,RU,Kaktus,https://kaktus.media/doc/365952_pochemy_vse_brosilis_spasat_ledniki_i_nyjno_li_eto_mneniia_ekspertov.html,2017-11-09,Почему все бросились спасать ледники и нужно ли это? Мнения экспертов,"Экологи против разработки месторождений на ледниках. Экономисты убеждены, что без этого экономический урон будет выше.",RELEVANT,WATER_CRYO,RELEVANT,WATER_CRYO,,,ru_1,debate on saving glaciers
RU-00062,,RU,Daryo.uz,https://daryo.uz/ru/2024/01/03/v-uzbekistane-zapustat-dopolnitelnye-35-gvt-mosnostej-vozobnovlaemoj-energii/,2024-01-03,"В Узбекистане запустят дополнительные 3,5 ГВт мощностей возобновляемой энергии","Так, планируется рассмотреть возможности для установки солнечных фотопанелей на полях фермеров",RELEVANT,ENERGY,RELEVANT,ENERGY,,,ru_1,3.5GW renewable capacity added
RU-D04280,,RU,Tengrinews,https://tengrinews.kz/other/navodneniya-afrike-usililis-iz-za-izmeneniya-klimata-483382/,2022-11-17,Наводнения в Африке усилились из-за изменения климата - ученые: 17 ноября 2022 13:34 - новости на Tengrinews.kz,Tengrinews.kz ▶ Наводнения в Африке усилились из-за изменения климата - ученые: 17 ноября 2022 13:34 ▶ Читать подробнее актуальные новости и события на сайте.,RELEVANT,DISASTER,RELEVANT,DISASTER,,,ru_1,Africa floods intensified by climate
RU-00023,,RU,Daryo.uz,https://daryo.uz/ru/2026/03/24/globalnoe-poteplenie-energeticheskij-balans-zemlya-klimat/,2026-03-24,Метеорологи зафиксировали энергетический дисбаланс Земли — чем это грозит,"Энергетический баланс Земли измеряет скорость, с которой энергия поступает в систему Земли и покидает ее. В условиях стабильного климата поступающая от Солнца энергия примерно равна количеству уходящей энергии. Однако концентрация парниковых газов удерживает это тепло.",RELEVANT,SCIENCE_GEN,RELEVANT,SCIENCE_GEN,,,ru_1,"Earth energy imbalance, GHG"
RU-D02223,,RU,Tengrinews,https://tengrinews.kz/science/ledniki-neizbejno-ischeznut-k-2050-godu-uchenyie-482124/,2022-11-03,Ледники неизбежно исчезнут к 2050 году - ученые: 03 ноября 2022 18:16 - новости на Tengrinews.kz,Tengrinews.kz ▶ Ледники неизбежно исчезнут к 2050 году - ученые: 03 ноября 2022 18:16 ▶ Читать подробнее актуальные новости и события на сайте.,RELEVANT,WATER_CRYO,RELEVANT,WATER_CRYO,,,ru_2,glaciers disappear by 2050
RU-D05252,,RU,Kaktus,https://kaktus.media/doc/510891_depytat:_kitayskie_investory_v_alayskom_rayone_razryshaut_ledniki.html,2024-10-10,Депутат: Китайские инвесторы в Алайском районе разрушают ледники,"Депутат Жанар Акаев заявил, что китайские инвесторы, добывающие уголь в Алайском районе, разрушают ледники.",RELEVANT,WATER_CRYO,RELEVANT,WATER_CRYO,,,ru_1,coal mining destroying glaciers
RU-D02697,,RU,Kaktus,https://kaktus.media/doc/390577_nazvany_strany_kotorym_vygodno_globalnoe_poteplenie.html,2019-04-25,"Названы страны, которым выгодно глобальное потепление","Ученые назвали страны, которым выгодно глобальное потепление",RELEVANT,SCIENCE_GEN,RELEVANT,SCIENCE_GEN,,,ru_1,countries benefiting from warming
RU-D01683,,RU,Kaktus,https://kaktus.media/doc/442046_zasyha_jara_izmenenie_klimata._obrashenie_k_vlastiam_kyrgyzstana.html,2021-07-07,"Засуха, жара, изменение климата. Обращение к властям Кыргызстана",Климат меняется. Кыргызстан не может оставаться в стороне от этих процессов. Как в такой ситуации должен действовать кабмин? Зеленый альянс Кыргызстана подготовил обращение.,RELEVANT,POLICY,RELEVANT,HEALTH_SOCIETY,,1,ru_2,"drought/heat/climate appeal, activism"
RU-D04160,,RU,Tengrinews,https://tengrinews.kz/other/turtsiya-prisoedinilas-k-parijskomu-soglasheniyu-po-klimatu-450539/,2021-10-07,Турция присоединилась к Парижскому соглашению по климату: 07 октября 2021 02:33 - новости на Tengrinews.kz,Tengrinews.kz ▶ Турция присоединилась к Парижскому соглашению по климату: 07 октября 2021 02:33 ▶ Читать подробнее актуальные новости и события на сайте.,RELEVANT,POLICY,RELEVANT,POLICY,,,gold,IAA adjudicated gold
RU-D00749,,RU,Tengrinews,https://tengrinews.kz/kazakhstan_news/spravedlivaya-uglerodnaya-nagruzka-kazahstan-privlekaet-500924/,2023-06-02,Справедливая углеродная нагрузка: Казахстан привлекает все отрасли экономики: 02 июня 2023 17:04 - новости на Tengrinews.kz,Tengrinews.kz ▶ Справедливая углеродная нагрузка: Казахстан привлекает все отрасли экономики: 02 июня 2023 17:04 ▶ Читать подробнее актуальные новости и события на сайте.,RELEVANT,POLICY,RELEVANT,POLICY,,,ru_2,carbon burden regulation
RU-C00397,,RU,24.kg,https://24.kg/archive/ru/bigtiraj/87514-klimat-v-kazaxstane-stanovitsya-teplee-pishet.html/,2010-11-25,"Климат в Казахстане становится теплее, пишет","Климат в Казахстане становится теплее, пишет«Экспресс К» (Казахстан). В исследовании ученых из Лаборатории реактивного движения (JPL) НАСА Казахстан назван в числе тех, где отмеч",RELEVANT,SCIENCE_GEN,RELEVANT,SCIENCE_GEN,,,gold,IAA adjudicated gold
RU-D00229,,RU,Kaktus,https://kaktus.media/doc/418905_ychenye:_klimat_zemli_proshel_tochky_nevozvrata.html,2020-08-15,Ученые: Климат Земли прошел точку невозврата,"Ледяной щит Гренландии - второй по величине после Антарктического - за последние 40 лет настолько сократился, что даже если человечеству чудом удастся замедлить процесс глобального потепления, он все равно продолжит таять.",RELEVANT,WATER_CRYO,RELEVANT,SCIENCE_GEN,,,ru_1,climate passed point of no return
RU-00036,,RU,Daryo.uz,https://daryo.uz/ru/2024/06/07/v-uzbekistane-provedut-eksperiment-po-inventarizacii-vybrosov-parnikovyh-gazov/,2024-06-07,В Узбекистане проведут эксперимент по инвентаризации парниковых выбросов,Отчёт будет утверждать Межведомственный совет по координации мер по переходу на зеленую экономику,RELEVANT,POLICY,RELEVANT,POLICY,,,ru_2,"greenhouse gas inventory, green economy"
RU-00068,,RU,Daryo.uz,https://daryo.uz/ru/2023/12/06/uzbekistan-vnosit-svoj-vklad-v-resenie-ekologiceskih-problem-regiona-specpredstavitel-prezidenta-ruz-po-vnesnej-politike-abdulaziz-kamilov/,2023-12-06,«Узбекистан вносит свой вклад в решение экологических проблем региона» - Спецпредставитель Президента РУз по внешней политике Абдулазиз Камилов,"В контексте усилий Узбекистана, Президент Шавкат Мирзиёев с трибуны ООН в сентябре инициировал принятие резолюции Генассамблеи ООН «Центральная Азия перед лицом глобальных климатических вызовов: консолидация во имя общего процветания»",RELEVANT,POLICY,RELEVANT,POLICY,,,ru_1,UN resolution CA climate challenges
RU-D00688,,RU,Tengrinews,https://tengrinews.kz/fotoarchive/korabl-v-pustyne-zacem-inostrancy-edut-k-aralskomu-moriu-1070/,2018-06-06,Корабль в пустыне. Зачем иностранцы едут к Аральскому морю,"В Центральной Азии немало мест, за счет которых можно развивать туризм. Какие-то из них славятся живописной природой - горами,",RELEVANT,WATER_CRYO,NOT_RELEVANT,,,,ru_1,
RU-D04491,,RU,Tengrinews,https://tengrinews.kz/other/tempyi-potepleniya-v-arktike-prevyisili-obschemirovoy-rekord-471069/,2022-06-16,Темпы потепления в Арктике превысили общемировой рекорд: 16 июня 2022 04:30 - новости на Tengrinews.kz,Tengrinews.kz ▶ Темпы потепления в Арктике превысили общемировой рекорд: 16 июня 2022 04:30 ▶ Читать подробнее актуальные новости и события на сайте.,RELEVANT,SCIENCE_GEN,RELEVANT,SCIENCE_GEN,,,ru_2,Arctic warming record
RU-C00730,,RU,Daryo.uz,https://daryo.uz/ru/2023/07/07/uzbekistan-stanet-pervoj-stranoj-v-centralnoj-azii-proizvodasej-uglerodnye-kredity/,2023-07-07,"Узбекистан станет первой страной в Центральной Азии, производящей углеродные кредиты",Стране выделят средства на борьбу с парниковыми газами,RELEVANT,POLICY,RELEVANT,POLICY,,,ru_2,"carbon credits, greenhouse gases"
RU-D04683,,RU,Kaktus,https://kaktus.media/doc/463962_prezident_kazahstana_prizval_strany_centralnoy_azii_vmeste_zashishat_ledniki.html,2022-07-21,Президент Казахстана призвал страны Центральной Азии вместе защищать ледники,Касым-Жомарт Токаев выразил беспокойство по поводу изменения климата и его последствий для Центральной Азии.,RELEVANT,WATER_CRYO,RELEVANT,WATER_CRYO,,1,ru_1,Kazakh president urges glacier protection
RU-00104,,RU,Daryo.uz,https://daryo.uz/ru/2024/03/07/mea-privetstvuet-prisoedinenie-turkmenistana-k-globalnomu-obazatelstvu-po-metanu/,2024-03-07,МЭА приветствует присоединение Туркменистана к Глобальному обязательству по метану,Директор Международного энергетического агентства Фатих Бирол встретился с послом Максатом Чарыевым,RELEVANT,POLICY,RELEVANT,POLICY,,,ru_1,Turkmenistan joins Global Methane Pledge
RU-D00937,,RU,Tengrinews,https://tengrinews.kz/around-the-world/foto-paryi-fone-lednika-raznitsey-15-let-povergli-shok-543936/,2024-08-07,Фото пары на фоне ледника с разницей в 15 лет повергли в шок,"Фотографии ледника Рона в Швейцарии, сделанные с разницей в 15 лет, показывают пугающую скорость его таяния, являясь наглядным свидетельством изменений климата, передает Tengri Travel со ссылкой на Independent.",RELEVANT,WATER_CRYO,RELEVANT,WATER_CRYO,,,ru_2,glacier retreat photos
RU-C00159,,RU,24.kg,https://24.kg/archive/ru/community/63745-tim-skott-tayanie-lednikov-v-kyrgyzstane-mozhet.html/,2009-10-06,Тим Скотт: Таяние ледников в Кыргызстане может привести к массовой миграции,Тим Скотт: Таяние ледников в Кыргызстане может привести к массовой миграцииТаяние ледников в Кыргызстане может привести к массовой миграции. Такое заявление на презентации доклада о развитии,RELEVANT,WATER_CRYO,RELEVANT,HEALTH_SOCIETY,,,ru_1,glacier melt may cause migration
RU-D04822,,RU,Kaktus,https://kaktus.media/doc/540753_ychenye:_globalnoe_poteplenie_vliiaet_na_chastoty_kvakania_liagyshek.html,2026-02-22,Ученые: Глобальное потепление влияет на частоту кваканья лягушек,"Ученые из Северной Каролины установили, что повышение температуры воздуха и воды влияет на поведение европейских древесных лягушек (Pseudacris sierra).",RELEVANT,SCIENCE_GEN,RELEVANT,SCIENCE_GEN,,,ru_2,global warming affects frogs
RU-D03386,,RU,Sputnik,https://sputnik.kg/20220605/zhaparov-zharatylyshty-saktoonun-zholdorun-ajtty-1064970447.html,,Морт жана кайталангыс дүйнө. Жапаров жаратылышты сактоонун жолдорун айтты,"Өкмөт башчы президенттин жарлыгы менен быйылкыны ""Тоолордун экосистемасын жана климаттык туруктуулугун коргоо жылы"" деп жарыяланганын эске салды.",RELEVANT,POLICY,RELEVANT,POLICY,,,ru_2,year of climate resilience declared
RU-D03628,,RU,Kaktus,https://kaktus.media/doc/480718_kitayskie_kompanii_planiryut_postroit_solnechnyu_elektrostanciu_na_issyk_kyle.html,2023-05-16,Китайские компании планируют построить солнечную электростанцию на Иссык-Куле,China Power International Development Limited и China Railway 20 Bureau Group Corporation планируют построить на Иссык-Куле солнечную электростанцию мощностью в 1 ГВт. Соответствующее соглашение должно быть подписано во время визита президента в КНР.,RELEVANT,ENERGY,RELEVANT,ENERGY,,,ru_1,solar plant Issyk-Kul
RU-D03345,,RU,Tengrinews,https://tengrinews.kz/kazakhstan_news/myi-ostanovimsya-ekolog-podal-sud-ministerstvo-fone-568414/,2025-04-22,“Мы не остановимся“. Эколог подал в суд на министерство на фоне ситуации с Каспием: 22 апреля 2025 17:23 - новости на Tengrinews.kz,Tengrinews.kz ▶ “Мы не остановимся“. Эколог подал в суд на министерство на фоне ситуации с Каспием: 22 апреля 2025 17:23 ▶ Читать подробнее актуальные новости и события на сайте.,RELEVANT,WATER_CRYO,RELEVANT,WATER_CRYO,,1,ru_2,lawsuit over Caspian shrinking
RU-00116,,RU,Daryo.uz,https://daryo.uz/ru/2023/12/22/es-privetstvuet-prisoedinenie-turkmenistana-k-globalnomu-obazatelstvu-po-metanu/,2023-12-22,ЕС приветствует присоединение Туркменистана к Глобальному обязательству по метану,"Эксперты считают, что страна может добиться нулевого роста выбросов парниковых газов к 2030 году",RELEVANT,POLICY,RELEVANT,POLICY,,,ru_2,Turkmenistan joins methane pledge
RU-D04743,,RU,Kaktus,https://kaktus.media/doc/360543_kak_taet_sneg_v_gorah_ala_too._globalnoe_poteplenie_v_odnoy_gifke.html,2017-07-19,Как тает снег в горах Ала-Тоо. Глобальное потепление в одной гифке,За 30 лет площадь снежного покрова в предгорьях и горах Киргизского хребта значительно сократилась.,RELEVANT,WATER_CRYO,RELEVANT,WATER_CRYO,,,ru_1,"snow cover shrinking, global warming"
RU-D04036,,RU,Kaktus,https://kaktus.media/doc/537712_sadyr_japarov_zapystil_pervyu_solnechnyu_elektrostanciu_v_kemine_foto.html,2025-12-24,Садыр Жапаров запустил первую солнечную электростанцию в Кемине (фото),В Чуйской области заработала первая солнечная электростанция. Подробнее:,RELEVANT,ENERGY,RELEVANT,ENERGY,,,ru_1,first solar plant launched Kemin
RU-D02252,,RU,Kaktus,https://kaktus.media/doc/472445_oae_hochet_postroit_v_kr_solnechnyu_elektrostanciu._prosit_zemlu_na_issyk_kyle.html,2022-12-15,ОАЭ хочет построить в КР солнечную электростанцию. Просит землю на Иссык-Куле,Компания Masdar из Объединенных Арабских Эмиратов построит в Кыргызстане солнечную электростанцию. Речь идет об инвестициях в энергетику примерно $180 млн. Интересует инвесторов и гидроэнергетика. Подробнее:,RELEVANT,ENERGY,RELEVANT,ENERGY,,,ru_2,solar power plant investment
RU-D01604,,RU,Tengrinews,https://tengrinews.kz/kazakhstan_news/klimat-almaty-priobretaet-certy-subtropiceskogo-ekspert-297166/,2016-06-23,Климат Алматы приобретает черты субтропического - эксперт: 23 июня 2016 08:52 - новости на Tengrinews.kz,Tengrinews.kz ▶ Климат Алматы приобретает черты субтропического - эксперт: 23 июня 2016 08:52 ▶ Читать подробнее актуальные новости и события на сайте.,RELEVANT,SCIENCE_GEN,RELEVANT,SCIENCE_GEN,,,ru_1,Almaty climate becoming subtropical
RU-D00166,,RU,Tengrinews,https://tengrinews.kz/world_news/sozdano-toplivo-plastika-uglekislogo-gaza-solnechnoy-energii-488117/,2023-01-10,"Создано топливо из пластика, углекислого газа и солнечной энергии: 10 января 2023 05:30 - новости на Tengrinews.kz","Tengrinews.kz ▶ Создано топливо из пластика, углекислого газа и солнечной энергии: 10 января 2023 05:30 ▶ Читать подробнее актуальные новости и события на сайте.",RELEVANT,ENERGY,RELEVANT,ENERGY,,1,ru_2,fuel from CO2 and solar
RU-00054,,RU,Daryo.uz,https://daryo.uz/ru/2024/03/29/izmenenie-klimata-zamedlaet-vrasenie-zemli-uchenye/,2024-03-29,Изменение климата замедляет вращение Земли – исследование,"Геофизик из Калифорнийского университета в Сан-Диего, Дункан Агнью, выявил, что таяние льдов в Антарктике и Гренландии приводит к перераспределению земной массы, поскольку вода с ледников перемещается к экватору, изменяя центр тяжести планеты и её угловую скорость вращения",RELEVANT,SCIENCE_GEN,RELEVANT,SCIENCE_GEN,,,ru_1,climate change slows Earth rotation
RU-00059,,RU,Daryo.uz,https://daryo.uz/ru/2024/02/25/glava-obse-posetit-centralnoaziatskij-ekologiceskij-forum-v-ashabade/,2024-02-25,Глава ОБСЕ посетит Центральноазиатский экологический форум в Ашхабаде,"В марте могут обсудить вопросы, связанные с Аралом, опустыниванием, защитой биоразнообразия и управлением водными ресурсами",RELEVANT,WATER_CRYO,RELEVANT,POLICY,,1,ru_2,"CA eco-forum: Aral, desertification, water"
RU-D01072,,RU,Tengrinews,https://tengrinews.kz/science/ucenye-nasli-pricinu-anomalnogo-taianiia-lednikov-grenlandii-292060/,2016-04-05,Ученые нашли причину аномального таяния ледников Гренландии: 05 апреля 2016 11:01 - новости на Tengrinews.kz,Tengrinews.kz ▶ Ученые нашли причину аномального таяния ледников Гренландии: 05 апреля 2016 11:01 ▶ Читать подробнее актуальные новости и события на сайте.,RELEVANT,WATER_CRYO,RELEVANT,WATER_CRYO,,,ru_2,Greenland glacier melt cause
RU-D05657,,RU,Tengrinews,https://tengrinews.kz/kazakhstan_news/poteplenie-posledstviyami-stepyah-kazahstana-aktivizirovalis-570054/,2025-05-14,Потепление с последствиями: в степях Казахстана активизировались вредители,"В Шалкарском районе Актюбинской области зафиксировано преждевременное появление саранчи. По словам специалистов, из-за раннего потепления личинки начали выходить раньше обычных сроков, передает корреспондент Tengrinews.kz.",RELEVANT,AGRI_LAND,RELEVANT,AGRI_LAND,,1,ru_1,warming activates crop pests
RU-D00278,,RU,Tengrinews,https://tengrinews.kz/news/zapusk-solnechnoy-elektrostantsii-balhashe-namechen-leto-457776/,2021-12-28,Запуск солнечной электростанции в Балхаше намечен на лето 2022 года: 28 декабря 2021 21:00 - новости на Tengrinews.kz,Tengrinews.kz ▶ Запуск солнечной электростанции в Балхаше намечен на лето 2022 года: 28 декабря 2021 21:00 ▶ Читать подробнее актуальные новости и события на сайте.,RELEVANT,ENERGY,RELEVANT,ENERGY,,,ru_1,solar plant launch Balkhash
RU-D04088,,RU,Tengrinews,https://tengrinews.kz/sng/turist-snyal-obrushenie-lednika-v-gorah-kyirgyizstana-472787/,2022-07-11,Турист снял обрушение ледника в горах Кыргызстана: 11 июля 2022 01:26 - новости на Tengrinews.kz,Tengrinews.kz ▶ Турист снял обрушение ледника в горах Кыргызстана: 11 июля 2022 01:26 ▶ Читать подробнее актуальные новости и события на сайте.,RELEVANT,WATER_CRYO,NOT_RELEVANT,,,1,ru_2,"tourist filmed glacier collapse, spectacle"
RU-D05135,,RU,Kaktus,https://kaktus.media/doc/398053_vpervye_v_kyrgyzstane_proydet_klimaticheskiy_festival.html,2019-09-18,Впервые в Кыргызстане пройдет климатический фестиваль,"Мероприятие приурочено к Глобальной неделе климатических действий, которая пройдет по всему миру с 20 по 27 сентября.",RELEVANT,POLICY,RELEVANT,HEALTH_SOCIETY,,,ru_2,"climate festival, climate action week"
RU-D04284,,RU,Kaktus,https://kaktus.media/doc/329887_v_kyrgyzstane_postroiat_rabotaushyu_na_solnechnoy_energii_elektrostanciu.html,2015-12-15,В Кыргызстане построят работающую на солнечной энергии электростанцию,"Агентство по продвижению инвестиций проработает с инвесторами вопрос строительства электростанции, работающей на солнечн",RELEVANT,ENERGY,RELEVANT,ENERGY,,,ru_1,solar power plant to be built
RU-D00660,,RU,Tengrinews,https://tengrinews.kz/world_news/amerikanskiy-gaz-evrope-obernetsya-mirovoy-klimaticheskoy-465138/,2022-03-28,Американский газ в Европе обернется ”мировой климатической катастрофой” - СМИ: 28 марта 2022 21:21 - новости на Tengrinews.kz,Tengrinews.kz ▶ Американский газ в Европе обернется ”мировой климатической катастрофой” - СМИ: 28 марта 2022 21:21 ▶ Читать подробнее актуальные новости и события на сайте.,RELEVANT,ENERGY,RELEVANT,ENERGY,,1,ru_1,US gas framed climate catastrophe
RU-D05632,,RU,Tengrinews,https://tengrinews.kz/news/aliya-nazarbaeva-kazahstan-na-puti-k-uglerodnoy-neytralnosti-450267/,2021-10-04,Алия Назарбаева: Казахстан на пути к углеродной нейтральности: 04 октября 2021 10:00 - новости на Tengrinews.kz,Tengrinews.kz ▶ Алия Назарбаева: Казахстан на пути к углеродной нейтральности: 04 октября 2021 10:00 ▶ Читать подробнее актуальные новости и события на сайте.,RELEVANT,POLICY,RELEVANT,POLICY,,,ru_1,Kazakhstan carbon neutrality path
RU-D04171,,RU,Tengrinews,https://tengrinews.kz/world_news/klimaticheskie-aktivistyi-sorvali-voennyiy-parad-korolevyi-470103/,2022-06-03,Климатические активисты сорвали военный парад королевы Елизаветы II: 03 июня 2022 18:53 - новости на Tengrinews.kz,Tengrinews.kz ▶ Климатические активисты сорвали военный парад королевы Елизаветы II: 03 июня 2022 18:53 ▶ Читать подробнее актуальные новости и события на сайте.,RELEVANT,OTHER_CLIMATE,RELEVANT,HEALTH_SOCIETY,,,ru_1,climate activists disrupt parade
RU-C00435,,RU,24.kg,https://24.kg/archive/ru/bigtiraj/110309-za-proshedshie-5-let-kitaj-snizil-vybrosy.html/,2011-09-29,"За прошедшие 5 лет Китай снизил выбросы углекислого газа на 1,46 миллиарда тонн, рассказывает","За прошедшие 5 лет Китай снизил выбросы углекислого газа на 1,46 миллиарда тонн, рассказывает«Синьхуа» (Китай). Госсовет КНР провел всекитайское телеселекторное совещание, где по",RELEVANT,POLICY,RELEVANT,POLICY,,,ru_2,China CO2 emissions reduction
RU-D00826,,RU,Tengrinews,https://tengrinews.kz/science/ledniki-antarktidyi-sbrasyivayut-aysbergi-byistree-ojidalos-475194/,2022-08-11,"Ледники Антарктиды сбрасывают айсберги быстрее, чем ожидалось - исследование: 11 августа 2022 18:46 - новости на Tengrinews.kz","Tengrinews.kz ▶ Ледники Антарктиды сбрасывают айсберги быстрее, чем ожидалось - исследование: 11 августа 2022 18:46 ▶ Читать подробнее актуальные новости и события на сайте.",RELEVANT,WATER_CRYO,RELEVANT,WATER_CRYO,,,ru_2,Antarctic glaciers shedding icebergs
RU-C00507,,RU,Daryo.uz,https://daryo.uz/ru/2023/10/05/ebrr-ostaetsa-predannym-partnerom-uzbekistana-v-ego-iniciativah-v-oblasti-vozobnovlaemoj-energetiki-andi-aranitasi/,2023-10-05,ЕБРР остается неизменным партнером Узбекистана в инициативах создания возобновляемой энергетики – Анди Аранитаси,Основные моменты интервью,RELEVANT,ENERGY,RELEVANT,ENERGY,,,gold,IAA adjudicated gold
RU-D02650,,RU,Sputnik,https://sputnik.kg/20211113/klimattyn-ozgorushu-duynodogu-mykty-surottor-1054587132.html,,"Климаттын өзгөрүшүн чагылдырып, дүйнөдө мыкты аталган сүрөттөр",Глазгодогу климаттын өзгөрүшү боюнча БУУнун конференциясында фотографтар арасында уюштурулган эл аралык Environmental Photographer конкурсунун жеңүүчүлөрү аныкталды.,RELEVANT,SCIENCE_GEN,RELEVANT,SCIENCE_GEN,,1,ru_1,climate change photo contest COP26
RU-C00073,,RU,Daryo.uz,https://daryo.uz/ru/2023/03/03/novyj-rekordnyj-pokazatel-obema-vybrosov-co2/,2023-03-03,Объем выбросов углекислого газа рекордно вырос,Это связано с резким увеличением авиасообщений после пандемии,RELEVANT,ENERGY,RELEVANT,SCIENCE_GEN,,,ru_2,CO2 emissions record
RU-C00170,,RU,24.kg,https://24.kg/archive/ru/community/94124-nil-volker-dlya-centralnoj-azii-izmenenie-klimata.html/,2011-02-28,Нил Волкер: Для Центральной Азии изменение климата является серьезной проблемой,"Нил Волкер: Для Центральной Азии изменение климата является серьезной проблемой«Для Центральной Азии изменение климата является серьезной проблемой», - заявил сегодня на круглом",RELEVANT,OTHER_CLIMATE,RELEVANT,SCIENCE_GEN,,,ru_2,climate change serious for CA
RU-D01330,,RU,Tengrinews,https://tengrinews.kz/world_news/ni-odin-rebenok-ne-izbejit-vozdeystviya-izmeneniya-klimata-446367/,2021-08-20,Ни один ребенок не избежит воздействия изменения климата - ЮНИСЕФ: 20 августа 2021 19:23 - новости на Tengrinews.kz,Tengrinews.kz ▶ Ни один ребенок не избежит воздействия изменения климата - ЮНИСЕФ: 20 августа 2021 19:23 ▶ Читать подробнее актуальные новости и события на сайте.,RELEVANT,HEALTH_SOCIETY,RELEVANT,HEALTH_SOCIETY,,,ru_1,climate change impact on children
RU-D02370,,RU,Tengrinews,https://tengrinews.kz/kazakhstan_news/odnu-solnechnuyu-elektrostantsiyu-otkryili-karagandinskoy-515765/,2023-11-03,Еще одну солнечную электростанцию открыли в Карагандинской области: 03 ноября 2023 16:05 - новости на Tengrinews.kz,Tengrinews.kz ▶ Еще одну солнечную электростанцию открыли в Карагандинской области: 03 ноября 2023 16:05 ▶ Читать подробнее актуальные новости и события на сайте.,RELEVANT,ENERGY,RELEVANT,ENERGY,,,ru_1,another solar plant opened
RU-D01337,,RU,Kaktus,https://kaktus.media/doc/491278_v_kyrgyzstane_ludi_bydyt_pereezjat_iz_za_izmeneniy_klimata.html,2023-11-27,В Кыргызстане люди будут переезжать из-за изменений климата,"В Кыргызстане запущен проект ""Содействие включению внутренних мигрантов в процесс зеленой реновации зданий в Кыргызстане"" при поддержке Фонда развития международной организации по миграции (IDF).",RELEVANT,HEALTH_SOCIETY,RELEVANT,HEALTH_SOCIETY,,,ru_1,climate migration project
RU-D03600,,RU,Kaktus,https://kaktus.media/doc/539638_sadyr_japarov_obsydil_s_predstaviteliami_stran_pri_oon_globalnyu_bezopasnost_i_klimat.html,2026-01-29,Садыр Жапаров обсудил с представителями стран при ООН глобальную безопасность и климат,Президент Садыр Жапаров принял постоянных представителей иностранных государств при ООН.,RELEVANT,POLICY,RELEVANT,POLICY,,,ru_1,president discussed climate at UN
RU-00072,,RU,Daryo.uz,https://daryo.uz/ru/2023/12/01/uzbekistan-vmeste-s-zarubeznymi-partnerami-sozdast-mosnosti-po-vyrabotke-25-gigavatt-vozobnovlaemoj-energii/,2023-12-01,Узбекистан вместе с зарубежными партнёрами создаст мощности по выработке 25 гигаватт возобновляемой энергии,Сделаны первые практические шаги по реализации проекта производства «зелёного» водорода»,RELEVANT,ENERGY,RELEVANT,ENERGY,,,ru_1,"25GW renewables, green hydrogen"
RU-00053,,RU,Daryo.uz,https://daryo.uz/ru/2024/04/03/klimaticeskie-izmenenia-mogut-negativno-skazatsa-na-ekonomike-ca/,2024-04-03,Климатические изменения могут негативно сказаться на экономике стран ЦА,Об этом заявил премьер-министр Кыргызстана Акылбек Жапаров,RELEVANT,OTHER_CLIMATE,RELEVANT,SCIENCE_GEN,,1,ru_1,climate change may harm CA economy
RU-D04398,,RU,Kaktus,https://kaktus.media/doc/448572_v_glazgo_startyut_peregovory_po_izmeneniu_klimata._5_prichin_pochemy_za_etim_nyjno_sledit.html,2021-10-29,"В Глазго стартуют переговоры по изменению климата. 5 причин, почему за этим нужно следить","1 ноября в Глазго стартует решающий раунд переговоров Организации Объединенных Наций по изменению климата - COP26. Редакция Kaktus.media рассказывает, почему за этим событием обязательно стоит следить, даже если вы живете в Кыргызстане.",RELEVANT,POLICY,RELEVANT,POLICY,,,ru_1,Glasgow COP26 negotiations
RU-D04909,,RU,Tengrinews,https://tengrinews.kz/asia/ledniki-tibeta-tayut-s-ujasayuschey-skorostyu-uchenyie-419668/,2020-11-10,Ледники Тибета тают с ужасающей скоростью - ученые: 10 ноября 2020 12:17 - новости на Tengrinews.kz,Tengrinews.kz ▶ Ледники Тибета тают с ужасающей скоростью - ученые: 10 ноября 2020 12:17 ▶ Читать подробнее актуальные новости и события на сайте.,RELEVANT,WATER_CRYO,RELEVANT,WATER_CRYO,,,ru_1,Tibet glaciers melting fast
RU-D03691,,RU,Tengrinews,https://tengrinews.kz/world_news/indoneziiskix-ostrova-usli-vodu-iz-za-globalnogo-potepleniia-388860/,2020-01-16,Два индонезийских острова ушли под воду из-за глобального потепления - СМИ: 16 января 2020 09:48 - новости на Tengrinews.kz,Tengrinews.kz ▶ Два индонезийских острова ушли под воду из-за глобального потепления - СМИ: 16 января 2020 09:48 ▶ Читать подробнее актуальные новости и события на сайте.,RELEVANT,WATER_CRYO,RELEVANT,SCIENCE_GEN,,,ru_1,islands submerged by global warming
RU-D00032,,RU,Kaktus,https://kaktus.media/doc/433941_maripov_poobeshal_borotsia_s_parnikovymi_gazami_v_obmen_na_finansovyu_pomosh.html,2021-03-19,Марипов пообещал бороться с парниковыми газами в обмен на финансовую помощь,Премьер Марипов пообещал иностранным партнерам идти по пути развития зеленой экономики. Ему пообещали возможности для привлечения финансовых средств.,RELEVANT,POLICY,RELEVANT,POLICY,,,ru_1,"GHG cuts for finance, green economy"
RU-D02028,,RU,Tengrinews,https://tengrinews.kz/kazakhstan_news/vsego-lish-piar-ekolog-vyistupil-protiv-perehoda-almatinskoy-390706/,2020-02-10,”Всего лишь пиар”. Эколог выступил против перехода алматинской ТЭЦ на газ: 10 февраля 2020 08:45 - новости на Tengrinews.kz,Tengrinews.kz ▶ ”Всего лишь пиар”. Эколог выступил против перехода алматинской ТЭЦ на газ: 10 февраля 2020 08:45 ▶ Читать подробнее актуальные новости и события на сайте.,RELEVANT,ENERGY,NOT_RELEVANT,,1,1,ru_1,"coal CHP to gas, air-quality debate"
RU-D04511,,RU,Kaktus,https://kaktus.media/doc/335519_eksperty:_sviazi_mejdy_taianiem_lednikov_kyrgyzstana_i_rabotoy_kymtora_net.html,2016-03-28,Эксперты: Связи между таянием ледников Кыргызстана и работой Кумтора нет,"Экспертная комиссия не нашла связи между таянием ледников и работой ""Кумтора"", говорится в отчете, представленном сегодн",RELEVANT,WATER_CRYO,RELEVANT,WATER_CRYO,,,ru_1,"glacier melting, Kumtor link denied"
RU-D03811,,RU,Kaktus,https://kaktus.media/doc/544535_centralnaia_aziia_teriaet_ledniki:_chto_eto_znachit_dlia_regiona.html,2026-04-16,Центральная Азия теряет ледники: что это значит для региона,"Таяние ледников в Центральной Азии вызывает обеспокоенность властей и экспертов. До 80% водных ресурсов региона формируется за счет ледников, и их сокращение уже усиливает риск дефицита воды.",RELEVANT,WATER_CRYO,RELEVANT,WATER_CRYO,,,ru_2,"Central Asia glacier loss, water deficit"
RU-D01239,,RU,Tengrinews,https://tengrinews.kz/kazakhstan_news/kun-jyilyinsa-su-taskyinyi-kun-yisyisa-kurgakshyilyik-kaup-541718/,2024-07-18,"Күн жылынса - су тасқыны, күн ысыса - құрғақшылық қаупі: Қазақстан мәселені неге шеше алмай отыр?",Көктем бастала салысымен Қазақстан өңірлерінде су тасқыны болды. Іле-шала Қазгидромет құрғақшылық қаупі төніп тұрған өңірлер бар екенін де жариялады.,RELEVANT,DISASTER,RELEVANT,DISASTER,,1,ru_1,recurring floods and drought
RU-D04887,,RU,Tengrinews,https://tengrinews.kz/science/ledniki-dzungarskogo-alatau-mogut-isceznut-k-2080-godu-278394/,2015-07-27,Ледники Джунгарского Алатау могут исчезнуть к 2080 году: 27 июля 2015 18:28 - новости на Tengrinews.kz,Tengrinews.kz ▶ Ледники Джунгарского Алатау могут исчезнуть к 2080 году: 27 июля 2015 18:28 ▶ Читать подробнее актуальные новости и события на сайте.,RELEVANT,WATER_CRYO,RELEVANT,WATER_CRYO,,,ru_1,glaciers may vanish by 2080
RU-D00967,,RU,Sputnik,https://sputnik.kg/20240409/elektr-stantsiyalardy-kuruu-izharaga-zher-1084088998.html,,"""Жашыл"" электр станцияларын куруу үчүн 25 жылга ижарага жер алса болот",Энергияны кайра жаралуучу булактардан алууну өнүктүрүү максатында документ иштелип чыкканы айтылды.,RELEVANT,ENERGY,RELEVANT,ENERGY,,,ru_1,land lease for green power
RU-C00568,,RU,Daryo.uz,https://daryo.uz/ru/2024/07/05/vybrosy-google-vyrosli-na-48-cel-nulevyh-vybrosov-pod-ugrozoj/,2024-07-05,Выбросы Google увеличились на 48%,Развитие ИИ - главная причина роста углеродного следа технологического гиганта.,RELEVANT,OTHER_CLIMATE,RELEVANT,ENERGY,,1,ru_1,Google emissions up 48% from AI
RU-01007,,RU,Tengrinews,https://tengrinews.kz/kazakhstan_news/akim-jambyilskoy-oblasti-poruchil-usilit-meryi-seleopasnyih-603240/,2026-07-04,Аким Жамбылской области поручил усилить меры на селеопасных участках,Аким Жамбылской области Ербол Карашукеев в ходе рабочей поездки в Меркенский район ознакомился с состоянием селеопасных участков вдоль русла реки Мерке. Об этом сообщили в акимате региона.,RELEVANT,DISASTER,NOT_RELEVANT,,,,gold,IAA adjudicated gold
RU-C00321,,RU,24.kg,https://24.kg/archive/ru/bigtiraj/66564-tayushhie-ledniki-na-pamire-vody-v-centralnoj.html/,2009-12-08,"Тающие ледники на Памире: воды в Центральной Азии не хватит на всех, сообщает","Тающие ледники на Памире: воды в Центральной Азии не хватит на всех, сообщает«Немецкая волна» (Германия). В Таджикистане насчитывается более 8 тысяч ледников общим объемом 567 ку",RELEVANT,WATER_CRYO,RELEVANT,WATER_CRYO,,,ru_1,"Pamir glaciers melt, water shortage"
RU-D05943,,RU,Tengrinews,https://tengrinews.kz/science/raskololsya-krupneyshiy-lednik-grenlandii-414147/,2020-09-15,Раскололся крупнейший ледник Гренландии: 15 сентября 2020 11:47 - новости на Tengrinews.kz,Tengrinews.kz ▶ Раскололся крупнейший ледник Гренландии: 15 сентября 2020 11:47 ▶ Читать подробнее актуальные новости и события на сайте.,RELEVANT,WATER_CRYO,RELEVANT,WATER_CRYO,,,ru_1,largest Greenland glacier split
RU-D04220,,RU,Tengrinews,https://tengrinews.kz/opinion/pandemiia-klimat-sem-sovetov-vnesti-vklad-soxranenie-1038/,2020-05-25,"Пандемия и климат. Семь советов, как внести вклад в сохранение окружающей среды","Читать онлайн публикацию на тему ✅ Пандемия и климат. Семь советов, как внести вклад в сохранение окружающей среды ⚡ Интересная и важная информация на актуальные темы от новостного портала Tengrinews.kz.",RELEVANT,OTHER_CLIMATE,RELEVANT,SCIENCE_GEN,,1,ru_2,pandemic and climate tips
RU-D03721,,RU,Kaktus,https://kaktus.media/doc/521788_na_piati_kotelnyh_bishkeka_ystanovili_teplovye_nasosy_dlia_ylychsheniia_ekologii.html,2025-04-14,На пяти котельных Бишкека установили тепловые насосы для улучшения экологии,"Муниципальное предприятие ""Бишкектеплоэнерго"" завершило установку тепловых насосов на пяти угольных котельных в рамках усилий по снижению загрязнения воздуха в столице.",RELEVANT,ENERGY,NOT_RELEVANT,,1,,ru_1,
RU-C00543,,RU,Daryo.uz,https://daryo.uz/ru/2023/10/14/vsemirnyj-bank-vydelil-uzbekistanu-4625-mln-dollarov-na-sokrasenie-vybrosov-i-vyhod-na-globalnye-uglerodnye-rynki/,2023-10-14,"Всемирный банк выделил Узбекистану 46,25 млн долларов на сокращение выбросов и выход на глобальные углеродные рынки",Представители Узбекистана и Всемирного банка подписали соглашение в рамках проекта «Инновационное углеродное финансирование для трансформации энергетического сектора Узбекистана».,RELEVANT,ENERGY,RELEVANT,POLICY,,1,ru_1,"WB funds emissions cuts, carbon markets"
RU-D00601,,RU,Kaktus,https://kaktus.media/doc/510387_granica_rastaiala._shveycariia_i_italiia_peresmatrivaut_karty_iz_za_otstypaushih_lednikov.html,2024-10-01,"""Граница растаяла"". Швейцария и Италия пересматривают карту из-за отступающих ледников","Оказывается, таяние ледников может иметь еще одно последствие - изменение границ между государствами. Подробнее - на примере Швейцарии и Италии:",RELEVANT,WATER_CRYO,RELEVANT,WATER_CRYO,,,ru_1,retreating glaciers shift border
RU-D00148,,RU,Tengrinews,https://tengrinews.kz/kazakhstan_news/ekologicheski-chistyie-avtobusyi-budut-perevozit-jiteley-422183/,2020-12-05,Экологически чистые автобусы будут перевозить жителей Талдыкоргана: 05 декабря 2020 08:00 - новости на Tengrinews.kz,Tengrinews.kz ▶ Экологически чистые автобусы будут перевозить жителей Талдыкоргана: 05 декабря 2020 08:00 ▶ Читать подробнее актуальные новости и события на сайте.,RELEVANT,ENERGY,NOT_RELEVANT,,,,ru_2,
RU-D02776,,RU,Kaktus,https://kaktus.media/doc/477778_sadyr_japarov_podpisal_ykaz_o_peredache_zemel_s_vozobnovliaemymi_istochnikami_energii.html,2023-03-24,Садыр Жапаров подписал указ о передаче земель с возобновляемыми источниками энергии,"Президент подписал указ ""О вопросах передачи земель, предназначенных для использования возобновляемых источников энергии"".",RELEVANT,ENERGY,RELEVANT,ENERGY,,,ru_1,renewable energy land decree
RU-C00347,,RU,Daryo.uz,https://daryo.uz/ru/2023/06/27/ashabad-iniciiruet-sozdanie-specialnoj-programmy-oon-po-aralu/,2023-06-27,Ашхабад инициирует создание Специальной Программы ООН по Аралу,Аральское море когда–то было четвертым по величине озером в мире,RELEVANT,WATER_CRYO,RELEVANT,WATER_CRYO,,,ru_2,UN program on Aral Sea
RU-D00485,,RU,Kaktus,https://kaktus.media/doc/445421_v_kyrgyzstane_mojet_poiavitsia_solnechnaia_elektrostanciia_kak_v_yzbekistane.html,2021-09-04,В Кыргызстане может появиться солнечная электростанция (как в Узбекистане),"Помните, в конце августа стало известно, что в Узбекистане запустили первую солнечную электростанцию? Так вот, такая же станция может появиться и в Кыргызстане. Та же компания заинтересована в строительстве аналогичной станции на нашей территории.",RELEVANT,ENERGY,RELEVANT,ENERGY,,,gold,IAA adjudicated gold
RU-D05889,,RU,Kaktus,https://kaktus.media/doc/488509_kompaniia_iz_oae_hochet_postroit_solnechnyu_elektrostanciu_na_issyk_kyle.html,2023-10-06,Компания из ОАЭ хочет построить солнечную электростанцию на Иссык-Куле,"Компания Masdar, реализующая проекты в сфере возобновляемых источников энергии, думает построить в Иссык-Кульской области электростанцию.",RELEVANT,ENERGY,RELEVANT,ENERGY,,,ru_1,UAE solar plant Issyk-Kul
RU-00058,,RU,Daryo.uz,https://daryo.uz/ru/2024/03/19/eksperty-oon-konsultiruut-turkmenistan-po-ocenke-riskov-izmenenia-klimata/,2024-03-19,ООН консультирует Туркменистан по оценке рисков изменения климата,В Ашхабаде планируется открыть центр ООН по климатическим технологиям в Центральной Азии,RELEVANT,POLICY,RELEVANT,POLICY,,,ru_1,UN climate risk assessment consulting
RU-00043,,RU,Daryo.uz,https://daryo.uz/ru/2024/05/01/izmenenie-klimata-sravnenie-otnosenia-ca-i-evropy/,2024-05-01,Изменение климата: сравнение отношения ЦА и Европы,Команда Daryo провела социальный опрос,RELEVANT,SCIENCE_GEN,RELEVANT,SCIENCE_GEN,,,ru_1,climate change attitudes survey
RU-D03041,,RU,Kaktus,https://kaktus.media/doc/522878_kak_sviazany_izmenenie_klimata_i_zdorove_jenshin._obiasnenie_eksperta.html,2025-05-06,Как связаны изменение климата и здоровье женщин. Объяснение эксперта,Возникающие в связи с изменением климата проблемы по-разному отражаются на мужчинах и женщинах. Подробнее:,RELEVANT,HEALTH_SOCIETY,RELEVANT,HEALTH_SOCIETY,,,ru_1,climate change and women's health
RU-00011,,RU,24.kg,https://24.kg/archive/ru/parlament/173058-v-kyrgyzstane-bolee-6-tysyach-lednikov.html/,2014-02-26,В Кыргызстане более 6 тысяч ледников,"В Кыргызстане более 6 тысяч ледниковВ Кыргызстане более 6 тысяч ледников. Об этом заявила сегодня на заседании парламента депутат Эркингуль Иманкожоева. По ее словам, они занимают немал",RELEVANT,WATER_CRYO,RELEVANT,WATER_CRYO,,1,ru_2,"glacier count, no change frame"
RU-D01791,,RU,Kaktus,https://kaktus.media/doc/497781_akylbek_japarov_naznachil_direktora_centra_klimaticheskogo_finansirovaniia.html,2024-03-19,Акылбек Жапаров назначил директора Центра климатического финансирования,Адилет Амантаев назначен директором Центра климатического финансирования распоряжением главы кабмина.,RELEVANT,POLICY,RELEVANT,POLICY,,,ru_2,climate finance center director
RU-D02793,,RU,Tengrinews,https://tengrinews.kz/science/snimki-iz-kosmosa-pokazali-vozdeystvie-potepleniya-na-alpyi-470085/,2022-06-03,Снимки из космоса показали воздействие потепления на Альпы: 03 июня 2022 12:45 - новости на Tengrinews.kz,Tengrinews.kz ▶ Снимки из космоса показали воздействие потепления на Альпы: 03 июня 2022 12:45 ▶ Читать подробнее актуальные новости и события на сайте.,RELEVANT,WATER_CRYO,RELEVANT,SCIENCE_GEN,,,ru_2,warming impact on Alps imagery
RU-00001,,RU,Gazeta.uz,https://www.gazeta.uz/ru/2026/07/03/rain-conspirology/,2026-07-03,Почему этим летом в Узбекистане чаще идёт дождь? Разбор популярных конспирологических версий,Нетипично мягкое для Узбекистана лето породило обсуждения популярных конспирологический теорий о погоде. Климатолог Эркин Абдулахатов по просьбе «Газеты» разобрал самые популярные климатические мифы.,RELEVANT,SCIENCE_GEN,RELEVANT,SCIENCE_GEN,,,ru_1,climatologist debunks weather/climate myths
RU-D01205,,RU,Sputnik,https://sputnik.kg/20220907/kurgakchylyk-tabiyattyn-katkan-syrlaryn-chygardy-1067631779.html,,"Кургакчылык жакындап... Чар тараптан тартылган чочуткан, таң калтырган 10 сүрөт",Планетада климат өзгөргөн сайын анын кесепети улам көбүрөөк байкала баштады. Sputnik Кыргызстан сунуштаган сүрөт түрмөгүнөн дүйнөнүн төрт тарабында кургакчылык кантип өз бийлигин жүргүзө баштагандыгын көрүүгө болот.,RELEVANT,DISASTER,RELEVANT,DISASTER,,,ru_2,"drought phenomenon, climate change"
RU-D05813,,RU,Tengrinews,https://tengrinews.kz/kazakhstan_news/ministerstve-ekologii-prirodnyih-resursov-podveli-itogi-goda-588480/,2025-12-19,В Министерстве экологии и природных ресурсов подвели итоги года,"В Министерстве экологии и природных ресурсов подвели итоги 2025 года. Достигнута положительная динамика – по сравнению с 2022 годом объёмы нормативных выбросов по крупнейшим предприятиям страны снизились на 148 тысяч тонн, или 7,2 процента.",RELEVANT,POLICY,NOT_RELEVANT,,1,,ru_2,
RU-D03507,,RU,Sputnik,https://sputnik.kg/20211127/kyrgyzstan-okumushtuu-mark-zebish-klimat-maek-1054755791.html,,Кыргызстандын климатын изилдеген Марк Зебиш: мөңгүлөр бир чакырымга кыскарган,"Италиялык окумуштуу Марк Зебиш өзүнүн кесиптештери менен Кыргызстанды кыдырып, климаттын өзгөрүшү боюнча изилдөө жүргүздү. Алар жергиликтүү тургундар менен жолугуп, илимий ишинде өлкөнүн кокту-колотторун аралаган.",RELEVANT,WATER_CRYO,RELEVANT,WATER_CRYO,,,gold,IAA adjudicated gold
RU-D05473,,RU,Tengrinews,https://tengrinews.kz/news/onlayn-lektsii-ot-vyipusknikov-kembridja-izmenenie-klimata-417007/,2020-10-14,Онлайн-лекции от выпускников Кембриджа. Изменение климата: 14 октября 2020 16:00 - новости на Tengrinews.kz,Tengrinews.kz ▶ Онлайн-лекции от выпускников Кембриджа. Изменение климата: 14 октября 2020 16:00 ▶ Читать подробнее актуальные новости и события на сайте.,RELEVANT,SCIENCE_GEN,RELEVANT,SCIENCE_GEN,,,ru_1,climate change online lectures
RU-D04523,,RU,Kaktus,https://kaktus.media/doc/400579_kyrgyzstan_ratificiroval_parijskoe_soglashenie_po_klimaty._a_ssha_iz_nego_vyhodiat._pochemy.html,2019-11-05,Кыргызстан ратифицировал Парижское соглашение по климату. А США из него выходят. Почему?,Официально США выйдет из соглашения через год после подачи уведомления.,RELEVANT,POLICY,RELEVANT,POLICY,,,ru_2,Paris Agreement ratification
RU-D05289,,RU,Tengrinews,https://tengrinews.kz/europe/vo-francii-obieiavili-ekologiceskoe-i-klimaticeskoe-cp-383722/,2019-11-11,Во Франции объявили экологическое и климатическое ЧП: 11 ноября 2019 06:23 - новости на Tengrinews.kz,Tengrinews.kz ▶ Во Франции объявили экологическое и климатическое ЧП: 11 ноября 2019 06:23 ▶ Читать подробнее актуальные новости и события на сайте.,RELEVANT,DISASTER,RELEVANT,POLICY,,,ru_1,France declares climate emergency
RU-D04710,,RU,Tengrinews,https://tengrinews.kz/kazakhstan_news/2030-godu-kazaxstan-planiruet-sokratit-vybrosy-parnikovyx-303945/,2016-10-12,К 2030 году Казахстан планирует сократить выбросы парниковых газов на 20 процентов: 12 октября 2016 13:34 - новости на Tengrinews.kz,Tengrinews.kz ▶ К 2030 году Казахстан планирует сократить выбросы парниковых газов на 20 процентов: 12 октября 2016 13:34 ▶ Читать подробнее актуальные новости и события на сайте.,RELEVANT,POLICY,RELEVANT,POLICY,,,ru_1,Kazakhstan GHG reduction target
RU-D01247,,RU,Tengrinews,https://tengrinews.kz/my-country/turizm-dat-novuyu-nadejdu-aralskomu-moryu-uchenyiy-ssha-463490/,2022-03-04,Туризм может дать новую надежду Аральскому морю - ученый из США: 04 марта 2022 11:41 - новости на Tengritravel.kz,Tengrinews.kz ▶ Туризм может дать новую надежду Аральскому морю - ученый из США: 04 марта 2022 11:41 ▶ Читать подробнее актуальные новости и события на сайте.,RELEVANT,WATER_CRYO,NOT_RELEVANT,,,1,ru_2,Aral tourism frame
RU-D05864,,RU,Tengrinews,https://tengrinews.kz/asia/kitayu-grozit-novyiy-klimaticheskiy-haos-smi-476158/,2022-08-25,Китаю грозит новый климатический хаос - СМИ: 25 августа 2022 00:32 - новости на Tengrinews.kz,Tengrinews.kz ▶ Китаю грозит новый климатический хаос - СМИ: 25 августа 2022 00:32 ▶ Читать подробнее актуальные новости и события на сайте.,RELEVANT,DISASTER,RELEVANT,DISASTER,,,gold,IAA adjudicated gold
RU-D00740,,RU,Kaktus,https://kaktus.media/doc/469503_zelenaia_centralnaia_aziia:_v_bishkeke_prohodit_konferenciia_po_voprosam_klimata.html,2022-10-24,"""Зеленая Центральная Азия"": В Бишкеке проходит конференция по вопросам климата","B Бишкеке проходит региональная конференция ""Молодежь за будущее: Региональная молодежная конференция по изменению климата в Центральной Азии"".",RELEVANT,POLICY,RELEVANT,POLICY,,,ru_2,regional climate conference
RU-D04973,,RU,Kaktus,https://kaktus.media/doc/438926_minenergo:_vozobnovliaemye_istochniki_mogyt_zakryt_50_potrebnosti_strany_v_elektrichestve.html,2021-05-24,Минэнерго: Возобновляемые источники могут закрыть 50% потребности страны в электричестве,"В Кыргызстане необходимо расширять в регионах строительство энергетических объектов с использованием местных ресурсов, в том числе, конечно, и на возобновляемых и альтернативных источниках энергии, считают эксперты.",RELEVANT,ENERGY,RELEVANT,ENERGY,,,ru_1,renewables could cover 50% electricity
RU-D04749,,RU,Tengrinews,https://tengrinews.kz/kazakhstan_news/vitse-ministr-ekologii-skazal-kto-zagryaznyaet-balhash-537053/,2024-06-01,"Вице-министр экологии сказал, кто загрязняет Балхаш","Вопросы сохранения трансграничных водных ресурсов обсудили эксперты на двухдневном международном водно-климатическом форуме ""Балхаш-2024: вызовы и решения"", передает корреспондент Tengrinews.kz со ссылкой на Министерство экологии.",RELEVANT,WATER_CRYO,RELEVANT,WATER_CRYO,,1,ru_1,Balkhash water conservation forum
RU-D01092,,RU,Tengrinews,https://tengrinews.kz/autonews/toyota-sozdala-dvigatel-sposobnyiy-ochischat-vozduh-ugleroda-528032/,2024-03-01,"Toyota создала двигатель, способный очищать воздух от углерода","Toyota протестировала систему воздушного фильтра на водородном двигателе своего прототипа GR Corolla, который сможет улавливать углерод из воздуха, передает Tengri Auto со ссылкой Motor1.",RELEVANT,ENERGY,RELEVANT,ENERGY,,1,ru_2,Toyota carbon-capturing engine
RU-D00276,,RU,Tengrinews,https://tengrinews.kz/news/mirovaya-energetika-povliyaet-klimat-zemli-obyyasnil-452941/,2021-11-04,"Как мировая энергетика повлияет на климат Земли, объяснил Владимир Школьник: 04 ноября 2021 09:07 - новости на Tengrinews.kz","Tengrinews.kz ▶ Как мировая энергетика повлияет на климат Земли, объяснил Владимир Школьник: 04 ноября 2021 09:07 ▶ Читать подробнее актуальные новости и события на сайте.",RELEVANT,ENERGY,RELEVANT,ENERGY,,,gold,IAA adjudicated gold
RU-C00624,,RU,24.kg,https://24.kg/archive/ru/bigtiraj/67074-yemomali-raxmon-raskryl-tajnu-gibeli-aralskogo.html/,2009-12-18,"Эмомали Рахмон раскрыл тайну гибели Аральского моря, пишут","Эмомали Рахмон раскрыл тайну гибели Аральского моря, пишут«Вести.uz» (Узбекистан). На конференции по изменению климата в Копенгагене таджикский президент Эмомали Рахмон выступил",RELEVANT,WATER_CRYO,RELEVANT,WATER_CRYO,,,ru_1,"Aral Sea death, climate summit"
RU-D02593,,RU,Tengrinews,https://tengrinews.kz/kazakhstan_news/lizing-elektrokarov-i-ekologicheski-chistogo-oborudovaniya-550379/,2024-10-09,Лизинг электрокаров и экологически чистого оборудования,"​​Зеленый лизинг — направление лизинговых услуг для финансирования покупки экологически чистой техники и оборудования. Компании, такие как bcc leasing, помогают бизнесу и предпринимателям внедрять современные технологии, способствующие снижению вредных выбросов в окружающую среду. Кроме того, технологии позволяют экономить ресурсы и поддерживать как национальные, так и международные экологические стандарты. В результате использование такого оборудования не только уменьшает выбросы углекислого газа (CO₂), но и способствует сокращ ению использования ископаемого топлива, обеспечивая переход на более экологичный транспорт.",RELEVANT,ENERGY,RELEVANT,ENERGY,,1,ru_1,"green leasing, EVs, emissions cut"
RU-D00164,,RU,Sputnik,https://sputnik.kg/20211102/klimat-fond-kyrgyzstanga-grant-berishi-mumkun-1054457746.html,,Жашыл климаттык фонд Кыргызстанга 1 млн. доллар бериши мүмкүн,Мамлекет башчы фондудан Кыргызстандын адистерине максаттуу долбоорлорду даярдоодо эксперттик жана техникалык жардам көрсөтүүнү да өтүндү.,RELEVANT,POLICY,RELEVANT,POLICY,,,gold,IAA adjudicated gold
RU-D04905,,RU,Kaktus,https://kaktus.media/doc/332384_nasa_pokazalo_izmenenie_klimata_zemli_s_1880_goda.html,2016-01-29,НАСА показало изменение климата Земли с 1880 года,По теме:2015 год стал самым теплым за всю историю наблюденийНациональное управление по воздухоплаванию и исследованию ко,RELEVANT,SCIENCE_GEN,RELEVANT,SCIENCE_GEN,,,ru_2,NASA climate change data
RU-00099,,RU,Daryo.uz,https://daryo.uz/ru/2024/02/15/google-razrabotaet-i-zapustit-sputnik-s-celu-otslezivania-vrednyh-vybrosov-v-okolozemnom-prostranstve/,2024-02-15,Google будет отслеживать вредные выбросы в околоземном пространстве,При помощи спутника,RELEVANT,SCIENCE_GEN,RELEVANT,SCIENCE_GEN,,,ru_1,Google satellite tracks emissions
RU-D04656,,RU,Tengrinews,https://tengrinews.kz/story/kakie-pingviny-mogut-isceznut-iz-za-globalnogo-potepleniia-389131/,2020-01-20,"Какие пингвины могут исчезнуть из-за глобального потепления, рассказали ученые: 20 января 2020 09:18 - новости на Tengrinews.kz","Tengrinews.kz ▶ Какие пингвины могут исчезнуть из-за глобального потепления, рассказали ученые: 20 января 2020 09:18 ▶ Читать подробнее актуальные новости и события на сайте.",RELEVANT,SCIENCE_GEN,RELEVANT,SCIENCE_GEN,,,ru_2,penguins extinction from warming
RU-D03827,,RU,Sputnik,https://sputnik.kg/20190919/bishkekte-klimattyk-festival-otot-1045736793.html,,Кыргызстанда 1960-жылдан бери абанын температурасы канчага өскөнү айтылды,20-27-сентябрь күндөрү дүйнө боюнча климатты сактоо жумалыгы өтөт. Бул күндөрү 150 өлкөнүн тургундары экологияны коргоо максатында көчөгө чыгат.,RELEVANT,SCIENCE_GEN,RELEVANT,SCIENCE_GEN,,,ru_2,temperature rise since 1960
RU-D00245,,RU,Kaktus,https://kaktus.media/doc/462795_shveycariia_dast_dengi_na_zashity_kyrgyzstancev_ot_posledstviy_izmeneniia_klimata.html,2022-06-30,Швейцария даст деньги на защиту кыргызстанцев от последствий изменения климата,"Швейцария выделит $2,2 млн на поддержку наиболее уязвимых сельских сообществ ""для повышения устойчивости к изменению климата и снижению риска стихийных бедствий"".",RELEVANT,POLICY,RELEVANT,POLICY,,,ru_2,climate adaptation finance Switzerland
RU-D03022,,RU,Kaktus,https://kaktus.media/doc/438529_depytaty_jk_4_goda_nazad_sami_davali_razreshenie_kymtory_na_osvoenie_ynichtojenie_lednikov.html,2021-05-17,Депутаты ЖК 4 года назад сами давали разрешение Кумтору на освоение (уничтожение) ледников,Депутаты поручили кабмину ввести внешнее управление на Кумторе. Одна из ключевых причин - ледники. Хотя в 2017 году этот же созыв парламента дал разрешение компании на освоение этих ледников. Акылбек Жапаров тогда тоже проголосовал за.,RELEVANT,WATER_CRYO,RELEVANT,WATER_CRYO,,,ru_2,glacier destruction/mining Kumtor
RU-D02860,,RU,Kaktus,https://kaktus.media/doc/509984_v_kyrgyzstane_razrabotaut_plan_po_adaptacii_k_izmeneniu_klimata.html,2024-09-25,В Кыргызстане разработают план по адаптации к изменению климата,В Кыргызстане хотят создать план действий по адаптации к изменениям климата. Подробности:,RELEVANT,POLICY,RELEVANT,POLICY,,,ru_2,climate adaptation plan
RU-C00524,,RU,24.kg,https://24.kg/archive/ru/community/62001-v-kyrgyzstane-na-lednike-yenilchek-nachata.html/,2009-09-01,В Кыргызстане на леднике Энильчек начата установка автоматической станции геомониторинга,В Кыргызстане на леднике Энильчек начата установка автоматической станции геомониторингаВ Кыргызстане на леднике Энильчек начата установка автоматической станции геомониторинга. Об этом сего,RELEVANT,WATER_CRYO,RELEVANT,WATER_CRYO,,1,ru_1,glacier geomonitoring station install
RU-D02787,,RU,Kaktus,https://kaktus.media/doc/528476_v_sele_kyzyl_oryk_na_issyk_kyle_postroiat_solnechnyu_elektrostanciu.html,2025-07-28,В селе Кызыл-Орук на Иссык-Куле построят солнечную электростанцию,Подписано инвестиционное соглашение о реализации проекта по строительству и эксплуатации солнечной электростанции в селе Кызыл-Орук Иссык-Кульской области.,RELEVANT,ENERGY,RELEVANT,ENERGY,,,ru_2,solar power plant
RU-D03672,,RU,Tengrinews,https://tengrinews.kz/kazakhstan_news/jdt-kaspiy-2050-goda-minekologii-ozvuchilo-stsenariya-594125/,2026-03-09,Что ждёт Каспий до 2050 года: Минэкологии озвучило два сценария,"Уровень Каспийского моря продолжает снижаться. Tengrinews.kz узнал, что ждёт Каспий до 2050 года.",RELEVANT,WATER_CRYO,RELEVANT,WATER_CRYO,,,ru_2,Caspian level decline scenarios
RU-00051,,RU,Daryo.uz,https://daryo.uz/ru/2024/04/05/vlasti-zimbabve-vveli-v-strane-rezim-bedstvia-iz-za-zasuhi/,2024-04-05,Власти Зимбабве ввели в стране режим бедствия из-за засухи,"Международная команда климатологов пришла к выводу, что с вероятностью 90% в нескольких районах Земли до июня 2024 года будет наблюдаться рекордная жара",RELEVANT,DISASTER,RELEVANT,DISASTER,,,ru_2,"Zimbabwe drought disaster, climate"
RU-D05296,,RU,Kaktus,https://kaktus.media/doc/464196_anomalnaia_jara_v_regione._cherez_5_let_ledniki_rastaut_i_my_ostanemsia_bez_vody.html,2022-07-27,"Аномальная жара в регионе. Через 5 лет ледники растают, и мы останемся без воды?","В Кыргызстане больше недели держатся аномально жаркие температуры, были побиты абсолютные максимумы. Через несколько лет при такой жаре объемы наших ледников, по оценкам специалистов, уменьшатся. А значит в регионе будут проблемы с водой.",RELEVANT,WATER_CRYO,RELEVANT,WATER_CRYO,,,ru_2,"heat, glacier melt, water scarcity"
RU-D04116,,RU,Tengrinews,https://tengrinews.kz/world_news/millionyi-lyudey-nahodyatsya-ugrozoy-navodneniya-444986/,2021-08-05,Миллионы людей находятся под угрозой наводнения - исследование: 05 августа 2021 07:46 - новости на Tengrinews.kz,Tengrinews.kz ▶ Миллионы людей находятся под угрозой наводнения - исследование: 05 августа 2021 07:46 ▶ Читать подробнее актуальные новости и события на сайте.,RELEVANT,DISASTER,RELEVANT,SCIENCE_GEN,,1,ru_2,"flood threat study, millions"
RU-D01863,,RU,Tengrinews,https://tengrinews.kz/kazakhstan_news/meleet-glazah-kaspiyskoe-more-povtorit-sudbu-aralskogo-477630/,2022-09-12,”Мелеет на глазах”. Каспийское море может повторить судьбу Аральского: 12 сентября 2022 22:53 - новости на Tengrinews.kz,Tengrinews.kz ▶ ”Мелеет на глазах”. Каспийское море может повторить судьбу Аральского: 12 сентября 2022 22:53 ▶ Читать подробнее актуальные новости и события на сайте.,RELEVANT,WATER_CRYO,RELEVANT,WATER_CRYO,,,ru_2,Caspian shallowing like Aral
RU-D01288,,RU,Kaktus,https://kaktus.media/doc/483749_bolshe_jarkih_dney_taianie_lednikov_i_zasyha:_kak_meniaetsia_klimat_v_kyrgyzstane.html,2023-07-13,"Больше жарких дней, таяние ледников и засуха: как меняется климат в Кыргызстане",С какими последствиями изменения климата мы сталкиваемся уже сейчас и какие ожидать? Анализ:,RELEVANT,SCIENCE_GEN,RELEVANT,SCIENCE_GEN,,,ru_1,climate change impacts Kyrgyzstan explainer
RU-D04258,,RU,Sputnik,https://sputnik.kg/20230603/bishkekte-suu-tartysh-bolup-meriya-charalardy-koruudo-1075927881.html,,"Бишкектеги суу тартыш: бийлик мончо, бассейн, автоунаа жууган жайларды жабууда",Акыркы жылдары борбор калаада жайында элди таза суу менен камсыздоодо маселе жаралып келет.,RELEVANT,WATER_CRYO,RELEVANT,WATER_CRYO,,,gold,IAA adjudicated gold
RU-D01043,,RU,Tengrinews,https://tengrinews.kz/science/posledstviia-globalnogo-potepleniia-obieiasnili-ucenye-317919/,2017-05-12,Последствия глобального потепления объяснили ученые: 12 мая 2017 20:34 - новости на Tengrinews.kz,Tengrinews.kz ▶ Последствия глобального потепления объяснили ученые: 12 мая 2017 20:34 ▶ Читать подробнее актуальные новости и события на сайте.,RELEVANT,SCIENCE_GEN,RELEVANT,SCIENCE_GEN,,,ru_1,global warming consequences explained
RU-D04129,,RU,Sputnik,https://sputnik.kg/20181103/yaponiya-chakan-aral-zhogoluu-1041833337.html,,Япониянын жээгиндеги чакан арал түп-орду менен жоголуп кетти,"Акыркы маалыматтар боюнча арал турган жердеги суу 1,4 метр жогору көтөрүлгөн.",RELEVANT,WATER_CRYO,NOT_RELEVANT,,,,ru_2,
RU-01087,,RU,Daryo.uz,https://daryo.uz/ru/2026/03/25/uzbekistan-selevaya-opasnost-dojd-gornie-rayony-seleopasno/,2026-03-25,В девяти регионах Узбекистана объявили селевую опасность,26 и 28-30 марта в предгорных и горных районах ожидаются дожди.,RELEVANT,DISASTER,NOT_RELEVANT,,,1,ru_2,"rain-driven sel warning, weather hazard"
RU-C00083,,RU,Daryo.uz,https://daryo.uz/ru/2023/06/10/my-zivem-v-usloviah-nervnogo-klimata-grozit-li-kazahstanu-zasuha-i-gibel-skota/,2023-06-10,Мы живем в условиях «нервного» климата: грозит ли Казахстану засуха и гибель скота?,В 5 регионах страны ожидается климатическая проблема,RELEVANT,AGRI_LAND,RELEVANT,DISASTER,,,gold,IAA adjudicated gold
RU-C00128,,RU,Daryo.uz,https://daryo.uz/ru/2023/09/09/v-kyrgyzstane-mozet-ne-ostatsa-lednikov-zamdirektora-sluzby-vodnyh-resursov-kr/,2023-09-09,В Кыргызстане может не остаться ледников - замдиректора Службы водных ресурсов КР,Такую информацию приводят эксперты Европейской экономической комиссии ООН,RELEVANT,WATER_CRYO,RELEVANT,WATER_CRYO,,,ru_2,glaciers may disappear
RU-C00527,,RU,24.kg,https://24.kg/archive/ru/bigtiraj/107655-prichudy-klimata-kotorye-udvaivayut-risk-vojny.html/,2011-08-26,"Причуды климата, которые удваивают риск войны, пишет","Причуды климата, которые удваивают риск войны, пишетThe Independent (Великобритания). Путем статистического анализа американские ученые установили зависимость между циклами Эль-Ниньо и часто",RELEVANT,HEALTH_SOCIETY,RELEVANT,SCIENCE_GEN,,,ru_2,El Nino-conflict research
RU-D00743,,RU,Kaktus,https://kaktus.media/doc/487254_kompaniia_china_energy_predlojila_postroit_solnechnyu_elektrostanciu_na_issyk_kyle.html,2023-09-17,Компания China Energy предложила построить солнечную электростанцию на Иссык-Куле,Китайская компания China Energy Engineering Corporation выразила намерение построить солнечную электростанцию на территории села Тору-Айгыр Иссык-Кульской области мощностью 500 МВт.,RELEVANT,ENERGY,RELEVANT,ENERGY,,,ru_2,solar power plant build-out
RU-D04355,,RU,Kaktus,https://kaktus.media/doc/454221_v_bishkekskoy_shkole_ystanovili_solnechnyy_kollektor._chto_eto_dalo_video.html,2022-02-10,В бишкекской школе установили солнечный коллектор. Что это дало? (видео),В будущем школы Бишкека могут перевести на солнечное отопление. А пока школьники получили возможность мыть руки теплой водой.,RELEVANT,ENERGY,RELEVANT,ENERGY,,,ru_1,school solar collector installed
RU-D00517,,RU,Tengrinews,https://tengrinews.kz/europe/portugaliya-ispaniya-stradayut-silneyshey-1200-let-zasuhi-472439/,2022-07-05,Португалия и Испания страдают от сильнейшей за 1200 лет засухи - исследование: 05 июля 2022 17:42 - новости на Tengrinews.kz,Tengrinews.kz ▶ Португалия и Испания страдают от сильнейшей за 1200 лет засухи - исследование: 05 июля 2022 17:42 ▶ Читать подробнее актуальные новости и события на сайте.,RELEVANT,DISASTER,RELEVANT,DISASTER,,,ru_1,Iberia worst drought 1200 years
RU-D01914,,RU,Kaktus,https://kaktus.media/doc/522083_52_mln_na_vosstanovlenie_prirody._kyrgyzstan_zapyskaet_krypneyshiy_ekologicheskiy_proekt.html,2025-04-17,$52 млн на восстановление природы. Кыргызстан запускает крупнейший экологический проект,"В Кыргызстане стартовала масштабная экологическая инициатива RESILAND CA+, направленная на защиту природы и предотвращение природных катастроф.",RELEVANT,AGRI_LAND,RELEVANT,AGRI_LAND,,1,ru_1,"nature restoration, disaster prevention project"
RU-D02574,,RU,Kaktus,https://kaktus.media/doc/548332_jiteley_kyrgyzstana_priglasili_na_ekologicheskie_konkyrsy_s_denejnymi_prizami._ysloviia.html,2026-06-19,Жителей Кыргызстана пригласили на экологические конкурсы с денежными призами. Условия,"Жителей Кыргызстана старше 18 лет приглашают к участию в трех экоконкурсах от российской платформы ""Эковики"". Организуйте уборки, праздники или посадки деревьев и выиграйте денежные призы до 50 000 рублей.",NOT_RELEVANT,,NOT_RELEVANT,,,,ru_2,
RU-D02274,,RU,Tengrinews,https://tengrinews.kz/football/kazaxstan-obygral-portugaliiu-i-vysel-v-final-cm-po-futzalu-352278/,2018-08-24,Казахстан обыграл Португалию и вышел в финал ЧМ по футзалу: 24 августа 2018 23:15 - новости на Tengrinews.kz,Tengrinews.kz ▶ Казахстан обыграл Португалию и вышел в финал ЧМ по футзалу: 24 августа 2018 23:15 ▶ Читать подробнее актуальные новости и события на сайте.,NOT_RELEVANT,,NOT_RELEVANT,,,,ru_1,
RU-D03426,,RU,Sputnik,https://sputnik.kg/20170420/bishkekte-77-zhashtagy-kempir-zharakat-aldy-1032987942.html,,Бишкекте үйүн өрттөп ийген 77 жаштагы кемпир өзү да жабыркап ооруканага түштү,Кырсык Бишкек шаарында Токтогул жана Бейшеналиева көчөлөрүнүн кесилишинде болгон.,NOT_RELEVANT,,NOT_RELEVANT,,,,ru_1,
RU-D05814,,RU,Sputnik,https://sputnik.kg/20200420/rossiyalyk-zharan-arashan-ajylyna-2-5-mln-somduk-okuu-kitep-belekke-berdi-1047957718.html,,"Россиялык жаран Арашан айылына 2,5 млн. сомдук белек даярдады","Консул мындан сырткары Түштүк Сахалинде жашап, иштеп жаткан кыргызстандыктардын балдары үчүн кыргыз тилиндеги китептерди алууга жана тилчи мугалим тартууга ниети бар экенин айтты.",NOT_RELEVANT,,NOT_RELEVANT,,,,ru_2,
RU-D05879,,RU,Sputnik,https://sputnik.kg/20170306/malikovgo-kol-saluuga-shektelgen-zharan-kamakka-alyndy-1032087768.html,,Маликовго кол салууга шектелип Түркиядан экстрадицияланган жаран камакка алынды,Маликовго кол салды деп шектелген экинчи жаран Ырыскул Бейшеналиев 3-мартта Түркиядан Кыргызстанга экстрадицияланган.,NOT_RELEVANT,,NOT_RELEVANT,,,,ru_1,
RU-D03663,,RU,Sputnik,https://sputnik.kg/20171210/ajsuluu-tynybekovaga-zolotoj-mangust-syjlygy-tapshyryldy-1036759493.html,,"Айсулуу Тыныбековага эл аралык ""Золотой мангуст"" сыйлыгы тапшырылды","Сыйлык тапшыруу аземи кечээ, 9-декабрда, Украинанын Одесса шаарында өткөн",NOT_RELEVANT,,NOT_RELEVANT,,,,ru_2,
RU-D03276,,RU,Tengrinews,https://tengrinews.kz/healthy/poslednee-solnechnoe-zatmenie-goda-proizoydet-14-oktyabrya-k-513384/,2023-10-13,Последнее солнечное затмение этого года произойдет 14 октября: как к нему подготовиться: 13 октября 2023 07:41 - новости на Tengri Life,Tengrinews.kz ▶ Последнее солнечное затмение этого года произойдет 14 октября: как к нему подготовиться: 13 октября 2023 07:41 ▶ Читать подробнее актуальные новости и события на сайте.,NOT_RELEVANT,,NOT_RELEVANT,,,,ru_1,
RU-D04836,,RU,Tengrinews,https://tengrinews.kz/kazakhstan_news/ekoaktivisty-obsudili-novyi-proekt-ekologiceskogo-kodeksa-rk-379640/,2019-09-20,Экоактивисты обсудили новый проект Экологического кодекса РК: 20 сентября 2019 14:44 - новости на Tengrinews.kz,Tengrinews.kz ▶ Экоактивисты обсудили новый проект Экологического кодекса РК: 20 сентября 2019 14:44 ▶ Читать подробнее актуальные новости и события на сайте.,NOT_RELEVANT,,NOT_RELEVANT,,,,ru_2,
RU-D00424,,RU,Tengrinews,https://tengrinews.kz/kazakhstan_news/kazaxstan-rassmatrivaet-vopros-vozobnovlenii-poletov-sarm-es-289117/,2016-02-16,Казахстан рассматривает вопрос о возобновлении полетов в Шарм-эш-Шейх: 16 февраля 2016 12:22 - новости на Tengrinews.kz,Tengrinews.kz ▶ Казахстан рассматривает вопрос о возобновлении полетов в Шарм-эш-Шейх: 16 февраля 2016 12:22 ▶ Читать подробнее актуальные новости и события на сайте.,NOT_RELEVANT,,NOT_RELEVANT,,,,gold,IAA adjudicated gold
RU-D05147,,RU,Kaktus,https://kaktus.media/doc/500685_v_brazilii_proizoshlo_moshneyshee_za_poslednie_80_let_navodnenie._pogibli_39_chelovek_video.html,2024-05-04,В Бразилии произошло мощнейшее за последние 80 лет наводнение. Погибли 39 человек (видео),"На юге Бразилии произошло самое мощное наводнение за последние 80 лет. Жертвами стихии в штате Риу-Гранди-ду-Сул стали 39 человек, еще 68 числятся пропавшими без вести.",NOT_RELEVANT,,RELEVANT,DISASTER,,1,ru_1,"record Brazil flood, no explicit climate"
RU-D01538,,RU,Tengrinews,https://tengrinews.kz/kazakhstan_news/seansy-13-letnego-malcika-iz-aralska-sobiraiut-tolpy-liudei-298324/,2016-07-10,Сеансы 13-летнего мальчика из Аральска собирают толпы людей: 10 июля 2016 04:43 - новости на Tengrinews.kz,Tengrinews.kz ▶ Сеансы 13-летнего мальчика из Аральска собирают толпы людей: 10 июля 2016 04:43 ▶ Читать подробнее актуальные новости и события на сайте.,NOT_RELEVANT,,NOT_RELEVANT,,,,ru_2,
RU-C00163,,RU,24.kg,https://24.kg/archive/ru/osh/77250-aksakaly-sel-narimana-i-furkata-kara-suujskogo.html/,2010-06-22,Аксакалы сел Наримана и Фурката Кара-Сууйского района Ошской области Кыргызстана высказались в поддержку референдума,Аксакалы сел Наримана и Фурката Кара-Сууйского района Ошской области Кыргызстана высказались в поддержку референдумаАксакалы сел Наримана и Фурката Кара-Сууйского района Ошской области Кыргы,NOT_RELEVANT,,NOT_RELEVANT,,,,ru_1,
RU-D00489,,RU,Tengrinews,https://tengrinews.kz/world_news/spassii-milliony-detei-donor-usel-na-pokoi-344407/,2018-05-17,Спасший миллионы детей донор ушел на покой: 17 мая 2018 01:54 - новости на Tengrinews.kz,Tengrinews.kz ▶ Спасший миллионы детей донор ушел на покой: 17 мая 2018 01:54 ▶ Читать подробнее актуальные новости и события на сайте.,NOT_RELEVANT,,NOT_RELEVANT,,,,ru_1,
RU-D04506,,RU,Tengrinews,https://tengrinews.kz/events/pozar-v-mnogoetaznom-dome-proizosel-v-astane-310089/,2017-01-15,Пожар в многоэтажном доме произошел в Астане: 15 января 2017 19:52 - новости на Tengrinews.kz,Tengrinews.kz ▶ Пожар в многоэтажном доме произошел в Астане: 15 января 2017 19:52 ▶ Читать подробнее актуальные новости и события на сайте.,NOT_RELEVANT,,NOT_RELEVANT,,,,ru_2,
RU-D05812,,RU,Sputnik,https://sputnik.kg/20180817/kyrgyzstan-ehl-aralyk-zhashtar-forum-lageri-1040659666.html,,Кыргызстанда эл аралык жаштар форум-лагери старт алды,Анда кыз-уландар тоо арасында түрдүү долбоорлорду талкуулашат.,NOT_RELEVANT,,NOT_RELEVANT,,,,ru_1,
RU-D02695,,RU,Kaktus,https://kaktus.media/doc/444660_stroitelstvo_etajki_na_karalaeva_prodoljaetsia_vopreki_predpisaniu_o_prekrashenii_rabot.html,2021-08-20,Строительство этажки на Каралаева продолжается вопреки предписанию о прекращении работ,"На улице Каралаева начали строить многоэтажку и даже продают квартиры. Но разрешительных документов у них нет, считают жители, живущие рядом.",NOT_RELEVANT,,NOT_RELEVANT,,,,ru_2,
RU-D04779,,RU,Tengrinews,https://tengrinews.kz/kazakhstan_news/navodnenie-v-turkestanskoy-oblasti-kak-jivut-evakuirovannyie-401072/,2020-05-04,Наводнение в Туркестанской области: как живут эвакуированные: 04 мая 2020 19:30 - новости на Tengrinews.kz,Tengrinews.kz ▶ Наводнение в Туркестанской области: как живут эвакуированные: 04 мая 2020 19:30 ▶ Читать подробнее актуальные новости и события на сайте.,NOT_RELEVANT,,NOT_RELEVANT,,,,ru_1,
RU-D04516,,RU,Sputnik,https://sputnik.kg/20190129/bishkek-zhol-kyrsyk-zharadar-1043087850.html,,Жолтандабастын мас айдоочусу үч автоунаанын тамтыгын чыгара сүздү. Видео,Жабыркаган таксист учурда реанимацияда жатат.,NOT_RELEVANT,,NOT_RELEVANT,,,,ru_2,
RU-D01885,,RU,Kaktus,https://kaktus.media/doc/389167_v_bishkeke_iz_okna_3_go_etaja_vybrosilsia_25_letniy_paren._on_pogib.html,2019-04-01,В Бишкеке из окна 3-го этажа выбросился 25-летний парень. Он погиб,В Бишкеке из окна 3-го этажа выбросился 25-летний бишкекчанин. Он был обкурен и пьяный.,NOT_RELEVANT,,NOT_RELEVANT,,,,ru_2,
RU-D05221,,RU,Sputnik,https://sputnik.kg/20220810/ujku-paralichi-psihiatrdyn-maegi-1066659963.html,,Албарсты басабы же баспайбы? Психиатрдын уйку параличи тууралуу кызыктуу маеги,"Адам уктап жатканда муунтуу менен коштолгон уйку-соонун ортосундагы абалды элдик түшүнүктөрдө ""албарсты басты"" деп сүрөттөп келишет. Ал эми бул абал медицинада уйку параличи (сонный паралич) деп аталат.",NOT_RELEVANT,,NOT_RELEVANT,,,,ru_1,
RU-D03413,,RU,Tengrinews,https://tengrinews.kz/my-country/kazaxstan-vosel-v-top-5-stran-mira-dlia-desevogo-turizma-378335/,2019-09-05,Казахстан вошел в топ-5 стран мира для дешевого туризма: 05 сентября 2019 10:56 - новости на Tengritravel.kz,Tengrinews.kz ▶ Казахстан вошел в топ-5 стран мира для дешевого туризма: 05 сентября 2019 10:56 ▶ Читать подробнее актуальные новости и события на сайте.,NOT_RELEVANT,,NOT_RELEVANT,,,,ru_1,
RU-D03912,,RU,Sputnik,https://sputnik.kg/20161007/zhoosh-ajylynan-choolor-tabylgan-zhok-1029620248.html,,"Айыл өкмөтү Тиллабаев: чөөлөр табылган жок, эл кооптонбой тынчып калды","Сентябрь айында Кара-Суу районуна караштуу Мамажан айылынын тургундары аймакта чөөлөр пайда болуп алар мүрзөлөрдү казып, маркумдардын сөөктөрүн жеп жатканын билдиришкен.",NOT_RELEVANT,,NOT_RELEVANT,,,,ru_1,
RU-D02211,,RU,Kaktus,https://kaktus.media/doc/516840_postradaet_ekologiia_chleny_sadovyh_tovarishestv_vystypili_s_obrasheniem_k_prezidenty_i_jk.html,2025-01-26,"""Пострадает экология!"" Члены садовых товариществ выступили с обращением к президенту и ЖК","Оказывается, далеко не все представители садовых товариществ и объединений согласны с присоединением их дач к населенным пунктам. И вот почему:",NOT_RELEVANT,,NOT_RELEVANT,,,,ru_2,
RU-D03434,,RU,Kaktus,https://kaktus.media/doc/433986_glava_mchs_obvinil_stroykompanii_v_yhydshenii_ekologii_bishkeka.html,2021-03-19,Глава МЧС обвинил стройкомпании в ухудшении экологии Бишкека,"""Во что вы превратили наш город?!"" - спросил глава МЧС представителей компаний.",NOT_RELEVANT,,NOT_RELEVANT,,,,ru_2,
RU-C00241,,RU,24.kg,https://24.kg/archive/ru/sport/135363-delegaciya-kyrgyzstana-na-paralimpijskie-igry.html/,2012-08-23,Делегация Кыргызстана на Паралимпийские игры составит 3 человека,Делегация Кыргызстана на Паралимпийские игры составит 3 человекаДелегация Кыргызстана на летние Паралимпийские игры составит 3 человека. Об этом сегодня на пресс-конференции сообщил директор,NOT_RELEVANT,,NOT_RELEVANT,,,,ru_1,
RU-D03466,,RU,Sputnik,https://sputnik.kg/20240720/bishkek-meriya-sel-1087197183.html,,Бишкек мэри сел жүрүшү мүмкүн делген жерлерди текшерип чыкты. Видео,Буга чейин калк арасында Ала-Арча капчыгайынын төрүндөгү Адыгине жана майда көлдөрдүн дамбасынын жырылуу коркунучу бар деген кооптонуу жаралган.,NOT_RELEVANT,,NOT_RELEVANT,,,,gold,IAA adjudicated gold
RU-D01457,,RU,Sputnik,https://sputnik.kg/20180907/aksh-zharan-aryktoo-1040986905.html,,76 килограммга арыктаган АКШнын жараны диетасынын сырын ачты,"Энтони Браун карындашы кант диабети менен ооруп калганда аябай катуу таасирленип, коркуп калган.",NOT_RELEVANT,,NOT_RELEVANT,,,,ru_2,
RU-D04676,,RU,Tengrinews,https://tengrinews.kz/asia/chislo-jertv-navodneniya-v-kitae-vyiroslo-443754/,2021-07-22,Число жертв наводнения в Китае выросло: 22 июля 2021 11:05 - новости на Tengrinews.kz,Tengrinews.kz ▶ Число жертв наводнения в Китае выросло: 22 июля 2021 11:05 ▶ Читать подробнее актуальные новости и события на сайте.,NOT_RELEVANT,,NOT_RELEVANT,,,,ru_1,
RU-D04272,,RU,Sputnik,https://sputnik.kg/20180209/bishkekti-zhylkynyn-tobu-aralady-1037673221.html,,Бишкекте оттоп жүргөн жылкыларды милиция айдап кетти. Сүрөт,Милиция кызматкерлери жылкыларды Биринчи Май райондук милиция бөлүмүнүн короосуна айдап келишкен.,NOT_RELEVANT,,NOT_RELEVANT,,,,gold,IAA adjudicated gold
RU-D03308,,RU,Tengrinews,https://tengrinews.kz/events/opolzen-soshel-medeuskom-rayone-almatyi-dojdi-okazalis-pri-599367/,2026-05-15,Оползень сошел в Медеуском районе Алматы - дожди оказались ни при чем,"В Алматы в предгорном районе вновь сошёл оползень. В сети появилось видео происшествия. Ситуацию прокомментировали в городском ДЧС, передаёт Tengrinews.kz.",NOT_RELEVANT,,NOT_RELEVANT,,,,gold,IAA adjudicated gold
RU-D05862,,RU,Kaktus,https://kaktus.media/doc/514590_merdok_proigral_syd_svoim_detiam_kotorye_sostavili_plan_zashity_po_serialy_nasledniki.html,2024-12-12,"Мердок проиграл суд своим детям, которые составили план защиты по сериалу ""Наследники""","93-летний миллиардер Руперт Мердок пытался лишить младших детей права управлять семейным трастом, но проиграл им суд, так как они посмотрели сериал ""Наследники"" и составили по нему план защиты.",NOT_RELEVANT,,NOT_RELEVANT,,,,ru_2,
RU-D01715,,RU,Sputnik,https://sputnik.kg/20240104/rftin-kuralduu-kuchtorundogu-chet-eldikter-rossiya-zharandygyn-ala-turgan-boldu-1081751961.html,,Атайын операцияга катышкандар Россиянын жарандыгын алышат. Путиндин жарлыгы,"Документте айтылган шарттар Россиянын Куралдуу күчтөрүнүн катарында кызмат өтөп, бирок бошогондорго да тиешелүү экени айтылды.",NOT_RELEVANT,,NOT_RELEVANT,,,,ru_1,
RU-D00736,,RU,Kaktus,https://kaktus.media/doc/526455_bolee_80_tys._chelovek_evakyirovali_iz_za_silnogo_navodneniia_na_ugo_zapade_kitaia_foto.html,2025-06-25,Более 80 тыс. человек эвакуировали из-за сильного наводнения на юго-западе Китая (фото),Мир продолжают сотрясать природные катаклизмы. Подробнее:,NOT_RELEVANT,,RELEVANT,DISASTER,,1,ru_2,major China flood evacuation
RU-D02293,,RU,Tengrinews,https://tengrinews.kz/kazakhstan_news/v-almatyi-poobeschali-zakupat-tolko-ekologichnyie-avtobusyi-391691/,2020-02-15,В Алматы пообещали закупать только экологичные автобусы: 15 февраля 2020 21:18 - новости на Tengrinews.kz,Tengrinews.kz ▶ В Алматы пообещали закупать только экологичные автобусы: 15 февраля 2020 21:18 ▶ Читать подробнее актуальные новости и события на сайте.,NOT_RELEVANT,,NOT_RELEVANT,,,,ru_1,
RU-D04916,,RU,Tengrinews,https://tengrinews.kz/kazakhstan_news/vred-ekologii-predpriyatie-pyitalos-uklonitsya-nalogov-525170/,2024-02-03,Вред экологии: предприятие пыталось уклониться от налогов на полмиллиарда в Павлодаре,"Прокуратура области выявила уклонение от уплаты налогов на сумму полмиллиарда тенге, передает корреспондент Tengrinews.kz.",NOT_RELEVANT,,NOT_RELEVANT,,,,ru_1,
RU-D03315,,RU,Kaktus,https://kaktus.media/doc/513497_solnechnye_elektrostancii_sportkompleksy_i_it_centry._da_eto_vse_o_gorodah_kyrgyzstana.html,2024-11-30,"Солнечные электростанции, спорткомплексы и IT-центры. Да, это все о городах Кыргызстана","В Бишкеке прошел форум мэров городов Кыргызстана. Они обсудили инициативы и проекты, направленные на улучшение качества городской среды для детей и молодежи. Редакция Kaktus.media спросила у градоначальников о планах и проделанной работе.",NOT_RELEVANT,,NOT_RELEVANT,,,,ru_1,
RU-D03377,,RU,Sputnik,https://sputnik.kg/20220805/boomdo-kajradan-sel-zhurdu-1066572468.html,,"Боомдо кайрадан сел жүрүп, жол жабылды. Видео",Боом аркылуу өткөн бардык транспорт каражаттарынын кыймылына эки тараптан тең чектөө киргизилди.,NOT_RELEVANT,,NOT_RELEVANT,,,1,ru_1,"single mudflow, road closed"
RU-D04793,,RU,Sputnik,https://sputnik.kg/20200713/tizme-kok-boruchu-nurzhan-melisbek-uulu-el-aralyk-klasstagy-sportchu-boldu-1048997633.html,,Көк бөрүчүлөр баштаган бир катар спортчуларга наам ыйгарылды. Тизме,"Өлкө желегин желбиреткен спортчулар ардагерлер арасында эл аралык класстагы спорт чебери, эл аралык класстагы спорт чебери жана спорт чебери болушту.",NOT_RELEVANT,,NOT_RELEVANT,,,,ru_2,
RU-D02963,,RU,Tengrinews,https://tengrinews.kz/events/vzryv-proizosel-v-odnom-iz-ofisov-stokgolma-291207/,2016-03-21,Взрыв произошел в одном из офисов Стокгольма: 21 марта 2016 10:45 - новости на Tengrinews.kz,Tengrinews.kz ▶ Взрыв произошел в одном из офисов Стокгольма: 21 марта 2016 10:45 ▶ Читать подробнее актуальные новости и события на сайте.,NOT_RELEVANT,,NOT_RELEVANT,,,,ru_2,
RU-D01553,,RU,Sputnik,https://sputnik.kg/20220131/kyrgyzstan-menen-rossiyanyn-gidroenergetika-boyuncha-alakasy-1061701487.html,,Адис Кыргызстан менен Россиянын гидроэнергетика боюнча алакасын айтып берди,"""Гидропроект"" институту"" АКсынын филиалы Бишкекте былтыркы жылдын август айында ачылган. Ал учурда министрлер кабинетине өлкөдөгү келечеги бар деген гидроэнергетикалык 15 долбоорду сунуштаган.",NOT_RELEVANT,,NOT_RELEVANT,,,1,ru_1,"hydropower cooperation, no climate angle"
RU-D02008,,RU,Tengrinews,https://tengrinews.kz/story/belgiec-ne-prisel-za-lotereinym-vyigrysem-v-6-millionov-evro-300422/,2016-08-14,Бельгиец не пришел за лотерейным выигрышем в 6 миллионов евро: 14 августа 2016 16:11 - новости на Tengrinews.kz,Tengrinews.kz ▶ Бельгиец не пришел за лотерейным выигрышем в 6 миллионов евро: 14 августа 2016 16:11 ▶ Читать подробнее актуальные новости и события на сайте.,NOT_RELEVANT,,NOT_RELEVANT,,,,ru_2,
RU-D04780,,RU,Sputnik,https://sputnik.kg/20171107/kyrgyzstandyy-zharany-ramzan-kadyrovgo-zhylky-tartuulady-1036199801.html,,Кыргызстандык Өмүралиев Рамзан Кадыровго аргымак тартуулады. Видео,Кадыров атты жалпы Чечен элине тартууланган белек катары зор ыраазылык менен кабыл алганын жазган,NOT_RELEVANT,,NOT_RELEVANT,,,,ru_1,
RU-D00213,,RU,Sputnik,https://sputnik.kg/20260115/chet-olkoluk-zharandardyn-zhuruu-tartibi-ozgordu-1099154061.html,,Кыргызстанда чет өлкөлүк жарандардын жүрүү тартиби өзгөрдү,"БИШКЕК, 15-янв. — Sputnik. Кыргызстанда чет өлкөлүк жарандардын жүрүү тартиби өзгөрдү. Министрлер кабинетинин токтому ""Эркин-Тоо"" гезитине жарыяланды.",NOT_RELEVANT,,NOT_RELEVANT,,,,ru_1,
RU-C00441,,RU,Daryo.uz,https://daryo.uz/ru/2023/11/03/v-taskente-v-asnabadskom-rajone-proizosel-krupnyj-pozar-video/,2023-11-03,В Ташкенте в Яшнабадском районе произошел крупный пожар (видео),Ситуацию прокомментировали в пресс-службе МЧС,NOT_RELEVANT,,NOT_RELEVANT,,,,ru_1,
RU-D05046,,RU,Tengrinews,https://tengrinews.kz/story/progryzaiushhee-metall-nasekomoe-nasel-doma-kostanaec-354615/,2018-09-30,Прогрызающее металл насекомое нашел дома костанаец: 30 сентября 2018 15:16 - новости на Tengrinews.kz,Tengrinews.kz ▶ Прогрызающее металл насекомое нашел дома костанаец: 30 сентября 2018 15:16 ▶ Читать подробнее актуальные новости и события на сайте.,NOT_RELEVANT,,NOT_RELEVANT,,,,ru_2,
RU-D03808,,RU,Tengrinews,https://tengrinews.kz/story/vybrosennoe-avstraliiskii-pliaz-sushhestvo-ozadacilo-360140/,2018-12-24,Выброшенное на австралийский пляж существо озадачило пользователей: 24 декабря 2018 04:59 - новости на Tengrinews.kz,Tengrinews.kz ▶ Выброшенное на австралийский пляж существо озадачило пользователей: 24 декабря 2018 04:59 ▶ Читать подробнее актуальные новости и события на сайте.,NOT_RELEVANT,,NOT_RELEVANT,,,,ru_1,
RU-D02239,,RU,Tengrinews,https://tengrinews.kz/kazakhstan_news/problemu-nujno-reshit-i-navsegda-tokaev-ekologii-almatyi-454484/,2021-11-19,Проблему нужно решить раз и навсегда - Токаев об экологии Алматы: 19 ноября 2021 17:46 - новости на Tengrinews.kz,Tengrinews.kz ▶ Проблему нужно решить раз и навсегда - Токаев об экологии Алматы: 19 ноября 2021 17:46 ▶ Читать подробнее актуальные новости и события на сайте.,NOT_RELEVANT,,NOT_RELEVANT,,1,,ru_2,
RU-D05466,,RU,Sputnik,https://sputnik.kg/20160930/kyrgyzstan-ajdoochuluktun-ehl-aralyk-standartyn-tuzuunu-sunushtady-1029465401.html,,Кыргызстан айдоочулуктун эл аралык стандартын түзүүнү сунуштады,"VI эл аралык ""Жол коопсуздугу коопсуз жашоо үчүн"" конгрессинде сөз сүйлөгөн КРдин вице-премьери Жеңиш Разаков катышуучулардын көңүлүн айдоочуларды даярдоо жаатына бурду.",NOT_RELEVANT,,NOT_RELEVANT,,,,ru_1,
RU-D00101,,RU,Sputnik,https://sputnik.kg/20251117/kyrgyz-kinochularynyn-zharatkan-mykty-emgekteri-1097913005.html,,"Таасирленткен, жашыткан, ойлонткон кыргыздын мыкты кинолору. Сүрөт түрмөк","17-ноябрь — Кыргыз кино өнөрүнүн күнү. Кылымга жакын убакыттын ичинде сонун кинолор тартылып, элдин табитин калыптандырып, руханий-эстетикалык да рахат тартуулады.",NOT_RELEVANT,,NOT_RELEVANT,,,,gold,IAA adjudicated gold
RU-D03485,,RU,Sputnik,https://sputnik.kg/20181130/berlindegi-kyrgyz-ekologu-maksat-anarbaev-1042223812.html,,Берлиндеги эколог Анарбаев: жазда ишембилик өткөрүү таптакыр туура эмес,"Дароо айтып коёюн, бул маекте ""Сиз жашаган жер кандай экен? Канча акча табасыз? Кайсы өлкөлөргө саякаттап келдиңиз?"" деген суроолор берилген жок. Анын ордуна Кыргызстанга эмнени алып келиш керек, немистерден эмне үйрөнсөк болот деген...",NOT_RELEVANT,,NOT_RELEVANT,,,,ru_2,
RU-D01654,,RU,Kaktus,https://kaktus.media/doc/328755_ychenye_issledovali_vizity_v_kokandskoe_hanstvo_angliyskih_emissarov.html,2015-11-26,Ученые исследовали визиты в Кокандское ханство английских эмиссаров,В Великобритании провели научные исследования в целях сбора и анализа достоверных сведений о выдающемся государственном,NOT_RELEVANT,,NOT_RELEVANT,,,,ru_2,
RU-D03270,,RU,Sputnik,https://sputnik.kg/20240229/bishkek-batirlerdin-izhara-akysy-1083029138.html,,Бишкекте батирлердин ижарасы канча болууда? Февралга карата маалымат,Бишкекте 2024-жылдын февраль айында батирлердин ижара акысы кандай өзгөрдү? Кыймылсыз мүлк рыногундагы абал тууралуу биздин инфографикадан маалымат алыңыз.,NOT_RELEVANT,,NOT_RELEVANT,,,,ru_2,
RU-D02623,,RU,Sputnik,https://sputnik.kg/20170123/petrovka-ajylyndagy-abakta-ok-atyldy-1031395761.html,,Петровка айылындагы абакта түндө ок атылды,"Окуядан кийин колонияда жаза мөөнөтүн өтөп жаткандар текшерилип, алардын жанынан сырттан ыргытылган буюмдар табылган эмес.",NOT_RELEVANT,,NOT_RELEVANT,,,,ru_1,
RU-D05104,,RU,Kaktus,https://kaktus.media/doc/406468_kak_zahlamliaut_bishkek._fotoreportaj_sanitarno_ekologicheskoy_inspekcii.html,2020-02-20,Как захламляют Бишкек. Фоторепортаж Санитарно-экологической инспекции,Санитарно-экологическая инспекция мэрии ежедневно выявляет много нарушителей правил благоустройства столицы.,NOT_RELEVANT,,NOT_RELEVANT,,,,ru_2,
RU-D03772,,RU,Sputnik,https://sputnik.kg/20230805/tankerge-zhasalgan-chabuuldan-ekologiyalyk-kyrsyk-bolo-zhazdady-1077590771.html,,Захарова: танкерге жасалган чабуул масштабдуу экологиялык коркунучту жаратты,"Россия ТИМинин өкүлү буга окшогон варвардык акциялар жоопсуз калбастыгын, ал эми аны жасагандар, аткаргандар жазасын аларын айтты.",NOT_RELEVANT,,NOT_RELEVANT,,,,ru_1,
RU-C00399,,RU,24.kg,https://24.kg/archive/ru/bigtiraj/155328-kitajskim-chinovnikam-predpisano-vybrosit-vse-vip.html/,2013-05-29,"Китайским чиновникам предписано выбросить все VIP-карты, рассказывает","Китайским чиновникам предписано выбросить все VIP-карты, рассказываетReuters (Великобритания). Начальник китайской антикоррупционной службы Ван Цишань предписал ряду чиновников избавиться от",NOT_RELEVANT,,NOT_RELEVANT,,,,ru_1,
RU-D04193,,RU,Sputnik,https://sputnik.kg/20230502/kyrgyz-zharandary-da-bukmeker-oynosun-sunush-1074944886.html,,Букмекердик кеңсеге кыргыз жарандары да кирсин. Атазов менен Малиевдин демилгеси,"Демилгенин авторлору букмекерге ставка коюуну азарттык оюн эмес, интеллектуалдык мелдеш деп эсептейт.",NOT_RELEVANT,,NOT_RELEVANT,,,,ru_1,
RU-D01832,,RU,Tengrinews,https://tengrinews.kz/europe/drevnie-artefaktyi-nashli-v-lednikah-norvegii-421475/,2020-11-27,Древние артефакты нашли в ледниках Норвегии: 27 ноября 2020 18:25 - новости на Tengrinews.kz,Tengrinews.kz ▶ Древние артефакты нашли в ледниках Норвегии: 27 ноября 2020 18:25 ▶ Читать подробнее актуальные новости и события на сайте.,NOT_RELEVANT,,NOT_RELEVANT,,,,ru_1,
RU-D00021,,RU,Kaktus,https://kaktus.media/doc/413967_cik_kr:_vozobnovlenie_vyborov_v_mestnye_keneshi_zavisit_ot_epidemiologicheskoy_sityacii.html,2020-05-28,ЦИК КР: Возобновление выборов в местные кенеши зависит от эпидемиологической ситуации,"Вопрос проведения мероприятия такого массового характера, как выборы, будет решаться с учетом эпидемиологической ситуации в стране и официальных рекомендаций штаба.",NOT_RELEVANT,,NOT_RELEVANT,,,,gold,IAA adjudicated gold
RU-D02357,,RU,Tengrinews,https://tengrinews.kz/internet/sboi-proizosel-v-rabote-whatsapp-371632/,2019-06-18,Сбой произошел в работе WhatsApp: 18 июня 2019 13:25 - новости на Tengrinews.kz,Tengrinews.kz ▶ Сбой произошел в работе WhatsApp: 18 июня 2019 13:25 ▶ Читать подробнее актуальные новости и события на сайте.,NOT_RELEVANT,,NOT_RELEVANT,,,,ru_1,
RU-D00056,,RU,Tengrinews,https://tengrinews.kz/kazakhstan_news/rassledovanie-otnosenii-olesi-keksel-prekrashheno-glava-mvd-386440/,2019-12-13,Расследование в отношении Олеси Кексель прекращено - глава МВД: 13 декабря 2019 09:14 - новости на Tengrinews.kz,Tengrinews.kz ▶ Расследование в отношении Олеси Кексель прекращено - глава МВД: 13 декабря 2019 09:14 ▶ Читать подробнее актуальные новости и события на сайте.,NOT_RELEVANT,,NOT_RELEVANT,,,,ru_2,
RU-D04697,,RU,Sputnik,https://sputnik.kg/20231017/kyrgyzstanga-indiya-zhana-kytaydyn-zharandary-7-kun-vizasyz-kire-alat-1079549237.html,,Индия менен Кытайдын жарандары Кыргызстанда визасыз 7 күн жүрө алат,"Кытайдын бир катар аймактарынын тургундары үчүн бир ай, тагыраагы, 30 күнгө берилмей болду.",NOT_RELEVANT,,NOT_RELEVANT,,,,ru_2,
RU-D02431,,RU,Sputnik,https://sputnik.kg/20200411/ministr-ehl-aralyk-fond-nasyya-pajyz-1047823427.html,,КР эл аралык уюмдардан кайсы мөөнөткө канча пайыздык насыя алды? Тизме,"Министрдин айтымында, өлкөдө дээрлик бардык бизнестин ишинин токтошу республикалык бюджетти аткарууга олуттуу таасирин тийгизүүдө.",NOT_RELEVANT,,NOT_RELEVANT,,,,ru_2,
RU-D02286,,RU,Tengrinews,https://tengrinews.kz/kazakhstan_news/tokaev-prinyal-ministra-ekologii-suleymenovu-491084/,2023-02-13,Токаев принял министра экологии Сулейменову: 13 февраля 2023 18:45 - новости на Tengrinews.kz,Tengrinews.kz ▶ Токаев принял министра экологии Сулейменову: 13 февраля 2023 18:45 ▶ Читать подробнее актуальные новости и события на сайте.,NOT_RELEVANT,,NOT_RELEVANT,,,,ru_2,
RU-D01866,,RU,Sputnik,https://sputnik.kg/20230410/makron-evropanyn-tayvandan-ulam-chykkan-kastashuuga-aralashkanyna-karshy-1074321151.html,,Макрон Европанын Тайвандан улам чыккан касташууга аралашканына каршы. АКШ үн катты,"Макрон Европанын башка аймактардагы өлкөлөрдүн күн тартибине ыңгайлашпай, эки жагын карап, өзүнүн кызыкчылыктарын ойлошу керектигин айтты.",NOT_RELEVANT,,NOT_RELEVANT,,,,ru_2,
RU-D03160,,RU,Tengrinews,https://tengrinews.kz/kazakhstan_news/vizit-prosel-uspesno-nazarbaev-dal-poruceniia-itogam-poezdki-335899/,2018-01-22,”Визит прошел успешно”. Назарбаев дал поручения по итогам поездки в США: 22 января 2018 15:58 - новости на Tengrinews.kz,Tengrinews.kz ▶ ”Визит прошел успешно”. Назарбаев дал поручения по итогам поездки в США: 22 января 2018 15:58 ▶ Читать подробнее актуальные новости и события на сайте.,NOT_RELEVANT,,NOT_RELEVANT,,,,ru_1,
RU-D01249,,RU,Tengrinews,https://tengrinews.kz/money/almaty-prosel-centralnoaziatskii-festival-reklamy-red-380390/,2019-09-30,В Алматы прошел центральноазиатский фестиваль рекламы Red Jolbors: 30 сентября 2019 15:49 - новости на Tengrinews.kz,Tengrinews.kz ▶ В Алматы прошел центральноазиатский фестиваль рекламы Red Jolbors: 30 сентября 2019 15:49 ▶ Читать подробнее актуальные новости и события на сайте.,NOT_RELEVANT,,NOT_RELEVANT,,,,ru_1,
RU-D04376,,RU,Sputnik,https://sputnik.kg/20220810/ak-ilbirsti-saktayly-zharysh-ekologdorgo-niva-1066673332.html,,"Ак илбирсти сактоо жарышынан түшкөн акчага алынган ""Нива"" экологдорго берилди",Кыргызстандын булуң-бурчунан келген ышкыбоздор быйыл 25-сентябрда чуркашат.,NOT_RELEVANT,,NOT_RELEVANT,,,,ru_2,
RU-D01408,,RU,Tengrinews,https://tengrinews.kz/sng/armiya-azerbaydjana-vzyala-kontrol-13-sel-karabahe-aliev-417987/,2020-10-23,Армия Азербайджана взяла под контроль 13 сел в Карабахе - Алиев: 23 октября 2020 20:42 - новости на Tengrinews.kz,Tengrinews.kz ▶ Армия Азербайджана взяла под контроль 13 сел в Карабахе - Алиев: 23 октября 2020 20:42 ▶ Читать подробнее актуальные новости и события на сайте.,NOT_RELEVANT,,NOT_RELEVANT,,,,ru_2,
RU-D03669,,RU,Sputnik,https://sputnik.kg/20250801/kyrgyzstan-ekologiya-zharatylysh-zheyren-1095661841.html,,Тоң районунда багылып жаткан 30 жейрен жаратылышка кое берилди,"БИШКЕК, 1-авг. — Sputnik. Ысык-Көл облусунун Тоң районунда багылып жаткан 30 жейрен жаратылышка кое берилди. Бул тууралуу Жаратылыш ресурстары, экология жана техникалык көзөмөл министрлигинен билдиришти.",NOT_RELEVANT,,NOT_RELEVANT,,,,ru_1,
RU-D05254,,RU,Tengrinews,https://tengrinews.kz/kazakhstan_news/skolko-skota-pogiblo-iz-za-zasuhi-ozvuchili-v-minselhoze-445657/,2021-08-12,"Сколько скота погибло из-за засухи, озвучили в Минсельхозе: 12 августа 2021 17:59 - новости на Tengrinews.kz","Tengrinews.kz ▶ Сколько скота погибло из-за засухи, озвучили в Минсельхозе: 12 августа 2021 17:59 ▶ Читать подробнее актуальные новости и события на сайте.",NOT_RELEVANT,,RELEVANT,AGRI_LAND,,,ru_2,livestock died from drought
RU-D02718,,RU,Sputnik,https://sputnik.kg/20231207/sayakbay-karalaev-atyndagy-siylyk-uyushturuu-1081057277.html,,Парламентте Саякбай Каралаев атындагы сыйлык уюштуруу сунушталды,Сыйлык тапшырууну кийинки жылы манасчынын 130 жылдык мааракесине карата баштоо кажет.,NOT_RELEVANT,,NOT_RELEVANT,,,,ru_1,
RU-D03197,,RU,Sputnik,https://sputnik.kg/20191209/bishkek-ok-atuu-zharakat-algandar-1046470429.html,,Бишкектеги атышуудан үч киши жаракат алды,"Борбор калаанын батыш тарабында ок атылып, окуя болгон жерге келген милиция анын чоо-жайын тактап жатат.",NOT_RELEVANT,,NOT_RELEVANT,,,,ru_2,
RU-D02458,,RU,Tengrinews,https://tengrinews.kz/events/vzryv-doma-symkente-proizosel-iz-za-naruseniia-ustanovke-309628/,2017-01-08,Взрыв дома в Шымкенте произошел из-за нарушения при установке газовых приборов: 08 января 2017 19:09 - новости на Tengrinews.kz,Tengrinews.kz ▶ Взрыв дома в Шымкенте произошел из-за нарушения при установке газовых приборов: 08 января 2017 19:09 ▶ Читать подробнее актуальные новости и события на сайте.,NOT_RELEVANT,,NOT_RELEVANT,,,,ru_1,
RU-D01554,,RU,Sputnik,https://sputnik.kg/20170515/zamir-sydykov-kulagan-karusel-boyuncha-iliktenip-zhatat-1033380618.html,,Сыдыков: кулаган карусель боюнча иликтөө жүрүп жатат,"Ош шаарында 14-май күнү ""Алишер Навои"" эс алуу жайда карусель кулап 11 адам жабыркаган.",NOT_RELEVANT,,NOT_RELEVANT,,,,gold,IAA adjudicated gold
RU-D03319,,RU,Sputnik,https://sputnik.kg/20180731/moskva-mushtash-kr-zharany-kaza-boldu-1040430766.html,,Москва шаарындагы мушташтан КР жараны каза болду,КР жаранынын сөөгү мекенине 31-июлда жөнөтүлөт жана бул иш элчиликтин көзөмөлүндө.,NOT_RELEVANT,,NOT_RELEVANT,,,,ru_1,
RU-D01035,,RU,Tengrinews,https://tengrinews.kz/kazakhstan_news/xlopok-gazovozdusnoi-smesi-proizosel-v-mnogoetazke-almaty-291292/,2016-03-23,Хлопок газовоздушной смеси произошел в многоэтажке Алматы: 23 марта 2016 11:09 - новости на Tengrinews.kz,Tengrinews.kz ▶ Хлопок газовоздушной смеси произошел в многоэтажке Алматы: 23 марта 2016 11:09 ▶ Читать подробнее актуальные новости и события на сайте.,NOT_RELEVANT,,NOT_RELEVANT,,,,ru_1,
RU-D03509,,RU,Tengrinews,https://tengrinews.kz/kazakhstan_news/kitay-vozobnovlyaet-vyidachu-viz-grajdanam-kazahstana-471030/,2022-06-15,Китай возобновляет выдачу виз гражданам Казахстана: 15 июня 2022 14:37 - новости на Tengrinews.kz,Tengrinews.kz ▶ Китай возобновляет выдачу виз гражданам Казахстана: 15 июня 2022 14:37 ▶ Читать подробнее актуальные новости и события на сайте.,NOT_RELEVANT,,NOT_RELEVANT,,,,ru_1,
RU-D03279,,RU,Tengrinews,https://tengrinews.kz/mixnews/iskusstvennyi-intellekt-prevzosel-vracei-diagnostike-348910/,2018-07-12,Искусственный интеллект превзошел врачей в диагностике опухолей: 12 июля 2018 07:05 - новости на Tengri Life,Tengrinews.kz ▶ Искусственный интеллект превзошел врачей в диагностике опухолей: 12 июля 2018 07:05 ▶ Читать подробнее актуальные новости и события на сайте.,NOT_RELEVANT,,NOT_RELEVANT,,,,gold,IAA adjudicated gold
RU-D03430,,RU,Tengrinews,https://tengrinews.kz/local_sport/aleksei-poltoranin-vysel-polufinal-sprinta-olimpiade-2018-337536/,2018-02-13,Алексей Полторанин не вышел в полуфинал спринта на Олимпиаде-2018: 13 февраля 2018 18:24 - новости на Tengrinews.kz,Tengrinews.kz ▶ Алексей Полторанин не вышел в полуфинал спринта на Олимпиаде-2018: 13 февраля 2018 18:24 ▶ Читать подробнее актуальные новости и события на сайте.,NOT_RELEVANT,,NOT_RELEVANT,,,,ru_2,
RU-D00535,,RU,Sputnik,https://sputnik.kg/20210912/mugalim-okuuchu-konflikt-zharalsa-1053882207.html,,Мугалим менен окуучунун ортосундагы конфликтини ата-эне кантип чече алат,"Адистин пикиринде, адатта ата-эне мектептеги кырдаал тууралуу баладан гана угуп билет. Андыктан дароо мугалим менен урушууга даярданбай, анын дагы пикирин угушу зарыл.",NOT_RELEVANT,,NOT_RELEVANT,,,,gold,IAA adjudicated gold
RU-D02571,,RU,Sputnik,https://sputnik.kg/20181031/karalaev-ehl-kyrgyz-intelligenciyasy-taberik-surot-1041792784.html,,Кара көз айнекчен Саякбай Каралаев менен залкарлар чай үстүндө. Таберик сүрөт,"Солдон оңго Саякбай Каралаев, драматург Касымалы Жантөшев, жазуучу Шүкүрбек Бейшеналиев, акын Кубанычбек Маликов, адабиятчы Өмүркул Жакишев жана жазуучу Аалы Токомбаев",NOT_RELEVANT,,NOT_RELEVANT,,,,ru_2,
RU-D01600,,RU,Sputnik,https://sputnik.kg/20220618/peterburgdagy-el-aralyk-forumda-5-6-trillion-rubldik-kelishimder-tuzuldu-1065368313.html,,"Петербургдагы эл аралык форумда 5,6 триллион рублдик келишимдер түзүлдү",Эл аралык иш-чарага Кыргызстандан министрлер кабинетинин төрагасы Акылбек Жапаров катышты.,NOT_RELEVANT,,NOT_RELEVANT,,,,ru_2,
RU-D02215,,RU,Sputnik,https://sputnik.kg/20210921/bishkekte-umut-el-aralyk-kino-forumu-bashtaldy-1053970822.html,,"Залкардын элесине арналат. Бишкекте ""Үмүт"" эл аралык кинофоруму башталды","Бул маданий иш-чара СССРдин эл артисти, кыргыз кино өнөрүнүн алптарынын бири, режиссёр Болот Шамшиевдин 80 жылдыгына арналган.",NOT_RELEVANT,,NOT_RELEVANT,,,,ru_1,
RU-D02899,,RU,Tengrinews,https://tengrinews.kz/events/flakony-opasnoi-vakcinoi-vybrosili-dorogi-almatinskoi-351204/,2018-08-09,Флаконы с опасной вакциной выбросили у дороги в Алматинской области: 09 августа 2018 23:02 - новости на Tengrinews.kz,Tengrinews.kz ▶ Флаконы с опасной вакциной выбросили у дороги в Алматинской области: 09 августа 2018 23:02 ▶ Читать подробнее актуальные новости и события на сайте.,NOT_RELEVANT,,NOT_RELEVANT,,,,ru_1,
RU-D05188,,RU,Kaktus,https://kaktus.media/doc/348353_solnechnye_deti._roditeli_osoboy_devochki_ysynovili_malysha_s_sindromom_dayna.html,2016-12-04,Солнечные дети. Родители особой девочки усыновили малыша с синдромом Дауна,"В Министерстве социального развития сетуют, что национальное усыновление в республике не развивается, потому что кыргызс",NOT_RELEVANT,,NOT_RELEVANT,,,,ru_1,
RU-D04107,,RU,Sputnik,https://sputnik.kg/20210529/indiya-okeany-aral-kurulush-1052657526.html,,Индия океанына сууда сүзүүчү курорт-арал курулат. Ал таштанды чогултмакчы,"Сүзүп жүрүүчү аралда мейманкана ачылат. Дайыма жашыл болуп турган дарактар отургузулуп, күндөн энергия алуучу батареялар менен жабдылат.",NOT_RELEVANT,,NOT_RELEVANT,,,,ru_1,
RU-D01495,,RU,Tengrinews,https://tengrinews.kz/cinema/asel-sadvakasova-predstavila-posledniuiu-komediiu-366784/,2019-04-09,Асель Садвакасова представила последнюю комедию перед долгосрочным отпуском: 09 апреля 2019 18:15 - новости на Tengrinews.kz,Tengrinews.kz ▶ Асель Садвакасова представила последнюю комедию перед долгосрочным отпуском: 09 апреля 2019 18:15 ▶ Читать подробнее актуальные новости и события на сайте.,NOT_RELEVANT,,NOT_RELEVANT,,,,ru_1,
RU-D00413,,RU,Tengrinews,https://tengrinews.kz/kazakhstan_news/turl-tartu-taralgyi-beru-syiylyik-talap-etu-diplom-satyip-411743/,2020-08-19,"”Түрлі тарту-таралғы беру, сыйлық талап ету, диплом сатып алу - келмеске кетуі керек”: 19 августа 2020 14:55 - новости на Tengrinews.kz","Tengrinews.kz ▶ ”Түрлі тарту-таралғы беру, сыйлық талап ету, диплом сатып алу - келмеске кетуі керек”: 19 августа 2020 14:55 ▶ Читать подробнее актуальные новости и события на сайте.",NOT_RELEVANT,,NOT_RELEVANT,,,,ru_2,
RU-D05468,,RU,Sputnik,https://sputnik.kg/20180502/ispaniyanyn-zharany-chek-aradan-karmaldy-1038951782.html,,Он жашар кызды Кыргызстандан алып кетмекчи болгон испаниялык жаран кармалды,Чек арадан өтүүгө аракет кылган кишинин 50 жашта экени аныкталды.,NOT_RELEVANT,,NOT_RELEVANT,,,,ru_2,
RU-C00563,,RU,Daryo.uz,https://daryo.uz/ru/2023/08/06/poluzasitnik-sbornoj-uzbekistana-peresel-v-cska/,2023-08-06,Полузащитник сборной Узбекистана перешел в ЦСКА,Соглашение с 19-летним игроком рассчитано до окончания сезона-2025/26,NOT_RELEVANT,,NOT_RELEVANT,,,,ru_2,
RU-C00702,,RU,Daryo.uz,https://daryo.uz/ru/2025/07/10/v-taskente-iz-za-vysokogo-davlenia-proizosel-proryv-truby-s-goracej-vodoj-video/,2025-07-10,В Ташкенте из-за высокого давления произошел прорыв трубы с горячей водой (видео),В результате происшествия трое граждан получили легкие телесные повреждения.,NOT_RELEVANT,,NOT_RELEVANT,,,,ru_2,
RU-D04379,,RU,Tengrinews,https://tengrinews.kz/events/gonshhik-s-al-farabi-nazar-rollan-sel-pianym-za-rul-porsche-382777/,2019-10-29,”Гонщик с Аль-Фараби” Назар Роллан сел пьяным за руль Porsche: 29 октября 2019 15:21 - новости на Tengrinews.kz,Tengrinews.kz ▶ ”Гонщик с Аль-Фараби” Назар Роллан сел пьяным за руль Porsche: 29 октября 2019 15:21 ▶ Читать подробнее актуальные новости и события на сайте.,NOT_RELEVANT,,NOT_RELEVANT,,,,ru_2,
RU-D01062,,RU,Kaktus,https://kaktus.media/doc/502234_ekolog:_doveriayte_professionalam_ne_doveriayte_politikam_video.html,2024-05-28,"Эколог: Доверяйте профессионалам, не доверяйте политикам (видео)","Международный эксперт по экологии Булат Есекин заявил, что политики в руках бизнеса.",NOT_RELEVANT,,NOT_RELEVANT,,,,ru_1,
RU-D03324,,RU,Tengrinews,https://tengrinews.kz/kazakhstan_news/akim-symkenta-zapretil-sluzebnye-avto-peresel-podcinennymi-328802/,2017-10-16,Аким Шымкента запретил служебные авто и пересел с подчиненными на автобусы: 16 октября 2017 17:16 - новости на Tengrinews.kz,Tengrinews.kz ▶ Аким Шымкента запретил служебные авто и пересел с подчиненными на автобусы: 16 октября 2017 17:16 ▶ Читать подробнее актуальные новости и события на сайте.,NOT_RELEVANT,,NOT_RELEVANT,,,,ru_1,
RU-D02675,,RU,Tengrinews,https://tengrinews.kz/kazakhstan_news/akimov-i-ih-zamov-oshtrafovali-za-ekologicheskie-narusheniya-527936/,2024-02-29,Акимов и их замов оштрафовали за экологические нарушения,"В Министерстве экологии рассказали, на какую сумму оштрафовали чиновников за экологические нарушения в Казахстане, передает корреспондент Tengrinews.kz.",NOT_RELEVANT,,NOT_RELEVANT,,,,gold,IAA adjudicated gold
RU-D00582,,RU,Tengrinews,https://tengrinews.kz/hockey/zashhitnik-barysa-10-sezonov-kxl-peresel-rossiiskii-klub-351999/,2018-08-21,Защитник ”Барыса” после 10 сезонов КХЛ перешел в российский клуб: 21 августа 2018 17:36 - новости на Tengrinews.kz,Tengrinews.kz ▶ Защитник ”Барыса” после 10 сезонов КХЛ перешел в российский клуб: 21 августа 2018 17:36 ▶ Читать подробнее актуальные новости и события на сайте.,NOT_RELEVANT,,NOT_RELEVANT,,,,ru_2,
RU-D04253,,RU,Sputnik,https://sputnik.kg/20250416/aksh-grant-kyrgyzstan-zharandyk-koom-1093353439.html,,"АКШ чет жакка берчү 215 млн. долларлык грантты токтотту, ичинде Кыргызстан да бар","БИШКЕК, 16-апр. — Sputnik. АКШнын Мамлекеттик департаменти чет өлкөлөргө бөлүнгөн 215 миллион доллар өлчөмүндөгү грантты жокко чыгарды. Бул тууралуу DOGE департаменти соцтармактагы баракчасы аркылуу билдирди.",NOT_RELEVANT,,NOT_RELEVANT,,,,ru_2,
RU-D00041,,RU,Sputnik,https://sputnik.kg/20220215/kosh-boyluu-ayaldarga-beker-karalgan-meditsinalyk-kyzmattar-1062049048.html,,Кош бойлуу аялдарга бекер көрсөтүлө турган медициналык кызматтар. Тизме,Кандайдыр бир суроолор жаралса Медициналык милдеттүү камсыздандыруу фондунун (ММКФ) 113 номерине чалса болот.,NOT_RELEVANT,,NOT_RELEVANT,,,,ru_1,
RU-C00217,,RU,24.kg,https://24.kg/archive/ru/parlament/63617-kuban-ajdaraliev-v-kyrgyzstane-iz-za.html/,2009-10-02,Кубан Айдаралиев: В Кыргызстане из-за нерационального использования пастбищ многие из них деградировали,Кубан Айдаралиев: В Кыргызстане из-за нерационального использования пастбищ многие из них деградировали«В Кыргызстане из-за нерационального использования пастбищ многие из них деградир,NOT_RELEVANT,,RELEVANT,AGRI_LAND,,1,ru_2,pasture/land degradation
RU-C00483,,RU,24.kg,https://24.kg/archive/ru/community/138956-v-ryade-sel-chujskoj-oblasti-i-stolice.html/,2012-10-09,В ряде сел Чуйской области и столице Кыргызстана отключено электричество,В ряде сел Чуйской области и столице Кыргызстана отключено электричествоВ ряде сел Чуйской области и столице Кыргызстана отключено электричество. Об этом сообщает пресс-служба ОАО «Сев,NOT_RELEVANT,,NOT_RELEVANT,,,,ru_2,
RU-D04830,,RU,Kaktus,https://kaktus.media/doc/527734_paralimpiycy_jalaldiny_abdyvalievy_i_ego_treneram_vrychili_denejnye_sertifikaty_ot_kabmina.html,2025-07-15,Паралимпийцу Жалалдину Абдувалиеву и его тренерам вручили денежные сертификаты от кабмина,Параспортсмену Жалалдину Абдувалиеву вручили полмиллиона сомов от государства. Подробнее:,NOT_RELEVANT,,NOT_RELEVANT,,,,gold,IAA adjudicated gold
RU-D05014,,RU,Kaktus,https://kaktus.media/doc/426595_posledstviia_pandemii._mestnye_vlasti_smogyt_reshat_komy_mojno_vozobnovliat_raboty.html,2020-11-24,"Последствия пандемии. Местные власти смогут решать, кому можно возобновлять работу",Местные органы власти будут уполномочены решать вопросы возобновления различных видов экономической деятельности.,NOT_RELEVANT,,NOT_RELEVANT,,,,ru_2,
RU-D03914,,RU,Tengrinews,https://tengrinews.kz/kazakhstan_news/muzcina-s-otvertkoi-v-golove-vysel-iz-komy-378297/,2019-09-04,Мужчина с отверткой в голове вышел из комы: 04 сентября 2019 18:54 - новости на Tengrinews.kz,Tengrinews.kz ▶ Мужчина с отверткой в голове вышел из комы: 04 сентября 2019 18:54 ▶ Читать подробнее актуальные новости и события на сайте.,NOT_RELEVANT,,NOT_RELEVANT,,,,gold,IAA adjudicated gold
RU-C00097,,RU,Daryo.uz,https://daryo.uz/ru/2024/03/23/pod-moskvoj-proizosel-terakt-video-strelby/,2024-03-23,Под Москвой произошел теракт (видео 18+),"Погибло, как минимум 40 человек",NOT_RELEVANT,,NOT_RELEVANT,,,,ru_1,
RU-C00168,,RU,24.kg,https://24.kg/archive/ru/cis/152075-pod-chelyabinskom-zaderzhan-yemissar-terroristov.html/,2013-04-12,Под Челябинском задержан эмиссар террористов из Кыргызстана,Под Челябинском задержан эмиссар террористов из КыргызстанаВ Магнитогорске (Челябинская область) в ходе проведения операции по противодействию религиозному экстремизму со стороны иностранцев,NOT_RELEVANT,,NOT_RELEVANT,,,,ru_1,
RU-D04435,,RU,Tengrinews,https://tengrinews.kz/story/bereg-cili-vybrosilo-kita-ogromnoi-strannoi-siskoi-golove-314757/,2017-03-25,На берег Чили выбросило кита с огромной странной шишкой на голове: 25 марта 2017 07:31 - новости на Tengrinews.kz,Tengrinews.kz ▶ На берег Чили выбросило кита с огромной странной шишкой на голове: 25 марта 2017 07:31 ▶ Читать подробнее актуальные новости и события на сайте.,NOT_RELEVANT,,NOT_RELEVANT,,,,ru_1,
RU-D04500,,RU,Tengrinews,https://tengrinews.kz/around-the-world/gde-opasno-kupatsya-v-2025-godu-soobschili-ekologi-573365/,2025-06-19,"Где опасно купаться в 2025 году, сообщили экологи","Испания остается одним из самых популярных туристических направлений в мире. Особой любовью у туристов пользуются побережья Валенсии, Каталонии и Андалусии. Однако не все пляжи в этом году подойдут для идеального отдыха: недавно экологи составили список тех, где купание опасно из-за загрязнения и разрушения природной среды, передает Tengri Travel со ссылкой на TheOlivePress.",NOT_RELEVANT,,NOT_RELEVANT,,,,ru_1,
RU-C00657,,RU,24.kg,https://24.kg/archive/ru/community/89626-yekologi-i-pravozashhitniki-kyrgyzstana.html/,2010-12-27,Экологи и правозащитники Кыргызстана выступают против строительства биологической лаборатории в центре города Бишкека,Экологи и правозащитники Кыргызстана выступают против строительства биологической лаборатории в центре города БишкекаЭкологи и правозащитники Кыргызстана выступают против строительства биоло,NOT_RELEVANT,,NOT_RELEVANT,,,,ru_1,
RU-D00475,,RU,Tengrinews,https://tengrinews.kz/kazakhstan_news/kto-zaplatil-i-prosel-oceredi-granice-vozmutili-376030/,2019-08-08,"”Кто заплатил, тот и прошел”. Очереди на границе возмутили Антикоррупционную службу: 08 августа 2019 22:00 - новости на Tengrinews.kz","Tengrinews.kz ▶ ”Кто заплатил, тот и прошел”. Очереди на границе возмутили Антикоррупционную службу: 08 августа 2019 22:00 ▶ Читать подробнее актуальные новости и события на сайте.",NOT_RELEVANT,,NOT_RELEVANT,,,,ru_1,
RU-D00351,,RU,Tengrinews,https://tengrinews.kz/kazakhstan_news/anpz-primeniat-novye-texnologii-snizeniia-nagruzki-ekologiiu-385337/,2019-11-29,АНПЗ надо применять новые технологии для снижения нагрузки на экологию - Ногаев: 29 ноября 2019 15:13 - новости на Tengrinews.kz,Tengrinews.kz ▶ АНПЗ надо применять новые технологии для снижения нагрузки на экологию - Ногаев: 29 ноября 2019 15:13 ▶ Читать подробнее актуальные новости и события на сайте.,NOT_RELEVANT,,NOT_RELEVANT,,,,gold,IAA adjudicated gold
RU-D04336,,RU,Sputnik,https://sputnik.kg/20170605/rossiyada-kr-zharanyn-atyp-ketishti-1033700262.html,,Магнитогорск: заводдун директору КР тургунуна көчөдөн ок чыгарган,Кайым айтышуу атышууга чейин жеткен. Окуя болгондон кийин укук коргоо органдарынын өкүлдөрү директордун үйүнөн үч аңчылык мылтыгын огу менен табышкан.,NOT_RELEVANT,,NOT_RELEVANT,,,,ru_1,
RU-D05602,,RU,Sputnik,https://sputnik.kg/20210918/turkiya-zharandyk-kylmysh-tergoo-1053947735.html,,Сапар Исаковго издөө жарыяланды. ШИИБ Инандыга паспорт берүү ишин тергеп бүттү,"Сотко чейинки өндүрүш 320 (""Кызмат абалынан кыянаттык менен пайдалануу"") жана 319-беренелер (""Коррупция"") менен жүргүзүлгөн.",NOT_RELEVANT,,NOT_RELEVANT,,,,ru_1,
RU-D03653,,RU,Tengrinews,https://tengrinews.kz/world_news/nazvan-samyiy-ekologicheski-chistyiy-gorod-mira-400690/,2020-04-30,Назван самый экологически чистый город мира: 30 апреля 2020 11:01 - новости на Tengrinews.kz,Tengrinews.kz ▶ Назван самый экологически чистый город мира: 30 апреля 2020 11:01 ▶ Читать подробнее актуальные новости и события на сайте.,NOT_RELEVANT,,NOT_RELEVANT,,,,ru_1,
RU-D03374,,RU,Sputnik,https://sputnik.kg/20200107/15-mlrd-som-baaluu-kagazdarga-karalgan-1046704710.html,,"Азимов: 2020-жылдын бюджетинен 15,5 млрд. сом баалуу кагаздарга каралды",Финансы министринин орун басары Алмазбек Азимов баалуу кагаздарды чыгарууга каражат жылдан-жылга көп бөлүнүп жаткандыгын айтты.,NOT_RELEVANT,,NOT_RELEVANT,,,,ru_2,
RU-C00424,,RU,Daryo.uz,https://daryo.uz/ru/2023/07/12/v-indii-iz-za-navodnenij-pogiblo-100-celovek/,2023-07-12,В Индии из-за наводнений погибло более 100 человек,Больше всего погибших зафиксировано в штате Химачал-Прадеше,NOT_RELEVANT,,NOT_RELEVANT,,,,gold,IAA adjudicated gold
RU-D00075,,RU,Sputnik,https://sputnik.kg/20190807/koy-tashta-zhurnalist-zharakat-aldy-1045328975.html,,Атамбаевдин үйүндөгү атышуудан ондон ашуун киши жарадар болду,Ондон ашуун адамдын жаракат алганы боюнча Тез жардамга чакыруу түшкөн.,NOT_RELEVANT,,NOT_RELEVANT,,,,gold,IAA adjudicated gold
RU-C00576,,RU,24.kg,https://24.kg/archive/ru/politic/77629-v-oshskoj-oblasti-kyrgyzstana-budet-vozobnovleno.html/,2010-06-27,В Ошской области Кыргызстана будет возобновлено действие комендантского часа с 28 июня по 10 августа 2010 года,В Ошской области Кыргызстана будет возобновлено действие комендантского часа с 28 июня по 10 августа 2010 годаВ Ошской области Кыргызстана будет возобновлено действие комендантского часа с 2,NOT_RELEVANT,,NOT_RELEVANT,,,,ru_2,
RU-D00453,,RU,Tengrinews,https://tengrinews.kz/kazakhstan_news/fond-dlya-borbyi-za-ekologiyu-sozdan-v-almatyi-391425/,2020-02-13,Фонд для борьбы за экологию создан в Алматы: 13 февраля 2020 10:44 - новости на Tengrinews.kz,Tengrinews.kz ▶ Фонд для борьбы за экологию создан в Алматы: 13 февраля 2020 10:44 ▶ Читать подробнее актуальные новости и события на сайте.,NOT_RELEVANT,,NOT_RELEVANT,,,,ru_2,
RU-D03993,,RU,Tengrinews,https://tengrinews.kz/kazakhstan_news/podtopleniya-turkestanskoy-oblasti-maktaaralskom-rayone-400906/,2020-05-02,Подтопления в Туркестанской области: В Мактааральском районе нет пациентов с COVID-19: 02 мая 2020 13:30 - новости на Tengrinews.kz,Tengrinews.kz ▶ Подтопления в Туркестанской области: В Мактааральском районе нет пациентов с COVID-19: 02 мая 2020 13:30 ▶ Читать подробнее актуальные новости и события на сайте.,NOT_RELEVANT,,RELEVANT,DISASTER,,1,ru_2,"flooding foregrounded, COVID digest"
RU-D05447,,RU,Tengrinews,https://tengrinews.kz/kazakhstan_news/v-zdanii-aeroporta-uralska-prosel-fundament-383534/,2019-11-07,В здании аэропорта Уральска просел фундамент: 07 ноября 2019 17:19 - новости на Tengrinews.kz,Tengrinews.kz ▶ В здании аэропорта Уральска просел фундамент: 07 ноября 2019 17:19 ▶ Читать подробнее актуальные новости и события на сайте.,NOT_RELEVANT,,NOT_RELEVANT,,,,ru_2,
RU-D04117,,RU,Tengrinews,https://tengrinews.kz/kazakhstan_news/tokaev-prinyal-uchastie-respublikanskoy-ekologicheskoy-597905/,2026-04-25,Токаев принял участие в республиканской экологической акции “Таза Қазақстан“,"Глава государства принял участие в республиканской экологической акции ""Таза Қазақстан"". Об этом сообщает пресс-служба Акорды, передаёт Tengrinews.kz.",NOT_RELEVANT,,NOT_RELEVANT,,,,ru_2,
RU-D05569,,RU,Sputnik,https://sputnik.kg/20230325/bishkek-27-mart-ehl-aralyk-teatr-kunu-1073863404.html,,Бишкекте 27-мартта театр мыктылары сыйлык алат,Иш-чара кыргыз театрларында коюлган спектаклдердин жана үзүрлүү эмгек кылган театр кызматкерлеринин эмгегин баалоо максатында уюштурулду.,NOT_RELEVANT,,NOT_RELEVANT,,,,ru_1,
RU-D02238,,RU,Sputnik,https://sputnik.kg/20201029/ehl-aralyk-rezervderdi-koldonuu-1050241718.html,,Карабаева: эл аралык резерв экономикалык эмбарго болсо колдонулат,Улуттук банктын расмий өкүлү Аида Карабаева банктын эл аралык резервдери өлкөнүн алты айлык импортун жабууга жете турганын айтты.,NOT_RELEVANT,,NOT_RELEVANT,,,,ru_2,
RU-D02956,,RU,Sputnik,https://sputnik.kg/20170216/kar-kochkudon-kytajlyk-zharan-zhabyrkady-1031783048.html,,"Каныш-Кыяда кар көчүп, андан кытай жараны жабыркады",Кар көчкүнү компаниянын ашканасы менен жатаканасын басып калган.,NOT_RELEVANT,,NOT_RELEVANT,,,,ru_2,
RU-D01705,,RU,Tengrinews,https://tengrinews.kz/curious/nasa-poluchilo-signal-voyadjera-2-pokinuvshego-solnechnuyu-506503/,2023-08-03,"NASA получило сигнал от ""Вояджера-2"", покинувшего Солнечную систему","Специалисты NASA получили сигнал на несущей частоте космического аппарата ""Вояджер-2"", связь с которым была утеряна в конце июля, передает Tengri Life со ссылкой на Euronews.",NOT_RELEVANT,,NOT_RELEVANT,,,,ru_2,
RU-D03439,,RU,Kaktus,https://kaktus.media/doc/511115_beeline_skysoc_i_solar_proveli_kiberycheniia_v_kyrgyzstane.html,2024-10-14,"Beeline SkySOC и ""Солар"" провели киберучения в Кыргызстане","В Кыргызстане впервые прошли масштабные киберучения, организованные Beeline SkySOC при поддержке группы компаний ""Солар"".",NOT_RELEVANT,,NOT_RELEVANT,,,,ru_2,
RU-D02337,,RU,Tengrinews,https://tengrinews.kz/kazakhstan_news/serikaliy-mukataev-naznachen-vitse-ministrom-ekologii-477834/,2022-09-14,Серикалий Мукатаев назначен вице-министром экологии: 14 сентября 2022 18:32 - новости на Tengrinews.kz,Tengrinews.kz ▶ Серикалий Мукатаев назначен вице-министром экологии: 14 сентября 2022 18:32 ▶ Читать подробнее актуальные новости и события на сайте.,NOT_RELEVANT,,NOT_RELEVANT,,,,gold,IAA adjudicated gold
RU-C00117,,RU,24.kg,https://24.kg/archive/ru/community/126362-v-kyrgyzstane-v-ryade-sel-i-novostroek.html/,2012-04-12,В Кыргызстане в ряде сел и новостроек Аламудунского района не будет электричества,В Кыргызстане в ряде сел и новостроек Аламудунского района не будет электричестваВ ряде сел и новостроек Аламудунского района не будет электричества. Об этом сообщает пресс-служба ОАО «,NOT_RELEVANT,,NOT_RELEVANT,,,,ru_2,
RU-D00784,,RU,Tengrinews,https://tengrinews.kz/curious/asel-sadvakasova-rassekretila-svoego-vozlyublennogo-494896/,2023-03-29,Асель Садвакасова рассекретила своего возлюбленного: 29 марта 2023 18:46 - новости на Tengri Life,Tengrinews.kz ▶ Асель Садвакасова рассекретила своего возлюбленного: 29 марта 2023 18:46 ▶ Читать подробнее актуальные новости и события на сайте.,NOT_RELEVANT,,NOT_RELEVANT,,,,gold,IAA adjudicated gold
RU-C00368,,RU,24.kg,https://24.kg/archive/ru/incidents/137945-prichinoj-pozhara-na-oshskom-rynke-stolicy.html/,2012-09-27,Причиной пожара на Ошском рынке столицы Кыргызстана стали неполадки в электропроводке,"Причиной пожара на Ошском рынке столицы Кыргызстана стали неполадки в электропроводкеПо предварительным данным, причиной пожара 26 сентября в здании по улице Киевской, 254 на Ошском рынке Би",NOT_RELEVANT,,NOT_RELEVANT,,,,ru_1,
RU-D04660,,RU,Tengrinews,https://tengrinews.kz/asia/zertvami-navodneniia-v-indonezii-stali-63-celoveka-365203/,2019-03-17,Жертвами наводнения в Индонезии стали 63 человека: 17 марта 2019 12:54 - новости на Tengrinews.kz,Tengrinews.kz ▶ Жертвами наводнения в Индонезии стали 63 человека: 17 марта 2019 12:54 ▶ Читать подробнее актуальные новости и события на сайте.,NOT_RELEVANT,,RELEVANT,DISASTER,,1,ru_2,Indonesia flood deaths
RU-C00591,,RU,24.kg,https://24.kg/archive/ru/parlament/62488-iskenderbek-ajdaraliev-v-kyrgyzstane-v-2009-2010.html/,2009-09-11,Искендербек Айдаралиев: В Кыргызстане в 2009-2010 годах будет построено более 30 перерабатывающих заводов,Искендербек Айдаралиев: В Кыргызстане в 2009-2010 годах будет построено более 30 перерабатывающих заводов«В Кыргызстане в 2009-2010 годах будет построено более 30 перерабатывающих заво,NOT_RELEVANT,,NOT_RELEVANT,,,,ru_2,
RU-D05947,,RU,Tengrinews,https://tengrinews.kz/kazakhstan_news/silnyiy-snegopad-paralizoval-dvijenie-trassah-yuge-557009/,2024-12-16,Сильный снегопад парализовал движение на трассах на юге Казахстана,"Похолодание и сильный снегопад парализовал движение на трассах в южных регионах Казахстана, передает корреспондент Tengrinews.kz.",NOT_RELEVANT,,NOT_RELEVANT,,,,ru_2,
RU-D05755,,RU,Sputnik,https://sputnik.kg/20190523/anzhelina-zholi-menen-bred-pitt-zharashty-1044428481.html,,ЖМК: Анжелина Жоли менен Брэд Питт жарашты,Жубайлар үч жылдан бери бүтпөй келе жаткан ажырашуу маселесин аягына чыгарган.,NOT_RELEVANT,,NOT_RELEVANT,,,,ru_2,
RU-D04335,,RU,Sputnik,https://sputnik.kg/20161223/kyrgyz-zharandary-moskvada-ehkstremist-dep-karmalyp-1030933189.html,,"Амансызбы, бурадар? Өлкөдө 10:15. Мекендештер Москвада экстремист деп кармалып…",Ак карлуу таңыңыздар менен! Жааган кардын ар бир бүртүгү бакыт жана сүйүү алып келсин.,NOT_RELEVANT,,NOT_RELEVANT,,,,ru_2,
RU-D04930,,RU,Sputnik,https://sputnik.kg/20220924/ujdogu-kurgak-aba-oorulardy-pajda-kylat-1068235610.html,,Кышкысын бөлмөдөгү кургак аба кандай ооруларды пайда кылары айтылды,"Дарыгердин айтымында, үйдүн ичиндеги абада нымдуулук болжол менен 60-80 пайызга жетиши керек. Бирок от жагыла баштаганда бул көрсөткүч кыйла төмөндөйт.",NOT_RELEVANT,,NOT_RELEVANT,,,,gold,IAA adjudicated gold
RU-D03222,,RU,Sputnik,https://sputnik.kg/20251031/shoygu-el-aralyk-festivalda-suylodu-1097561653.html,,Полигондорубуз дайыма даяр турат. Шойгунун эл аралык фестивалдагы сөзү,"БИШКЕК, 31-окт. — Sputnik. Россиянын полигондору зарылдык жаралса дароо колдонууга даяр турат. Бул туурасында РФтин Коопсуздук кеңешинин катчысы Сергей Шойгу Москва шаарында өтүп жаткан ""Россия жана КМШ элдери"" аталышындагы эл аралык...",NOT_RELEVANT,,NOT_RELEVANT,,,,ru_1,
RU-D03607,,RU,Sputnik,https://sputnik.kg/20250324/abdullaat-kadyrov-kurgak-uchuk-ildet-1092835711.html,,Кыргызстанда кургак учуктан каза болгондордун саны азаюуда,"БИШКЕК, 24-мар. — Sputnik. Кыргызстанда кургак учук менен ооругандардын жана андан каза болгондордун саны азаюуда. Бул тууралуу Улуттук фтизиатрия борборунун директору Абдуллаат Кадыров Sputnik Кыргызстандын маалымат борборунда өткөн...",NOT_RELEVANT,,NOT_RELEVANT,,,,gold,IAA adjudicated gold
RU-D05582,,RU,Sputnik,https://sputnik.kg/20220523/aksy-sel-ozgocho-kyrdaal-1064619076.html,,Селден улам Аксыга өзгөчө кырдаал режими киргизилди,"Аталган райондо сел көпүрөлөрдү алып, үйлөрдүн ичине суу кирген.",NOT_RELEVANT,,RELEVANT,DISASTER,,1,ru_2,mudflow (sel) emergency Aksy
RU-D04532,,RU,Sputnik,https://sputnik.kg/20220423/toolor-zhylyna-karata-tch-ish-charalar-1063880406.html,,Эдил Байсалов Тоолор жылына карата өтчү иш-чараларды талкуулады,Байсалов тийиштүү министрликтерге эл аралык уюмдар менен тыгыз иштешүүнү тапшырды.,NOT_RELEVANT,,NOT_RELEVANT,,,,ru_1,
RU-D01397,,RU,Sputnik,https://sputnik.kg/20240712/ukrainadagy-zhanzhalga-aralashyp-zhatkan-mamleketter-1086937963.html,,Кремлде Украинадагы жаңжалга түз аралашып жаткан мамлекеттер аталды,Пентагондо АКШ 2026-жылы Германияга алыска сокку уруучу системаларын жайгаштыра баштай турганы белгиленген.,NOT_RELEVANT,,NOT_RELEVANT,,,,ru_1,
RU-D05849,,RU,Tengrinews,https://tengrinews.kz/kazakhstan_news/dimas-prosel-v-tretii-raund-sou-the-worlds-best-363712/,2019-02-21,Димаш прошел в третий раунд шоу The World's Best: 21 февраля 2019 10:00 - новости на Tengrinews.kz,Tengrinews.kz ▶ Димаш прошел в третий раунд шоу The World's Best: 21 февраля 2019 10:00 ▶ Читать подробнее актуальные новости и события на сайте.,NOT_RELEVANT,,NOT_RELEVANT,,,,ru_1,
RU-D04458,,RU,Sputnik,https://sputnik.kg/20170602/moskvada-suuga-chokkon-kr-zharandyn-soogu-tabyldy-1033657523.html,,Москвада сууга чөгүп кеткен кыргызстандыктын сөөгү табылды,Издөө иштери төрт күн жүргөн.,NOT_RELEVANT,,NOT_RELEVANT,,,,gold,IAA adjudicated gold
RU-D01340,,RU,Kaktus,https://kaktus.media/doc/427138_propal_bez_vesti._miliciia_razyskivaet_16_letnego_altynbeka_aydaralieva_iz_tokmaka.html,2020-12-02,Пропал без вести. Милиция разыскивает 16-летнего Алтынбека Айдаралиева из Токмака,ОВД Токмака разыскивает без вести пропавшего Айдаралиева Алтынбека Уланбековича 2004 года рождения.,NOT_RELEVANT,,NOT_RELEVANT,,,,ru_1,
RU-D01383,,RU,Sputnik,https://sputnik.kg/20171226/olkodon-myjzamsyz-chyguuga-arket-kylgan-zharan-karmaldy-1037018059.html,,Поезддин от жаккан жайына жашырынып Москвага бараткан кыргызстандык кармалды,Бишкек — Москва каттамы менен бараткан кишини жаап-жашырганы үчүн борт коштоочуга айып салынды,NOT_RELEVANT,,NOT_RELEVANT,,,,ru_2,
RU-D01063,,RU,Tengrinews,https://tengrinews.kz/kazakhstan_news/silnyie-osadki-i-poteplenie-pogoda-v-kazahstane-na-3-dnya-461466/,2022-02-09,Сильные осадки и потепление: погода в Казахстане на 3 дня: 09 февраля 2022 11:53 - новости на Tengrinews.kz,Tengrinews.kz ▶ Сильные осадки и потепление: погода в Казахстане на 3 дня: 09 февраля 2022 11:53 ▶ Читать подробнее актуальные новости и события на сайте.,NOT_RELEVANT,,NOT_RELEVANT,,,,ru_1,
RU-D04737,,RU,Sputnik,https://sputnik.kg/20210319/italiya-futbolchu-alysky-aralyk-kooz-gol-video-1051822816.html,,Италиялык футболчу 65 метр аралыктан укмуштуудай гол киргизди. Видео,"Футболчу 65 метрлик аралыктан таамай тээп гол киргизди. Анын командасы беттеште жеңишке жетишип, бул гол Пушкаш сыйлыгына татый турганы айтылууда.",NOT_RELEVANT,,NOT_RELEVANT,,,,ru_2,
RU-D05986,,RU,Sputnik,https://sputnik.kg/20210628/ehl-aralyk-ukuk-boyuncha-adisterge-tazhryjba-zhetishpej-zhatat-1053024505.html,,Ахметов: тергөө-криминалистика багытындагы адистерди даярдоо оор,Кыргыз мамлекеттик юридикалык университетинин Тергөө-криминалистика институтунун директору Мирдин Ахметов эл аралык укук боюнча кыргызстандык юристтерге тажрыйба жетпей жаткандыгын айтты.,NOT_RELEVANT,,NOT_RELEVANT,,,,ru_2,
RU-D03710,,RU,Kaktus,https://kaktus.media/doc/461640_y_djastina_bibera_paralizovalo_poloviny_lica.html,2022-06-11,У Джастина Бибера парализовало половину лица,"Канадский певец Джастин Бибер сообщил, что у него парализовало половину лица из-за синдрома Рамсея Ханта, который представляет собой разновидность опоясывающего герпеса.",NOT_RELEVANT,,NOT_RELEVANT,,,,ru_1,
RU-C00246,,RU,Daryo.uz,https://daryo.uz/ru/2023/06/02/obse-sodejstvuet-turkmenistanu-v-oblasti-upravlenia-granicami-ekologii-i-gendernogo-ravenstva-generalnyj-sekretar/,2023-06-02,"ОБСЕ содействует Туркменистану в области управления границами, экологии и гендерного равенства – Хельга Шмид",Генеральный секретарь приняла участие в инаугурации нового здания ашхабадского офиса,NOT_RELEVANT,,NOT_RELEVANT,,,,ru_2,
RU-D01698,,RU,Tengrinews,https://tengrinews.kz/kazakhstan_news/poteplenie-do-12-gradusov-ojidaetsya-v-kazahstane-559520/,2025-01-13,Потепление до 12 градусов ожидается в Казахстане,"Синоптики сделали прогноз о том, какой будет погода в Казахстане 14, 15 и 16 января, передает корреспондент Tengrinews.kz.",NOT_RELEVANT,,NOT_RELEVANT,,,,ru_1,
RU-D04231,,RU,Tengrinews,https://tengrinews.kz/kazakhstan_news/pavlodarskiy-neftehimzavod-vozobnovlyaet-rabotu-remonta-474028/,2022-07-27,Павлодарский нефтехимзавод возобновляет работу после ремонта: 27 июля 2022 11:28 - новости на Tengrinews.kz,Tengrinews.kz ▶ Павлодарский нефтехимзавод возобновляет работу после ремонта: 27 июля 2022 11:28 ▶ Читать подробнее актуальные новости и события на сайте.,NOT_RELEVANT,,NOT_RELEVANT,,,,gold,IAA adjudicated gold
RU-D02047,,RU,Sputnik,https://sputnik.kg/20231111/tunduk-koreya-aksh-rossiya-kural-zharak-sayasat-1080360568.html,,Түндүк Корея ТИМи АКШны Корея жарым аралындагы абалды курчутууда деп айыптады,"АКШнын мамкатчысы Россия Түндүк Кореядан курал-жарак алат деп билдирген. РФ мындай сөздөр негизсиз экенин айтып келет, ал эми Түндүк Корея Россияга аскердик курал берүү тууралуу сүйлөшүүлөр болбогонун белгилеген.",NOT_RELEVANT,,NOT_RELEVANT,,,,gold,IAA adjudicated gold
RU-D05123,,RU,Kaktus,https://kaktus.media/doc/503979_izbienie_vracha_v_ginekologii._zamministra_prosit_yjestochit_nakazanie_dlia_napadaushih.html,2024-06-25,Избиение врача в гинекологии. Замминистра просит ужесточить наказание для нападающих,"Врач-гинеколог в результате избиения мужчиной получила сотрясение мозга. Она обратилась в милицию, сообщили в Минздраве:",NOT_RELEVANT,,NOT_RELEVANT,,,,ru_2,
RU-D01479,,RU,Tengrinews,https://tengrinews.kz/kazakhstan_news/poezd-sosel-s-relsov-v-su-odin-celovek-pogib-troe-postradali-346794/,2018-06-17,"Поезд сошел с рельсов в Шу: один человек погиб, трое пострадали: 17 июня 2018 15:35 - новости на Tengrinews.kz","Tengrinews.kz ▶ Поезд сошел с рельсов в Шу: один человек погиб, трое пострадали: 17 июня 2018 15:35 ▶ Читать подробнее актуальные новости и события на сайте.",NOT_RELEVANT,,NOT_RELEVANT,,,,ru_2,
RU-D02713,,RU,Sputnik,https://sputnik.kg/20200731/kyrgyzstandyn-184-zharany-uchup-keldi-1049183686.html,,Новосибирскидеги кыргызстандыктардан мекенине гуманитардык жардам келди,Бүгүн мекенине кайткан жарандар ала келген жүктө Новосибирск облусундагы кыргыз диаспорасынын атынан эки ИВЛ аппараты жана 200 миң рублден ашык суммадагы дары-дармектер бар.,NOT_RELEVANT,,NOT_RELEVANT,,,,ru_2,
RU-D04668,,RU,Tengrinews,https://tengrinews.kz/kazakhstan_news/astanu-nakroyut-meteli-almatyi-jdt-poteplenie-snegopada-590875/,2026-01-22,"Астану накроют метели, Алматы ждёт потепление после снегопада","Синоптики рассказали, какой будет погода в Астане и Алматы в ближайшие три дня — 23, 24 и 25 января, передаёт корреспондент Tengrinews.kz.",NOT_RELEVANT,,NOT_RELEVANT,,,,gold,IAA adjudicated gold
RU-D01400,,RU,Tengrinews,https://tengrinews.kz/kazakhstan_news/pyati-rayonam-v-kazahstane-ugrojaet-navodnenie-521900/,2023-12-30,Пяти районам в Казахстане угрожает наводнение,"Пяти районам Актюбинской области грозит наводнение из-за интенсивных дождей и резкого потепления, передает Tengrinews.kz со ссылкой на ktk.kz.",NOT_RELEVANT,,NOT_RELEVANT,,,,gold,IAA adjudicated gold
RU-D03183,,RU,Sputnik,https://sputnik.kg/20200922/kyrgyz-orus-okmottor-aralyk-komissiyasynyn-zhyjyny-1049695086.html,,Бишкекте Кыргыз-Россия өкмөттөр аралык комиссиясынын жыйыны башталды,"Жыйындын алдында комиссиянын теңтөрагасы, Россиянын өкмөт башчысынын орун басары Алексей Оверчуктун КР президенти Сооронбай Жээнбеков жана премьер-министр Кубатбек Боронов менен жолугушуусу болгон.",NOT_RELEVANT,,NOT_RELEVANT,,,,ru_1,
RU-C00333,,RU,24.kg,https://24.kg/archive/ru/community/151134-soshedshij-v-narynskoj-oblasti-opolzen-ostavil.html/,2013-04-01,Сошедший в Нарынской области оползень оставил несколько сел без электричества,Сошедший в Нарынской области оползень оставил несколько сел без электричестваСошедший в Нарынской области оползень оставил несколько сел без электричества. Об этом сообщает пресс-служба МЧС,NOT_RELEVANT,,NOT_RELEVANT,,,,ru_1,
RU-D05402,,RU,Sputnik,https://sputnik.kg/20190327/manaschy-karalaev-shamshiev-tasma-taberik-surot-1043772008.html,,Саякбай манасчы үчүн оор мезгил эле... Залкардын таберик сүрөтү,"Sputnik Кыргызстан маалымат агенттиги архивде сакталып жаткан сейрек сүрөттөрдү жарыялап, тарыхын баяндайт.",NOT_RELEVANT,,NOT_RELEVANT,,,,ru_2,
RU-D04460,,RU,Sputnik,https://sputnik.kg/20250422/batken-shaar-kurulush-ekologiya-1093497670.html,,“Баткен сити” 800 гектар жерге куруларын облустук бийликтен кабарлашты,"БИШКЕК, 22-апр. — Sputnik. Баткен облусунда 800 гектар аянтка экологиялык шаар куруу пландалууда. Бул тууралуу облустук өкүлчүлүктөн билдиришти.",NOT_RELEVANT,,NOT_RELEVANT,,,,ru_1,
RU-D03916,,RU,Tengrinews,https://tengrinews.kz/kazakhstan_news/poteplenie-14-pogoda-v-kazahstane-voskresene-594784/,2026-03-15,Потепление до +14: какая погода будет в Казахстане в воскресенье,"Казгидромет представил прогноз погоды в городах страны на воскресенье, 15 марта, передаёт Tengrinews.kz.",NOT_RELEVANT,,NOT_RELEVANT,,,,ru_1,
RU-D03526,,RU,Sputnik,https://sputnik.kg/20231011/zhalal-abadda-rossiya-kyrgyz-regiondor-aralyk-konferentsiya-ayaktady-1079343853.html,,"Россия-кыргыз регион аралык конференция аяктап, келишимдер түзүлдү, алака бекемделди","Стратегиялык өнөктөш мамлекеттердин биргелешкен иш-чарасы милиарддаган долларды чапчыган келишимдерди түзүү, пландалган жүздөгөн долбоор, программа, макулдашуулар менен соңуна чыкты.",NOT_RELEVANT,,NOT_RELEVANT,,,,ru_1,
RU-D05395,,RU,Tengrinews,https://tengrinews.kz/allsports/kto-predstavit-kazahstan-na-paralimpiyskih-igrah-v-tokio-446338/,2021-08-20,Кто представит Казахстан на Паралимпийских играх в Токио: 20 августа 2021 14:53 - новости на Tengrinews.kz,Tengrinews.kz ▶ Кто представит Казахстан на Паралимпийских играх в Токио: 20 августа 2021 14:53 ▶ Читать подробнее актуальные новости и события на сайте.,NOT_RELEVANT,,NOT_RELEVANT,,,,ru_2,
RU-D00989,,RU,Kaktus,https://kaktus.media/doc/332456_leonardo_di_kaprio_pomojet_vernyt_maralov_v_regiony_kyrgyzstana.html,2016-01-29,Леонардо Ди Каприо поможет вернуть маралов в регионы Кыргызстана,"Фонд Леонардо Ди Каприо, деятельность которого направлена на защиту дикой природы, выделяет грант на проект ""Интродукция",NOT_RELEVANT,,NOT_RELEVANT,,,,ru_1,
RU-D03620,,RU,Sputnik,https://sputnik.kg/20170316/kurgak-uchukka-karshy-rentgen-ishtebej-kaldy-1032275982.html,,Исламбеков: Баткенде кургак учукка каршы борборундагы рентген иштебей калды,Дарыгер кургак учук менен ооругандар башка бейтаптар менен аралашса кургак учуктун жугуусу күчөй турганын белгиледи.,NOT_RELEVANT,,NOT_RELEVANT,,,,ru_2,
RU-D03997,,RU,Tengrinews,https://tengrinews.kz/kazakhstan_news/ekspertyi-o-novom-ekologicheskom-kodekse-424883/,2021-01-03,Эксперты о новом Экологическом кодексе: 03 января 2021 12:23 - новости на Tengrinews.kz,Tengrinews.kz ▶ Эксперты о новом Экологическом кодексе: 03 января 2021 12:23 ▶ Читать подробнее актуальные новости и события на сайте.,NOT_RELEVANT,,NOT_RELEVANT,,,,gold,IAA adjudicated gold
RU-D04420,,RU,Sputnik,https://sputnik.kg/20250619/kyrgyzgidromet-aba-yrayy-sel-zharatylysh-1094750347.html,,"Эртеңден баштап жаан жаап, сел жүрүү тобокелдиги күчөйт","БИШКЕК, 19-июн. — Sputnik. Эртеңден баштап жаан-чачынга байланыштуу сел жүрүү тобокелдиги күчөйт. Бул тууралуу Кыргызгидрометтен билдиришти.",NOT_RELEVANT,,NOT_RELEVANT,,,,gold,IAA adjudicated gold
RU-C00508,,RU,Daryo.uz,https://daryo.uz/ru/2023/06/16/v-taskente-stroitelstvo-snova-unictozaet-ekologiu/,2023-06-16,В Ташкенте строительство снова уничтожает экологию,Фото- и видеорепортаж с места проведения акции в защиту деревьев,NOT_RELEVANT,,NOT_RELEVANT,,,,ru_1,
RU-D02955,,RU,Tengrinews,https://tengrinews.kz/events/spasennyi-na-pliaze-aktau-podrostok-prisel-v-sebia-372713/,2019-07-01,Спасенный на пляже Актау подросток пришел в себя: 01 июля 2019 14:14 - новости на Tengrinews.kz,Tengrinews.kz ▶ Спасенный на пляже Актау подросток пришел в себя: 01 июля 2019 14:14 ▶ Читать подробнее актуальные новости и события на сайте.,NOT_RELEVANT,,NOT_RELEVANT,,,,ru_2,
RU-D01343,,RU,Tengrinews,https://tengrinews.kz/tennis/kazaxstanskii-tennisist-bublik-vysel-v-final-turnira-v-ssa-374398/,2019-07-21,Казахстанский теннисист Бублик вышел в финал турнира в США: 21 июля 2019 03:59 - новости на Tengrinews.kz,Tengrinews.kz ▶ Казахстанский теннисист Бублик вышел в финал турнира в США: 21 июля 2019 03:59 ▶ Читать подробнее актуальные новости и события на сайте.,NOT_RELEVANT,,NOT_RELEVANT,,,,ru_2,
RU-D03730,,RU,Sputnik,https://sputnik.kg/20251121/ministrlik-gripptin-kuchogon-uchuruna-koshumcha-charalardy-koruudo-1098022774.html,,Министрлик сасык тумоонун күчөгөн учуруна карап кошумча чараларды көрүүдө,"БИШКЕК, 21-ноя. — Sputnik. Сезондук сасык тумоонун күчөгөн учуру адатта декабрь айына туура келет, Саламаттык сактоо министрлиги стационарлардын жүгүн жеңилдетүү үчүн кошумча чараларды көрүүдө. Бул тууралуу министр Эркин Чечейбаев...",NOT_RELEVANT,,NOT_RELEVANT,,,,ru_2,
RU-D04719,,RU,Sputnik,https://sputnik.kg/20221109/osh-kylmysh-olum-kytaj-zharany-1069804226.html,,Ошто Кытай жараны жетекчисин өлтүрдү деп шектелүүдө,"Кармалган жаран жетекчиси көптөн бери маянасын бербей жүргөнүн, экөөнүн ортосунда чыр чыкканын айткан.",NOT_RELEVANT,,NOT_RELEVANT,,,,ru_1,
RU-D03987,,RU,Tengrinews,https://tengrinews.kz/kazakhstan_news/eto-hronicheskaya-situatsiya-budut-reshat-ekologicheskie-602828/,2026-06-30,“Это хроническая ситуация“. Как будут решать экологические проблемы Алматы,В Алматы прошли общественные слушания в рамках стратегической экологической оценки корректировки Генерального плана города. На обсуждениях назвали главные вызовы для мегаполиса.,NOT_RELEVANT,,NOT_RELEVANT,,,,ru_1,
RU-D00025,,RU,Sputnik,https://sputnik.kg/20170605/zharamazan-ajtkan-baldar-1033699070.html,,Бишкектин кымкуут көчөлөрүндө балдар өмүрүн тобокелге салып жарамазан айтышууда,Кайгуул милициясына айдоочулардан арыздар түшүүдө.,NOT_RELEVANT,,NOT_RELEVANT,,,,ru_2,
RU-C00235,,RU,24.kg,https://24.kg/archive/ru/community/125783-v-ryade-sel-chujskoj-oblasti-kyrgyzstana-ne-budet.html/,2012-04-05,В ряде сел Чуйской области Кыргызстана не будет электричества,В ряде сел Чуйской области Кыргызстана не будет электричестваВ ряде сел Чуйской области Кыргызстана не будет электричества. Об этом сообщает пресс-служба ОАО «Северэлектро».,NOT_RELEVANT,,NOT_RELEVANT,,,,ru_1,
RU-D05707,,RU,Sputnik,https://sputnik.kg/20200415/zharadar-bolgon-zhash-ilbirske-akcha-bolundu-1047881701.html,,"Таласта атылып, эки көзү тең көрбөй калган илбирске 50 миң сом бөлүндү","Жырткычты Таластан борбор калаага январда алып келген. Анын бир көзү мурдараак эле агып калса, экинчи көзүнө ок тийгенден кийин көрбөй калган.",NOT_RELEVANT,,NOT_RELEVANT,,,,ru_1,
RU-D01768,,RU,Sputnik,https://sputnik.kg/20170531/zhany-pasport-ehmnege-zharajt-1033625602.html,,Жаңы паспорт шайлоодон тышкары дагы эмнеге жарайт,Биометрикалык паспорт менен кандай кызматтарды алууга болорун Мамлекеттик каттоо кызматы түшүндүрүп берди.,NOT_RELEVANT,,NOT_RELEVANT,,,,ru_1,
RU-01297,,RU,Tengrinews,https://tengrinews.kz/kazakhstan_news/5-tyisyach-shkolnikov-pavlodarskoy-oblasti-ispolnili-kyuy-603263/,2026-07-05,5 тысяч школьников в Павлодарской области исполнили кюй Ахмета Жубанова,"В Павлодарской области масштабно отмечают Национальный день домбры. Во всех городах и районах региона проходят концерты, творческие встречи, выставки, мастер-классы и праздничные акции, объединяющие любителей национального искусства, сообщили в областном Управлении информации и общественного развития.",NOT_RELEVANT,,NOT_RELEVANT,,,,ru_1,
RU-01149,,RU,24.kg,https://24.kg/archive/ru/bishkek24/186621-deputaty-bgk-vnov-ozabotilis-perepolnennostyu.html/,2014-09-17,Депутаты БГК вновь озаботились переполненностью роддома №1,Депутаты БГК вновь озаботились переполненностью роддома №1Депутаты Бишкекского горкенеша вновь озаботились переполненностью роддома №1. Вопрос подняли сегодня на заседании постоянной комисси,NOT_RELEVANT,,NOT_RELEVANT,,,,ru_1,
RU-01320,,RU,24.kg,https://24.kg/archive/ru/community/174014-po-delu-o-povesivshemsya-soldate-zaderzhan.html/,2014-03-11,По делу о повесившемся солдате задержан командир части,По делу о повесившемся солдате задержан командир частиПо делу о повесившемся солдате задержан командир части. Информацию ИА «24.kg» подтвердили в Военной прокуратуре. По дан,NOT_RELEVANT,,NOT_RELEVANT,,,,ru_1,
RU-00326,,RU,Daryo.uz,https://daryo.uz/ru/2024/02/11/v-2023-godu-obem-vnesnetorgovogo-oborota-uzbekistana-sostavil-pocti-63-mlrd/,2024-02-11,В 2023 году объем внешнеторгового оборота Узбекистана составил почти $63 млрд,"Данный показатель увеличился на 23,9% по сравнению с прошлым годом",NOT_RELEVANT,,NOT_RELEVANT,,,,ru_2,
RU-00447,,RU,24.kg,https://24.kg/archive/ru/bishkek24/149545-marat-amankulov-bishkek-prevrashhaetsya-v-gorod-s.html/,2013-03-07,Марат Аманкулов: Бишкек превращается в город с дотационным бюджетом,Марат Аманкулов: Бишкек превращается в город с дотационным бюджетомБишкек превращается в город с дотационным бюджетом. Об этом сегодня журналистам сообщил председатель Бишкекского городского,NOT_RELEVANT,,NOT_RELEVANT,,,,ru_1,
RU-01090,,RU,24.kg,https://24.kg/archive/ru/sport/178638-v-issyk-kulskoj-oblasti-proshel-mezhdunarodnyj.html/,2014-05-12,В Иссык-Кульской области прошел международный турнир по вольной борьбе,В Иссык-Кульской области прошел международный турнир по вольной борьбеВ селе Бостери Иссык-Кульской области накануне прошел международный турнир среди юношей по вольной борьбе на призы выпус,NOT_RELEVANT,,NOT_RELEVANT,,,,ru_2,
RU-00606,,RU,Daryo.uz,https://daryo.uz/ru/2026/04/23/uzbekistan-tretejskij-sud-ne-rassmatrivaet-spor/,2026-04-23,Третейские суды прекратят рассматривать некоторые споры,"Деятельность третейских (арбитражных) судов в Узбекистане усовершенствуют. Согласно изменениям в законе теперь третейские суды не рассматривают споры, связанные с землей, определением права собственности на здания и сооружения, а также взысканием средств из бюджета, с госорганов и махаллей.",NOT_RELEVANT,,NOT_RELEVANT,,,,gold,IAA adjudicated gold
RU-00764,,RU,Daryo.uz,https://daryo.uz/ru/2024/01/22/poluobnazennye-tela-zensiny-iz-uzbekistana-i-muzciny-iz-deli-najdeny-na-kurorte-v-indii/,2024-01-22,Полуобнаженные тела женщины из Узбекистана и мужчины из Дели найдены на курорте в Индии,Ведется следствие,NOT_RELEVANT,,NOT_RELEVANT,,,,ru_2,
RU-01384,,RU,Daryo.uz,https://daryo.uz/ru/2025/06/04/v-svazi-s-prazdnovaniem-kurban-hajita-budut-zapuseny-dopolnitelnye-poezda-afrosiyob/,2025-06-04,В связи с празднованием Курбан хайита будут запущены дополнительные поезда Afrosiyob,"Рейсы будут осуществляться 5, 6, 7 и 8 июня.",NOT_RELEVANT,,NOT_RELEVANT,,,,ru_1,
RU-00817,,RU,24.kg,https://24.kg/archive/ru/community/147281-kanat-sadykov-nekotorye-uchitelya-v-bishkeke.html/,2013-02-05,Канат Садыков: Некоторые учителя в Бишкеке сетуют на несправедливое начисление стимулирующих доплат,Канат Садыков: Некоторые учителя в Бишкеке сетуют на несправедливое начисление стимулирующих доплатНекоторые учителя в Бишкеке сетуют на несправедливое начисление стимулирующих доплат. Об эт,NOT_RELEVANT,,NOT_RELEVANT,,,,ru_1,
RU-01495,,RU,24.kg,https://24.kg/archive/ru/cis/141889-v-stolice-kyrgyzstana-otkroetsya-centr-pravovoj.html/,2012-11-19,В столице Кыргызстана откроется центр правовой поддержки и защиты прав и свобод российских соотечественников,В столице Кыргызстана откроется центр правовой поддержки и защиты прав и свобод российских соотечественниковВ столице Кыргызстана 20 ноября откроется центр правовой поддержки и защиты прав и,NOT_RELEVANT,,NOT_RELEVANT,,,,ru_2,
RU-01162,,RU,Daryo.uz,https://daryo.uz/ru/2026/06/23/tseny-myaso-ptitsy-yaytsa-ferganskaya-dolina-noviy-proekt/,2026-06-23,Цены на мясо птицы и яйца в Ферганской долине стабилизируют за счёт нового проекта,"Во время поездки в Наманганскую область президент побывал на предприятии «Уйчи парранда» в Туракурганском районе. Здесь реализуется крупный инвестиционный проект стоимостью $50 млн, охватывающий производство племенных яиц, инкубацию и выпуск мясной продукции.",NOT_RELEVANT,,NOT_RELEVANT,,,,ru_2,
RU-00510,,RU,Daryo.uz,https://daryo.uz/ru/2023/11/24/izrail-otkryl-ogon-po-mirnym-zitelam-posle-prekrasenia-ogna/,2023-11-24,Израиль открыл огонь по мирным жителям после прекращения огня,Погибли два человека,NOT_RELEVANT,,NOT_RELEVANT,,,,ru_2,
RU-00566,,RU,Daryo.uz,https://daryo.uz/ru/2024/03/31/c-1-iuna-2024-goda-budet-vnedratsa-sistema-ekologiceskij-transport/,2024-03-31,C 1 июня 2024 года будет внедряться система «Экологический транспорт»,"Автомобилям бесплатно выдадут наклейки «зеленый», «желтый» и «красный» в зависимости от их экологической категории",NOT_RELEVANT,,NOT_RELEVANT,,1,,ru_2,
RU-00284,,RU,Daryo.uz,https://daryo.uz/ru/2026/04/03/uzbekistan-zemletryasenie-afganistan-epitsentr/,2026-04-03,Узбекистанцы ощутили второе за сутки землетрясение,На этот раз эпицентр землетрясения находился в афганской провинции Бадахшан. На территории Узбекистана наиболее сильные толчки зафиксированы в Сурхандарьинской области — их интенсивность составила 3 балла.,NOT_RELEVANT,,NOT_RELEVANT,,,,gold,IAA adjudicated gold
RU-00711,,RU,24.kg,https://24.kg/archive/ru/community/163623-v-kr-poluchayut-posobiya-s-momenta-pribytiya.html/,2013-10-24,"В КР получают пособия с момента прибытия, включая первое полугодие 2013 года, 369 кайрылманов","В КР получают пособия с момента прибытия, включая первое полугодие 2013 года, 369 кайрылмановВ КР получают пособия с момента прибытия, включая первое полугодие 2013 года, 369 кайрылманов - э",NOT_RELEVANT,,NOT_RELEVANT,,,,ru_1,
RU-00320,,RU,Daryo.uz,https://daryo.uz/ru/2024/04/25/legkoatlety-iz-uzbekistana-zavoevali-3-medali-na-molodeznom-cempionate-azii/,2024-04-25,Легкоатлеты из Узбекистана завоевали 3 медали на молодежном Чемпионате Азии,Соревнования проходят в Дубае (ОАЭ),NOT_RELEVANT,,NOT_RELEVANT,,,,gold,IAA adjudicated gold
RU-01070,,RU,24.kg,https://24.kg/archive/ru/cis/171383-u-kyrgyzstana-po-prezhnemu-net-dostupa-k-baze.html/,2014-02-06,"У Кыргызстана по-прежнему нет доступа к базе данных ФМС России о гражданах, которым запрещен въезд на территорию РФ","У Кыргызстана по-прежнему нет доступа к базе данных ФМС России о гражданах, которым запрещен въезд на территорию РФУ Кыргызстана по-прежнему нет доступа к базе данных ФМС России о гражданах,",NOT_RELEVANT,,NOT_RELEVANT,,,,ru_2,
RU-00593,,RU,Daryo.uz,https://daryo.uz/ru/2024/04/18/presidents-of-uzbekistan-and-tajikistan/,2024-04-18,Шавкат Мирзиёев прибыл в Таджикистан,Начались переговоры глав государств в формате «тет-а-тет»,NOT_RELEVANT,,NOT_RELEVANT,,,,ru_2,
RU-00357,,RU,24.kg,https://24.kg/archive/ru/community/160151-v-bishkeke-proxodit-ceremoniya-vrucheniya-premii.html/,2013-09-07,В Бишкеке проходит церемония вручения премии «Идейный прорыв»,В Бишкеке проходит церемония вручения премии «Идейный прорыв»В Бишкеке в Кыргызской национальной филармонии имени Т.Сатылганова проходит церемония вручения премии «Идейный,NOT_RELEVANT,,NOT_RELEVANT,,,,ru_1,
RU-01402,,RU,24.kg,https://24.kg/archive/ru/bishkek24/144346-v-stolice-kyrgyzstana-razgruzhayut-priyuty-dlya.html/,2012-12-19,В столице Кыргызстана разгружают приюты для бомжей,В столице Кыргызстана разгружают приюты для бомжейВ столице Кыргызстана разгружают приюты для бомжей. Об этом ИА «24.kg» сообщил заместитель министра социального развития Эдиль Б,NOT_RELEVANT,,NOT_RELEVANT,,,,ru_2,
RU-00914,,RU,24.kg,https://24.kg/archive/ru/bishkek24/146546-myeriya-bishkeka-oprovergla-informaciyu-o-tom.html/,2013-01-25,"Мэрия Бишкека опровергла информацию о том, что собирается единолично управлять бюджетом столицы","Мэрия Бишкека опровергла информацию о том, что собирается единолично управлять бюджетом столицыМэрия Бишкека опровергла информацию о том, что собирается единолично управлять бюджетом столицы",NOT_RELEVANT,,NOT_RELEVANT,,,,ru_2,
RU-00031,,RU,Daryo.uz,https://daryo.uz/ru/2025/08/17/savkat-mirzieev-napravil-soboleznovania-v-svazi-s-mnogocislennymi-zertvami-iz-za-navodnenij-v-pakistane/,2025-08-17,Шавкат Мирзиёев направил соболезнования в связи с многочисленными жертвами из-за наводнений в Пакистане,"В результате наводнений и оползней, вызванных проливными дождями в Пакистане, погибли не менее 300 человек.",NOT_RELEVANT,,RELEVANT,DISASTER,,1,ru_2,"Pakistan floods, condolence framing"
RU-01094,,RU,Daryo.uz,https://daryo.uz/ru/2023/12/12/centralnyj-bank-opublikoval-obnovlennye-kursy-inostrannyh-valut-na-13-dekabra/,2023-12-12,Центральный банк опубликовал обновленные курсы иностранных валют на 13 декабря,"Доллар составил 12 349,00 сумов",NOT_RELEVANT,,NOT_RELEVANT,,,,ru_2,
RU-00401,,RU,24.kg,https://24.kg/archive/ru/community/175448-v-issyk-kulskoj-oblasti-kr-sotrudnikov-otelej-i.html/,2014-03-28,В Иссык-Кульской области КР сотрудников отелей и кафе учат законам гостеприимства,В Иссык-Кульской области КР сотрудников отелей и кафе учат законам гостеприимстваВ Иссык-Кульской области сотрудников отелей и кафе городов Каракола и Чолпон-Аты учат законам гостеприимства.,NOT_RELEVANT,,NOT_RELEVANT,,,,ru_1,
RU-00623,,RU,Daryo.uz,https://daryo.uz/ru/2024/02/01/igrok-pahtakora-peresel-v-anglijskij-fk-brentford/,2024-02-01,Игрок «Пахтакора» перешёл в английский ФК «Брентфорд»,Это первый случай прямого перехода узбекистанского футболиста в британский клуб,NOT_RELEVANT,,NOT_RELEVANT,,,,ru_2,
RU-00268,,RU,24.kg,https://24.kg/archive/ru/community/188577-u-rodstvennikov-yeks-myera-osha-melisa.html/,2014-10-18,У родственников экс-мэра Оша Мелиса Мырзакматова 14 земельных участков,У родственников экс-мэра Оша Мелиса Мырзакматова 14 земельных участковУ родственников экс-мэра Оша Мелиса Мырзакматова 14 земельных участков. Такие данные приведены в декларации о доходах бы,NOT_RELEVANT,,NOT_RELEVANT,,,,ru_2,
RU-00626,,RU,Daryo.uz,https://daryo.uz/ru/2024/04/19/kyrgyzstancev-prizvali-vozderzatsa-ot-poezdok-na-bliznij-vostok/,2024-04-19,Кыргызстанцев призвали воздержаться от поездок на Ближний Восток,"Лицам, уже находящимся в регионе, МИД рекомендует строго соблюдать меры безопасности",NOT_RELEVANT,,NOT_RELEVANT,,,,ru_1,
RU-01315,,RU,Daryo.uz,https://daryo.uz/ru/2026/06/18/2030-god-uzbekistan-planiruet-privlech-20-mln-turistov/,2026-06-18,К 2030 году Узбекистан планирует привлечь 20 млн туристов,"Согласно последним данным Всемирной туристской организации ООН, Узбекистан вошел в ТОП-5 стран с наиболее высокими темпами роста туристического потока.",NOT_RELEVANT,,NOT_RELEVANT,,,,ru_2,
RU-00653,,RU,Daryo.uz,https://daryo.uz/ru/2025/12/14/v-turtsii-zaderzhan-razyskivaemyy-v-uzbekistane-lider-prestupnoy-gruppirovki-po-prozvishchu-gryaz/,2025-12-14,В Турции задержан разыскиваемый в Узбекистане лидер преступной группировки по прозвищу «Грязь»,"32-летний преступник, разыскиваемый и обвиняемый в совершении ряда преступлений в качестве лидера преступной группировки, скрывался от следствия в Турции. 5 декабря он был возвращён в Узбекистан и передан следственным органам.",NOT_RELEVANT,,NOT_RELEVANT,,,,ru_2,
RU-00822,,RU,Daryo.uz,https://daryo.uz/ru/2026/01/03/v-tashkente-za-god-1500-chelovek-popytalis-pokonchit-s-soboy-prinyav-lekarstva/,2026-01-03,"В Ташкенте за год 1500 человек попытались покончить с собой, приняв лекарства",В 2025 году в республике более 24 тысяч пациентов обратились за скорой медицинской помощью из-за самостоятельного приёма лекарств без назначения врача. В 418 случаях был зафиксирован анафилактический шок.,NOT_RELEVANT,,NOT_RELEVANT,,,,ru_2,
RU-00527,,RU,24.kg,https://24.kg/archive/ru/culture/157334-v-stolice-kyrgyzstana-proxodit-otborochnyj-tur-i.html/,2013-06-24,В столице Кыргызстана проходит отборочный тур I Международного Иссык-Кульского фестиваля исполнителей популярной музыки «Мейкин Азия»,В столице Кыргызстана проходит отборочный тур I Международного Иссык-Кульского фестиваля исполнителей популярной музыки «Мейкин Азия»В Кыргызской национальной филармонии имени Т.,NOT_RELEVANT,,NOT_RELEVANT,,,,ru_2,
RU-00727,,RU,Daryo.uz,https://daryo.uz/ru/2023/11/21/za-poslednie-sem-let-v-uzbekistane-bylo-osvoeno-16-mlrd-i-zapuseno-103-novyh-proekta/,2023-11-21,За последние семь лет в Узбекистане было освоено $16 млрд и запущено 103 новых проекта,Рассмотрены проекты с участием международных финансовых институтов,NOT_RELEVANT,,NOT_RELEVANT,,,,ru_1,
RU-00376,,RU,24.kg,https://24.kg/archive/ru/economics/186563-za-nevypolnenie-plana-po-sboru-nalogov-nakazano.html/,2014-09-17,За невыполнение плана по сбору налогов наказали 20 руководителей налоговых органов,За невыполнение плана по сбору налогов наказано 20 руководителей налоговых органовЗа невыполнение плана по сбору налогов наказано 20 руководителей налоговых органов. Об этом сообщает ГНС.&nb,NOT_RELEVANT,,NOT_RELEVANT,,,,ru_2,
RU-01203,,RU,Daryo.uz,https://daryo.uz/ru/2026/05/13/uzbekistan-veterinariya-iskusstvennyy-intellekt-chastniy-sektor/,2026-05-13,"В сельском хозяйстве внедрят искусственный интеллект, а часть ветеринарных услуг передадут частному сектору","В сфере ветеринарии предусмотрен ряд нововведений. В частности, с 2027 года лабораторные исследования, вакцинацию животных, дезинфекцию и идентификацию поэтапно передадут частному сектору. Также благодаря упрощению бюрократических процедур планируется сократить время контроля при импорте и экспорте.",NOT_RELEVANT,,NOT_RELEVANT,,,,ru_1,
RU-01024,,RU,24.kg,https://24.kg/archive/ru/personnel/149206-alisbek-alymkulov-naznachen-ministrom-truda.html/,2013-03-02,"Алиясбек Алымкулов назначен министром труда, миграции и молодежи Кыргызстана","Алисбек Алымкулов назначен министром труда, миграции и молодежи КыргызстанаАлисбек Алымкулов назначен министром труда, миграции и молодежи Кыргызстана. Президент Алмазбек Атамбаев сегодня по",NOT_RELEVANT,,NOT_RELEVANT,,,,ru_2,
RU-01390,,RU,Daryo.uz,https://daryo.uz/ru/2025/06/02/mcs-oproverglo-soobsenia-o-silnom-zemletrasenii-vyzvannom-magnitnoj-burej/,2025-06-02,"МЧС опровергло сообщения о сильном землетрясении, вызванном магнитной бурей","Отмечается, что сейсмическая активность не связана с магнитными бурями.",NOT_RELEVANT,,NOT_RELEVANT,,,,ru_2,
RU-00929,,RU,24.kg,https://24.kg/archive/ru/biznes-info/156442-laquoanimal-dzhazraquo-ot-beeline.html/,2013-06-11,«Animal ДжаZ» от Beeline,«Animal ДжаZ» от BeelineКомпания ООО Sky Mobile (торговая марка Beeline) выступила генеральным партнером концерта популярной группы «Animal ДжаZ». На днях в клуб,NOT_RELEVANT,,NOT_RELEVANT,,,,ru_2,
RU-00424,,RU,Daryo.uz,https://daryo.uz/ru/2026/06/19/uzbekistan-nakazanie-narushenie-pravil-perevozki-detey/,2026-06-19,В Узбекистане ужесточат ответственность за нарушение правил перевозки детей,"Изменения, которые внесены в Кодекс об административной отвественности, предусматривают наказание не только для водителя, перевозившего детей с нарушениями правил, но и для тех, кто организовал такую перевозку.",NOT_RELEVANT,,NOT_RELEVANT,,,,ru_1,
RU-00331,,RU,Daryo.uz,https://daryo.uz/ru/2024/01/06/terroristy-igil-nacali-massovo-pribyvat-v-frg/,2024-01-06,Террористы ИГИЛ начали массово прибывать в ФРГ,Они приезжают в страну под видом украинских беженцев,NOT_RELEVANT,,NOT_RELEVANT,,,,ru_2,
RU-01051,,RU,Daryo.uz,https://daryo.uz/ru/2026/05/19/jac-motors-zavod-tashkent-kakuyu-model-budut-proizvodit/,2026-05-19,JAC Motors запустил завод в Ташкенте — какую модель будут производить,"Проект, стоимостью $135 млн, реализуют в два этапа. На первом этапе будет производиться 10 тыс. автомобилей в год, а на втором — планируется увеличить годовую мощность до 30 тыс. автомобилей.",NOT_RELEVANT,,NOT_RELEVANT,,,,gold,IAA adjudicated gold
RU-00038,,RU,Daryo.uz,https://daryo.uz/ru/2025/05/12/na-etoj-nedele-v-uzbekistane-ozidaetsa-poteplenie-do-42-gradusov/,2025-05-12,На этой неделе в Узбекистане ожидается потепление до +42 градусов,Узгидромет опубликовал прогноз погоды на предстоящую рабочую неделю.,NOT_RELEVANT,,NOT_RELEVANT,,,,ru_1,
RU-00849,,RU,Daryo.uz,https://daryo.uz/ru/2024/06/10/ceny-na-dragocennye-metally-snizilis/,2024-06-10,Цены на драгоценные металлы снизились,Дешевеет также серебро,NOT_RELEVANT,,NOT_RELEVANT,,,,ru_2,
RU-00598,,RU,Daryo.uz,https://daryo.uz/ru/2024/05/21/prezident-uzbekistana-posetil-posolstvo-irana-v-taskente/,2024-05-21,Президент Узбекистана посетил посольство Ирана в Ташкенте,"Глава государства оставил запись со словами сочувствия и поддержки в Книге соболезований по случаю гибели президента Ирана Ибрахима Раиси, а также побеседовал с послом Мухаммадали Искандари",NOT_RELEVANT,,NOT_RELEVANT,,,,ru_2,
RU-00518,,RU,Daryo.uz,https://daryo.uz/ru/2024/03/05/v-kyrgyzstane-komitet-zokorgu-kenesa-po-budzetu-odobril-koncepciu-novogo-zakona-o-smi/,2024-03-05,В Кыргызстане комитет Жокоргу Кенеша по бюджету одобрил концепцию нового закона о СМИ,Свои предложения парламентарии намерены внести во второе чтение,NOT_RELEVANT,,NOT_RELEVANT,,,,ru_1,
RU-00605,,RU,Daryo.uz,https://daryo.uz/ru/2025/07/30/uzauto-motors-ubrala-odnostoronnie-uslovia-iz-dogovorov-i-sokratila-srok-vozvrata-sredstv/,2025-07-30,UzAuto Motors убрала односторонние условия из договоров и сократила срок возврата средств,"Комитет по конкуренции при изучении договоров, предоставляемых дилерскими предприятиями АО «UzAuto Motors», выявил случаи, противоречащие законодательству.",NOT_RELEVANT,,NOT_RELEVANT,,,,ru_1,
RU-00985,,RU,24.kg,https://24.kg/archive/ru/investigation/157322-pri-dache-vzyatki-sotrudniku-aks-gknb-zaderzhany.html/,2013-06-24,При даче взятки сотруднику АКС ГКНБ задержаны граждане Пакистана,При даче взятки сотруднику АКС ГКНБ задержаны граждане ПакистанаПри даче взятки сотруднику АКС ГКНБ задержаны граждане Пакистана. Об этом сообщает отдел по связям с общественностью и СМИ ГКН,NOT_RELEVANT,,NOT_RELEVANT,,,,ru_1,
RU-00837,,RU,Daryo.uz,https://daryo.uz/ru/2026/01/22/uzbekistan-vernul-bolee-40-chelovek-nezakonno-naxodivshixsya-v-ssha/,2026-01-22,"Узбекистан вернул более 40 человек, незаконно находившихся в США",Чартерный рейс был организован в сотрудничестве с соответствующими госорганами США.,NOT_RELEVANT,,NOT_RELEVANT,,,,ru_1,
RU-00873,,RU,Daryo.uz,https://daryo.uz/ru/2026/04/18/uzbekistanets-gibel-vzryv-musorovoz-rossiya/,2026-04-18,Узбекистанец погиб при взрыве мусоровоза в России,"Мужчина работал в коммунальной службе и в момент ЧП убирал местность. По словам коллег, у него остались пятеро детей.",NOT_RELEVANT,,NOT_RELEVANT,,,,ru_1,
RU-00965,,RU,Daryo.uz,https://daryo.uz/ru/2023/11/14/v-uzbekistane-oglasili-uroven-podotcetnosti-ministerstv-i-vedomstv/,2023-11-14,В Узбекистане огласили уровень подотчётности среди министерств и ведомств,"В ходе мониторинга выявлено, что госорганы преимущественно допускают значительные недочёты в разглашении данных о расходах бюджетных и внебюджетных средств",NOT_RELEVANT,,NOT_RELEVANT,,,,gold,IAA adjudicated gold
RU-01413,,RU,24.kg,https://24.kg/archive/ru/community/170014-v-kyrgyzstane-ezhegodno-okolo-3-tysyach-detej.html/,2014-01-22,В Кыргызстане ежегодно около 3 тысяч детей рождаются с различными пороками сердца,В Кыргызстане ежегодно около 3 тысяч детей рождаются с различными пороками сердцаВ Кыргызстане ежегодно около 3 тысяч детей рождаются с различными пороками сердца. Об этом сегодня журналиста,NOT_RELEVANT,,NOT_RELEVANT,,,,ru_2,
RU-00217,,RU,24.kg,https://24.kg/archive/ru/sport/157128-sportsmenki-iz-kyrgyzstana-vyigrali-dve-medali-na.html/,2013-06-20,Спортсменки из Кыргызстана выиграли две медали на международном турнире по художественной гимнастике,Спортсменки из Кыргызстана выиграли две медали на международном турнире по художественной гимнастикеСпортсменки из Кыргызстана выиграли две медали на международном турнире на Кубок «Жу,NOT_RELEVANT,,NOT_RELEVANT,,,,ru_1,
RU-00596,,RU,Daryo.uz,https://daryo.uz/ru/2026/02/24/byvshij-prezident-yuzhnaya-koreya-yun-sok-yol-pozhiznennyj-srok-apellyaciya-rukovodstvo-vosstanie/,2026-02-24,Бывший президент Южной Кореи обжалует пожизненный срок за объявление военного положения,"Адвокаты утверждают, что обвинительное заключение специальной прокуратуры было чрезмерно надуманным, а решение суда первой инстанции, вынесенное на основе этих обвинений, содержит противоречия и политические мотивы.",NOT_RELEVANT,,NOT_RELEVANT,,,,ru_2,
RU-01493,,RU,Daryo.uz,https://daryo.uz/ru/2026/05/21/afganistan-golod-otcy-prodayut-docherej/,2026-05-21,"«Продав одну из дочерей, я смогу кормить остальных своих детей четыре года», — отец из Афганистана","4,7 миллиона человек в Афганистане находятся на грани голода. Гор — одна из наиболее пострадавших провинций. Мужская часть ее населения в отчаянии — отцы вынуждены продавать своих совсем еще юных дочерей.",NOT_RELEVANT,,NOT_RELEVANT,,,,gold,IAA adjudicated gold
RU-00210,,RU,24.kg,https://24.kg/archive/ru/parlament/147952-nadira-narmatova-sotrudnik-genprokuratury.html/,2013-02-13,"Надира Нарматова: Сотрудник Генпрокуратуры опровергает свои же слова, заявляя, что в 13 из 18 объектах были факты мародерства","Надира Нарматова: Сотрудник Генпрокуратуры опровергает свои же слова, заявляя, что в 13 из 18 объектах были факты мародерства«Начальник отдела Генпрокуратуры Орозбек Бердибаев опроверг",NOT_RELEVANT,,NOT_RELEVANT,,,,ru_2,
RU-01215,,RU,24.kg,https://24.kg/archive/ru/bigtiraj/141547-kazaxstan-zakon-o-religii-ogranichivaet-svobodu.html/,2012-11-14,"Казахстан: Закон о религии ограничивает свободу, считает","Казахстан: Закон о религии ограничивает свободу, считаетEurasiaNet (США). Религиозная жизнь Казахстана характеризуется сегодня двумя взаимоисключающими тенденциями. Власти в Астане преподнос",NOT_RELEVANT,,NOT_RELEVANT,,,,ru_1,
RU-01220,,RU,Azattyk,https://www.azattyqasia.org/a/tokaev-pozdravil-kazahstantsev-s-dnem-astany-a-nazarbaeva-s-dnem-rozhdeniya/33797641.html,2026-07-06,"Токаев поздравил казахстанцев с днем Астаны, а Назарбаева — с днем рождения","Президент Казахстана Касым-Жомарт Токаев поздравил казахстанцев с Днем Астаны, а первого президента страны Нурсултана Назарбаева — с днем рождения. Об этом сообщила пресс-служба Акорды. Токаев отметил, что сегодня Астана стала движущей силой исторических преобразований и развивается как «умный город», где внедряются современные системы управления. Он также заявил, что новая Конституция, которая вступила в силу накануне Дня Астаны, положила начало важному этапу модернизации ключевых государственных и общественных институтов. По словам Токаева, новый конституционный закон о статусе столицы усилил ведущую роль Астаны как политического, административного, экономического и культурного центра страны, а также подтвердил ее особое значение в дальнейшем развитии государства. Президент отметил, что «столица будет идти в авангарде строительства Справедливого Казахстана». Токаев также поздравил с 86-летием первого президента Казахстана Нурсултана Назарбаева, подчеркнув историческое значение его решения о переносе столицы в Астану. «Перенос столицы в бескрайние степи Сарыарки придал мощный импульс развитию всего Казахстана. Сегодня Астана продолжает динамично расти и преображаться, превращаясь в один из самых красивых городов мира», — говорится в поздравлении Токаева. Он пожелал Назарбаеву крепкого здоровья, долгих лет жизни и благополучия. В Казахстане 6 июля отмечается государственный праздник — День Астаны, который утвердили в 2008 году. Согласно официальным данным, исторической основой праздника стало постановление Верховного Совета Казахстана от 6 июля 1994 года о переносе столицы в Акмолу. Нурсултан Назарбаев, который руководил Казахстаном почти 30 лет, 19 марта 2019 года досрочно сложил президентские полномочия и передал их тогдашнему главе Сената Касым-Жомарту Токаеву. Одним из первых решений Токаева после вступления в должность президента стало переименование Астаны в Нур-Султан. После Январских событий 2022 года власти отказались от ряда инициатив, связанных с культом личности первого президента, а столице вернули прежнее название — Астана.",NOT_RELEVANT,,NOT_RELEVANT,,,,ru_1,
RU-00971,,RU,24.kg,https://24.kg/archive/ru/incidents/156611-v-chujskoj-oblasti-v-dtp-postradala-12-letnyaya.html/,2013-06-12,В Чуйской области в ДТП пострадала 12-летняя девочка,"В Чуйской области в ДТП пострадала 12-летняя девочкаВ Чуйской области в ДТП пострадала 12-летняя девочка. Об этом сообщает пресс-служба ГУВД региона. По ее данным, 10 июня примерно в 13",NOT_RELEVANT,,NOT_RELEVANT,,,,gold,IAA adjudicated gold
RU-00921,,RU,24.kg,https://24.kg/archive/ru/bigtiraj/145869-kazaxstan-ubijstva-v-ile-alatauskom-nacionalnom.html/,2013-01-17,"Казахстан: Убийства в Иле-Алатауском национальном парке связаны с экстремизмом, рассказывает","Казахстан: Убийства в Иле-Алатауском национальном парке связаны с экстремизмом, рассказывает12news.uz (Узбекистан). Как утверждается в официальном отчете следствия, за одним из самых кровавы",NOT_RELEVANT,,NOT_RELEVANT,,,,ru_1,
RU-00130,,RU,Daryo.uz,https://daryo.uz/ru/2024/05/30/kompanii-v-fergane-osibocno-nacislili-bolee-73-tysac-za-elektroenergiu/,2024-05-30,Компании в Фергане ошибочно начислили более $73 тысяч за электроэнергию,В ситуации помогли разобраться представители офиса бизнес-омбудсмана,NOT_RELEVANT,,NOT_RELEVANT,,,,ru_2,
RU-00710,,RU,Daryo.uz,https://daryo.uz/ru/2025/11/03/v-uzbekistane-za-nekotorye-narusheniya-pdd-snachala-budut-preduprezhdat/,2025-11-03,В Узбекистане за некоторые нарушения ПДД сначала будут предупреждать,В Кодекс об административной ответственности вводится мера административного предупреждения за менее существенные правонарушения.,NOT_RELEVANT,,NOT_RELEVANT,,,,ru_2,
RU-00258,,RU,Daryo.uz,https://daryo.uz/ru/2023/12/22/kyrgyzstan-prisoedinitsa-k-singapurskoj-konvencii-cto-eto-dast-strane/,2023-12-22,Кыргызстан присоединится к Сингапурской конвенции - что это даст стране?,"Кыргызская Республика надеется, что более широкое применение медиации снизит нагрузку на судебную систему и создаст благоприятный инвестклимат в стране",NOT_RELEVANT,,NOT_RELEVANT,,,,ru_1,
RU-00629,,RU,24.kg,https://24.kg/archive/ru/parlament/140783-parlament-kyrgyzstana-otklonil-konstitucionnyj.html/,2012-11-01,Парламент Кыргызстана отклонил конституционный закон о заявочном принципе формирования списков избирателей на выборах,Парламент Кыргызстана отклонил конституционный закон о заявочном принципе формирования списков избирателей на выборахПарламент Кыргызстана отклонил конституционный закон о заявочном принципе,NOT_RELEVANT,,NOT_RELEVANT,,,,ru_2,
RU-01049,,RU,24.kg,https://24.kg/archive/ru/community/181379-premer-ministr-pozdravil-rabotnikov-vodnogo.html/,2014-06-13,Премьер-министр поздравил работников водного хозяйства с профессиональным праздником,Премьер-министр поздравил работников водного хозяйства с профессиональным праздникомПремьер-министр Джоомарт Оторбаев поздравил работников водного хозяйства с профессиональным праздником. &n,NOT_RELEVANT,,NOT_RELEVANT,,,,gold,IAA adjudicated gold
RU-01023,,RU,24.kg,https://24.kg/archive/ru/parlament/148365-tolkun-bekbulatova-u-kyrgyzstana-net-vozmozhnosti.html/,2013-02-19,Толкун Бекбулатова: Ни одна судебная экспертная организация из Кырзыстана не прошла аккредитацию в Международной организации по стандартизации (обновлено),Толкун Бекбулатова: У Кыргызстана нет возможности стать членом Международной организации по стандартизацииУ Кыргызстана нет возможности стать членом Международной организации по стандартизац,NOT_RELEVANT,,NOT_RELEVANT,,,,ru_1,
RU-01237,,RU,24.kg,https://24.kg/archive/ru/personnel/187157-zamministra-obrazovaniya-i-nauki-kr-uvolilas-po.html/,2014-09-25,Замминистра образования и науки КР уволилась по собственному желанию,Замминистра образования и науки КР уволилась по собственному желаниюЗаместитель министра образования и науки КР Догдуркуль Кендирбаева уволилась по собственному желанию. Об этом ИА «24,NOT_RELEVANT,,NOT_RELEVANT,,,,gold,IAA adjudicated gold
RU-01343,,RU,Daryo.uz,https://daryo.uz/ru/2024/05/24/ugol-dorozaet-na-fone-padenia-dobyci-v-kitae-trading-economics/,2024-05-24,Уголь дорожает на фоне падения добычи в Китае – Trading Economics,"За минувшие сутки стоимость «чёрного золота» выросла на 1,36%, приблизившись к отметке $145 за тонну",NOT_RELEVANT,,NOT_RELEVANT,,,,ru_1,
RU-01248,,RU,Daryo.uz,https://daryo.uz/ru/2025/06/25/v-taskente-nakazut-muzcinu-vylovivsego-rybu-iz-pruda-i-oskorbivsego-devusku-v-parke/,2025-06-25,"В Ташкенте накажут мужчину, выловившего рыбу из пруда и оскорбившего девушку в парке",Материалы дела направлены в суд.,NOT_RELEVANT,,NOT_RELEVANT,,,,gold,IAA adjudicated gold
RU-00657,,RU,Daryo.uz,https://daryo.uz/ru/2024/03/05/esg-iniciativy-v-biznese-cerez-povysenie-kacestva-korporativnogo-upravlenia-otcet-s-meropriatii-chapter-zero-uzbekistan/,2024-03-05,«ESG инициативы в бизнесе через повышение качества корпоративного управления»: отчет с мероприятия Chapter Zero Uzbekistan,Корреспондент Daryo присутствовал на мероприятии и пообщался со спикерами лично,NOT_RELEVANT,,NOT_RELEVANT,,,1,ru_2,"ESG/Chapter Zero, not clearly climate"
RU-01306,,RU,Daryo.uz,https://daryo.uz/ru/2025/11/14/v-tashkente-vremenno-perekroyut-ryad-ulits-i-zapretyat-dvizhenie-gruzovikov/,2025-11-14,В Ташкенте временно перекроют ряд улиц и запретят движение грузовиков,"С 14 по 17 ноября будет ограничен въезд в Ташкент грузовых транспортных средств, прибывающих из регионов. Движение грузовиков в центральной части города будет полностью приостановлено.",NOT_RELEVANT,,NOT_RELEVANT,,,,ru_1,
RU-01473,,RU,24.kg,https://24.kg/archive/ru/community/160593-v-infekcionnoj-bolnice-bishkeka-ostaetsya-11.html/,2013-09-13,В инфекционной больнице Бишкека остается 11 отравившихся в кафе «Енисей»,"В инфекционной больнице Бишкека остается 11 отравившихся в кафе «Енисей»В Республиканской клинической инфекционной больнице Бишкека остается 11 человек, отравившихся в кафе &laqu",NOT_RELEVANT,,NOT_RELEVANT,,,,ru_2,
RU-00150,,RU,24.kg,https://24.kg/archive/ru/biznes-info/185179-megacom-prizyvaet-abonentov-osteregatsya.html/,2014-08-19,MegaCom призывает абонентов остерегаться телефонных мошенников,"MegaCom призывает абонентов остерегаться телефонных мошенниковКомпания MegaCom предупреждает абонентов об участившихся случаях мобильного мошенничества. Текстовые SMS-сообщения, содержа",NOT_RELEVANT,,NOT_RELEVANT,,,,gold,IAA adjudicated gold
RU-01442,,RU,Daryo.uz,https://daryo.uz/ru/2024/04/13/wildberries-i-alibaba-sotrudnicestvo-ili-bitva-za-rynok/,2024-04-13,Wildberries и Alibaba: сотрудничество или битва за рынок?,Российский маркетплейс вышел на китайский рынок в конце 2023 года,NOT_RELEVANT,,NOT_RELEVANT,,,,ru_1,
RU-00415,,RU,Daryo.uz,https://daryo.uz/ru/2025/11/05/v-uzbekistane-oshchushchalos-zemletryasenie/,2025-11-05,В Узбекистане ощущалось землетрясение,Сила землетрясения в эпицентре составила 5 баллов.,NOT_RELEVANT,,NOT_RELEVANT,,,,ru_1,
RU-00457,,RU,24.kg,https://24.kg/archive/ru/community/173845-v-aksyjskom-rajone-okolo-sta-golov-melkogo.html/,2014-03-06,"В Аксыйском районе около ста голов мелкого рогатого скота, случайно перешедших в Узбекистан, не возвращены владельцам","В Аксыйском районе около ста голов мелкого рогатого скота, случайно перешедших в Узбекистан, не возвращены владельцамВ Аксыйском районе около ста голов мелкого рогатого скота, 29 января случ",NOT_RELEVANT,,NOT_RELEVANT,,,,ru_2,
RU-01466,,RU,24.kg,https://24.kg/archive/ru/investigation/184286-zavkafedroj-odnogo-iz-vuzov-bishkeka-zaderzhana.html/,2014-07-31,Завкафедрой одного из вузов Бишкека задержана при получении взятки,"Завкафедрой одного из вузов Бишкека задержана при получении взяткиЗавкафедрой одного из вузов Бишкека задержана при получении взятки. Об этом сообщает ГУВД. По данным ведомства, сотрудн",NOT_RELEVANT,,NOT_RELEVANT,,,,ru_1,
RU-00995,,RU,Daryo.uz,https://daryo.uz/ru/2024/03/20/uzbekistan-i-turkmenistan-mogut-vyvesti-strategiceskoe-partnerstvo-na-novyj-uroven-savkat-mirzieev/,2024-03-20,Узбекистан и Туркменистан могут расширить стратегическое партнерство – Шавкат Мирзиеев,"За последние годы наблюдается пятикратный рост объема взаимной торговли, который в 2023 году составил $1,094 млрд",NOT_RELEVANT,,NOT_RELEVANT,,,,ru_2,
RU-00877,,RU,Daryo.uz,https://daryo.uz/ru/2024/02/08/cb-uzbekistana-opublikoval-obnovlennyj-kurs-inostrannyh-valut-na-9-fevrala/,2024-02-08,ЦБ Узбекистана опубликовал обновленный курс иностранных валют на 9 февраля,"Доллар составил 12 464,91 сумов",NOT_RELEVANT,,NOT_RELEVANT,,,,ru_1,
RU-01061,,RU,Daryo.uz,https://daryo.uz/ru/2024/05/02/inostrannyh-investorov-privlekut-k-stroitelstvu-novyh-vozdusnyh-gavanej-v-uzbekistane/,2024-05-02,Иностранных инвесторов привлекут к строительству новых воздушных гаваней в Узбекистане,"Также планируется развивать аэропорты в Ташкенте, Бухаре и Ургенче",NOT_RELEVANT,,NOT_RELEVANT,,,,ru_1,
RU-00444,,RU,Azattyk,https://www.azattyqasia.org/a/gosduma-hochet-vydvoryat-migrantov-za-diskriminatsiyu-i-nepovinovenie-pogranichnikam/33797680.html,2026-07-06,Госдума хочет выдворять мигрантов за дискриминацию и неповиновение пограничникам,"Депутаты Госдумы России хотят добавить в перечень оснований для выдворения из страны мигрантов дискриминацию и неповиновение военнослужащим, которые находятся на охране государственной границы. Об этом сообщил спикер нижней палаты парламента Вячеслав Володин. По его словам, законопроект об этом планируют рассмотреть в ближайшие дни. Володин заявил, что мигрантов планируют депортировать за «нарушение прав, свобод и законных интересов человека в зависимости от его пола, расы, цвета кожи, национальности, языка, возраста, отношения к религии», а также если они окажут неповиновение законному распоряжению или требованию военнослужащего в связи с исполнением им обязанностей по охране государственной границы России. Всего количество статей кодекса об административных нарушениях, по которым можно будет выдворять иностранцев, вырастет более чем в два раза – с 22 до 45-ти, заявляет Володин. Спикер считает, что это поспособствует повышению общественной безопасности и порядку в миграционной сфере. Ранее президент России Владимир Путин подписал закон, запрещающий депортацию иностранных граждан, которые участвовали в боевых действиях по контракту в составе вооружённых сил России. Кроме того, им не могут отказать в выдаче разрешения на временное проживание, вида на жительство или разрешения на работу, а уже выданные документы не подлежат аннулированию.",NOT_RELEVANT,,NOT_RELEVANT,,,,ru_2,
RU-01410,,RU,24.kg,https://24.kg/archive/ru/community/173098-v-issyk-kulskoj-oblasti-raskryto-66-prestuplenij.html/,2014-02-26,В Иссык-Кульской области раскрыто 66 преступлений браконьеров,В Иссык-Кульской области раскрыто 66 преступлений браконьеровВ результате трехмесячника по пресечению браконьерства в Иссык-Кульской области раскрыто 66 преступлений. Об этом сообщают в прес,NOT_RELEVANT,,NOT_RELEVANT,,,,ru_1,
RU-00913,,RU,24.kg,https://24.kg/archive/ru/community/144631-almazbek-atambaev-esli-kto-libo-iz-chlenov-moej.html/,2012-12-24,"Алмазбек Атамбаев: Если кто-либо из членов моей семьи совершит преступление, он понесет должное наказание","Алмазбек Атамбаев: Если кто-либо из членов моей семьи совершит преступление, он понесет должное наказание«Если кто-либо из членов моей семьи совершит преступление, он понесет должное н",NOT_RELEVANT,,NOT_RELEVANT,,,,ru_1,
RU-01035,,RU,Daryo.uz,https://daryo.uz/ru/2024/02/06/velikobritania-otlozila-prinatie-kodeksa-ob-avtorskih-pravah-dla-ii/,2024-02-06,Великобритания отложила принятие кодекса об авторских правах для ИИ,Работа Управления по интеллектуальной собственности при правительстве Великобритании совместно с другими компаниями не принесла результатов и ее передали другим ведомствам,NOT_RELEVANT,,NOT_RELEVANT,,,,ru_2,
RU-01170,,RU,24.kg,https://24.kg/archive/ru/parlament/179681-v-pravitelstve-kyrgyzstana-zaveryayut-chto-s.html/,2014-05-23,"В правительстве Кыргызстана заверяют, что с вхождением в ТС стоимость авто для личного пользования не увеличится","В правительстве Кыргызстана заверяют, что с вхождением в ТС стоимость авто для личного пользования не увеличитсяВ правительстве Кыргызстана заверяют, что с вхождением в ТС стоимость авто для",NOT_RELEVANT,,NOT_RELEVANT,,,,ru_2,
RU-00370,,RU,Daryo.uz,https://daryo.uz/ru/2025/10/08/v-uzbekistane-prinyat-proekt-zakona-o-zaprete-na-semku-grazhdan-bez-soglasiya/,2025-10-08,В Узбекистане принят проект закона о запрете на съемку граждан без согласия,"Законом также предусматривается, что при съемке и использовании изображения несовершеннолетних, не достигших 16 лет, должно быть получено согласие одного из родителей или лиц, заменяющих родителей.",NOT_RELEVANT,,NOT_RELEVANT,,,,ru_1,
RU-00973,,RU,24.kg,https://24.kg/archive/ru/parlament/159803-v-kyrgyzstane-zapreshhayut-vykupat-obekty-v.html/,2013-09-03,В Кыргызстане запрещают выкупать объекты в госрезиденциях,В Кыргызстане запрещают выкупать объекты в госрезиденцияхВ Кыргызстане запрещают выкупать объекты в госрезиденциях. Этот документ одобрили члены парламентского комитета по конституционному з,NOT_RELEVANT,,NOT_RELEVANT,,,,ru_2,
RU-00346,,RU,24.kg,https://24.kg/archive/ru/economics/143271-opublikovan-nezavisimyj-otchet-po-yekologicheskim.html/,2012-12-04,Опубликован независимый отчет по экологическим показателям рудника «Кумтор»,Опубликован независимый отчет по экологическим показателям рудника «Кумтор»Опубликован независимый отчет по экологическим показателям рудника «Кумтор». Об этом сообща,NOT_RELEVANT,,NOT_RELEVANT,,,,ru_1,
RU-01295,,RU,Daryo.uz,https://daryo.uz/ru/2025/12/12/v-tashkente-zaderzhany-ekoinspektory-potrebovavshie-vzyatku-za-razreshenie-na-peresadku-derevev/,2025-12-12,"В Ташкенте задержаны экоинспекторы, потребовавшие взятку за разрешение на пересадку деревьев","Инспекторы требовали 3000 долларов за оформление разрешения на обрезку сухих веток и пересадку деревьев, посаженных на одной сотке земли, выделенном под строительство магазина.",NOT_RELEVANT,,NOT_RELEVANT,,,,ru_1,
RU-00414,,RU,24.kg,https://24.kg/archive/ru/community/182916-pravozashhitniki-zayavlyayut-chto-v-dps-na.html/,2014-07-07,"Правозащитники заявляют, что в ДПС на вышестоящие должности назначаются инспекторы, не прошедшие аттестацию","Правозащитники заявляют, что в ДПС на вышестоящие должности назначаются инспекторы, не прошедшие аттестациюПравозащитники заявляют, что в ДПС на вышестоящие должности назначаются инспекторы,",NOT_RELEVANT,,NOT_RELEVANT,,,,ru_2,
RU-00754,,RU,24.kg,https://24.kg/archive/ru/bishkek24/180987-v-bishkeke-realizuyut-7-proektov-po-uluchsheniyu.html/,2014-06-09,В Бишкеке реализуют 7 проектов по улучшению жизни города,"В Бишкеке реализуют 7 проектов по улучшению жизни городаВ Бишкеке реализуют 7 проектов по улучшению жизни города. Об этом ИА «24.kg» сообщили в мэрии Бишкека. Напомним, что",NOT_RELEVANT,,NOT_RELEVANT,,,,ru_2,
RU-01068,,RU,Daryo.uz,https://daryo.uz/ru/2026/04/30/ziroat-mirziyoeva-pervaya-ledi-socialnye-seti/,2026-04-30,У Зироат Мирзиёевой появились официальные страницы в соцсетях,"Теперь каждый может быть в курсе актуальных новостей о деятельности первой леди, ее поездках, встречах, ключевых проектах и инициативах.",NOT_RELEVANT,,NOT_RELEVANT,,,,ru_2,
RU-01151,,RU,24.kg,https://24.kg/archive/ru/sport/169097-v-stolice-kyrgyzstana-zavershilsya-turnir.html/,2014-01-10,В столице Кыргызстана завершился турнир Greenvich Сhess Сup-2014 по шахматам,В столице Кыргызстана завершился турнир Greenvich Сhess Сup-2014 по шахматамВ столице Кыргызстана сегодня завершился международный турнир Greenvich Сhess Сup-2014 по шахматам. Об этом ИА &la,NOT_RELEVANT,,NOT_RELEVANT,,,,ru_2,
RU-01412,,RU,24.kg,https://24.kg/archive/ru/economics/168640-mezhdunarodnyj-arbitrazh-vzyskal-s-amerikanskogo.html/,2013-12-26,Международный арбитраж взыскал с американского гражданина по искам относительно национализации ОАО «АУБ» более $400 тысяч,Международный арбитраж взыскал с американского гражданина по искам относительно национализации ОАО «АУБ» более $400 тысячМеждународный арбитраж взыскал с американского гражданина,NOT_RELEVANT,,NOT_RELEVANT,,,,ru_2,
RU-00835,,RU,Daryo.uz,https://daryo.uz/ru/2026/03/18/uzbekistan-ramazan-xayit-20-marta-2026/,2026-03-18,Рамазан хайит в Узбекистане будет отмечаться 20 марта,Местным хокимиятам и ответственным ведомствам поручено организовать празднование Рамазан хайита совместно с Наврузом в соответствии с национальными традициями и обычаями.,NOT_RELEVANT,,NOT_RELEVANT,,,,gold,IAA adjudicated gold
RU-00397,,RU,24.kg,https://24.kg/archive/ru/bishkek24/168916-v-bgk-frakciya-laquozamandash-sovremennikraquo.html/,2014-01-08,В БГК фракция «Замандаш-Современник» решила не выдвигать своего кандидата в мэры Бишкека,В БГК фракция «Замандаш-Современник» решила не выдвигать своего кандидата в мэры БишкекаВ БГК фракция «Замандаш-Современник» решила не выдвигать своего кандидата в мэ,NOT_RELEVANT,,NOT_RELEVANT,,,,ru_1,
RU-00390,,RU,Tengrinews,https://tengrinews.kz/tengriautouseful/pokrasit-karbon-domashnih-usloviyah-instruktsiya-ekspertov-603177/,2026-07-06,Как покрасить карбон в домашних условиях - инструкция от экспертов,"Для многих автолюбителей карбон давно стал одним из самых желанных материалов для тюнинга. Такие детали не только меняют внешний вид автомобиля, но и позволяют подчеркнуть его индивидуальность.",NOT_RELEVANT,,NOT_RELEVANT,,,,ru_2,
RU-00942,,RU,Daryo.uz,https://daryo.uz/ru/2024/01/21/taskent-zanal-sestuu-poziciu-v-rejtinge-gorodov-s-samym-zagraznennym-vozduhom/,2024-01-21,Ташкент занял шестую позицию в рейтинге городов с самым загрязнённым воздухом,Концентрация PM 2.5 превысила норму в 25 раз,NOT_RELEVANT,,NOT_RELEVANT,,1,,ru_1,
RU-00557,,RU,Daryo.uz,https://daryo.uz/ru/2025/09/23/v-ministerstve-ekologii-obyasnili-zagryaznenie-atmosfernogo-vozduxa-v-tashkente/,2025-09-23,В Министерстве экологии объяснили загрязнение воздуха в Ташкенте,Также в ведомстве предупредили о возможном повышении уровня частиц PM2.5.,NOT_RELEVANT,,NOT_RELEVANT,,1,,ru_2,
RU-01165,,RU,Daryo.uz,https://daryo.uz/ru/2026/06/02/kurs-valyut-dollar-uzbekistan-3-iyun/,2026-06-02,Курс валют в Узбекистане на 3 июня,Центральный банк Узбекистана опубликовал новые курсы иностранных валют к суму.,NOT_RELEVANT,,NOT_RELEVANT,,,,ru_1,
RU-00105,,RU,Daryo.uz,https://daryo.uz/ru/2026/03/30/mirziyoev-naslednyj-princ-saudovskaya-araviya-obsudili/,2026-03-30,Шавкат Мирзиёев и наследный принц Саудовской Аравии обсудили ситуацию на Ближнем Востоке,"Стороны серьезно обеспокоены острой обстановкой на Ближнем Востоке и нарастающей напряженностью в регионе. Недопущение дальнейшей эскалации и полное урегулирование отвечают не только интересам государств региона, но и целям обеспечения глобальной стабильности.",NOT_RELEVANT,,NOT_RELEVANT,,,,ru_2,
RU-00967,,RU,24.kg,https://24.kg/archive/ru/community/140770-mvd-kyrgyzstana-ugolovnoe-delo-po-faktu.html/,2012-11-01,МВД Кыргызстана: Уголовное дело по факту похищения телеведущей Назиры Айтбековой не возбуждалось,МВД Кыргызстана: Уголовное дело по факту похищения телеведущей Назиры Айтбековой не возбуждалосьУголовное дело по факту похищения телеведущей Назиры Айтбековой не возбуждалось. Об этом ИА &l,NOT_RELEVANT,,NOT_RELEVANT,,,,ru_1,
RU-00383,,RU,Daryo.uz,https://daryo.uz/ru/2025/11/28/naznacheny-novye-posly-albanii-i-burundi-v-uzbekistane/,2025-11-28,Назначены новые послы Албании и Бурунди в Узбекистане,Глава МИД Бахтиёр Саидов принял у Генца Пецани и Жозефа Нкурунзиза верительные грамоты.,NOT_RELEVANT,,NOT_RELEVANT,,,,ru_2,
RU-01148,,RU,Daryo.uz,https://daryo.uz/ru/2026/04/26/tramp-strelba-otel-melaniya/,2026-04-26,"В отеле, где Трамп ужинал с журналистами, неизвестный открыл стрельбу","Дональд Трамп и члены его администрации были эвакуированы с ежегодного ужина Ассоциации корреспондентов Белого дома из отеля Washington Hilton из-за «угрозы безопасности». Некоторые присутствующие сообщали, что слышали от пяти до восьми выстрелов.",NOT_RELEVANT,,NOT_RELEVANT,,,,ru_1,
RU-01027,,RU,24.kg,https://24.kg/archive/ru/economics/166246-fond-po-zashhite-depozitov-v-kyrgyzstane.html/,2013-11-26,Фонд по защите депозитов в Кыргызстане составляет 648 миллионов сомов,Фонд по защите депозитов в Кыргызстане составляет 648 миллионов сомовФонд по защите депозитов в Кыргызстане составляет 648 миллионов сомов. Об этом журналистам сообщил исполнительный директо,NOT_RELEVANT,,NOT_RELEVANT,,,,ru_1,
RU-00546,,RU,24.kg,https://24.kg/archive/ru/economics/186425-za-nedelyu-v-kyrgyzstane-ceny-na-gsm-vyrosli-na.html/,2014-09-15,"За неделю в Кыргызстане цены на ГСМ выросли на 0,73-4,89 процента","За неделю в Кыргызстане цены на ГСМ выросли на 0,73-4,89 процентаЗа неделю в Кыргызстане цены на ГСМ выросли на 0,73-4,89 процента. Об этом сообщает Министерство экономики КР. По его да",NOT_RELEVANT,,NOT_RELEVANT,,,,ru_1,
RU-00828,,RU,Daryo.uz,https://daryo.uz/ru/2023/11/20/ferganskaa-oblast-i-indijskij-stat-harana-ukreplaut-svazi/,2023-11-20,Ферганская область и индийский штат Харьяна укрепляют связи,Индийская сторона проявила большой интерес к инвестиционным проектам в Узбекистане,NOT_RELEVANT,,NOT_RELEVANT,,,,ru_2,
RU-01293,,RU,Daryo.uz,https://daryo.uz/ru/2026/03/27/uzbekistan-statistika-chaj-import-strany-skolko/,2026-03-27,Из каких стран привозят чай в Узбекистан,"В январе Узбекистан импортировал более 2,5 тыс. тонн чая из 14 стран.",NOT_RELEVANT,,NOT_RELEVANT,,,,ru_1,
RU-00473,,RU,24.kg,https://24.kg/archive/ru/biznes-info/146321-zhiteli-narynskoj-oblasti-trebuyut-otstavki.html/,2013-01-23,Жители Нарынской области требуют отставки руководства Таможенной службы,"Жители Нарынской области требуют отставки руководства Таможенной службыЖители Нарынской области требуют не переносить таможенный терминал на Иссык-Куль. Завтра, 24 января, они намерены выйти",NOT_RELEVANT,,NOT_RELEVANT,,,,ru_2,
RU-00280,,RU,Tengrinews,https://tengrinews.kz/near_east/novyiy-verhovnyiy-lider-irana-poyavilsya-pohoronah-ottsa-603251/,2026-07-05,Новый верховный лидер Ирана не появился на похоронах отца,"Траур по убитому верховную лидеры Ирана Али Хаменеи продолжается. Местонахождение нового верховного лидера Ирана неизвестно, он до сих пор не появился на траурных мероприятиях в честь своего отца, передаёт Tengrinews.kz со ссылкой на CNN.",NOT_RELEVANT,,NOT_RELEVANT,,,,ru_1,
RU-00434,,RU,Daryo.uz,https://daryo.uz/ru/2023/12/26/iran-hocet-sozdat-prigranicnye-rynki-s-turkmenistanom/,2023-12-26,Иран хочет создать приграничные рынки с Туркменистаном,Обсуждается и вопрос об облегчении беспрепятственного транзита грузов из Ирана в другие страны Центральной Азии,NOT_RELEVANT,,NOT_RELEVANT,,,,ru_2,
RU-01235,,RU,Daryo.uz,https://daryo.uz/ru/2025/10/30/shavkat-mirziyoev-nagradil-gendirektora-yunesko-odri-azule-ordenom-dustlik/,2025-10-30,Шавкат Мирзиёев наградил гендиректора ЮНЕСКО Одри Азуле орденом «Дустлик»,"Одри Азуле искренне поздравила президента с историческим событием – проведением 43-й сессии Генеральной конференции Организации, которая впервые за последние 40 лет проходит за пределами Парижа.",NOT_RELEVANT,,NOT_RELEVANT,,,,ru_1,
RU-00098,,RU,Daryo.uz,https://daryo.uz/ru/2025/07/09/v-taskente-58-letnaa-zensina-pokoncila-s-soboj-vybrosivsis-s-devatogo-etaza/,2025-07-09,"В Ташкенте 58-летняя женщина покончила с собой, выбросившись с девятого этажа","Женщина состояла на учете в диспансере психических заболеваний, а также в органах внутренних дел.",NOT_RELEVANT,,NOT_RELEVANT,,,,ru_1,
RU-00992,,RU,24.kg,https://24.kg/archive/ru/parlament/172490-omurbek-abdyraxmanov-parlament-kyrgyzstana.html/,2014-02-19,Омурбек Абдырахманов: Парламент Кыргызстана превратился в контору интриг,"Омурбек Абдырахманов: Парламент Кыргызстана превратился в контору интриг«Парламент Кыргызстана превратился в контору интриг», - заявил на заседании парламента депутат Омурбек Абд",NOT_RELEVANT,,NOT_RELEVANT,,,,ru_1,
RU-00199,,RU,Daryo.uz,https://daryo.uz/ru/2026/04/27/uzbekistan-angren-gruzovik-massovoe-dtp-avariya/,2026-04-27,В Ангрене грузовик столкнулся с 4 автомобилями: есть погибшие и пострадавшие,"В результате массового ДТП водитель и пассажир автомобиля Cobalt погибли на месте, еще четверо получили различные травмы.",NOT_RELEVANT,,NOT_RELEVANT,,,,gold,IAA adjudicated gold
RU-00696,,RU,Daryo.uz,https://daryo.uz/ru/2025/06/20/odin-udar-i-vse-izrailu-nuzna-15-tonnaa-megabomba-ssa-ctoby-unictozit-zavod-fordo-v-irane/,2025-06-20,"«Один удар – и все» — Израилю нужна 15-тонная мегабомба США, чтобы уничтожить завод Фордо в Иране","Из-за огромного веса, сбросить такую бомбу можно только с помощью малозаметного бомбардировщика B-2 Spirit — самолета, которого нет на вооружении у израильских ВВС.",NOT_RELEVANT,,NOT_RELEVANT,,,,ru_1,
RU-00229,,RU,24.kg,https://24.kg/archive/ru/parlament/173560-yernistina-kochkarova-otvetstvennost-za-lozhnoe.html/,2014-03-04,"Эристина Кочкарова: Ответственность за ложное сообщение будет нести лицо, распространившее его, а не СМИ, где оно опубликовано","Эрнистина Кочкарова: Ответственность за ложное сообщение будет нести лицо, распространившее его, а не СМИ, где оно опубликовано«Ответственность за ложное сообщение будет нести лицо, ра",NOT_RELEVANT,,NOT_RELEVANT,,,,gold,IAA adjudicated gold
RU-00838,,RU,24.kg,https://24.kg/archive/ru/parlament/161739-chyngysbek-uzakbaev-v-2013-godu-pravitelstvo.html/,2013-09-30,Чынгысбек Узакбаев: В 2013 году правительство хорошо поддержало фермеров кредитами,"Чынгысбек Узакбаев: В 2013 году правительство хорошо поддержало фермеров кредитами«В 2013 году правительство хорошо поддержало фермеров кредитами», - заявил сегодня на заседании",NOT_RELEVANT,,NOT_RELEVANT,,,,ru_2,
RU-00672,,RU,Daryo.uz,https://daryo.uz/ru/2024/06/10/saranca-atakovala-buharskuyo-oblast/,2024-06-10,Саранча атаковала Бухарскую область,Записи с агрессивными насекомыми были сделаны на участке автомобильной дороги А-380 Бухара – Хорезм рядом с городом Газли,NOT_RELEVANT,,NOT_RELEVANT,,,,ru_1,
RU-00207,,RU,Daryo.uz,https://daryo.uz/ru/2024/02/17/uzbekistan-podnalsa-na-odnu-strocku-v-rejtinge-demokratii/,2024-02-17,Узбекистан поднялся на одну строчку в рейтинге демократии,Страна заняла 148 место из 167,NOT_RELEVANT,,NOT_RELEVANT,,,,ru_2,
RU-00531,,RU,24.kg,https://24.kg/archive/ru/community/160913-myetyu-sanders-nalogooblozhenie-v-kyrgyzstane.html/,2013-09-17,Мэтью Сандерс: Налогообложение в Кыргызстане находится выше среднего уровня по сравнению с другими странами,Мэтью Сандерс: Налогообложение в Кыргызстане находится выше среднего уровня по сравнению с другими странами«Налогообложение в Кыргызстане находится выше среднего уровня по сравнению с,NOT_RELEVANT,,NOT_RELEVANT,,,,ru_1,
RU-01072,,RU,24.kg,https://24.kg/archive/ru/culture/149771-v-stolice-kyrgyzstana-otkroetsya-centr-molodezhi.html/,2013-03-12,В столице Кыргызстана откроется Центр молодежи Атая Омурзакова «Я танцор»,В столице Кыргызстана откроется Центр молодежи Атая Омурзакова «Я танцор»,NOT_RELEVANT,,NOT_RELEVANT,,,,ru_1,
RU-00395,,RU,Daryo.uz,https://daryo.uz/ru/2026/06/24/andizhanskaya-polka-mirovoy-rekord-ginnes/,2026-06-24,"20 тысяч человек одновременно станцевали «Андижанскую польку», чтобы установить мировой рекорд","В центре Андижана устроили массовый танцевальный флешмоб. Масштабное мероприятие прошло в рамках программы, посвящённой присвоению Андижану статуса культурной столицы тюркского мира в 2026 году.",NOT_RELEVANT,,NOT_RELEVANT,,,,ru_1,
RU-00870,,RU,24.kg,https://24.kg/proisshestvija/380803_voshe_fermeru_izbitomu_naryinke_predostavili_torgovoe_mesto/,2026-07-06,"В Оше фермеру, избитому на рынке, предоставили торговое место","Фермеру, который подвергся нападению во время попытки продать клубнику возле старого рынка Оша, предоставили торговое место на новом рынке. Об этом сообщили в мэрии.",NOT_RELEVANT,,NOT_RELEVANT,,,,gold,IAA adjudicated gold
RU-01277,,RU,Daryo.uz,https://daryo.uz/ru/2026/03/16/uzbekistan-metan-zapravki-gaz-grafik/,2026-03-16,Сегодня метановые заправки в Узбекистане будут работать шесть часов,В Ферганской долине график работы метановых заправок определяется по согласованию с хокимиятами и зависит от давления газа.,NOT_RELEVANT,,NOT_RELEVANT,,,,ru_2,
RU-01355,,RU,Daryo.uz,https://daryo.uz/ru/2025/12/29/shavkat-mirziyoev-pozdravil-nursultana-nazarbaeva-s-nastupayushchim-novym-godom/,2025-12-29,Шавкат Мирзиёев поздравил Нурсултана Назарбаева с наступающим Новым годом,"Лидер нашей страны и первый президент Казахстана обменялись теплыми поздравлениями, выразив наилучшие пожелания мира, стабильности и процветания народам двух братских государств.",NOT_RELEVANT,,NOT_RELEVANT,,,,ru_1,
RU-00756,,RU,Daryo.uz,https://daryo.uz/ru/2024/01/20/senat-rassmotrel-zakon-ob-ulucsenii-ekologiceskoj-bezopasnosti/,2024-01-20,Сенат рассмотрел Закон об улучшении экологической безопасности,"Законом предусмотрена возможность ограничения или приостановления деятельности объектов, оказывающих вредное воздействие на окружающую природную среду",NOT_RELEVANT,,NOT_RELEVANT,,,,ru_2,
RU-00471,,RU,Daryo.uz,https://daryo.uz/ru/2025/10/08/s-marta-2026-goda-v-uzbekistane-budet-avtomaticheski-ogranichena-prodazha-prosrochennyx-tovarov/,2025-10-08,С марта 2026 года в Узбекистане будет автоматически ограничена продажа просроченных товаров,При этом на товары с истекшим сроком годности не будут пробиваться кассовые чеки через контрольно-кассовые аппараты.,NOT_RELEVANT,,NOT_RELEVANT,,,,ru_2,
RU-00315,,RU,24.kg,https://24.kg/archive/ru/cis/174572-kubat-umurzakov-pri-vstuplenii-kyrgyzstana-v.html/,2014-03-18,Кубат Умурзаков: При вступлении Кыргызстана в Таможенный союз потери бюджета могут составить до $60 миллионов,Кубат Умурзаков: При вступлении Кыргызстана в Таможенный союз потери бюджета могут составить до $60 миллионов«При вступлении Кыргызстана в Таможенный союз потери бюджета могут составит,NOT_RELEVANT,,NOT_RELEVANT,,,,ru_2,
RU-00941,,RU,Daryo.uz,https://daryo.uz/ru/category/uzbekistan/yg0rk2l5fvoj/,2025-07-24,"В Узбекистане за полгода удалось сократить неэффективные бюджетные расходы на 5,6 трлн сумов",Также были определены дополнительные резервы поступлений в бюджет в размере 5 трлн сумов.,NOT_RELEVANT,,NOT_RELEVANT,,,,gold,IAA adjudicated gold
RU-00999,,RU,24.kg,https://24.kg/archive/ru/sport/183896-sportsmeny-iz-kyrgyzstana-vystupyat-na.html/,2014-07-23,Спортсмены из Кыргызстана выступят на международных соревнованиях по вольной борьбе,Спортсмены из Кыргызстана выступят на международных соревнованиях по вольной борьбеСпортсмены из Кыргызстана выступят на международных соревнованиях по вольной борьбе. Об этом сообщила Федер,NOT_RELEVANT,,NOT_RELEVANT,,,,ru_2,
RU-01303,,RU,Daryo.uz,https://daryo.uz/ru/2023/12/16/kazahstanu-32-goda-istoria-vyzovov-i-peremen/,2023-12-16,Казахстану 32 года: история вызовов и перемен,"В день независимости Казахстана, отмечаемый 16 декабря, Асель Нусупова, колумнист Daryo.uz, пишет о трансформации Казахстана из страны советского влияния в развивающуюся экономическую силу в Центральной Азии, отмечая три десятилетия независимости и преодолевая значительные экологические и экономические трудности",NOT_RELEVANT,,NOT_RELEVANT,,,,ru_2,
RU-00630,,RU,Daryo.uz,https://daryo.uz/ru/2026/04/14/uzbekistan-akademiya-nauk-zemlya-xokimiyat-tashkent/,2026-04-14,Академия наук передала 190 гектаров земли хокимияту Ташкента — что здесь построят,"Речь идет о земельном участке на территории поселка Улугбек в Мирзо-Улугбекском районе. Участок будет включен в категорию свободных земель, находящихся в распоряжении хокимията.",NOT_RELEVANT,,NOT_RELEVANT,,,,ru_1,
RU-01291,,RU,24.kg,https://24.kg/archive/ru/bishkek24/149709-yernis-dokenov-koaliciya-bolshinstva-bishkekskogo.html/,2013-03-11,Эрнис Докенов: Коалиция большинства Бишкекского горкенеша продавила свое решение,"Эрнис Докенов: Коалиция большинства Бишкекского горкенеша продавила свое решение«Коалиция большинства Бишкекского городского кенеша продавила свое решение», - заявил сегодня на в",NOT_RELEVANT,,NOT_RELEVANT,,,,ru_2,
RU-00184,,RU,Daryo.uz,https://daryo.uz/ru/2023/11/22/optimizacia-cen-na-ves-modelnyj-rad-avtomobilej-chery-v-uzbekistane/,2023-11-22,Оптимизация цен на весь модельный ряд автомобилей Chery в Узбекистане,"Интернет-издание «Daryo» зарегистрировано в качестве средства массовой информации Агентством по печати и информации Узбекистана (ОзМАА, ныне Агентство информации и массовых коммуникаций при Администрации Президента Республики Узбекистан) 13.03.2015 года под номером 0944. Полное или частичное воспроизведение текстовых материалов, а также использование фотографических, графических, аудио- и/или видеоматериалов допускается при наличии гиперссылки на сайт «daryo.uz» и/или указания авторства интернет-издания «Daryo».",NOT_RELEVANT,,NOT_RELEVANT,,,,gold,IAA adjudicated gold
RU-00633,,RU,24.kg,https://24.kg/archive/ru/bishkek24/169304-sanitarno-yekologicheskaya-inspekciya-vyyavila.html/,2014-01-14,Санитарно-экологическая инспекция выявила нарушения по Свердловскому району Бишкека,Санитарно-экологическая инспекция выявила нарушения по Свердловскому району БишкекаСанитарно-экологическая инспекция выявила нарушения по Свердловскому району Бишкека. Об этом сообщает мэрия,NOT_RELEVANT,,NOT_RELEVANT,,,,ru_1,
RU-01233,,RU,Daryo.uz,https://daryo.uz/ru/2025/10/09/ilxam-aliev-i-putin-proveli-peregovory-v-dushanbe/,2025-10-09,Ильхам Алиев и Путин провели переговоры в Душанбе,Это первые переговоры политиков после ухудшения отношений двух стран на фоне крушения самолета AZAL и задержаний азербайджанцев в России.,NOT_RELEVANT,,NOT_RELEVANT,,,,ru_1,
RU-01142,,RU,24.kg,https://24.kg/archive/ru/economics/141512-v-stolice-kyrgyzstana-sostoitsya-kyrgyzsko.html/,2012-11-13,В столице Кыргызстана состоится кыргызско-австрийский бизнес-форум,"В столице Кыргызстана состоится кыргызско-австрийский бизнес-форумЗавтра, 14 ноября, в Бишкеке состоится кыргызско-австрийский бизнес-форум. Об этом сообщает пресс-служба МИД КР. По ее",NOT_RELEVANT,,NOT_RELEVANT,,,,ru_2,
RU-00100,,RU,Daryo.uz,https://daryo.uz/ru/2025/11/27/deyatelnost-predpriyatiya-maxam-chirchiq-vremenno-priostanovlena/,2025-11-27,Деятельность предприятия «Maxam-Chirchiq» временно приостановлена,"Экологическая проверка выявила 11 нарушений, включая несоответствие пылегазоочистного оборудования требованиям, превышение установленных нормативов выбросов, а также химических веществ в воде.",NOT_RELEVANT,,NOT_RELEVANT,,1,,ru_1,
RU-00678,,RU,24.kg,https://24.kg/archive/ru/community/140345-kubatbek-ajbashov-osvobozhdenie-ot-dolzhnosti.html/,2012-10-25,Кубатбек Айбашов: Освобождение от должности главы администрации Кадамджайского района Баткенской области Кыргызстана не было указом сверху,Кубатбек Айбашов: Освобождение от должности главы администрации Кадамджайского района Баткенской области Кыргызстана не было указом сверхуОсвобождение от должности главы администрации Кадамд,NOT_RELEVANT,,NOT_RELEVANT,,,,ru_1,
RU-01469,,RU,Daryo.uz,https://daryo.uz/ru/2023/12/15/cahal-nanes-udary-po-voennym-obektam-hamas-vdol-granicy-gazy-i-egipta/,2023-12-15,ЦАХАЛ нанес удары по военным объектам ХАМАС вдоль границы Газы и Египта,Это предотвратит контрабандный ввоз оружия в сектор Газы,NOT_RELEVANT,,NOT_RELEVANT,,,,ru_1,
RU-00173,,RU,24.kg,https://24.kg/archive/ru/sport/187096-sportsmenka-iz-kyrgyzstana-ustupila-na-starte.html/,2014-09-24,Спортсменка из Кыргызстана уступила на старте состязаний по теннису на Азиатских играх,"Спортсменка из Кыргызстана уступила на старте состязаний по теннису на Азиатских играхСпортсменка из Кыргызстана уступила на старте состязаний по теннису на 17-х летних Азиатских играх, прод",NOT_RELEVANT,,NOT_RELEVANT,,,,ru_2,
RU-00720,,RU,24.kg,https://24.kg/archive/ru/parlament/155861-axmatbek-keldibekov-zao-laquoalfa-telekomraquo.html/,2013-06-03,Ахматбек Келдибеков: ЗАО «Альфа Телеком» имеет иски на общую сумму более чем в $1 миллиард,Ахматбек Келдибеков: ЗАО «Альфа Телеком» имеет иски на общую сумму более чем в $1 миллиард,NOT_RELEVANT,,NOT_RELEVANT,,,,gold,IAA adjudicated gold
RU-00287,,RU,Tengrinews,https://tengrinews.kz/health/vrach-nazval-samyiy-opasnyiy-dlya-zubov-alkogolnyiy-napitok-603282/,2026-07-05,Врач назвал самый опасный для зубов алкогольный напиток,"Имплантолог, пародонтолог Александр Заславский-Шостак в беседе с ""Лентой.ру"" назвал самый опасный для здоровья полости рта алкогольный напиток, передает TengriHealth.",NOT_RELEVANT,,NOT_RELEVANT,,,,ru_2,
RU-01188,,RU,Daryo.uz,https://daryo.uz/ru/2025/09/17/torgovlya-s-izrailem/,2025-09-17,Евросоюз обсуждает приостановление торгового соглашения с Израилем,"Глава внешней политики ЕС Кая Каллас сказала, что если страны, блокирующие продвижение мер, не согласны с планом, то она призывает их предложить альтернативу. Особенно в том случае, если они признают, что ситуация в Газе «неприемлема».",NOT_RELEVANT,,NOT_RELEVANT,,,,ru_1,
RU-01137,,RU,24.kg,https://24.kg/archive/ru/community/188592-stroitelnaya-firma-rekonstruirovavshaya-ippodrom.html/,2014-10-20,"Строительная фирма, реконструировавшая ипподром в Чолпон-Ате, только после Всемирных игр кочевников принялась рассчитывать смету","Строительная фирма, реконструировавшая ипподром в Чолпон-Ате, только после Всемирных игр кочевников принялась рассчитывать сметуСтроительная фирма, реконструировавшая ипподром в Чолпон-Ате,",NOT_RELEVANT,,NOT_RELEVANT,,,,ru_1,
RU-01243,,RU,24.kg,https://24.kg/archive/ru/parlament/151684-na-zavershenie-semok-filma-laquokurmandzhan.html/,2013-04-08,На завершение съемок фильма «Курманджан датка» требуется еще 20 миллионов сомов,На завершение съемок фильма «Курманджан датка» требуется еще 20 миллионов сомов,NOT_RELEVANT,,NOT_RELEVANT,,,,gold,IAA adjudicated gold
RU-01373,,RU,24.kg,https://24.kg/archive/ru/community/171612-v-bishkek-pribyla-ikona-prepodobnogo-sergiya.html/,2014-02-10,В Бишкек прибыла икона преподобного Сергия Радонежского с частицей его мощей,В Бишкек прибыла икона преподобного Сергия Радонежского с частицей его мощейВ Бишкек прибыла икона преподобного Сергия Радонежского с частицей его мощей. Об этом сообщает Бишкекская и Кыргыз,NOT_RELEVANT,,NOT_RELEVANT,,,,gold,IAA adjudicated gold
RU-00552,,RU,Daryo.uz,https://daryo.uz/ru/2024/02/02/v-voz-predrekaut-znacitelnyj-rost-slucaev-zabolevania-rakom-k-2050-godu/,2024-02-02,В ВОЗ предрекают значительный рост случаев заболевания раком к 2050 году,"Прогнозируется, что количество раковых пациентов будет на 77% больше, чем в 2022 году",NOT_RELEVANT,,NOT_RELEVANT,,,,ru_1,
RU-00949,,RU,24.kg,https://24.kg/archive/ru/incidents/152972-v-oshe-sgorela-polovina-krovli-detskogo.html/,2013-04-24,В Оше сгорела половина кровли детского творческого центра «Келечек»,В Оше сгорела половина кровли детского творческого центра «Келечек»,NOT_RELEVANT,,NOT_RELEVANT,,,,ru_2,
RU-00369,,RU,24.kg,https://24.kg/archive/ru/economics/167180-rasul-umbetaliev-direktor-tyec-kara-balty.html/,2013-12-06,Расул Умбеталиев: Директор ТЭЦ Кара-Балты незаконно принял уголь,"Расул Умбеталиев: Директор ТЭЦ Кара-Балты незаконно принял уголь«Директор ТЭЦ Кара-Балты незаконно принял уголь», - сообщил сегодня ИА «24.kg» независимый эксперт топ",NOT_RELEVANT,,NOT_RELEVANT,,,,ru_1,
RU-01031,,RU,24.kg,https://24.kg/archive/ru/economics/165236-po-rejtingu-doing-business-kyrgyzstan-zanimaet-68.html/,2013-11-15,По рейтингу Doing Business Кыргызстан занимает 68-е место из 189 стран,По рейтингу Doing Business Кыргызстан занимает 68-е место из 189 странПо рейтингу Doing Business Кыргызстан занимает 68-е место из 189 стран. За год республика поднялась на две позиции с 70-,NOT_RELEVANT,,NOT_RELEVANT,,,,ru_2,
RU-01075,,RU,24.kg,https://24.kg/archive/ru/parlament/143893-natalya-nikitenko-v-kyrgyzstane-vypuskniki.html/,2012-12-13,Наталья Никитенко: В Кыргызстане выпускники детдомов остаются один на один с проблемами,"Наталья Никитенко: В Кыргызстане выпускники детдомов остаются один на один с проблемами«В Кыргызстане дети после детдома вынуждены оставаться один на один со своими проблемами»,",NOT_RELEVANT,,NOT_RELEVANT,,,,ru_1,
RU-00255,,RU,24.kg,https://24.kg/archive/ru/cis/176639-oleg-pankratov-nam-stavyat-uslovie-chtoby-tovary.html/,2014-04-12,"Олег Панкратов: Нам ставят условие, чтобы товары, которые завозятся в Кыргызстан в льготном режиме, не попадали на территорию стран ТС","Олег Панкратов: Нам ставят условие, чтобы товары, которые завозятся в Кыргызстан в льготном режиме, не попадали на территорию стран ТС«Нам ставят условие, чтобы товары, которые завозят",NOT_RELEVANT,,NOT_RELEVANT,,,,gold,IAA adjudicated gold
RU-00256,,RU,Daryo.uz,https://daryo.uz/ru/2025/12/28/zhitel-andizhana-osuzhden-na-3-goda-za-uchastie-v-voyne-v-ukraine/,2025-12-28,Житель Андижана осужден на 3 года за участие в войне в Украине,"Во время доклада командиру о выполненных заданиях, у мужчины в руке взорвалась граната. В результате у него был оторван мизинец левой руки, после чего он был госпитализирован.",NOT_RELEVANT,,NOT_RELEVANT,,,,gold,IAA adjudicated gold
RU-00055,,RU,Daryo.uz,https://daryo.uz/ru/2024/03/11/navodnenie-v-indonezii-uneslo-zizni-19-celovek/,2024-03-11,Наводнение в Индонезии унесло жизни 21 человека,Семеро считаются пропавшими без вести,NOT_RELEVANT,,RELEVANT,DISASTER,,1,ru_2,"Indonesia flood, no climate framing"
RU-00820,,RU,24.kg,https://24.kg/archive/ru/economics/171713-v-2013-godu-v-chujskoj-oblasti-sozdano-bolee-2.html/,2014-02-11,В 2013 году в Чуйской области создано более 2 тысяч рабочих мест,В 2013 году в Чуйской области создано более 2 тысяч рабочих местВ 2013 году в Чуйской области создано 2 тысячи 420 рабочих мест. Об этом заявлено сегодня на коллегии полномочного представите,NOT_RELEVANT,,NOT_RELEVANT,,,,ru_1,
RU-00640,,RU,24.kg,https://24.kg/archive/ru/parlament/150619-v-parlamente-predlagayut-vvesti-zapret-na.html/,2013-03-25,В парламенте предлагают ввести запрет на размещение в озере Иссык-Куль садковых хозяйств для хищных видов рыб,В парламенте предлагают ввести запрет на размещение в озере Иссык-Куль садковых хозяйств для хищных видов рыбВ парламенте предлагают ввести запрет на размещение в озере Иссык-Куль садковых х,NOT_RELEVANT,,NOT_RELEVANT,,,,ru_2,
RU-00935,,RU,24.kg,https://24.kg/archive/ru/economics/175866-news24.html/,2014-04-02,Аукцион на месторождения бурого угля и суглинка пройдет в Исфане 14 апреля,Аукцион на месторождения бурого угля и суглинка пройдет в Исфане 14 апреляАукцион на месторождения бурого угля и суглинка пройдет в Исфане 14 апреля в Баткенской области. Об этом сообщает Го,NOT_RELEVANT,,NOT_RELEVANT,,,,ru_2,
RU-00530,,RU,Daryo.uz,https://daryo.uz/ru/2025/02/13/kak-sdelat-instagram-stranicu-v-uzbekistane-po-nastoasemu-interesnoj-dla-polzovatelej/,2025-02-13,Как сделать Instagram-страницу в Узбекистане по-настоящему интересной для пользователей,"Instagram — одна из самых популярных социальных сетей в Узбекистане. По данным Admixer Advertising, к июлю 2024 года количество активных пользователей Instagram в стране достигло 8,6 миллионов человек, что составляет около 24% от всего населения.",NOT_RELEVANT,,NOT_RELEVANT,,,,ru_2,
RU-00429,,RU,24.kg,https://24.kg/archive/ru/community/170643-v-bishkeke-projdet-voenno-patrioticheskij-konkurs.html/,2014-01-29,В Бишкеке пройдет военно-патриотический конкурс «Я – защитник Отечества»,В Бишкеке пройдет военно-патриотический конкурс «Я – защитник Отечества»В Бишкеке пройдет общереспубликанский военно-патриотический конкурс «Я - защитник Отечества&ra,NOT_RELEVANT,,NOT_RELEVANT,,,,ru_1,
RU-00452,,RU,Daryo.uz,https://daryo.uz/ru/2025/11/10/timur-kapadze-poproshchalsya-so-sbornoy-uzbekistana/,2025-11-10,Тимур Кападзе попрощался со сборной Узбекистана,"Он поблагодарил футболистов, штаб команды и федерацию за доверие и сотрудничество, а также болельщиков — за постоянную поддержку, энергию и веру в команду.",NOT_RELEVANT,,NOT_RELEVANT,,,,ru_2,
RU-00858,,RU,24.kg,https://24.kg/archive/ru/bishkek24/151782-rukovodstvo-sverdlovskogo-akimiata-i.html/,2013-04-09,Руководство Свердловского акимиата и Бишкекглавархитектуры причастно к незаконной выдаче земельных участков,Руководство Свердловского акимиата и Бишкекглавархитектуры причастны к незаконной выдаче земельных участковРуководство Свердловской райгосадминистрации Бишкека и Бишкекглавархитектуры причас,NOT_RELEVANT,,NOT_RELEVANT,,,,ru_2,
RU-00641,,RU,Daryo.uz,https://daryo.uz/ru/2024/02/22/savkat-mirzieev-ne-dovolen-nizkimi-pokazatelami-eksporta-regionov/,2024-02-22,В Узбекистане зафиксирован низкий показатель экспорта регионов,"Наибольшая доля отмечена в Ташкенте, что составляет 32,0 %, или $357,2 млн",NOT_RELEVANT,,NOT_RELEVANT,,,,ru_1,
RU-01244,,RU,Daryo.uz,https://daryo.uz/ru/2025/06/22/ssa-atakovali-adernyj-obekt-v-fordo-12-megabombami-dla-unictozenia-bunkerov/,2025-06-22,США атаковали ядерный объект в Фордо 12 мегабомбами для уничтожения бункеров,Для этого в воздух поднялись 6 бомбардировщиков B-2 Spirit.,NOT_RELEVANT,,NOT_RELEVANT,,,,ru_2,
RU-00129,,RU,Daryo.uz,https://daryo.uz/ru/2023/12/02/turkmenistan-i-afganistan-sformiruut-sovmestnyj-zeleznodoroznyj-komitet/,2023-12-02,Туркменистан и Афганистан сформируют совместный железнодорожный комитет,Переговоры с афганской стороны возглавил глава департамента железных дорог страны Бахту Рахман Шараф,NOT_RELEVANT,,NOT_RELEVANT,,,,ru_2,
RU-01398,,RU,Daryo.uz,https://daryo.uz/ru/2026/06/25/match-kongo-uzbekistan-glavnyy-trener-chm-2026/,2026-06-25,«Ничья в матче с Узбекистаном нас не устроит» — главный тренер сборной Конго,"Себастьен Десабр отметил, что Узбекистан будет непростым соперником, поскольку команда хорошо обороняется.",NOT_RELEVANT,,NOT_RELEVANT,,,,gold,IAA adjudicated gold
RU-01431,,RU,Daryo.uz,https://daryo.uz/ru/2025/11/25/v-fergane-uvolili-zamxokima-primenivshego-silu-k-inspektoru-ekologii/,2025-11-25,"В Фергане уволили замхокима, применившего силу к инспектору экологии","Сегодня в сети распространилось сообщение о том, что замхокима Бувайдинского района применил силу в отношении инспектора Комитета экологии, пытавшегося остановить незаконную вырубку деревьев.",NOT_RELEVANT,,NOT_RELEVANT,,,,ru_2,
RU-00197,,RU,Daryo.uz,https://daryo.uz/ru/2025/06/19/nevazno-skolko-potrebuetsa-sredstv-my-najdem-prezident-porucil-sozdat-innovacionnye-kliniki-v-14-regionah/,2025-06-19,"«Неважно, сколько потребуется средств — мы найдем» — Президент поручил создать инновационные клиники в 14 регионах",Шавкат Мирзиёев ознакомился с деятельностью многопрофильного кардиологического центра в городе Шахрисабзе.,NOT_RELEVANT,,NOT_RELEVANT,,,,ru_2,
RU-01363,,RU,Daryo.uz,https://daryo.uz/ru/2026/04/02/nasa-artemida-start-luna-astronavty-kanaveral-florida/,2026-04-02,Старт первой за 50 лет лунной миссии «Артемида-2» прошел успешно,"В рамках миссии корабль «Орион» совершит один виток вокруг Луны. В составе экипажа астронавты НАСА Рид Уайзман, Виктор Гловер и Кристина Кох, а также астронавт Канадского космического агентства Джереми Хансен. 10-дневная экспедиция вокруг Луны и обратно позволит им оказаться в космосе на глубине, до сих пор недоступной для человека.",NOT_RELEVANT,,NOT_RELEVANT,,,,ru_1,
RU-00147,,RU,24.kg,https://24.kg/archive/ru/parlament/143356-v-parlamente-kyrgyzstana-kritikuyut-chlenov.html/,2012-12-05,В парламенте Кыргызстана критикуют членов правительства за плохое качество представляемых законопроектов,В парламенте Кыргызстана критикуют членов правительства за плохое качество представляемых законопроектовВ парламенте Кыргызстана критикуют членов правительства за плохое качество представляе,NOT_RELEVANT,,NOT_RELEVANT,,,,ru_2,
RU-01066,,RU,Tengrinews,https://tengrinews.kz/autonews/odin-ojivlennyih-prospektov-astanyi-perekroyut-odin-den-603237/,2026-07-04,Один их оживленных проспектов Астаны перекроют на один день,"Проспект Улы Дала в Астане частично перекроют на день из-за поведения ремонтных работ. Об этом сообщили в акимате столицы, передаёт Tengri Auto.",NOT_RELEVANT,,NOT_RELEVANT,,,,ru_2,
RU-00384,,RU,24.kg,https://24.kg/archive/ru/perekrestok/145158-chelovek-goda-2012.html/,2013-01-03,Человек года-2012,"Человек года-2012Вот и закрылась последняя страница уходящего в историю 2012-го - сложного, противоречивого, неоднозначного. Было много событий - злых и добрых, радостных и печальных. Но все",NOT_RELEVANT,,NOT_RELEVANT,,,,ru_2,
RU-01065,,RU,24.kg,https://24.kg/archive/ru/investigation/179769-chinovniki-otdela-obrazovaniya-panfilovskogo.html/,2014-05-23,Чиновники отдела образования Панфиловского района провели незаконный тендер на закупку продуктов для школ,Чиновники отдела образования Панфиловского района провели незаконный тендер на закупку продуктов для школЧиновники отдела образования Панфиловского района провели незаконный тендер на закупк,NOT_RELEVANT,,NOT_RELEVANT,,,,ru_1,
RU-00901,,RU,24.kg,https://24.kg/archive/ru/incidents/156874-v-bishkeke-vo-vremya-sdelki-kupli-prodazhi.html/,2013-06-17,В Бишкеке во время сделки купли-продажи квартиры совершено разбойное нападение,В Бишкеке во время сделки купли-продажи квартиры совершено разбойное нападениеВ Бишкеке во время сделки купли-продажи квартиры совершено разбойное нападение. Об этом ИА «24.kg» с,NOT_RELEVANT,,NOT_RELEVANT,,,,gold,IAA adjudicated gold
RU-00658,,RU,Daryo.uz,https://daryo.uz/ru/2024/04/30/mvd-kazahstana-10-ugolovnyh-del-vozbuzdeno-s-nacala-goda-v-kazahstane-po-faktam-pohisenia-nevest/,2024-04-30,C начала года в Казахстане возбудили 10 уголовных дел по фактам похищения невест,И только одно из них направлено в суд,NOT_RELEVANT,,NOT_RELEVANT,,,,ru_2,
RU-00507,,RU,Daryo.uz,https://daryo.uz/ru/2024/03/26/posol-ssa-v-uzbekistane-vyrazil-soboleznovania-narodu-rossii-v-svazi-s-teraktom-v-crocus-city-hall/,2024-03-26,Посол США в Узбекистане выразил соболезнования в связи с терактом в Crocus City Hall,Об этом сообщает пресс-служба дипмиссии,NOT_RELEVANT,,NOT_RELEVANT,,,,ru_2,
RU-01421,,RU,Daryo.uz,https://daryo.uz/ru/2025/05/18/ekspert-nazval-priciny-nabludavsejsa-v-taskente-pylnoj-buri/,2025-05-18,Эксперт назвал причины наблюдавшейся в Ташкенте пыльной бури,"Основной причиной этого явления стало столкновение прохладного северного воздушного потока и теплой воздушной массы, идущей с юга.",NOT_RELEVANT,,NOT_RELEVANT,,,,ru_2,
RU-00575,,RU,24.kg,https://24.kg/archive/ru/community/146504-deputat-parlamenta-kyrgyzstana-prosit-otpustit.html/,2013-01-25,Депутат парламента Кыргызстана просит отпустить его «на несколько часов» для участия в обсуждении постановления правительства о «Кумторе»,Депутат парламента Кыргызстана просит отпустить его «на несколько часов» для участия в обсуждении постановления правительства о «Кумторе»,NOT_RELEVANT,,NOT_RELEVANT,,,,ru_1,
RU-01405,,RU,Daryo.uz,https://daryo.uz/ru/2024/06/27/uzbekistan-i-oman-vvodat-bezvizovyj-rezim-dla-obladatelej-diplomaticeskih-pasportov/,2024-06-27,Узбекистан и Оман устанавливают безвизовый режим для дипломатов,Об этом говорится в сообщении министерства иностранных дел РУз,NOT_RELEVANT,,NOT_RELEVANT,,,,ru_2,
RU-00957,,RU,Daryo.uz,https://daryo.uz/ru/2024/05/01/deneznye-perevody-i-platezi-v-uzbekistane-udvoatsa-k-2027-godu/,2024-05-01,Денежные переводы и платежи в Узбекистане удвоятся к 2027 году,Об этом говорится в исследовании KPMG Caucasus and Central Asia,NOT_RELEVANT,,NOT_RELEVANT,,,,ru_2,
