id,parallel_group,lang,source,url,date,headline,lead,llm_label_l1,llm_label_l2,human_label_l1,human_label_l2,flag_pollution,flag_uncertain,annotator_id,notes
KK-D01011,,KK,Egemen,https://egemen.kz/article/270876-balqash-koli-aral-taghdyryn-qaytalamaydy-–-ekologiya-ministrligi,2021-04-07,Балқаш көлі Арал тағдырын қайталамайды – экология министрлігі,"Бүгін Орталық коммуникациялар қызметінде өткен брифинг барысында Экология, геология және табиғи ресурстар вице-министрі Серік Қожаниязов Балқаш көліндегі",RELEVANT,WATER_CRYO,RELEVANT,WATER_CRYO,,,gold,IAA adjudicated gold
KK-A00345,,KK,Azattyq,https://www.azattyq.org/a/1796024.html,2009-08-10,Ресейлік ғалымдар Арал теңізін зерттеуге аттанбақ,Бүгін Ресей Ғылым академиясы океанология институтының экспедициясы Арал теңізінің экологиялық жағдайын зерттеуге аттанбақ. Экспедиция жұмысы 1-қыркүйекте аяқталады. «Біз Аралды зерттеумен нақты айналысудамыз. 10-тамыз күні ол жаққа аттанатын біздің экспедиция теңіздің суы бар бөлігіндегі...,RELEVANT,WATER_CRYO,NOT_RELEVANT,,,1,kk_1,"Aral research expedition, no scarcity frame"
KK-C00260,,KK,Egemen,https://egemen.kz/article/226315-manhghystauda-zher-saghaty-2020-khalyqaralyq-aktsiyasy-otti,2020-03-29,Маңғыстауда «Жер сағаты - 2020» халықаралық акциясы өтті,"Ғаламдық бастамаға айналған шара Ақтау және Жаңаөзен қалалары, сонымен қатар Түпқараған, Бейнеу, Маңғыстау, Қарақия мен Мұнайлы аудандарында өтті.",RELEVANT,SCIENCE_GEN,RELEVANT,SCIENCE_GEN,,1,kk_2,Mangystau Earth Hour; climate not explicit
KK-D01435,,KK,Egemen,https://egemen.kz/article/315851-aptaptynh-azabyn-tartqan-adamzat,2022-06-19,Аптаптың азабын тартқан адамзат,"Биыл күн райы күрт ысып, шартараптың түкпір-түкпіріндегі тұрғындарды әбігерге салды. Мәселен, наурызда оңтүстік полюсте бұрын-соңды кездеспеген",RELEVANT,SCIENCE_GEN,RELEVANT,DISASTER,,,gold,IAA adjudicated gold
KK-A00179,,KK,Azattyq,https://www.azattyq.org/a/27491341.html,2016-01-16,Парник газын бөлудің төрт жылдық квотасы белгіленді,"Қазақстанда парник газын шығаруға квоталар бөлудің 2016-2020 жылдарға арналған ұлттық жоспары бекітілді. Бұл туралы үкімет қаулысы бүгін ресми баспасөзде жарияланды. Қаулыда биыл қаңтардың 1-інен бастап күшіне енген ұлттық жоспар Қазақстан экологиялық кодексіне, үкіметтің 2012 жылғы 7...",RELEVANT,POLICY,RELEVANT,POLICY,,,kk_2,Greenhouse gas emission quotas national plan
KK-D02577,,KK,Egemen,https://egemen.kz/article/173372-araldy-qutqaru-elbasy-tamshylatyp-suaru-siyaqty-zamanaui-tekhnologiyanynh-manhyz,2018-08-24,Аралды құтқару: Елбасы тамшылатып суару сияқты заманауи технологияның маңыздылығын атап өтті,Мемлекет басшысы Халықаралық Аралды құтқару қорының құрылтайшы мемлекеттерінің басшылары отырысының қорытындысы бойынша бірлескен баспасөз мәслихатын,RELEVANT,WATER_CRYO,RELEVANT,WATER_CRYO,,,kk_1,"saving Aral, drip irrigation tech"
KK-A00268,,KK,Azattyq,https://www.azattyq.org/a/1171921.html,2007-03-13,Көмек-қолдау ұйымдары Балқашта Арал теңізіндегі сияқты апатты болдырмау жолында жұмыс істеуде,"Европа одағының ресмилері мен халықаралық негізгі ұйымдар Қазақстанда бас қосып, әлемдегі ең үлкен көлдің бірі Балқашты мүмкін болғалы тұрған экологиялық апаттан сақтап қалу мақсатында қаржыландыру жолдарын қарастырмақшы.",RELEVANT,WATER_CRYO,RELEVANT,WATER_CRYO,,,kk_1,prevent Balkhash Aral-like catastrophe
KK-00005,,KK,Egemen,https://egemen.kz/article/408169-klimattyq-ozgerister-ortalyq-aziya-elderininh-ekonomikasyna-qalay-aser-etip-dgat,2026-03-03,Климаттық өзгерістер Орталық Азия елдерінің экономикасына қалай әсер етіп жатыр?,"Климаттық өзгерістер Орталық Азия елдерінің экономикаларына барған сайын қаттырақ әсер етіп, тасқын, құрғақшылық, аптап ыстық пен басқа да табиғат",RELEVANT,SCIENCE_GEN,RELEVANT,SCIENCE_GEN,,,kk_2,Climate change impacts on Central Asia economy
KK-C00014,,KK,Egemen,https://egemen.kz/article/404652-5-dgyl-ishinde-soltustik-araldynh-kolemi-qanshalyqty-ulghayady,2026-01-21,5 жыл ішінде Солтүстік Аралдың көлемі қаншалықты ұлғаяды?,"Солтүстік Арал теңізінің ауданын 34 км³ дейін, ал оның аумағын 4-5 жыл ішінде 3 913 км² дейін жеткізу жоспарланып жатыр, деп",RELEVANT,WATER_CRYO,RELEVANT,WATER_CRYO,,,kk_1,North Aral expansion plan
KK-00743,,KK,Egemen,https://egemen.kz/article/412777-biyl-almatygha-gazben-dguretin-500-avtobus-pen-elektrobus-satyp-alynady,2026-05-16,Биыл Алматыға газбен жүретін 500 автобус пен электробус сатып алынады,"Бүгін Алматыда автобус парктеріне қоғамдық көлікке қойылатын экологиялық талаптар түсіндірілді, деп хабарлайды Egemen.kz .",RELEVANT,ENERGY,RELEVANT,ENERGY,,1,kk_1,"electrobuses, transport emissions"
KK-A00500,,KK,Azattyq,https://www.azattyq.org/a/1184020.html,2008-07-06,Президент Дж. Буш АҚШ экономикасы өзі қалағандай қуатты емес дейді,АҚШ президенті бұл турасында Жапония сыртқы істер министрі Ясуо Фукудамен кездесуден кейін бірлесіп өткізілген баспасөз-мәслихатында айтты. Ол сондай-ақ Америка ғаламдық ауа райының өзгерісіне қарсы күресте оң роль атқарғысы келеді деп атап көрсетті. Екі ел жетекшісі дүйсенбі күні Үлкен сегіздік...,RELEVANT,POLICY,NOT_RELEVANT,,,,kk_2,
KK-D00783,,KK,Egemen,https://egemen.kz/article/387307-ashkhabadta-klimattyq-ozgeris-talqylandy,2025-05-14,Ашхабадта климаттық өзгеріс талқыланды,Түрікменстан астанасы Ашхабадта Орталық Азия елдерінің климаттың өзгеруіне қарсы күреске бағытталған жетінші өңірлік конференциясы өтіп жатыр.,RELEVANT,POLICY,RELEVANT,POLICY,,,gold,IAA adjudicated gold
KK-A00123,,KK,Azattyq,https://www.azattyq.org/a/2064909.html,2010-06-08,Нигерияда азық-түлік тапшы,"Батыс Африкадағы Нигерия мемлекетінің жеті миллион тұрғыны азық-түлік тапшылығын сезінуде, дейді ""Балаларды қорғайық"" (Save The Children) гуманитарлық ұйым өкілдері. Ұйымның баспасөз хатшысының хабарлауынша, ұзаққа созылған құрғақшылық кесірінен Нигерияда 400 мың бала тарығып күн көруге мәжбүр.",RELEVANT,AGRI_LAND,RELEVANT,AGRI_LAND,,,kk_1,drought food shortage Nigeria
KK-D01010,,KK,Egemen,https://egemen.kz/article/255507-baqytdgan-zhumaghulov-ekologiya-men-dgasyl-ekonomikanynh-ozekti-maseleleri-basty,2020-11-11,Бақытжан Жұмағұлов: Экология мен жасыл экономиканың өзекті мәселелері басты назарда,Парламент Сенатының депутаты Бақытжан Жұмағұлов Қазақстан кәсіпорындарын ең озық қолжетімді технологияға көшіру жұмыстары энергетика саласынан,RELEVANT,ENERGY,RELEVANT,ENERGY,,1,kk_2,"Green economy, enterprise BAT transition"
KK-D03613,,KK,Egemen,https://egemen.kz/article/168320-qyzylordada-su-sharuashylyghynynh-memleketaralyq-uylestiru-komissiyasynynh-73-i-,2018-05-03,Қызылордада су шаруашылығының мемлекетаралық үйлестіру комиссиясының 73-і отырысы өтуде,Қызылордада су шаруашылығының мемлекетаралық үйлестіру комиссиясының 73-і отырысы өтуде. Ұйымдастырушылар - ҚР Ауыл шаруашылығы министрлігі және Қызылорда,RELEVANT,WATER_CRYO,RELEVANT,WATER_CRYO,,,kk_1,interstate water management commission
KK-A00187,,KK,Azattyq,https://www.azattyq.org/a/24284437.html,2011-08-02,БҰҰ барлық әуежолдарын Африкаға көмек жеткізуге шақырды,"Бүгін БҰҰ барлық әуе жолдары компанияларына қайрылып, құрғақшылық пен аштық тауқыметін тартып жатқан Сомали түбегіне кіретін африкалық елдерге төтенше көмек көрсетіп, азық-түлік жеткізуге шақырды. БҰҰ-ның Балалар қорының өкілі Меркадо африкалық елдерге тегін тамақ тасу үшін ЮНИСЕФ қоры әуе...",RELEVANT,AGRI_LAND,RELEVANT,AGRI_LAND,,1,kk_2,Somalia drought famine aid appeal
KK-C00410,,KK,Egemen,https://egemen.kz/article/373980-aral-tenhizine-su-dgiberu-dgospary-100-gha-dguyq-oryndaldy,2024-10-09,Арал теңізіне су жіберу жоспары 100%-ға жуық орындалды,министрліктің баспасөз қызметі мәлімдеді,RELEVANT,WATER_CRYO,RELEVANT,WATER_CRYO,,,kk_2,Aral water delivery plan completed
KK-A00065,,KK,Azattyq,https://www.azattyq.org/a/1158210.html,2005-04-27,Арал тағдырын баяндайтын фильм халықаралық байқауда,"Чехия астанасы Прагада сәуірдің 27-сі мен мамырдың 5-і аралығында адам құқықтарына арналған ""Біртұтас әлем"" деген халықаралық кинофестивалі өтеді. Осымен 7-ші рет өткелі отырған кинофестиваліне ұсынылған фильмдер арасында Аралдың аянышты тағдыры туралы шығарма да бар.",RELEVANT,WATER_CRYO,NOT_RELEVANT,,,1,kk_2,Film on Aral fate; cultural festival
KK-C00737,,KK,Egemen,https://egemen.kz/article/412599-deputat-soltustik-araldy-saqtau-dgobasyn-dgedeldetu-qadget,2026-05-13,Депутат: Солтүстік Аралды сақтау жобасын жеделдету қажет,"Мәжіліс депутаты, AMANAT партиясы фракциясының мүшесі Мархабат Жайымбетов Премьер-Министр Олжас Бектеновтің",RELEVANT,WATER_CRYO,RELEVANT,WATER_CRYO,,,kk_1,North Aral project acceleration
KK-01113,,KK,Egemen,https://egemen.kz/article/411520-astanada-onhirlik-ekologiyalyq-sammit-otip-dgatyr,2026-04-22,Астанада Өңірлік экологиялық саммит өтіп жатыр,"Бүгін Астанада Өңірлік экологиялық саммит өтіп жатыр. Аймақтық экожүйелені сақтау, су және жер ресурстарын қорғау әрі бірлесе пайдалануды мақсат еткен жиын…",RELEVANT,WATER_CRYO,RELEVANT,WATER_CRYO,,,gold,IAA adjudicated gold
KK-A00405,,KK,Azattyq,https://www.azattyq.org/a/31416014.html,2021-08-18,Ауыл шаруашылығы министрі: Қазақстанда 180 мың гектар егіс жойылды,"Қазақстанда құрғақшылық салдарынан 178,8 мың гектар егіс жойылды. Бұл туралы бүгін, 18 тамыз күні үкімет отырысында ауыл шаруашылығы министрі міндетін атқарушы Ербол Қарашөкеев мәлімдеді. Оның сөзінше, биыл Қазақстанда 23 миллион гектарға егіс егілген. ""13,2 миллион гектарда немесе дәнді...",RELEVANT,AGRI_LAND,RELEVANT,AGRI_LAND,,,kk_2,Drought destroyed 180k hectares crops
KK-A00541,,KK,Azattyq,https://www.azattyq.org/a/toqaev-muzdyqtardy-qorgau-men-zertteuge-bagyttalgan-seriktestik-qurudy-usyndy/33226337.html,2024-12-04,Тоқаев мұздықтарды қорғау мен зерттеуге бағытталған серіктестік құруды ұсынды,Қазақстан президенті Қасым-Жомарт Тоқаев Эр-Риядта өтіп жатқан One Water саммиті кезінде мұздықтарды қорғау мен зерттеуге арналған ғаламдық орталықтарды біріктіретін серіктестік құруды ұсынды. Бұл жөнінде Ақорда хабарлады. 3 желтоқсанда өткен су және су тапшылығы мен оны үнемдеу мәселелеріне...,RELEVANT,WATER_CRYO,RELEVANT,WATER_CRYO,,,kk_2,Tokayev proposes glacier protection partnership
KK-D03300,,KK,Egemen,https://egemen.kz/article/173293-aral-taghdyry-–-adamzat-taghdyry,2018-08-24,Арал тағдыры – адамзат тағдыры,Бүгін Түрікменстанның Түрікменбашы қаласында Халықаралық Аралды құтқару қорының (ХАҚҚ) құрылтайшы мемлекеттер басшыларының саммиті өтеді.,RELEVANT,WATER_CRYO,RELEVANT,WATER_CRYO,,,kk_2,Aral saving fund summit
KK-D00790,,KK,Egemen,https://egemen.kz/article/188077-araldy-gharyshtan-zertteu-onhirdinh-ekologiyalyq-dgane-ekonomikalyq-akhualyn-naq,2019-04-16,Аралды ғарыштан зерттеу өңірдің экологиялық және экономикалық ахуалын нақтылайды,"Арал теңізін экологиялық тұрғыдан сауықтырып, экономикасын дамыту жанданып келеді. Цифрландыру және ғарыштық технологияларды пайдалану Арал өңірінің",RELEVANT,WATER_CRYO,RELEVANT,WATER_CRYO,,1,kk_1,satellite study of Aral ecology
KK-A00396,,KK,Azattyq,https://www.azattyq.org/a/1778017.html,2009-07-16,Ашхабадта Арал теңізіндегі су ресурстарын басқару мәселесі талқылануда,"Бүгін Ашхабадта Аралды құтқарудың халықаралық қоры құрылтайшы мемлекеттерінің Алматыда өткен саммитінің қорытындысы бойынша аймақтық ынтымақтастықты кеңейту жөніндегі халықаралық кездесу басталды, — деп хабарлайды АҚХҚ атқару комитетінің хатшылығы. Бұл жиынға БҰҰ, ЕҚЫҰ, Еуродақ ұйымдарының...",RELEVANT,WATER_CRYO,RELEVANT,WATER_CRYO,,,kk_2,Aral Sea water resources management
KK-D02235,,KK,Egemen,https://egemen.kz/article/390218-ukimette-energiya-tiimdiligin-arttyru-maselesi-qaraldy,2025-06-25,Үкіметте энергия тиімділігін арттыру мәселесі қаралды,Премьер-министр Олжас Бектеновтің төрағалығымен ҮЕҰ өкілдері мен қоғам белсенділерінің қатысуымен ҚР Президенті жанындағы «Жасыл экономикаға» көшу,RELEVANT,ENERGY,RELEVANT,ENERGY,,,kk_1,"energy efficiency, green economy"
KK-D03506,,KK,Egemen,https://egemen.kz/article/307573-aral-tenhizininh-su-kolemi-artyp-keledi,2022-03-26,Арал теңізінің су көлемі артып келеді,"Арал теңізі бассейніндегі суармалы алқаптарды (7,9 млн.га дейін) ұлғайту мақсатында шөлдер мен жартылай шөлдерді қарқынды игеру нәтижесінде су алуды",RELEVANT,WATER_CRYO,RELEVANT,WATER_CRYO,,,kk_1,Aral water volume change
KK-D00089,,KK,Egemen,https://egemen.kz/article/369515-aral-tenhizi-aumaghynda-1-mln-gektar-dgerge-aghash-otyrghyzylady,2024-08-01,Арал теңізі аумағында 1 млн гектар жерге ағаш отырғызылады,Экология министрлігі Мемлекет басшысының 2 млрд ағаш отырғызу жөніндегі тапсырмасын орындау аясында Арал теңізі аймағында 2025 жылға қарай 1 млн гектарға а,RELEVANT,AGRI_LAND,RELEVANT,WATER_CRYO,,,kk_2,Tree planting on Aral area
KK-A00202,,KK,Azattyq,https://www.azattyq.org/a/1887665.html,2009-11-26,Обама Копенгагенде өтетін ғаламдық жылыну саммитіне барады,"Батыстық ақпарат құралдары жазып жатқандай, Ақ үйдің атын атамаған өкілі Құрама Штаттар президенті Барак Обама алдағы айда ғаламдық жылынуға арналған Копенгаген саммитіне қатысады деген. Ресми адамның айтуынша, Обама Копенгагенге желтоқсанның 9-да барады, одан кейін Ослодағы Нобель...",RELEVANT,POLICY,RELEVANT,POLICY,,,kk_1,Obama attends Copenhagen summit
KK-A00614,,KK,Azattyq,https://www.azattyq.org/a/kazakhstan_ban_gi_moon_visit_central_asia_aralsk_nuclear_/2005350.html,2010-04-08,"Аралға ашынып, Семейге қабырғасы қайысқан Пан Ги Мун Назарбаевтан орден алды","Сәуірдің 7-күні Пан Ги Мунның Орта Азия елдеріне алғашқы сапары аяқталды. Бас хатшы экологиялық апатты аймақтарды аралап, Қазақстанның ядрлық қарудан бас тарту үлгісін мадақтады.",RELEVANT,WATER_CRYO,RELEVANT,WATER_CRYO,,1,kk_1,Ban Ki-moon visits Aral disaster zone
KK-00618,,KK,Egemen,https://egemen.kz/article/416222-italiyadaghy-kol-kunninh-ystyghynan-milliardtaghan-litr-suynan-ayyryldy,2026-07-01,Италиядағы көл күннің ыстығынан миллиардтаған литр суынан айырылды,Италиядағы ең ірі көлдердің бірі – Гардада су деңгейі күрт төмендеді. Маусым айының соңғы аптасында ғана көлдегі су көлемі 10 сантиметрге азайған. Елдің…,RELEVANT,WATER_CRYO,RELEVANT,WATER_CRYO,,1,kk_1,lake water loss from heat
KK-A00353,,KK,Azattyq,https://www.azattyq.org/a/ukimet-suy-tartylgan-kaspii-tabanyn-qazgyzbaq-saldary-bola-ma/33328080.html,2025-02-26,Үкімет суы тартылған Каспий табанын қазғызбақ. Салдары бола ма?,"Қазақстан үкіметі Каспий теңізінің түбін тереңдетпек. Яғни қазғалы жатыр. Оған себеп - теңіз суы тартылып, жүк кемелерінің жүріп-тұруы қиындаған. Премьер-министрдің сенат депутаттарына жолдаған хатында бұл жұмыстың жалпы құны 42 миллиард теңге (шамамен 84 млн доллар).",RELEVANT,WATER_CRYO,RELEVANT,WATER_CRYO,,,kk_2,Government to dredge receding Caspian
KK-D02225,,KK,Egemen,https://egemen.kz/article/318605-almaty-manhyndaghy-kolderde-sel-qauipi-bar,2022-07-21,Алматы маңындағы көлдерде сел қауіпі бар,Алматы әкімі Ерболат Досаев пен Төтенше жағдайлар министрі Юрий Ильин қаланың сел қауіпсіздігін бақылау және мониторинг жүргізу мақсатында мореналық,RELEVANT,DISASTER,NOT_RELEVANT,,,,gold,IAA adjudicated gold
KK-C01265,,KK,Egemen,https://egemen.kz/article/286027-ekologiyalyq-kodeks-onerkasiptegi-dgasyl-betburys,2021-08-22,Экологиялық кодекс: Өнеркәсіптегі «жасыл» бетбұрыс,Мемлекет басшысы Қасым-Жомарт Тоқаев халыққа арнаған Жолдауында қоршаған ортаны қорғау және экологиялық даму еліміз үшін алдыңғы кезекте тұрған мәселе,RELEVANT,POLICY,RELEVANT,POLICY,,1,kk_2,Ecological code green industrial transition
KK-C00380,,KK,Egemen,https://egemen.kz/article/345557-astanadaghy-su-tapshylyghy-prezident-ekologiya-ministrligininh-dgumysyn-syngha-a,2023-07-11,Астанадағы су тапшылығы: Президент Экология министрлігінің жұмысын сынға алды,"Мемлекет басшысы Елорданы дамыту мәселелері жөніндегі кеңесте елордада орын алған су мәселесіне тоқталып өтті, деп хабарлайды Egemen.kz.",RELEVANT,WATER_CRYO,RELEVANT,WATER_CRYO,,,kk_1,capital water scarcity
KK-A00450,,KK,Azattyq,https://www.azattyq.org/a/29936874.html,2019-05-13,БҰҰ-ның бас хатшысы Жер шарының экожүйесі нашарлап бара жатқанын айтты,"Жексенбі, 12 мамырда Extinction Rebellion ұйымының мүшелері (""Жойылуға қарсылық"") Париждегі Трокадеро сарайының баспалдақтарына адамның қанына ұқсайтын қызыл түсті сұйықтық құйып, осылайша жұртты Жер шарының экологиялық мәселелеріне назар аудартуға тырысты. Бұл ақпаратты Халықаралық француз...",RELEVANT,OTHER_CLIMATE,RELEVANT,HEALTH_SOCIETY,,1,kk_1,"Extinction Rebellion, ecosystem decline"
KK-D00213,,KK,Egemen,https://egemen.kz/article/114024-klimat-ozgerisi-kurs-retinde-oqytylady,2017-01-31,Климат өзгерісі курс ретінде оқытылады,Биылғы оқу жылының алғашқы жарты жылдығында еліміздегі жетекші екі оқу орны – Алматы энергетика және байланыс университеті (АЭжБУ) мен М.Х.Дулати атындағы,RELEVANT,SCIENCE_GEN,RELEVANT,SCIENCE_GEN,,,kk_2,Climate change taught as course
KK-A00369,,KK,Azattyq,https://www.azattyq.org/a/trees_water__nature/1373467.html,2009-01-28,Өзі отырған бұтақты өзі қырқу...,"Ағаш жарықтықтың адам баласына зиянды көмірқышқыл газын жұтып алып, есесіне сол адам ағзасына қажетті оттегін ауаға бөлетіні- бесенеден белгілі жайт.",RELEVANT,OTHER_CLIMATE,NOT_RELEVANT,,,1,kk_2,"Trees absorb CO2; generic, no climate frame"
KK-C02008,,KK,Egemen,https://egemen.kz/article/394240-qasym-zhomart-toqaev-kaspiy-tenhizininh-mushkil-khali-ekologiyalyq-apatqa-ulasuy,2025-09-01,Қасым-Жомарт Тоқаев: Каспий теңізінің мүшкіл хәлі экологиялық апатқа ұласуы мүмкін,"Қасым-Жомарт Тоқаев «Көпжақты ынтымақтастықты дамыту, өңірлік қауіпсіздік пен орнықты дамуды қамтамасыз ету» тақырыбына арналған «ШЫҰ плюс» саммитінде",RELEVANT,WATER_CRYO,RELEVANT,WATER_CRYO,,,kk_2,"Caspian Sea shrinking, ecological disaster"
KK-00844,,KK,Egemen,https://egemen.kz/article/411531-prezident-ekologiya-maselesinde-tanhdaulylargha-basymdyq-beru-abestik,2026-04-22,Президент: Экология мәселесінде таңдаулыларға басымдық беру әбестік,Мемлекет басшысы Қасым-Жомарт Тоқаев Өңірлік экологиялық саммиттің пленарлық отырысында сөз сөйледі. Президент экологиялық саясатты қалыптастыру барысында…,RELEVANT,POLICY,RELEVANT,POLICY,,1,kk_1,president at regional eco summit
KK-A00073,,KK,Azattyq,https://www.azattyq.org/a/1179091.html,2008-04-10,Балқаш көлі Арал теңізінің кебін киюі мүмкін,"Қазақстандық су мамандары «егер шұғыл шара қолданылмыса жақын жылдары Балқаш көлі Арал қасіретін тартады» деген болжам айтып отыр. Ол шаралардың ішінде Қазақстан көршілес мемлекеттермен шекаралас өзендер мәселесін реттеп, шаруашылықта суды үнемдеп пайдалану мәдениетін қалыптастыру аталады.",RELEVANT,WATER_CRYO,RELEVANT,WATER_CRYO,,,kk_1,Balkhash may dry like Aral
KK-A00535,,KK,Azattyq,https://www.azattyq.org/a/1160514.html,2005-09-02,Ғалымдар кіші Аралды қалпына келтіру арқылы Арал теңізін қайта толықтыруға болады деп санайды,"Қазақстандық ғалымдар Аралдың солтүстік жағын сақтап қалатынына және бір-екі жылда кіші Аралды балыққа толтыратынына сенімді. Бұл туралы қыркүйектің 2-күні, Алматыда өтіп жатқан арнайы конференция жұмысы кезінде айтылды.",RELEVANT,WATER_CRYO,RELEVANT,WATER_CRYO,,,kk_2,Restoring Small Aral to refill sea
KK-D01588,,KK,Egemen,https://egemen.kz/article/284624-ekologiya-qam-eskirgen-kolik,2021-08-12,Экология һәм ескірген көлік,"Бүгінде халықаралық қоғам­дас­тық қоршаған орта мәселесіне ерекше кө­ңіл бөліп отыр. Әлемнің бұған алаңдауы бе­кер емес. Ғалымдар климаттың өзгеріп,",RELEVANT,OTHER_CLIMATE,RELEVANT,SCIENCE_GEN,1,1,kk_2,"Old vehicles emissions, climate change"
KK-D03307,,KK,Egemen,https://egemen.kz/article/107690-aral-maselesi-mamile-arqyly-sheshilgeni-abzal,2016-11-05,Арал мәселесі мәміле арқылы шешілгені абзал,"Су қай кезде де құны жетпес қазына, тіршілік көзі екені мәлім. Әсіресе, соңғы кездері экологиялық ахуал су тапшылығына өз залалын тигізіп келеді. Өз",RELEVANT,WATER_CRYO,RELEVANT,WATER_CRYO,,,kk_2,"Aral problem, water scarcity"
KK-A00160,,KK,Azattyq,https://www.azattyq.org/a/1773426.html,2009-07-10,«Үлкен сегіздік» пен дамушы елдер ауа райының жылынуы бойынша ортақ тіл іздеуде,Италияның Аквила қаласында басталған «үлкен сегіздіктің» кезекті саммитінде ғаламдық ауа райының жылынуы проблемасы мен халықаралық сауда мәселесі талқыланды. Жиынға АҚШ президенті Барак Обама төрағалық етті.,RELEVANT,POLICY,RELEVANT,POLICY,,,kk_1,G8 global warming summit
KK-D01800,,KK,Egemen,https://egemen.kz/article/387490-ghalymdar-aral-taghdyryna-alanhdauly,2025-05-16,Ғалымдар Арал тағдырына алаңдаулы,Астанада «Су қауіпсіздігі және трансшекаралық су ресурстарын пайдалану: сын-қатерлер мен шешімдер» атты халықаралық конференция өтті.,RELEVANT,WATER_CRYO,RELEVANT,WATER_CRYO,,,kk_2,Scientists worried about Aral
KK-C00789,,KK,Egemen,https://egemen.kz/article/240850-zhasyl-beldeu-elorda-klimatyna-qalay-aser-etti,2020-06-30,Жасыл белдеу елорда климатына қалай әсер етті?,"Елорда жасыл белдеуінің жалпы ауданы – 14 827 гектар, онда 11 502,2 гектар жерде 9,6 млн-нан астам ағаш (қайың, шегіргүл, терек, үйеңкі, қарағай) пен 1,8",RELEVANT,OTHER_CLIMATE,NOT_RELEVANT,,,1,kk_2,"Green belt microclimate, not climate-change"
KK-D03558,,KK,Egemen,https://egemen.kz/article/22705-birde-–-sel-birde-–-dgel,2013-08-30,"Бірде – сел, бірде – жел","Табиғат-ананың тосын мінезінің көрші жатқан елдің шат-шәлекейін шығарып, бірнеше аймақты тасқын судың астында қалдырғаны мәлім. Өз елімізде де жаз бойы",RELEVANT,DISASTER,RELEVANT,DISASTER,,1,kk_1,floods and mudflows across regions
KK-A00207,,KK,Azattyq,https://www.azattyq.org/a/2002178.html,2010-04-04,Пан Ги Мун Арал теңізін “ең сұмдық апат” деді,БҰҰ-ның бас хатшысы Пан Ги Мун тартылып бара жатқан Арал теңізі бүкіл планетадағы ең ауыр апаттың бірі деді. Ол Орталық Азия жетекшілерін қоршаған ортаның проблемасын шешуде ынтымақтаса әрекет етуге шақырды. Аймаққа сапармен барған бас хатшы Пан Ги Мун Арал теңізіне тікұшақпен барды. Кезінде...,RELEVANT,WATER_CRYO,RELEVANT,WATER_CRYO,,,gold,IAA adjudicated gold
KK-C00539,,KK,Egemen,https://egemen.kz/article/354932-qashanghy-korshilerdinh-konhiline-qaraymyz-deputat-transshekaralyq-ozen-su-masel,2023-12-21,«Қашанғы көршілердің көңіліне қараймыз?». Депутат трансшекаралық өзен-су мәселесін көтерді,Мәжіліс депутаты Қайрат Балабиев жалпы отырыста еліміздің трансшекаралық өзен-су мәселесін көтерді. Депутат Су ресурстары және ирригация министрі Нұржан,RELEVANT,WATER_CRYO,RELEVANT,WATER_CRYO,,,kk_2,Deputy raises transboundary river-water issue
KK-D00138,,KK,Egemen,https://egemen.kz/article/399320-astanada-khalyqaralyq-araldy-qutqaru-qoryna-mushe-memleketter-basshylarynynh-dgi,2025-11-16,Астанада Халықаралық Аралды құтқару қорына мүше мемлекеттер басшыларының жиыны өтеді,Тоқаев Орталық Азия мемлекеттері басшыларының VII Консультативтік кездесуінде өңір үшін су қауіпсіздігі мәселесі аса өзекті екенін атап өтті,RELEVANT,WATER_CRYO,RELEVANT,WATER_CRYO,,,kk_2,"IFAS summit, water security"
KK-C02231,,KK,Egemen,https://egemen.kz/article/396842-oldgas-bektenov-khalyqaralyq-araldy-qutqaru-qory-basqarmasynynh-otyrysyna-qatysu,2025-10-10,Олжас Бектенов Халықаралық Аралды құтқару қоры басқармасының отырысына қатысушылармен кездесу өткізді,Қазақстан Республикасының Премьер-министрі Олжас Бектенов Қазақстанның төрағалығымен өтіп жатқан Халықаралық Аралды құтқару қоры (ХАҚҚ) басқармасының,RELEVANT,WATER_CRYO,RELEVANT,WATER_CRYO,,,kk_2,IFAS board meeting
KK-A00617,,KK,Azattyq,https://www.azattyq.org/a/1147943.html,2003-08-12,Арал теңізін жартылай тірілту үшін Әлем банкы 85 млн. доллар қаржы бөліп отыр,"40 жылдан бері ғалымдар, суы кеуіп бара жатқан Арал табиғатын зерттеп, бұл бүкіл әлемде бұрын соңды кездеспеген экологиялық апат деп дабыл қағып келеді.",RELEVANT,WATER_CRYO,RELEVANT,WATER_CRYO,,,kk_2,World Bank funds drying Aral Sea
KK-C00678,,KK,Egemen,https://egemen.kz/article/394876-soltustik-aralgha-5-mlrd-tekshe-metr-su-dgiberildi,2025-09-10,Солтүстік Аралға 5 млрд текше метр су жіберілді,"Су ресурстары және ирригация министрлігінің мәліметінше, Су ресурстарын басқару жүйесін дамыту тұжырымдамасы аясында 2023 жылдан бүгінгі күнге дейін",RELEVANT,WATER_CRYO,RELEVANT,WATER_CRYO,,,kk_1,water sent to North Aral
KK-D03492,,KK,Egemen,https://egemen.kz/article/10973-aral-olmeydi,2011-03-16,«Арал өлмейді»,"Ақмешітке аяқ басқалы тілімізге мына тіркес орала береді: «Арал­дың табанынан су кеткенмен, Халқының жүрегінен жыр кет­кен жоқ». Сыр сүлейлерінің",RELEVANT,WATER_CRYO,NOT_RELEVANT,,,1,kk_1,"cultural piece, Syr poets, Aral"
KK-D03709,,KK,Egemen,https://egemen.kz/article/292720-klimattynh-ozgerui-alemge-qauip-tondirip-tur,2021-10-13,Климаттың өзгеруі әлемге қауіп төндіріп тұр,Климаттың жылдам өзгеруі қауіпті жағдайды алдын алуға мүмкіндіктерді азайтып отыр. Бейбітшілік пен қауіпсіздікті сақтап қалу үшін бірінші кезекте «үлкен,RELEVANT,POLICY,RELEVANT,SCIENCE_GEN,,,kk_2,"Climate change threat, general awareness"
KK-00011,,KK,Egemen,https://egemen.kz/article/415115-zhetisuda-dgel-elektr-stansasy-salynady,2026-06-18,Жетісуда жел электр стансасы салынады,Жетісу облысында жаңартылатын энергия көздерін дамыту бағытындағы ірі жобалардың бірі жүзеге асырылмақ. Өңір әкімі Бейбіт Исабаев Қытай Халық Республикасының…,RELEVANT,ENERGY,RELEVANT,ENERGY,,,kk_1,"wind power plant, renewables"
KK-A00411,,KK,Azattyq,https://www.azattyq.org/a/28524035.html,2017-06-02,Трамп: АҚШ ғаламдық климат жөніндегі Париж келісімінен шығады,"АҚШ президенті Дональд Трамп өз елі 2015 жылы Парижде қол қойған ғаламдық климат жөніндегі халықаралық келісімнен шығатынын мәлімдеді. Трамп келісім АҚШ экономикасына зиян келтіретінін айтып, жаңа келісім жасауға талпынатынын айтты. 1 маусымда Ақ үйде сөйлеген Трамп ""Американы және оның...",RELEVANT,POLICY,RELEVANT,POLICY,,,gold,IAA adjudicated gold
KK-C00225,,KK,Egemen,https://egemen.kz/article/342488-transshekaralyq-su-resurstaryn-tiimdi-paydalanghan-dgon-memleket-basshysy,2023-05-19,Трансшекаралық су ресурстарын тиімді пайдаланған жөн - Мемлекет басшысы,"Мемлекет басшысы самит барысында Трансшекаралық су ресурстарын тиімді пайдалану туралы айтты, деп хабарлайды Egemen.kz Ақорданың баспасөз қызметіне",RELEVANT,WATER_CRYO,RELEVANT,WATER_CRYO,,,kk_1,transboundary water sharing
KK-D02075,,KK,Egemen,https://egemen.kz/article/30768-buu-ekologiyalyq-apatty-boldgady,2014-04-02,БҰҰ экологиялық апатты болжады,БҰҰ жанындағы климаттың өзгеруін зерттейтін үкіметаралық мамандар тобы ғаламдық климат өзгеруінің салдары жөніндегі баяндамаларын жариялады. Бұл туралы,RELEVANT,SCIENCE_GEN,RELEVANT,SCIENCE_GEN,,,gold,IAA adjudicated gold
KK-D00104,,KK,Egemen,https://egemen.kz/article/404810-afrikadan-aralgha-deyin-qum-dgutqan-kolderdi-qaytsek-qutqaramyz,2026-01-23,Африкадан Аралға дейін: Құм жұтқан көлдерді қайтсек құтқарамыз?,Мемлекет басшысы Қасым-Жомарт Тоқаев Қызылордада өткен V Ұлттық құрылтай отырысында Арал ахуалын тағы да тілге тиек етті. «Аралды құтқару – барша адамзат,RELEVANT,WATER_CRYO,RELEVANT,WATER_CRYO,,,kk_1,"drying lakes, Aral rescue"
KK-A00364,,KK,Azattyq,https://www.azattyq.org/a/1195001.html,2008-08-30,5 млн ауғанға азық-түлік көмегі қажет,"Оксфам қайырымдылық қорының мәліметіне қарағанда, Ауғанстандағы 5 млн халық алдағы қыста азық-түлік тапшылығын тартады. Британиялық қордың айтуынша, ондай тапшылыққа бірнеше себеп бар. Елдегі құрғақшылық, азық-түлік бағасының өсуі және кең етек жайған тұрақсыздық халықтың ашығуына негіз болмақ....",RELEVANT,AGRI_LAND,RELEVANT,AGRI_LAND,,1,kk_2,"Afghan drought food shortage, instability co-factor"
KK-A00260,,KK,Azattyq,https://www.azattyq.org/a/1173718.html,2007-06-07,Германияда үлкен сегіздік елдерінің саммиті басталды,"Германияның Хейлигендам қаласында басталған Үлкен 8-дік ұйымы саммитінің алғашқы күнінде, күн тәртібіне қойылған басты мәселелердің бірі - климаттың өзгеру проблемалары қаралады. Германия тарапы, 2050-ші жылға қарай ауаға бөлінетін көмірқышқыл газының көлемін 50 пайызға азайтуға арналған келісімге қол жеткізуді мақсат тұтуда. Ал Құрама Штаттары мұндай ұсыныспен келіспейтіндігін айтып отыр.",RELEVANT,POLICY,RELEVANT,POLICY,,,kk_2,"G8 summit, CO2 cut agreement"
KK-A00112,,KK,Azattyq,https://www.azattyq.org/a/1952471.html,2010-02-09,Чавес электроэнергияға қатысты төтенше жағдай енгізді,"Венесуэлла президенті Уго Чавес электроэнергияға қатысты елде төтенше жағдай енгізу туралы қаулыға қол қойды. БиБиСи агенттігінің хабарлауынша, Чавес елдегі құрғақшылыққа байланысты мемлекет тұрғындарын электр қуатын үнемдеуге шақырған. Үкімет басындағылардың айтуынша, ұзақ уақыттан бері...",RELEVANT,DISASTER,RELEVANT,DISASTER,,1,kk_1,drought-driven electricity emergency
KK-D01386,,KK,Egemen,https://egemen.kz/article/216256-klimattynh-ozgerui-koz-dguma-qaraytyn-masele-emes,2019-12-23,Климаттың өзгеруі көз жұма қарайтын мәселе емес,Испанияда Біріккен Ұлттар Ұйымының климаттың жылынуына қатысты саммиті өтті. Жыл соңында өткізілетін бұл жиынның жер жаһан үшін маңызы зор. Әсіресе АҚШ,RELEVANT,POLICY,RELEVANT,POLICY,,,kk_1,UN Madrid climate summit
KK-A00257,,KK,Azattyq,https://www.azattyq.org/a/1829782.html,2009-09-24,Питтсбургте «үлкен жиырмалық» саммиті басталады,Бүгін американың Питтсбург қаласында әлемнің жетекші мемлекеттерінің басшыларының қатысумен «үлкен жиырмалықтың» саммиті басталады. Екі күнге созылатын саммит барысында экономика өсімін қамтамасыз ету және климаттың ғаламдық өзгерісімен күрес мәселелері талқыланады. АҚШ президенті Барак...,RELEVANT,POLICY,NOT_RELEVANT,,,,gold,IAA adjudicated gold
KK-D00087,,KK,Egemen,https://egemen.kz/article/199791-aral-2019-ekspeditsiyasy-bastaldy,2019-05-12,«Арал 2019» экспедициясы басталды,12-мамырда «Арал 2019» экспедиция құрамы Нұр-Сұлтан қаласынан Арал теңізі бағытына қарай жолға шықты. «QazaqGeography» республикалық қоғамдық бірлестігі,RELEVANT,WATER_CRYO,NOT_RELEVANT,,,1,kk_2,Aral 2019 expedition
KK-A00499,,KK,Azattyq,https://www.azattyq.org/a/31332968.html,2021-06-30,Өзбекстанда әр минут сайын 9 шаршы метр жер шөлге айналып жатыр,"Өзбекстанда Ғылым академиясына қарайтын Сейсмология институтының директоры, география ғылымдарының докторы Вахоб Рафиков өлкеде шөлге айналған жерлер көбейіп жатқанын мәлімдеді. ""Бұл процесс жыл өткен сайын тездетіп жатыр. Карначул, Мирзачул, Шерабад, Дальварзин, Қарақалпақ шөлдерінің шекарасы...",RELEVANT,AGRI_LAND,RELEVANT,AGRI_LAND,,,gold,IAA adjudicated gold
KK-C00957,,KK,Egemen,https://egemen.kz/article/318173-ispaniyadaghy-aptap-ystyqtan-mynhnan-astam-adam-qaytys-boldy,2022-07-18,Испаниядағы аптап ыстықтан мыңнан астам адам қайтыс болды,"Еуропада ауа температурасының рекордтық көрсеткіштері тіркелді. Ғалымдар бұны климаттың өзгеруімен байланыстырады, деп хабарлайды Egemen.kz.",RELEVANT,DISASTER,RELEVANT,DISASTER,,,kk_2,"Spain heatwave deaths, climate-linked"
KK-C00457,,KK,Egemen,https://egemen.kz/article/395951-prezident-dgaqandyq-klimattyq-bastamalar-turaly-bul-kenh-auqymdy-alayaqtyqqa-uqs,2025-09-26,Президент жаһандық климаттық бастамалар туралы: Бұл кең ауқымды алаяқтыққа ұқсайды,"Қасым-Жомарт Тоқаевтың айтуынша, Қазақстан энергетикалық тәуелсіздікке жету үшін атом индустриясын дамытуға күш салуы керек. Президент алғашқы атом электр",RELEVANT,POLICY,RELEVANT,POLICY,,1,kk_1,"climate initiatives critique, atom energy"
KK-C01766,,KK,Egemen,https://egemen.kz/article/289511-alemde-216-mln-adam-klimattyq-bosqyngha-aynaluy-mumkin,2021-09-17,Әлемде 216 млн адам «климаттық босқынға» айналуы мүмкін,"Қазір климаттың өзгеруі ғалымдармен қатар қарапайым тұрғындарды да алаңдатып отыр. Бұл мәселеге әсіресе жастар жағы көп бас қатыратын көрінеді, деп",RELEVANT,HEALTH_SOCIETY,RELEVANT,HEALTH_SOCIETY,,,gold,IAA adjudicated gold
KK-D01166,,KK,Egemen,https://egemen.kz/article/158281-shyghys-qazaqstanda-sel-qauipi-basym-tau-kolderi-tekserildi,2017-09-13,Шығыс Қазақстанда сел қауіпі басым тау көлдері тексерілді,"«Қазселден қорғау» ММ мамандары тікұшақ бортынан морена көлдерінің жағдайын бақылады. Селдің қауіпті кезеңі 15 қыркүйекке қарай аяқталады, сондықтан",RELEVANT,DISASTER,RELEVANT,DISASTER,,1,kk_2,Moraine lake mudflow risk inspected
KK-C01491,,KK,Egemen,https://egemen.kz/article/390100-su-dgobalary-men-muzdyqtardy-qorghau-sharalary-talqylandy,2025-06-24,Су жобалары мен мұздықтарды қорғау шаралары талқыланды,Қазақстан мен Азия даму банкі су ресурстарын тиімді басқару және климаттың өзгеруіне бейімделу мақсатында ынтымақтастықты күшейтпек. Су ресурстары және,RELEVANT,WATER_CRYO,RELEVANT,WATER_CRYO,,,kk_2,"Water projects, glacier protection, adaptation"
KK-A00516,,KK,Azattyq,https://www.azattyq.org/a/1772134.html,2009-07-08,Медведев алдағы аптада Германияға барады,"Ресей президенті Дмитрий Медведев алдағы аптада Германияға барып, канцлер Ангела Меркельмен кездеседі. Германия үкіметінің хабарлауынша, екі жетекші шілденің 16-ы күні Мюнхенде кездеседі. Ол кездесуде ғаламдық экономикалық дағдарыс пен климаттың жылынуына қарсы күрес мәселелері...",RELEVANT,POLICY,NOT_RELEVANT,,,,kk_2,
KK-D02828,,KK,Egemen,https://egemen.kz/article/301939-alemdegi-enh-ulken-muzdyq-erip-ketti,2022-01-23,Әлемдегі ең үлкен мұздық еріп кетті,"Әлемдегі ең үлкен мұздық саналатын А68 енді жоқ, деп хабарлайды Egemen.kz TRT-ға сілтеме жасап.",RELEVANT,WATER_CRYO,RELEVANT,WATER_CRYO,,,kk_2,World's largest glacier melted
KK-A00269,,KK,Azattyq,https://www.azattyq.org/a/Iraq_Water_Iran_Agreculture/1514765.html,2009-03-23,Ирақ диқандары су тапшылығының зардабын тартып отыр,"Екінші жылға ұласып отырған құрғақшылық Ирақ диқандарына ауыр тиюде. Олардың біразы ежелгі кәсіптерін доғарып, жұмыссыз қалуға мәжбүр.Халықаралық Қызыл крест ұйымы Ирақтың таулы аймағындағы тұрғындарға қаржылай көмек ұсынбақшы.",RELEVANT,AGRI_LAND,RELEVANT,AGRI_LAND,,,kk_2,Iraq drought water scarcity hits farmers
KK-A00266,,KK,Azattyq,https://www.azattyq.org/a/world-greta-climate-problem/30181243.html,2019-09-24,Климат мәселесін көтеріп жүрген оқушының айтқаны,"Нью-Йоркте Біріккен Ұлттар Ұйымының 74 сессиясы өтіп жатыр. Алғашқы күні әлем назары 16 жастағы швед қызына ауды. Жаһанды жылыну, климаттың өзгеру туралы айтып, белсенділігімен танылған Грета Тунберг ұйымның сессиясын ашып, әлем елдері басшыларын сынады. Климат мәселесін көтеріп жүрген оқушы кім?",RELEVANT,POLICY,RELEVANT,HEALTH_SOCIETY,,,kk_1,Greta Thunberg climate activism UN
KK-A00152,,KK,Azattyq,https://www.azattyq.org/a/kazakhstan-aral-sea-1951/29449001.html,2018-08-24,67 жыл бұрын Арал теңізінде кеме жасалғанын білесіз бе?,"Түркіменстанда Арал теңізін құтқару қоры құрылтайшыларының 12-ші саммиті өтті. 1951 жылы түсірілген, кинофотоқұжаттар мен дыбыс жазбалары орталық мемлекеттік архивінде сақталған видеода кемелердің қалай жасалатыны, қалай суға жіберілетіні түсірілген.",RELEVANT,WATER_CRYO,NOT_RELEVANT,,,,kk_2,
KK-D02753,,KK,Egemen,https://egemen.kz/article/175355-aral-maselesi-qozghaldy,2018-10-02,Арал мәселесі қозғалды,Парламент Сенатының депутаттары Мұхтар Құл-Мұхаммед және Мұрат Бақтиярұлы Брюссельде өткен «Азия-Еуропа» форумы аясында парламенттік әріптестіктің 10-шы,RELEVANT,WATER_CRYO,RELEVANT,WATER_CRYO,,,kk_1,Aral issue raised at forum
KK-C00506,,KK,Egemen,https://egemen.kz/article/382001-soltustik-aralgha-16-mlrd-tekshe-metr-su-dgiberiledi,2025-02-18,"Солтүстік Аралға 1,6 млрд текше метр су жіберіледі",Былтырғы қазаннан қаңтар айына дейін Солтүстік Аралға 1 млрд текше метр су жіберілді,RELEVANT,WATER_CRYO,RELEVANT,WATER_CRYO,,,kk_1,water sent to North Aral
KK-D01205,,KK,Egemen,https://egemen.kz/article/169786-aral-2018-20-kundik-ekspeditsiyasy-ayaqtaldy,2018-06-04,«Арал-2018» 20 күндік экспедициясы аяқталды,29 мамырда QazaqGeography «Қазақстандық ұлттық географиялық қоғамының» Солтүстік және Оңтүстік Арал теңізі маңындағы «Арал-2018» 20 күндік экспедициясы,RELEVANT,WATER_CRYO,NOT_RELEVANT,,,,gold,IAA adjudicated gold
KK-A00416,,KK,Azattyq,https://www.azattyq.org/a/1683428.html,2009-05-12,Мұхит проблемасына арналған конференция өтуде,120 елдің сарапшылары Индонезияда өтіп жатқан әлемдік Мұхиттар конференциясына қатысуда. Күн тәртібіндегі мәселелердің бірі-тұрақты Халықаралық форум құру. Ол форумның міндеті қоршаған ортаны қорғау істерін үйлестіру және мұхит деңгейі көтерілуінің климатқа әсерін зерттеу. Конференцияда БҰҰ-ның...,RELEVANT,WATER_CRYO,RELEVANT,POLICY,,,kk_2,Ocean conference; sea-level rise forum
KK-D00638,,KK,Egemen,https://egemen.kz/article/383104-aral-audanyn-sumen-dgabdyqtaugha-42-mlrd-tenhge-bolindi,2025-03-06,"Арал ауданын сумен жабдықтауға 4,2 млрд теңге бөлінді","Қызылорда облысының Арал ауданында сумен жабдықтау жүйесін салуға және жаңғыртуға Арнаулы мемлекеттік қордан шамамен 4,2 млрд теңге бөлу туралы шешім",RELEVANT,WATER_CRYO,NOT_RELEVANT,,,1,kk_2,Aral district water supply infrastructure funding
KK-D02688,,KK,Egemen,https://egemen.kz/article/108446-ozbekstan-aral-problemasymen-qalay-kuresude,2016-11-17,Өзбекстан Арал проблемасымен қалай күресуде?,"Бір кезде әлемдегі үлкен теңіздердің бірі болған Аралдың аумағы 50 жылдың ішінде екі есе, су көлемі 5 есе азайды. Судың тереңдігі 18 метрге төмендеді.",RELEVANT,WATER_CRYO,RELEVANT,WATER_CRYO,,,kk_1,Uzbekistan fights Aral shrinking
KK-A00157,,KK,Azattyq,https://www.azattyq.org/a/kazakhstan_aral_see/2055959.html,2010-05-29,Балықшылар Аралдан қайтадан балық аулай бастады,Си-Эн-Эн телеарнасында «Жер шекарасы» атты телехабар көрсетілімі жүріп жатыр. Әлемдегі биологиялық әр алуандықты қорғау тақырыбына арналған бұл хабарда дүниежүзілік ауқымда әсері бар экологиялық апат аймақтары мәселесі сөз болады. Олардың арасында Қазақстандағы Арал теңізі де бар.,RELEVANT,WATER_CRYO,NOT_RELEVANT,,,1,kk_2,Aral fishing resumes; fishing-yield frame
KK-D03053,,KK,Egemen,https://egemen.kz/article/157875-ukimette-energiya-unemdeudi-retteu-dguyesin-odan-ari-dgetildiru-maseleleri-qaral,2017-09-05,Үкіметте энергия үнемдеуді реттеу жүйесін одан әрі жетілдіру мәселелері қаралды,Қазақстанның ЖІӨ-нің энергия сыйымдылығын 2020 жылға қарай 25%-ға және 2050 жылға қарай екі еседен кем емес төмендету бойынша Мемлекет басшысының,RELEVANT,ENERGY,RELEVANT,ENERGY,,1,kk_1,"energy efficiency, cut energy intensity"
KK-C02280,,KK,Egemen,https://egemen.kz/article/325592-emomali-rakhmon-klimattynh-ozgeru-saldarymen-kuresuge-shaqyrdy,2022-10-13,Эмомали Рахмон климаттың өзгеру салдарымен күресуге шақырды,"Тәжікстан президенті Эмомали Рахмон 13 қазанда Астанада өткен Азиядағы өзара іс-қимыл және сенім шаралары жөніндегі кеңестің саммитінде сөз сөйледі, деп",RELEVANT,POLICY,RELEVANT,POLICY,,,kk_2,Rahmon calls to fight climate change
KK-A00102,,KK,Azattyq,https://www.azattyq.org/a/1167243.html,2006-08-18,Қытайда соңғы жарты ғасырда болмаған құрғақшылық болуда,"Синьхуа агенттігінің хабарлауынша, табиғат апатынан әсіресе екі айдай жаңбыр жаумаған елдің оңтүстік батысы зардап шегіп жатыр. Өзендер құрғап кеткен. Бұл құрғақшылықтан келген экономикалық шығын бір миллиард екі жүз миллионға жеткен.",RELEVANT,DISASTER,NOT_RELEVANT,,,,gold,IAA adjudicated gold
KK-A00523,,KK,Azattyq,https://www.azattyq.org/a/25112949.html,2013-09-21,Ақ үй парник газын түзуді шектейтін талап енгізбек,АҚШ үкіметі елдегі электр станцияларының атмосфераға бөлетін көмір қышқыл газ көлеміне шектеу енгізбек. Бұл туралы жұма күні АҚШ-тың қоршаған ортаны қорғау агенттігінің басшысы Джина Маккарти мәлімдеді. Ақ үй ұсынған ғаламдық жылыну проблемасымен күрес бағдарламасында жаңадан салынатын...,RELEVANT,ENERGY,RELEVANT,POLICY,,1,kk_2,US regulation limiting power-plant CO2
KK-C01724,,KK,Egemen,https://egemen.kz/article/245322-muzdyqtar-munhy,2020-08-14,Мұздықтар «мұңы»,Қазіргі таңда әлемдегі өзекті мәселелердің бірі – климаттың өз­геруі себебінен мәңгілікке мыз­ғымастай көрінетін мұз­дық­тардың еруі. Бұдан келе­тін,RELEVANT,WATER_CRYO,RELEVANT,WATER_CRYO,,,kk_1,glaciers melting from climate change
KK-D03107,,KK,Egemen,https://egemen.kz/article/258567-prezidenttinh-klimattyq-ambitsiyalar-turaly-sammittindegi-beyne-undeui-dgariyala,2020-12-13,Президенттің климаттық амбициялар туралы Саммиттіндегі бейне үндеуі жарияланды,"Президенттің климаттық амбициялар туралы Саммиттіндегі бейне үндеуі жарияланды, деп хабарлайды Egemen.kz Ақорданың баспасөз қызметіне сілтеме жасап.",RELEVANT,POLICY,RELEVANT,POLICY,,,kk_1,president at Climate Ambition Summit
KK-D03740,,KK,Egemen,https://egemen.kz/article/317097-eqyu-parlamenttik-assambleyasynda-aral-tenhizininh-problemalary-talqylandy,2022-07-04,ЕҚЫҰ Парламенттік Ассамблеясында Арал теңізінің проблемалары талқыланды,Бирмингем қаласында (Ұлыбритания) Еуропадағы Қауіпсіздік және Ынтымақтастық Ұйымы Парламенттік Ассамблеясының жазғы сессиясы өз жұмысын бастады. Оған,RELEVANT,WATER_CRYO,RELEVANT,WATER_CRYO,,,kk_1,Aral problems at OSCE assembly
KK-A00453,,KK,Azattyq,https://www.azattyq.org/a/1165791.html,2006-06-19,Норвегия не себептен “ақыр заманның қоймасын” салуға кірісті?,ОСЛО. Бүгін Норвегияда жер бетіндегі барлық дәнді дақылдың үлгілерін экологиялық апаттан немесе ядролық соғыстан жақсы қорғайтын ерекше қойманың құрылысы басталды. “Ақыр заманның қоймасы” деп аталған құрылыс Солтүстік полюстен 1 мың шақырым қашықтықта орналасқан арктикалық Шпицберген аралындағы...,RELEVANT,AGRI_LAND,NOT_RELEVANT,,,1,kk_1,"seed vault vs generic catastrophe, no climate frame"
KK-C00244,,KK,Egemen,https://egemen.kz/article/293368-zhayyqtynh-ekologiyalyq-dgaghdayy-dgaqsara-ma,2021-10-19,Жайықтың экологиялық жағдайы жақсара ма?,Соңғы жылдары Жайық (Орал) өзені суының азаюына байланысты жағдай ерекше алаңдаушылық тудырып отыр. Өткен ғасырдың 70-жылдарынан бастап Жайық өзеніндегі,RELEVANT,WATER_CRYO,RELEVANT,WATER_CRYO,,,gold,IAA adjudicated gold
KK-D02917,,KK,Egemen,https://egemen.kz/article/355938-araldy-qutqaru-qory-atqarushy-komitetininh-toraghasy-taghayyndaldy,2024-01-11,Аралды құтқару қоры Атқарушы комитетінің төрағасы тағайындалды,"Президент Қасым-Жомарт Тоқаев Аралды құтқару қоры Атқарушы комитетінің төрағасын тағайындады, деп жазады Egemen.kz.",RELEVANT,WATER_CRYO,RELEVANT,WATER_CRYO,,1,kk_2,Aral fund committee chair appointed
KK-D01362,,KK,Egemen,https://egemen.kz/article/265816-onhirdegi-ozekti-masele-transshekaralyq-su-resurstary,2021-02-18,Өңірдегі өзекті мәселе: Трансшекаралық су ресурстары,Су – планета мен адамзат өміріндегі ең құнды ресурс. Орталық Азия үшін бұл ресурсты өңірді біртұтас жүйе ретінде қалыптастыратын маңызды,RELEVANT,WATER_CRYO,RELEVANT,WATER_CRYO,,,kk_2,Transboundary water resources regional issue
KK-A00386,,KK,Azattyq,https://www.azattyq.org/a/2113104.html,2010-07-29,ЕҚЫҰ-ның Тұрақты кеңесінде Арал проблемасы көтерілді,Аралды құтқару халықаралық қорының атқарушы директоры Сағит Ибатуллин Орталық Азия мемлекеттерін Арал теңізі бассейніне төніп тұрған экологиялық қауіппен бірге күресуге шақырды. Ибатуллин бүгін Вена қаласында ЕҚЫҰ-ның Тұрақты кеңесінде сөз сөйледі. Қор төрағасы Орталық Азиядағы Арал...,RELEVANT,WATER_CRYO,RELEVANT,WATER_CRYO,,,kk_1,"Aral basin ecological threat, OSCE"
KK-A00071,,KK,Azattyq,https://www.azattyq.org/a/1173483.html,2007-05-29,Германия “Үлкен сегіздік” лидерлерінің саммиті қарсаңында қауіпсіздікті нығайтуда,ГАМБУРГ: Кеше Германияның Гамбург қаласында 2 күндік Азия-Еуропа кездесуі басталды. Азия елдерінің сыртқы істер министрлері мен Еуроодақтың өкілдері ғаламдық атмосфераның жылынуы проблемасын талқылайды. Осы күні Гамбургте ғаламдандыруға қарсы ұйымдардың 4 мыңдай белсендісі наразылық шеруін...,RELEVANT,POLICY,RELEVANT,POLICY,,1,kk_1,summit discussing global warming
KK-A00273,,KK,Azattyq,https://www.azattyq.org/a/28510360.html,2017-05-26,"Сицилияда ""Үлкен жетілік"" елдерінің саммиті басталады","Бүгін Италияның Сицилия аралындағы Таормина қаласында ""Үлкен жетілік"" елдерінің екі күндік саммиті басталады. Саммитке АҚШ президенті Дональд Трамп қатысады. Саммитте оған қатысатын өзге елдердің басшылары Трамптан оның сауда және климаттың өзгеруіне қатысты ұстанымын сұрайды деп болжанып...",RELEVANT,POLICY,NOT_RELEVANT,,,,kk_2,
KK-D03485,,KK,Egemen,https://egemen.kz/article/394257-sholdegi-kemeler-aral-tenhizi-apaty-turaly-shynayy-esseler-dginaghy,2025-08-29,«Шөлдегі кемелер»: Арал теңізі апаты туралы шынайы эсселер жинағы,"Көшпелі өмір салтымен әлемге танымал халқымыз үшін “теңіз” сөзі – шексіздік, кеңістік және терең білімнің символы болған. Тіпті көне жырларда «теңіздей",RELEVANT,WATER_CRYO,RELEVANT,WATER_CRYO,,1,kk_1,Aral disaster essay collection
KK-D03030,,KK,Egemen,https://egemen.kz/article/254098-qazaqstan-men-resey-transshekaralyq-ozenderdi-birlesip-paydalanady,2020-10-29,Қазақстан мен Ресей трансшекаралық өзендерді бірлесіп пайдаланады,"Халықты және экономика салаларын сумен қамту, ластануың алдын алу, трансшекаралық өзендер суының таусылуы және тағы басқа мәселелер Новосибирск қаласында",RELEVANT,WATER_CRYO,RELEVANT,WATER_CRYO,,,kk_2,"Kazakhstan-Russia transboundary rivers, depletion"
KK-C02279,,KK,Egemen,https://egemen.kz/article/290258-sarapshylar-enh-nashar-ekologiyalyq-stsenariy-qazirdinh-ozinde-oryn-aluda,2021-09-23,Сарапшылар: Ең нашар экологиялық сценарий қазірдің өзінде орын алуда,"Сарапшылар климаттық өзгерістердің теріс салдары – болашақтың мәселесі емес, бұл біздің бүгінгі күніміз деген пікірде. Температураның көтерілуі, апатты",RELEVANT,SCIENCE_GEN,RELEVANT,SCIENCE_GEN,,,kk_1,experts: worst climate scenario now
KK-A00250,,KK,Azattyq,https://www.azattyq.org/a/1854212.html,2009-10-17,Мальдив үкіметі су астында жиын өткізді,Үнді мұхитындағы аралдық мемлекет Мальдив республикасының үкіметі өзінің отырысын су астында өткізді. Олардың жарты сағатқа созылған отырысы ғаламдық жылынуға әлемнің назарын аудару болды. Ғаламдық жылыну проблемасынан туындаған мұхит деңгейінің көтерілуі алдағы 100 жылда бұл мемлекетке...,RELEVANT,WATER_CRYO,RELEVANT,SCIENCE_GEN,,,kk_1,"Maldives underwater cabinet, awareness"
KK-D00976,,KK,Egemen,https://egemen.kz/article/331174-qazaqstan-men-ozbekstan-senatorlary-aral-problemasyn-talqylady,2022-12-21,Қазақстан мен Өзбекстан сенаторлары Арал проблемасын талқылады,Қазақстан Парламенті Сенатының Спикері Мәулен Әшімбаев Өзбекстан Олий Мажлисі Сенатының Төрайымы Танзила Нарбаевамен бірге екі елдің Сенаттары арасындағы,RELEVANT,WATER_CRYO,RELEVANT,WATER_CRYO,,,kk_2,Senators discuss Aral problem
KK-A00388,,KK,Azattyq,https://www.azattyq.org/a/1147324.html,2003-07-22,"Соңғы күндері тұрған аптап ыстықтан Еуропада жаппай өрт шығуда. Кейбір жерде өрт ыстық пен құрғақшылықтан шығып жатса, басқа жерлерде қасақана от қойған жайттар бар.","БАТЫС ЕУРОПА: Соңғы күндері тұрған аптап ыстықтан Еуропада жаппай өрт шығуда. Кейбір жерде өрт ыстық пен құрғақшылықтан шығып жатса, басқа жерлерде қасақана от қойған жайттар бар. Корсика аралында от жалыны 2 мың гектардан асатын орман алқабын жайпап үлгеріп, өрт Жерорта теңізіндегі осы аралды...",RELEVANT,DISASTER,RELEVANT,DISASTER,,,kk_2,Europe heatwave causing mass wildfires
KK-C00672,,KK,Egemen,https://egemen.kz/article/377798-klimattynh-ozgerisi-alemdi-alanhdatady,2024-12-07,Климаттың өзгерісі әлемді алаңдатады,1990–2022 жылдардағы Монреаль хаттамасымен рет­тел­мейтін парниктік газдардың көздері мен сіңіргіштер абсорбцияларынан болған антропогендік,RELEVANT,SCIENCE_GEN,RELEVANT,SCIENCE_GEN,,,kk_2,Greenhouse gas emissions data
KK-C00830,,KK,Egemen,https://egemen.kz/article/288828-grekiya-klimat-maselesin-qolgha-aldy,2021-09-14,Грекия климат мәселесін қолға алды,Грекия үкіметі жаздың аптап ыстығынан кейін климаттың өзгеруін қадағалайтын арнайы министрлік құрылатынын мәлімдеді.,RELEVANT,POLICY,RELEVANT,POLICY,,,kk_2,Greece creates climate change ministry
KK-A00464,,KK,Azattyq,https://www.azattyq.org/a/1169353.html,2006-11-16,Орталық Азия аймағында қуаңшылық пен шөлейттенуге қарсы халықаралық бағдарлама жүзеге аспақшы,"2007-ші жылдан бастап іске асқалы отырған осы халықаралық бағдарламаға сәйкес алдағы 10 жылда Орталық Азияның Қазақстан, Қырғызстан , Өзбекстан, Түркіменстан және Тәжікстан секілді елдеріндегі шөлейттенген, яғни адам өмір сүруге қолайсыз деп танылған жерлердің құнарлығын халықаралық ұйымдардың көмегімен арттыру шарасы жүзеге асырылғалы отыр.",RELEVANT,AGRI_LAND,RELEVANT,AGRI_LAND,,,kk_1,drought/desertification program Central Asia
KK-A00081,,KK,Azattyq,https://www.azattyq.org/a/28601190.html,2017-07-07,Гамбургте G20 басшыларының келіссөзі басталмақ,"Гамбургте ""Үлкен жиырмалық"" (G20) елдері басшыларының жиыны басталғалы жатыр. Мемлекет басшылары мен АҚШ президенті Дональд Трамп арасында климат өзгеруі мен сауда жайы талқыланбақ. Трамп осы жиын кезінде алғаш рет Ресей президенті Владимир Путинмен кездеспек. Трамп Қытай басшысы Си...",RELEVANT,POLICY,NOT_RELEVANT,,,,gold,IAA adjudicated gold
KK-D01494,,KK,Egemen,https://egemen.kz/article/372524-khalyqaralyq-araldy-qutqaru-qory-atqaru-komitetininh-dgumys-dgospary-bekitildi,2024-09-18,Халықаралық Аралды құтқару қоры Атқару комитетінің жұмыс жоспары бекітілді,"Астанада Тәжікстан, Түрікменстан, Өзбекстан және бақылаушы ел ретінде қатысып отырған Қырғызстан делегацияларының қатысуымен Халықаралық Аралды құтқару",RELEVANT,WATER_CRYO,RELEVANT,WATER_CRYO,,,kk_1,Aral fund work plan
KK-A00401,,KK,Azattyq,https://www.azattyq.org/a/28841721.html,2017-11-08,"Бішкекте белсенділер үкіметті ""мұздықтарды сақтауға"" шақырды",Бішкекте сәрсенбіде үкімет үйі алдында белсенділер Су кодексіне Құмтөр кенішіндегі мұздықтарды көшіруге рұқсат беретіндей түзету енгізуге қарсылық акциясын өткізді. Акцияға қатысқан азаматтық белсенділер мен саясаткерлер Қырғызстан парламентін аталған заң жобасын қабылдамауға шақырды. Олардың...,RELEVANT,WATER_CRYO,RELEVANT,WATER_CRYO,,1,kk_2,Activists demand glacier protection from mining
KK-00012,,KK,Egemen,https://egemen.kz/article/411085-deepbas-qurghaqshylyqqa-qarsy-dganha-tekhnologiya-engiziledi,2026-04-15,DeepBas: Құрғақшылыққа қарсы жаңа технология енгізіледі,Су ресурстары және ирригация министрі Нұржан Нұржігітов Қазақстан Республикасы Президентінің жанындағы Ұлттық ғылым академиясының президенті Ақылбек…,RELEVANT,DISASTER,RELEVANT,WATER_CRYO,,1,kk_2,Anti-drought water technology
KK-A00230,,KK,Azattyq,https://www.azattyq.org/a/world-afghanistan-drought/29289061.html,2018-06-13,Көшпенді ауғандар босып кетті,Мыңдаған ауғанстандық елдің батысындағы құрғақшылықтан босып кетті (Азаттықтың Ауған қызметі түсірген видео).,RELEVANT,AGRI_LAND,NOT_RELEVANT,,,,gold,IAA adjudicated gold
KK-A00462,,KK,Azattyq,https://www.azattyq.org/a/31060796.html,2021-01-21,Байден қызметіне кірісе сала Трамптың бірқатар шешімдерінің күшін жойды,"20 қаңтарда Вашингтондағы Капитолий сарайында ант беріп, президент қызметіне кіріскен Джо Байден салтанатты рәсімнен соң бұрынғы президент Дональд Трамптың бірқатар шешімдерінің күшін жойды. Атап айтқанда, президент АҚШ-ты климат жөніндегі Париж келісіміне қайта қосып, АҚШ-тың Дүниежүзілік...",RELEVANT,POLICY,NOT_RELEVANT,,,1,kk_2,Biden reversals; Paris rejoin not foregrounded
KK-C00338,,KK,Egemen,https://egemen.kz/article/377350-samuryq-qazyna-men-sany-renewable-energy-arnayy-ekonomikalyq-aymaqtaghy-zauyttyn,2024-11-30,«Самұрық-Қазына» мен «SANY Renewable Energy» арнайы экономикалық аймақтағы зауыттың іргетасын қалады,Шу қаласында орналасқан «Жібек жолы» арнайы экономикалық-индустриялық аймағында алдағы жылдары ондаған жоба жүзеге асырылады. Солардың бірін,RELEVANT,ENERGY,RELEVANT,ENERGY,,,gold,IAA adjudicated gold
KK-A00194,,KK,Azattyq,https://www.azattyq.org/a/1156041.html,2004-12-14,Жел қуатын энергия көзі ретінде пайдалану жобасын Қазақстан бастап кетті,Қазақстанның кең жазира даласы мен көгінен төгілер шұғылалы күн сәулесі бұл елде осы табиғи құбылыстарға негізделген қуат көздерін өндіруге мол мүмкіндіктердің бар екендігіне мегзеп отыр. Осы орайда Қазастан өткен жылы елдің оңтүстік-шығысындағы Алматы облысында күн көзінен қуат алу бағдарламасын бастап кеткен болатын. Бұл бағдарламаны бастапқы кезде құрған БҰҰ жанындағы Даму бағдарламасы және Канаданың халықаралық даму агенттігі еді. Қазіргі таңда Орта Азияның біраз елдерінде жел энергиясын өндіру ісі өз бастауын тапқан.,RELEVANT,ENERGY,RELEVANT,ENERGY,,,kk_1,wind/solar renewable energy project
KK-C01359,,KK,Egemen,https://egemen.kz/article/364528-zhoghary-bilim-baghdarlamalary-klimattyq-ozgerister,2024-05-19,Жоғары білім бағдарламалары: Климаттық өзгерістер,Абай атындағы Қазақ ұлттық педагогикалық университетінде «Климат өзгерісі бойынша білім берудің болашағы: педагогтар мен стейкхолдерлер арасында синергия,RELEVANT,SCIENCE_GEN,RELEVANT,SCIENCE_GEN,,1,kk_1,climate change education program
KK-A00069,,KK,Azattyq,https://www.azattyq.org/a/1175230.html,2007-08-18,Боснияда азық-түлік тапшылығы орын алуы ықтимал,"Өйткені мұндағы астық қоры екі аптаның ішінде таусылуы мүмкін дейді сарапшылар. Жазғы құрғақшылық астықтың 40 процентін жойып жіберді деген диқандар мен ұн өндірушілер сырттан бидай сатып алудың қажеттігін алға тартып отыр. Боснияның сауда палатасы үкімет Хорватия, Сербиямен астық сатып алу...",RELEVANT,AGRI_LAND,NOT_RELEVANT,,,,gold,IAA adjudicated gold
KK-C00525,,KK,Egemen,https://egemen.kz/article/379680-aral-tenhizindegi-su-kolemi-artty,2025-01-13,Арал теңізіндегі су көлемі артты,Арал теңізінің солтүстік бөлігіндегі су көлемі артты. Бұл туралы Су ресурстары және ирригация министрлігінің баспасөз қызметі хабарлады,RELEVANT,WATER_CRYO,RELEVANT,WATER_CRYO,,,kk_2,Aral Sea water volume increased
KK-C00502,,KK,Egemen,https://egemen.kz/article/285773-transshekaralyq-ozender-maselesi-talqylandy,2021-08-20,Трансшекаралық өзендер мәселесі талқыланды,"Кеше Нұр-Сұлтан қаласында Қазақстан Республикасының Экология, геология және табиғи ресурстар министрі Мағзұм Мырзағалиев Ресей Федерациясының Табиғи",RELEVANT,WATER_CRYO,RELEVANT,WATER_CRYO,,,kk_1,transboundary rivers discussed
KK-D01502,,KK,Egemen,https://egemen.kz/article/97432-astana-zher-saghaty-duniedguzilik-ekologiyalyq-aktsiyasyna-qatysty,2016-03-20,Астана «Жер сағаты» дүниежүзілік экологиялық акциясына қатысты,АСТАНА. 20 наурыз. Кеше Астана қаласы «Жер сағаты» халықаралық акциясына қатысты. Әлем бойынша миллиардтаған адам планетамыздың болашағына немқұрайлы,RELEVANT,OTHER_CLIMATE,RELEVANT,SCIENCE_GEN,,1,kk_2,Astana Earth Hour; climate not explicit
KK-00008,,KK,Egemen,https://egemen.kz/article/411563-26-nauryz-–-aral-tenhizi-amudariya-dgane-syrdariyanynh-khalyqaralyq-kuni-bolyp,2026-04-22,"26 наурыз – Арал теңізі, Әмудария және Сырдарияның халықаралық күні болып бекітілді","Астанада өткен Халықаралық Аралды құтқару қоры құрылтайшы мемлекеттер басшыларының саммиті қорытындысы бойынша 26 наурыз Арал теңізі, сондай-ақ Әмудария мен…",RELEVANT,WATER_CRYO,RELEVANT,WATER_CRYO,,1,kk_1,"int'l day for Aral, rivers"
KK-C01206,,KK,Egemen,https://egemen.kz/article/290031-zhayyq-tayazdanyp-araldar-payda-bola-bastady,2021-09-22,"Жайық таязданып, аралдар пайда бола бастады","Экология, геология және табиғи ресурстар министрлігі Жайық өзені таяздығы және Атырау маңында аралдар пайда болуының негізгі себептерін атады, деп",RELEVANT,WATER_CRYO,RELEVANT,WATER_CRYO,,,kk_2,"Ural river shallowing, islands appearing"
KK-00563,,KK,Azattyq,https://www.azattyq.org/a/europanyn-ush-elinde-qatty-ystyqtyn-saldarynan-adam-olimi-zhiiledi/33796569.html,2026-07-04,Еуропаның үш елінде қатты ыстықтың салдарынан адам өлімі жиіледі,"Франция, Нидерланды және Бельгияда маусымдағы аптап ыстық кезінде 3700 қосымша өлім тіркеді. Билік бұл көрсеткіш артуы мүмкін екенін мәлімдеді деп жазды Reuters. Қосымша өлім – бұл белгілі бір кезеңде әдетте тіркелетін өлім санынан артық тіркелген өлім көрсеткіші. Францияда 2025 қосымша өлім тіркелген – әсіресе 45 жастан асқандар арасында өлім-жітім жиілеген. Бельгияның денсаулық сақтау министрлігі 18-29 маусым аралығында 1200 қосымша өлім тіркелген. Ал Нидерландыда бұл көрсеткіш шамамен...",RELEVANT,DISASTER,RELEVANT,HEALTH_SOCIETY,,1,kk_2,Heatwave excess deaths in Europe
KK-C00484,,KK,Egemen,https://egemen.kz/article/301877-aral-tenhizininh-qurghap-qalghan-aymaghy-ormangha-aynalady,2022-01-21,Арал теңізінің құрғап қалған аймағы орманға айналады,"Мұндай жоба Өзбекстан Республикасының орман шаруашылығы жүйесін 2030 жылға дейін дамыту тұжырымдамасына сәйкес әзірленген қаулы аясында іске асады, деп",RELEVANT,WATER_CRYO,RELEVANT,WATER_CRYO,,,kk_1,Aral dried area afforestation
KK-A00130,,KK,Azattyq,https://www.azattyq.org/a/keiingi-70-zhylda-qyrgyzstanda-muzdyqtar-16-azaigan/33374405.html,2025-04-05,Кейінгі 70 жылда Қырғызстандағы мұздықтар 16% азайған,"Қырғызстан президенті Садыр Жапаров кейінгі 70 жылда елдегі мұздықтардың аумағы 16 пайызға азайғанын мәлімдеді, 2100 жылға қарай олардың жартысы жоғалуы мүмкін. 4 сәуірде Самарқанда (Өзбекстан) өткен «Орталық Азия жаһандық климаттық қауіп-қатерлерге қарсы: ортақ гүлдену үшін ынтымақтастық» атты...",RELEVANT,WATER_CRYO,RELEVANT,WATER_CRYO,,,kk_1,Kyrgyz glaciers shrank 16%
KK-D03062,,KK,Egemen,https://egemen.kz/article/280422-kanadada-aptap-ystyqtan-ormandar-ortenip-dgatyr,2021-07-02,Канадада аптап ыстықтан ормандар өртеніп жатыр,"Канадада аптап ыстық салдарынан ормандар өртеніп жатыр, деп хабарлайды Egemen.kz trt.net.tr сайтына сілтеме жасап.",RELEVANT,DISASTER,RELEVANT,DISASTER,,,kk_1,heatwave wildfires Canada
KK-00899,,KK,Egemen,https://egemen.kz/article/411537-iri-energetikalyq-nysandardan-taraytyn-ziyandy-shygharyndylar-35-payyzgha-azayad,2026-04-22,Ірі энергетикалық нысандардан тарайтын зиянды шығарындылар 35 пайызға азаяды,Астанада өтіп жатқан Өңірлік экологиялық саммиттің пленарлық отырысында Президент Қасым-Жомарт Тоқаев,RELEVANT,ENERGY,RELEVANT,ENERGY,,,kk_2,Energy facility emissions to drop 35%
KK-A00169,,KK,Azattyq,https://www.azattyq.org/a/28740102.html,2017-09-17,Ақ үй: Трамп ғаламдық климат келісімінен шығудан айныған жоқ,"АҚШ президенті Дональд Трамптың ғаламдық климат жөніндегі Париж келісімінен шығу туралы ниетінен айнығанын Ақ үй жоққа шығарды деп хабарлады The Hill басылымы. Америка президентінің әкімшілігі Париж келісімі бойынша ресми Вашингтонның ұстанымы өзгермейді деп мәлімдеген. ""Егер елімізге...",RELEVANT,POLICY,RELEVANT,POLICY,,,gold,IAA adjudicated gold
KK-C02133,,KK,Egemen,https://egemen.kz/article/323685-qazaqstan-men-ddu-araldy-qutqaru-maqsatynda-kush-biriktiredi,2022-09-21,Қазақстан мен ДДҰ Аралды құтқару мақсатында күш біріктіреді,"Парламент Сенаты Төрағасының орынбасары Ольга Перепечина ДДҰ Еуропалық өңірлік бюросының директоры Ханс Клугемен кездесу өткізді, деп хабарлайды Egemen.kz.",RELEVANT,WATER_CRYO,RELEVANT,WATER_CRYO,,,kk_2,Kazakhstan-WHO join to save Aral
KK-C02472,,KK,Egemen,https://egemen.kz/article/269639-aral-taghdyry-–-adam-taghdyry,2021-03-26,Арал тағдыры – адам тағдыры,ХХ ғасырдағы Орталық Азиядағы ең ірі экологиялық Арал апатының зардабын аймақ елдері әлі күнге тартып отыр. Халықаралық Аралды құтқару қорының мәліметтері,RELEVANT,WATER_CRYO,RELEVANT,WATER_CRYO,,,kk_1,"Aral disaster, region suffering"
KK-C00346,,KK,Egemen,https://egemen.kz/article/401553-manhghystauda-dgasyl-energetika-baghytynda-khalyqaralyq-dgoba-qolgha-alyndy,2025-12-13,Маңғыстауда жасыл энергетика бағытында халықаралық жоба қолға алынды,Маңғыстауда жасыл энергетика бағытындағы халықаралық жоба талқыланды,RELEVANT,ENERGY,RELEVANT,ENERGY,,,gold,IAA adjudicated gold
KK-D03155,,KK,Egemen,https://egemen.kz/article/413858-kishi-araldynh-auqymy-ulghaydy-ma,2026-06-02,Кіші Аралдың ауқымы ұлғайды ма?,"Кейінгі кездері Сырдарияның арнасы ортайып, өзен жағалауындағы жұрттың да көңіліне алаң кіріп тұр. Өзендегі жалпы су қоры жыл сайын төмендеп, оны жағалай қоныс…",RELEVANT,WATER_CRYO,RELEVANT,WATER_CRYO,,,kk_1,"Small Aral, Syrdarya decline"
KK-A00445,,KK,Azattyq,https://www.azattyq.org/a/30320352.html,2019-12-11,"Time журналы Грета Тунбергті ""Жыл адамы"" деп таныды","Time журналы 16 жастағы экобелсенді Грета Тунбергті ""Жыл адамы"" деп атады. Швед оқушысы Тунберг саясаткерлердің климаттың өзгеруі мәселесіне мән беруі үшін өткізілген акциялардың ұйымдастырушысы ретінде танылған. Журнал редакциясы Тунбергтің климаттың өзгеруіне қарсы күрескен еңбегін ғана...",RELEVANT,OTHER_CLIMATE,RELEVANT,HEALTH_SOCIETY,,,kk_1,Greta Thunberg Person of Year
KK-C01729,,KK,Egemen,https://egemen.kz/article/304903-aral-qorynynh-otyrysy-otti,2022-02-23,Арал қорының отырысы өтті,Аралды құтқару халықаралық қорының отырысы онлайн режімде өтті. Қазақстан тарапынан шараға Премьер-Министрдің бірінші орынбасары Роман Скляр қатысты.,RELEVANT,WATER_CRYO,RELEVANT,WATER_CRYO,,,kk_1,Aral rescue fund meeting
KK-D01901,,KK,Egemen,https://egemen.kz/article/15261-kokaral,2011-09-27,Көкарал,"Аралдың табанынан су кеткенмен, халқының жүрегінен жыр кеткен жоқ. Теңізі тартылған ай­маққа барған сайын қараша ха­лықтың қайсарлығын көріп, тәнті",RELEVANT,WATER_CRYO,NOT_RELEVANT,,,1,kk_2,Kokaral; poetic cultural piece
KK-00636,,KK,Egemen,https://egemen.kz/article/410740-tozghan-dgayylym-toryqqan-sharua-tuyin-qashan-tarqatylady,2026-04-10,"Тозған жайылым, торыққан шаруа: Түйін қашан тарқатылады?",Үкімет Ауыл шаруашылығы министрлігі дайындаған «Мал шаруашылығын дамытудың 2026-2030 жылдарға арналған кешенді жоспарын» бекітті. Аталған құжат саланы,RELEVANT,AGRI_LAND,RELEVANT,AGRI_LAND,,1,kk_1,"pasture degradation, livestock plan"
KK-C01437,,KK,Egemen,https://egemen.kz/article/263629-ekologiya-ministrligi-zhem-dgane-oyyl-ozenderi-aghynynynh-ozgeruine-taldau-dgasa,2021-02-02,Экология министрлігі Жем және Ойыл өзендері ағынының өзгеруіне талдау жасады,"Экология, геология және табиғи ресурстар министрлігінің «Қазгидромет» РМК шаруашылық қызмет пен климаттың өзгеруі жағдайында Жем және Ойыл өзендері",RELEVANT,WATER_CRYO,RELEVANT,WATER_CRYO,,,kk_1,river flow change under climate
KK-C01873,,KK,Egemen,https://egemen.kz/article/257300-senatta-aral-tenhizindegi-sugha-taueldikti-azaytu-turaly-talqylandy,2020-11-27,Сенатта Арал теңізіндегі суға тәуелдікті азайту туралы талқыланды,"Бүгін Қызылорда облысында САРАТС-2 – ""Сырдария өзенінің арнасын реттеу және Арал теңізінің солтүстік бөлігін сақтау"" жобасының аясында Қоғамдық тыңдау",RELEVANT,WATER_CRYO,RELEVANT,WATER_CRYO,,,kk_1,"reduce Aral water dependence, Syrdarya"
KK-D00143,,KK,Egemen,https://egemen.kz/article/201780-nzm-oqushysy-finlyandiya-prezidentimen-klimat-maselelerin-talqylady,2019-06-06,НЗМ оқушысы Финляндия президентімен климат мәселелерін талқылады,"«Президент Австралия, Мексика, Чили, Нидерланды, Қазақстан, Тунис және Финляндия жастары кіретін World Summit of Students for Climate хатшылығымен",RELEVANT,POLICY,RELEVANT,SCIENCE_GEN,,1,kk_2,Student climate summit discussion
KK-C00546,,KK,Egemen,https://egemen.kz/article/358420-ekologiyany-dgaqsartatyn-tekhnologiya,2024-02-19,Экологияны жақсартатын технология,"Дүниежүзілік банктің болжамынша, еліміздегі таза су қоры жыл санап азайып келеді. Сарапшылардың айтуынша, сегіз жылдық мерзімде таза суға тапшылықты 15",RELEVANT,WATER_CRYO,RELEVANT,WATER_CRYO,,1,kk_1,clean water scarcity forecast
KK-D02179,,KK,Egemen,https://egemen.kz/article/354268-kaspiydinh-tartyluy-zertteulerden-keyin-sharalar-qabyldanady,2023-12-08,Каспийдің тартылуы: Зерттеулерден кейін шаралар қабылданады,Жылдан жылға Каспий теңізінің суы тартылып барады. Атырау облысы әкімі Серік Шәпкенов мәселені шешу үшін ғылыми зерттеулер жүргізу қажеттігін Орталық,RELEVANT,WATER_CRYO,RELEVANT,WATER_CRYO,,,gold,IAA adjudicated gold
KK-C00386,,KK,Egemen,https://egemen.kz/article/277928-ekologiya-ministri-egis-alqaptaryn-sumen-qamtamasyz-etudinh-dgaghdayyn-tusindird,2021-06-10,Экология министрі егіс алқаптарын сумен қамтамасыз етудің жағдайын түсіндірді,"Экология, геология және табиғи ресурстар министрі Мағзұм Мырзағалиев еліміздің оңтүстік өңіріндегі егіс алқаптарын сумен қамтамасыз етудің жағдайын",RELEVANT,AGRI_LAND,RELEVANT,WATER_CRYO,,,gold,IAA adjudicated gold
KK-A00291,,KK,Azattyq,https://www.azattyq.org/a/central-asia-kazakhstan-kyrgyzstan-water-management/32458517.html,2023-06-14,Орталық Азия қалалары су ресурстарын тиімсіз басқарудан зардап шегіп отыр,Орталық Азия елдерінің басшылары мұздықтардың еруі мен жауын-шашынның азаюы мәселесін шеше алмайды. Бірақ ресурстарды дұрыс басқару халық саны қарқынды өсіп келе жатқан өңірдегі су дағдарысының алдын алуы мүмкін.,RELEVANT,WATER_CRYO,RELEVANT,WATER_CRYO,,,kk_2,"Central Asia water mismanagement, glacier melt"
KK-D02521,,KK,Egemen,https://egemen.kz/article/326723-aral-maselesi-europa-nazarynda,2022-10-27,Арал мәселесі Еуропа назарында,"Сенат Төрағасының орынбасары Асқар Шәкіров ЕҚЫҰ Парла­мент­тік Ассамблеясының Экономикалық мәселелер, ғылым, техноло­гия және қоршаған орта жөніндегі",RELEVANT,WATER_CRYO,RELEVANT,WATER_CRYO,,,kk_2,Aral issue in Europe focus
KK-A00213,,KK,Azattyq,https://www.azattyq.org/a/1360748.html,2008-12-17,ЕуроОдақтың ғаламдық жылынуға байланысты құжаты қабылданды,ЕуроПарламент аталған құжатты желтоқсанның 17-де мақұлдады. Одаққа мүше 27 ел құжаттағы 6 бап шарттарымен қазірдің өзінде келісті. Құжаттың аты “20+20+20” деп аталады. Яғни ЕуроОдаққа мүше елдер 2020 жылға қарай ауаға бөлінетін көмірқышқыл газын 20 пайызға азайтатын болады. Жаңаланатын энергия...,RELEVANT,POLICY,RELEVANT,POLICY,,,kk_1,"EU climate document, emissions cut"
KK-A00241,,KK,Azattyq,https://www.azattyq.org/a/1511706.html,2009-03-18,Стамбулда азайып бара жатқан су қоры мәселесі қаралуда,"Стамбулда сарапшылардың ғаламдық су дағдарысы етек алуда деген дабылымен бесінші әлемдік су форумы өтіп жатыр. 130 елдің өкілдері келген бұл жиынның ашылуында сөйлеген Түркия президенті Абдулла Гүл әлемнің 6,8 млд адамы су тапшылығын көріп отыр деді. БҰҰ-ның деректеріне сүйенсек, бір миллиард...",RELEVANT,WATER_CRYO,RELEVANT,WATER_CRYO,,,gold,IAA adjudicated gold
KK-D01128,,KK,Egemen,https://egemen.kz/article/277029-araldaghy-sharuashylyqtargha-dgem-shop-dgetkizilude,2021-06-03,Аралдағы шаруашылықтарға жем-шөп жеткізілуде,"Қуаңшылықтың қиындығын тартып отырған Арал ауданындағы шаруашылықтарға жем-шөп жеткізіле бастады. Күні кеше ауданға 116 тонна жоңышқа шөбі апарылса,",RELEVANT,AGRI_LAND,RELEVANT,AGRI_LAND,,,kk_2,Drought-hit Aral farms get fodder
KK-C01469,,KK,Egemen,https://egemen.kz/article/292742-nur-sultanda-paridg-kelisimininh-maqsattary-turaly-khalyqaralyq-konferentsiya-ba,2021-10-13,Нұр-Сұлтанда Париж келісімінің мақсаттары туралы халықаралық конференция басталды,"«Париж келісімінің мақсаттарына қол жеткізу жолдары және Қазақстанның көміртегі бейтараптылығы» халықаралық конференция басталды, деп хабарлайды Egemen.kz.",RELEVANT,POLICY,RELEVANT,POLICY,,,kk_1,"Paris Agreement, carbon neutrality conference"
KK-A00320,,KK,Azattyq,https://www.azattyq.org/a/31560428.html,2021-11-14,БҰҰ-ның климат мәселесіне арналған конференциясында ғаламдық келісім қабылданды,Глазгода өткен БҰҰ-ның климат мәселесіне арналған конференциясында жаңа ғаламдық келісім қабылданды. Құжаттың мақсаты – 2030 жылға қарай мемлекеттерді ауаға мейлінше азырақ зиянды қалдықтарды шығаруға міндеттеу және индустрияға дейінгі кезеңмен салыстырғанда ғаламдық жылыну температурасын...,RELEVANT,POLICY,RELEVANT,POLICY,,,kk_2,Glasgow COP26 global agreement adopted
KK-C01262,,KK,Egemen,https://egemen.kz/article/292780-qazaqstannynh-ekologiyalyq-batyl-bastamasy,2021-10-14,Қазақстанның экологиялық батыл бастамасы,Елордада ел Президенті Қасым-Жомарт Тоқаевтың қатысуымен Париж келісімінде белгіленген мақсаттар мен міндеттерге қол жеткізу және климаттың өзгеруіне,RELEVANT,POLICY,RELEVANT,POLICY,,,kk_1,"Paris goals, climate change initiative"
KK-D01356,,KK,Egemen,https://egemen.kz/article/4149-araldynh-bolashaghy-alda,2010-07-17,АРАЛДЫҢ БОЛАШАҒЫ АЛДА,"Жұма күні Алматыда БҰҰ Бас хат­шы­сының орынбасары, БҰҰ-ның Еуро­палық экономика­лық комиссиясының атқарушы хатшы­сы Ян Кубиш­тің, сон­дай-ақ БҰҰ-ның",RELEVANT,WATER_CRYO,RELEVANT,WATER_CRYO,,,kk_2,Aral future; UN involvement
KK-A00446,,KK,Azattyq,https://www.azattyq.org/a/2126006.html,2010-08-12,Медведев: құрғақшылықтан 75 пайыз егін алқаптары күйіп кетті,"Бүгін Ресей президенті Дмитрий Медведев Ресейдің егін алқаптарының 75 пайызы құрғақшылықтан күйіп кетті деді. Медведев бұл туралы елдің оңтүстігіндегі диқаншылармен кездесуі кезінде айтты. Бірақ ол бұған байланысты бағаның көтерілуіне жол бермеуге шақырды. ""Біз астық пен жем-шөптің бағасының...",RELEVANT,AGRI_LAND,RELEVANT,AGRI_LAND,,,kk_2,Drought burned 75% Russian crops
KK-D00920,,KK,Egemen,https://egemen.kz/article/376648-zhanha-su-kodeksine-muzdyqtardy-qorghau-sharalary-engizildi,2024-11-20,Жаңа Су кодексіне мұздықтарды қорғау шаралары енгізілді,Су ресурстары және ирригация министрлігі Мәжіліс депутаттарымен және сарапшылармен бірлесіп,RELEVANT,WATER_CRYO,RELEVANT,WATER_CRYO,,,kk_1,glacier protection in water code
KK-A00233,,KK,Azattyq,https://www.azattyq.org/a/kazakhstan_earthhour/24532738.html,2012-03-31,«Жер сағаты» акциясы,31 наурыз күні Қазақстан бүкіл әлеммен бірге «Жер сағаты-2012» деп аталатын акцияға қатысады. Cенбі күні кешкі 20:30-да миллиондаған адам бір сағатқа электр жарығын сөндіреді. Бұл шараның мақсаты - ғаламдық климаттың өзгеру проблемасына назар аударту.,RELEVANT,OTHER_CLIMATE,RELEVANT,SCIENCE_GEN,,,kk_2,Earth Hour climate awareness action
KK-D02743,,KK,Egemen,https://egemen.kz/article/265485-undistanda-muzdyqtynh-eruinen-qaza-tapqandar-sany-54-ke-dgetti,2021-02-16,Үндістанда мұздықтың еруінен қаза тапқандар саны 54-ке жетті,"Үндістанның Уттаракханд штатында мұздықтың еруінен қаза тапқандар саны 54-ке жетті, деп хабарлайды Egemen.kz",RELEVANT,DISASTER,RELEVANT,DISASTER,,1,kk_1,glacier-burst flood deaths India
KK-D03430,,KK,Egemen,https://egemen.kz/article/116432-khalyqaralyq-sharagha-qarqaralynynh-ulesi,2017-03-01,Халықаралық шараға Қарқаралының үлесі,Биыл Қарқаралы ауданында «Жасыл экономика» тұжырымдасының аясында жел электр стансаларын салу жоспарланып отыр. Құрылғылардың құрылысы ағымдағы жылдың,RELEVANT,ENERGY,RELEVANT,ENERGY,,,gold,IAA adjudicated gold
KK-D02469,,KK,Egemen,https://egemen.kz/article/385455-kishi-aral-kemerine-kelsin-desek,2025-04-15,Кіші Арал кемеріне келсін десек...,Жуырда Парламент Мәжілісінің депутаты Мұрат Ергешбаев Үкімет басшысының орынбасары Қанат Бозымбаевқа депутаттық сауал жолдады. Кіші Аралдың ертеңіне,RELEVANT,WATER_CRYO,RELEVANT,WATER_CRYO,,,kk_2,"Little Aral future, deputy inquiry"
KK-D00541,,KK,Egemen,https://egemen.kz/article/248358-klimattyq-ozgeris-khalyqtynh-azayuyna-akeledi,2020-09-11,Климаттық өзгеріс халықтың азаюына әкеледі,"Басылымның жазуынша, жаһандық климаттық дағдарыс салдарынан 30 жылдан кейін әлем халқы 1,2 млрд адамға азаяды. Мұн­дай шешімге Сидней Экономика",RELEVANT,HEALTH_SOCIETY,RELEVANT,SCIENCE_GEN,,,kk_1,study: climate cuts world population
KK-D00501,,KK,Egemen,https://egemen.kz/article/102030-aral-onhiri-nazardan-tys-qalmasyn,2016-06-25,Арал өңірі назардан тыс қалмасын,"Елбасы Н.Ә.Назарбаевтың тікелей қамқорлығымен Арал өңірінің экологиясын сауықтыру, экономикасын дамыту, халқының әлеуметтік жағдайын жақсарту бағытында",RELEVANT,WATER_CRYO,RELEVANT,WATER_CRYO,,1,kk_1,Aral region ecology rehabilitation
KK-A00397,,KK,Azattyq,https://www.azattyq.org/a/26849181.html,2015-02-14,Ғаламдық жылымық жайлы құжат жобасын 200-дей ел құптады,"Ғаламдық климаттың жылынуына қарсы күрес жөніндегі келісім жобасына жұма күні әлемнің 200-ге жуық мемлекеті қол қойды. Алайда, жер бетінде ауа температурасының жылдық орташа көрсеткішінің жоғарылауына себеп болып отырған атмосфераға бөлінетін «парник газының» көлемін қысқарту жолдары жайлы ең...",RELEVANT,POLICY,RELEVANT,POLICY,,,kk_2,200 countries approve global warming draft
KK-A00283,,KK,Azattyq,https://www.azattyq.org/a/1149054.html,2003-09-29,Мәскеуде Қоршаған ортаны қорғау жөніндегі бес күндік басқосу басталды.,Ауаны ластайтын газ көлемін қысқарту жөніндегі Киото келісіміне қол қоюға Ресей мәжбүрленіп отыр. Жердегі климатқа тікелей әсер ететін улы газдарды көп бөлуші елдердің бұл келісімге қол қоюы шарт. Ол келісімге бұған дейін ауаны 44 пайыз көлемде ластаушы елдер қол қойған болатын. 2001-ші жылы...,RELEVANT,POLICY,RELEVANT,POLICY,,,gold,IAA adjudicated gold
KK-C01823,,KK,Egemen,https://egemen.kz/article/349179-araldy-qutqaru-qorynynh-kelesi-otyrysy-qazaqstanda-otedi,2023-09-15,Аралды құтқару қорының келесі отырысы Қазақстанда өтеді,"Президент Қасым-Жомарт Тоқаев Аралды құтқару қорының құрылтайшы мемлекеттері басшылары кеңесінің келесі отырысын Қазақстанда өткізуді ұсынды, деп",RELEVANT,WATER_CRYO,RELEVANT,WATER_CRYO,,,kk_1,Aral rescue fund meeting
KK-C00962,,KK,Egemen,https://egemen.kz/article/393117-aqtauda-klimattyq-ozgeristerdinh-kaspiy-ekodguyesine-yqpaly-talqylandy,2025-08-13,Ақтауда климаттық өзгерістердің Каспий экожүйесіне ықпалы талқыланды,Ақтау қаласында Каспий күніне орай ұйымдастырылған «Таза Қазақстан» экологиялық акциясы аясында «Ғаламдық климаттық өзгерістер жағдайындағы Каспий теңізі»,RELEVANT,WATER_CRYO,RELEVANT,WATER_CRYO,,,gold,IAA adjudicated gold
KK-D00868,,KK,Egemen,https://egemen.kz/article/277835-koronavirustynh-ekologiyany-dgaqsartqany-shamaly,2021-06-09,Коронавирустың экологияны жақсартқаны шамалы,"Пандемияның басында экологияға төнген қауіптің азайып, ауаның тазарғаны туралы хабарлар жиілеп кетті. Жаппай карантин енгізу ауадағы көмірқышқыл газы",RELEVANT,SCIENCE_GEN,RELEVANT,SCIENCE_GEN,1,1,kk_2,Pandemic barely cut CO2 emissions
KK-A00052,,KK,Azattyq,https://www.azattyq.org/a/29531864.html,2018-10-08,Экономика бойынша Нобель сыйлығы иегерлері жарияланды,"Биыл экономика бойынша 50-рет берілетін Нобель сыйлығына америкалық Уильям Нордхаус пен Пол Ромер ие болды. Нобель комитеті ресми сайтының хабарлауынша, оларға сыйлық макроэкономикаға ұзақ мерзімдік талдау жасауға климаттың өзгеруі мен технологиялық инновацияны кіріктіргені үшін берілді....",RELEVANT,SCIENCE_GEN,NOT_RELEVANT,,,,gold,IAA adjudicated gold
KK-D00588,,KK,Egemen,https://egemen.kz/article/388335-aral-tenhizininh-qurghaghan-tubin-kogaldandyru-dgumysy-dgalghasyp-dgatyr,2025-05-28,Арал теңізінің құрғаған түбін көгалдандыру жұмысы жалғасып жатыр,Бұл туралы Экология және табиғи ресурстар министрлігіне қарасты Орман шаруашылығы және жануарлар дүниесі комитеті,RELEVANT,WATER_CRYO,RELEVANT,WATER_CRYO,,1,kk_1,Aral dried seabed greening
KK-A00522,,KK,Azattyq,https://www.azattyq.org/a/1165491.html,2006-06-05,Қазіргі Солтүстік мұзды мұхиттың орнында тұщы суы бар алып көл болған,"МӘСКЕУ. Осы күні мұз болып жатқан Солтүстік полюсте 55 млн. жыл бұрын тропикалық климат болып, судың беті 23 градус жылы болған көрінеді. Ол уақытта Солтүстік мұзды мұхиты алып көлге ұқсап, оның суы тұзсыз, пайдалануға жарайтын болған. 2004-інші жылы Солтүстік мұзды мұхитының түбін бұрғылау...",RELEVANT,SCIENCE_GEN,NOT_RELEVANT,,,1,kk_2,"Ancient Arctic paleoclimate curiosity, not climate-change"
KK-D00367,,KK,Egemen,https://egemen.kz/article/166720-2018-dgyly-soltustik-araldy-qutqaru-dgobasynynh-ekinshi-kezenhi-iske-asa-bastayd,2018-03-29,2018 жылы Солтүстік Аралды құтқару жобасының екінші кезеңі іске аса бастайды,"Биыл Қызылорда облысында ""Сырдария өзенінің арнасын Реттеу және Арал теңізінің солтүстік бөлігін сақтау"" (САРАТС) жобасының алғашқы 4 бөлігі іске",RELEVANT,WATER_CRYO,RELEVANT,WATER_CRYO,,,kk_2,North Aral restoration project phase
KK-C00860,,KK,Egemen,https://egemen.kz/article/185863-araldynh-qayta-oraluy-elbasynynh-arqasy,2019-03-20,Аралдың қайта оралуы Елбасының арқасы,«Арал тағдыры қай кезде де Елбасының тікелей назарында болды. Тәуелсіздік жылдарынан бері Аралды сақтап қалу үшін жасалған талай бастамаларға куә болдық.,RELEVANT,WATER_CRYO,RELEVANT,WATER_CRYO,,1,kk_2,Aral recovery credited to Nazarbayev
KK-C00832,,KK,Egemen,https://egemen.kz/article/312400-buu-qazaqstannynh-ekologiya-salasyndaghy-bastamalaryna-qoldau-dgasaydy,2022-05-18,БҰҰ Қазақстанның экология саласындағы бастамаларына қолдау жасайды,БҰҰ климат саласындағы мақсаттарға қол жеткізу үшін Қазақстан бастамаларына қолдау жасайды. Бұл туралы БҰҰ-ның Қазақстандағы тұрақты үлейстірушісі Микаэла…,RELEVANT,POLICY,RELEVANT,POLICY,,,kk_2,UN supports Kazakhstan climate goals
KK-D00748,,KK,Egemen,https://egemen.kz/article/372569-ortalyq-aziya-aral-taghdyry-alanhdatady,2024-09-19,Орталық Азия: Арал тағдыры алаңдатады,Еліміз 2024-2026 жылдар аралығында Халықаралық Аралды құтқару қорына (ХАҚҚ) төрағалық етеді. Осыған орай Мемлекет басшысының тапсырмасы бойынша,RELEVANT,WATER_CRYO,RELEVANT,WATER_CRYO,,,kk_2,Central Asia worried about Aral
KK-D02815,,KK,Egemen,https://egemen.kz/article/181728-klimattynh-suytuy-men-amerikany-dgaulap-aluda-qanday-sabaqtastyq-bar,2019-02-04,Климаттың суытуы мен Американы жаулап алуда қандай сабақтастық бар?,"ХV ғасырда Американы жаулап алуға деген талпыныс климаттың өзгеруіне алып келді. Миллионға тарта адам қаза тауып, ормандардың қаулап өсуі нәтижесінде парниктік…",RELEVANT,SCIENCE_GEN,RELEVANT,SCIENCE_GEN,,,kk_2,Climate cooling from America conquest explainer
KK-D02560,,KK,Egemen,https://egemen.kz/article/369051-klimattynh-ozgeruine-qazaqstan-da-alanhdauly,2024-07-24,Климаттың өзгеруіне Қазақстан да алаңдаулы,Қазақстан президенті Қасым-Жомарт Тоқаевтың Бакуде COP29-ға қатысуы күтіліп отыр. Бұл туралы Қазақстанның Әзер­бай­жандағы Елшісі Әлім Байел Әзер­бай­жан,RELEVANT,POLICY,RELEVANT,POLICY,,,kk_1,COP29 participation
KK-A00494,,KK,Azattyq,https://www.azattyq.org/a/kazakhstan-renewable-energy/30203496.html,2019-10-07,Қазақстан және жасыл энергия,"Қазақстан билігі елдегі энергияның 50 пайызын қайта қалпына келетін көздерден (жел, су, күннен алынатын энергия) алуды жоспарлайды. 2019 жылдың алты айында қайта қалпына келетін көздерден алынған энергия мөлшері 1,77 пайыз болған. Билік бұл көрсеткішті 2020 жылы үш пайызға дейін көтермек.",RELEVANT,ENERGY,RELEVANT,ENERGY,,,kk_2,Kazakhstan renewable green energy plans
KK-C00232,,KK,Egemen,https://egemen.kz/article/401468-ashkhabad-forumy-prezident-khalyqaralyq-su-uyymyn-qurudy-usyndy,2025-12-12,Ашхабад форумы: Президент Халықаралық су ұйымын құруды ұсынды,"Президенттің пайымдауынша, жаһандық су дипломатиясын дамытуда мемлекеттер арасындағы ықпалдастықтың маңызы зор",RELEVANT,WATER_CRYO,RELEVANT,WATER_CRYO,,,kk_2,International water organization proposed
KK-A00116,,KK,Azattyq,https://www.azattyq.org/a/25653302.html,2010-03-16,Тәжікстандағы мұздықтардың еруіне қатысты хабарды тыңдаңыз,,RELEVANT,WATER_CRYO,RELEVANT,WATER_CRYO,,,kk_2,Tajikistan glacier melting report
KK-A00049,,KK,Azattyq,https://www.azattyq.org/a/1168800.html,2006-10-23,Ауғанстанның 2 млн.-дай халқы азық-түліктен мұқтаждық көріп отыр,"КАБУЛ: Кеше Ауғанстан үкіметі мен БҰҰ-ы халықаралық қоғамды ауған еліндегі құрғақшылықтың салдарымен күресу үшін және елдің оңтүстігіндегі қақтығыстардан қашып қоныс аударғандарға 43 млн. доллардың көмегін бөлуге шақырды. БҰҰ-ының осы мәлімдемесінде айтылғандай, Ауғанстанда астықтың жетіспеуінен...",RELEVANT,AGRI_LAND,RELEVANT,AGRI_LAND,,1,kk_2,"Afghan drought food shortage, conflict co-factor"
KK-A00224,,KK,Azattyq,https://www.azattyq.org/a/31671630.html,2022-01-26,"CAN: ""Росатомның"" Орталық Азия елдерінде АЭС салуының саяси сипаты басым","Халықаралық климат әрекеттер желісі (Climate Action Network – CAN) Қырғызстанда атом электр станциясын салу жобасына қатысты болжамын жариялады. CAN желісінің Шығыс Еуропа, Кавказ және Орталық Азия елдеріндегі үйлестірушісі Ольга Бойконың пікірінше, ""Росатомның"" Орталық Азияда АЭС салуының...",RELEVANT,ENERGY,RELEVANT,ENERGY,,1,kk_1,"nuclear plants, climate network critique"
KK-A00354,,KK,Azattyq,https://www.azattyq.org/a/1175218.html,2007-08-17,Боснияда азық-түлік дағдарысы болуы мүмкін,"Сарапшылардың айтуынша, Боснияда екі аптаның ішінде астық қоры таусылса, елде азық-түлік дағдарысы орын алуы мүмкін. Нан мен ұн өнімдерін өндірушілер жаз айларындағы құрғақшылық 40 пайы егінді құртып жіберді, сондықтан астықты қосымша шетелден әкелу қажет деп отыр. Босняиның коммерциялық...",RELEVANT,AGRI_LAND,RELEVANT,AGRI_LAND,,,kk_1,drought food crisis Bosnia
KK-A00368,,KK,Azattyq,https://www.azattyq.org/a/1170849.html,2007-01-23,АҚШ-тың іскер компанияларының басшылары билікті климатты қорғауға шақыруда,"Жақында әлемнің біраз бөлігіндегі ауа-райы әдеттен тыс құбылыс болғанымен, бірақ климаттың өзгеруі туралы соңғы кезде көп айтылып жүрген. Өткен аптада БҰҰ-ның жаңа бас хатшысы Бан Ки Мун өзінің Ақ Үйдегі алғашқы кездесуінде, климаттың өзгеруін өзекті тақырып етіп көтерді. Және бірқатар әлемдік іскер топтар мен саяси жетекшілер Давоста осы аптада болатын Дүниежүзілік Экономикалық Форумда ауа-райының өзгеруін талқылайтын болады. Ал, дүйсенбі күні бірқатар американдық ірі компания басшылары АҚШ президенті Джордж Буш пен Конгресті ғаламдық жылынудың алдын алу үшін көбірек әрекет етуге шақырды.",RELEVANT,POLICY,RELEVANT,POLICY,,,kk_1,business leaders urge climate action
KK-D01302,,KK,Egemen,https://egemen.kz/article/11161-zhayyq-ozenininh-ekologiyasy-tolghandyrady,2011-03-26,Жайық өзенінің экологиясы толғандырады,Бүгінгі таңда Жайық өзенінің экологиялық мәселесі толғандырып отыр. Өз бастауын Башқұртстан жерінен алатын Ақжайық Қазақстан мен Ресейдің трансше­ка­ралық,RELEVANT,WATER_CRYO,RELEVANT,WATER_CRYO,,1,kk_1,Ural transboundary river concern
KK-C01610,,KK,Egemen,https://egemen.kz/article/396814-aral-tenhizin-qutqaru-dgayy-talqylandy,2025-10-10,Арал теңізін құтқару жайы талқыланды,Премьер-министр Олжас Бектенов Қазақстанның төрағалығымен өтіп жатқан Халықаралық Аралды құтқару қоры (ХАҚҚ),RELEVANT,WATER_CRYO,RELEVANT,WATER_CRYO,,,gold,IAA adjudicated gold
KK-D01718,,KK,Egemen,https://egemen.kz/article/361806-muzdyq-erise-elge-–-munh,2024-04-09,"Мұздық ерісе, елге – мұң","Дүниежүзіндегі ауа райы заңдылығының өзгерісі мұздықтардың беймәлім мінез танытуына тікелей байланысты екенін мамандар талайдан бері айтып, дабыл қағып",RELEVANT,WATER_CRYO,RELEVANT,WATER_CRYO,,,kk_1,glacier melt concern
KK-A00521,,KK,Azattyq,https://www.azattyq.org/a/2109657.html,2010-07-22,Ресейдегі қуаңшылық,Биылғы аптап ыстықтан тіпті Саха еліндегі якуттар қиындық көріп мұздықтарды жағалап кетті. Хайуанаттар паркінің қызметкерлері аңдарды суық суға шомылдыруға мәжбүр. Ресейдің кейбір аймақтарында орман өртіне байланысты төтенше жағдай жарияланды. Қатты ыстықтан егін күйіп барады.,RELEVANT,DISASTER,RELEVANT,DISASTER,,,kk_2,"Russia drought, heat, wildfires"
KK-D03174,,KK,Egemen,https://egemen.kz/article/201619-panfilov-audanynda-sel-shayyp-ketken-auylgha-dgedel-komek-korsetildi,2019-06-04,Панфилов ауданында сел шайып кеткен ауылға жедел көмек көрсетілді,"Күн райының қысқа күнде қырық құбылып, жауын-шашын мөлшерінің көп түсуі табиғат апатына себеп болуда. Кеше Алматы облысының Панфилов ауданына қарасты",RELEVANT,DISASTER,NOT_RELEVANT,,,1,kk_1,"single mudflow incident, aid response"
KK-D03316,,KK,Egemen,https://egemen.kz/article/32620-forum-ayasynda-ozgermeli-klimatqa-auyl-sharuashylyghyn-beyimdeu-maseleleri-talqy,2014-05-24,Форум аясында өзгермелі климатқа ауыл шаруашылығын бейімдеу мәселелері талқыланды,VII Астана экономикалық форумы аясында қазіргі өзгермелі әлемдік климатқа ауыл шаруашылығы саласын бейімдеуге арналған сессия болып өтті. Сессия жұмысына,RELEVANT,AGRI_LAND,RELEVANT,AGRI_LAND,,,kk_1,adapting agriculture to changing climate
KK-D02249,,KK,Egemen,https://egemen.kz/article/317170-araldy-qutqaru-–-adamzatty-qutqaru,2022-07-05,Аралды құтқару – адамзатты құтқару,Бирмингем қаласында (Ұлы­британия) Еуропадағы Қауіпсіздік және Ынтымақтастық Ұйымы Парламенттік Ассамблеясының жазғы сессиясы өз жұмысын бас­тады. Оған,RELEVANT,WATER_CRYO,RELEVANT,WATER_CRYO,,,kk_2,"Saving the Aral, OSCE session"
KK-D01760,,KK,Egemen,https://egemen.kz/article/273690-klimat-ozgeruininh-geosayasaty,2021-05-04,Климат өзгеруінің геосаясаты,БРЮССЕЛЬ. Еуропалық Одақ климат өзгеруі саласындағы көшбасшыға айналды. Таяуда ғана заңгерлер мен Одаққа мүше мемлекеттер Еуропаның климат заңы туралы,RELEVANT,POLICY,RELEVANT,POLICY,,,kk_1,"EU climate law, geopolitics"
KK-D01539,,KK,Egemen,https://egemen.kz/article/12309-khalyqaralyq-auqymdy-sharagha-qatysyp-qaytty,2011-05-14,Халықаралық ауқымды шараға қатысып қайтты,Малайзияның Куала-Лумпур қаласында өткен та­би­ғи апаттар мен қоршаған ортаны қорғауға арналған Азия саяси партияларының халықаралық конферен­ция­сы,RELEVANT,POLICY,NOT_RELEVANT,,,,kk_1,
KK-00004,,KK,Egemen,https://egemen.kz/article/410930-rae-kvon-chung-qazaqstan-klimattyq-syn-qaterlerdi-dganha-mumkindikterge-ushtasty,2026-04-13,Рае Квон Чунг: Қазақстан климаттық сын-қатерлерді жаңа мүмкіндіктерге ұштастырып отыр,Сәтбаев оқулары Satbayev International Conference 2026 дәстүрлі халықаралық конференцияның ашылу салтанатына,RELEVANT,POLICY,RELEVANT,POLICY,,1,kk_2,"Climate challenges as opportunities, conference"
KK-C00491,,KK,Egemen,https://egemen.kz/article/357097-qazaqstan-ozininh-su-qauipsizdigin-tolyq-qamtamasyz-etedi-ukimette-dganha-sharal,2024-01-30,Қазақстан өзінің су қауіпсіздігін толық қамтамасыз етеді: Үкіметте жаңа шаралар бекітілді,"Үкімет отырысында Су ресурстарын басқару жүйесін дамытудың 2024-2030 жылдарға арналған тұжырымдамасының жобасы қабылданды, деп хабарлайды",RELEVANT,WATER_CRYO,RELEVANT,WATER_CRYO,,,kk_2,"Water security concept, new measures"
KK-D02102,,KK,Egemen,https://egemen.kz/article/152807-qyzylordada-birinshi-khalyqaralyq-aral-forumy-otip-dgatyr,2017-05-30,Қызылордада бірінші халықаралық Арал форумы өтіп жатыр,Қызылордада бірінші Арал халықаралық тұрақты даму форумы өтіп жатыр.,RELEVANT,WATER_CRYO,RELEVANT,WATER_CRYO,,,kk_2,First international Aral forum
KK-C01908,,KK,Egemen,https://egemen.kz/article/411535-toqaev-aral-tenhizi-salghyrttyqtynh-saldary-qanday-qasiretke-akelip-soghatynyn-e,2026-04-22,Тоқаев: Арал теңізі салғырттықтың салдары қандай қасіретке әкеліп соғатынын еске салады,"Өңілік экономикалық саммиь аясында Президент су қауіпсіздігі мәселесі Қазақстан үшін ғана емес,",RELEVANT,WATER_CRYO,RELEVANT,WATER_CRYO,,,kk_1,"Aral, water security"
KK-D00467,,KK,Egemen,https://egemen.kz/article/110955-onhtustik-koreya-aral-tenhizine-15-mln-dollar-boledi,2017-01-18,"Оңтүстік Корея Арал теңізіне 1,5 млн доллар бөледі","Оңтүстік Корея Республикасы Арал теңізінің құрғап қалған ұлтанында фитоорманмелиорациялық жұмыстар жүргізу үшін 1,5 млн АҚШ долларын бөлуді жоспарлап",RELEVANT,WATER_CRYO,RELEVANT,WATER_CRYO,,,kk_1,Korea funds Aral seabed afforestation
KK-A00076,,KK,Azattyq,https://www.azattyq.org/a/kazakhstan-aral-sea-fisherman/29430001.html,2018-08-13,"""Аралдан көшіп кеткендер қайта келіп жатыр""",Қызылорда облысы Арал ауданы Бөген ауылының балықшысы Ғабит Зейноллаев Арал теңізі тартылған кездегі және Кіші Арал теңізі қалпына келгеннен кейінгі балықшылар өмірі туралы әңгімелейді.,RELEVANT,WATER_CRYO,RELEVANT,WATER_CRYO,,1,kk_1,Aral drying/recovery via fisherman
KK-C01015,,KK,Egemen,https://egemen.kz/article/377469-ortalyq-aziya-aral-taghdyryna-alanhdauly,2024-12-03,Орталық Азия Арал тағдырына алаңдаулы,Бүгінде Арал теңізінің ахуалы адамзатты алаңдатып отыр. Сондықтан Орталық Азия және Каспий маңы елдері Арал теңізін қорғау бағытында ортақ іске мүдделі.,RELEVANT,WATER_CRYO,RELEVANT,WATER_CRYO,,,kk_2,Central Asia worried about Aral
KK-A00403,,KK,Azattyq,https://www.azattyq.org/a/1907575.html,2009-12-18,Обама Копенгаген саммитінде сөз алды,"АҚШ президенті Барак Обама әлем жетекшілері ғаламдық жылынудың алдын алуға күш салуы керек деп айтты. Ол барлық елдер ғаламдық климат келісімімен мықты, қауіпсіз және көбірек қорғалған бола алады деді. Әлем жетекшілері тіпті дайын болмаса да, ауа-райының өзгеруіне қатысты келісімді қабылдауы...",RELEVANT,POLICY,RELEVANT,POLICY,,,kk_1,Obama speech at Copenhagen summit
KK-C00709,,KK,Egemen,https://egemen.kz/article/218320-microsoft-kompaniyasy-klimattyq-innovatsiyalardynh-damuyna-$1-mlrd-boletin-boldy,2020-01-22,Microsoft компаниясы климаттық инновациялардың дамуына $1 млрд бөлетін болды,Осы арқылы компания өзі ауаға тарайтын көміртектің көлемін азайтуды жоспарлады. Microsoft бас директоры Сатья Наделла мен компанияның басқа да жетекші,RELEVANT,POLICY,RELEVANT,OTHER_CLIMATE,,1,kk_2,"Microsoft $1B climate innovation, carbon cut"
KK-D02409,,KK,Egemen,https://egemen.kz/article/377033-aral-tenhizine-16-mlrd-tekshe-metr-su-dgiberiledi,2024-11-26,"Арал теңізіне 1,6 млрд текше метр су жіберіледі",2025 жылдың сәуір айына дейін Арал теңізіне шамамен,RELEVANT,WATER_CRYO,RELEVANT,WATER_CRYO,,,kk_2,Water to be sent to Aral
KK-A00495,,KK,Azattyq,https://www.azattyq.org/a/aral-sea-people-on-the-coast-are-at-risk-from-climate-migration/33200682.html,2024-11-14,Аралдың бұлыңғыр болашағы | Деректі фильм,"Дүниежүзілік банк есебінше, Орталық Азия елдері климат өзгерісіне тез бейімделмесе, 2050 жылға қарай климаттық миграция ұлғаюы мүмкін. Арал өңірі де осындай қауіп төніп тұрған аумаққа кіреді. Азаттықтың ""Мигрант Медиа"" жобасы теңізді жағалай қонған елмен сөйлесіп, тақырыпқа тереңірек үңілді.",RELEVANT,WATER_CRYO,RELEVANT,HEALTH_SOCIETY,,1,kk_1,Aral climate migration documentary
KK-A00165,,KK,Azattyq,https://www.azattyq.org/a/qazir-qum-men-tas-qana-zhatyr-kaspii-tenizinin-tartyluy-turkimenstandagy-zhalgyz-zhagazhai-kurortqa-qalai-aser-etti-/33205200.html,2024-11-17,"""Қазір құм мен тас қана жатыр"" Каспийдің тартылуы Түркіменстандағы жалғыз жағажай курортқа қалай әсер етті?",Түркіменстанның теңіз жағасындағы қымбат курорты жазғы демалысқа қажеттің бәрін ұсынады. Тек теңіз ғана жоқ. Ұзақ жылдардан бері Каспийдің су деңгейі төмендеп келеді. Бұл әлемдегі оқшау мемлекеттің беткеұстар туристік орнын теңізсіз қалдырды. Аваза 2007-2017 жылдары Түркіменстанның өкілетті...,RELEVANT,WATER_CRYO,RELEVANT,WATER_CRYO,,,kk_2,Caspian shrinking hits Turkmen resort
KK-C00321,,KK,Egemen,https://egemen.kz/article/265490-almatyda-ekologiyalyq-taza-otynmen-dguretin-41-dganha-avtobus-dgolgha-shyqty,2021-02-16,Алматыда экологиялық таза отынмен жүретін 41 жаңа автобус жолға шықты,"Бүгін Алматыда экологиялық таза отынмен жүретін 41 жаңа автобус жолға шықты. Бұл туралы қала әкімі Бақытжан Сағынтаев Instagram парақшасында жариялады,",RELEVANT,ENERGY,NOT_RELEVANT,,,1,kk_2,Clean-fuel buses; no climate frame
KK-A00232,,KK,Azattyq,https://www.azattyq.org/a/28127762.html,2016-11-19,"Париж келісімін мақұлдаған ондаған ел ""жасыл энергетикаға"" көшуге ниетті",Климаттың өзгеруі мәселесіне қатысты Мароккода өткен БҰҰ-ның дүниежүзілік конференциясында әлемнің 200-ге жуық елі Париж келісімін жүзеге асырудың іс-қимыл жоспарын жасады деп хабарлайды БҰҰ радиосы. Ондаған ел 2050 жылға қарай жаңғырмалы энергия көзіне толықтай көшуді қамтамасыз ету жұмыстарына...,RELEVANT,POLICY,RELEVANT,POLICY,,,gold,IAA adjudicated gold
KK-C00215,,KK,Egemen,https://egemen.kz/article/335806-ghalymdar-klimattyq-ozgeristerge-alanhdauly,2023-02-20,Ғалымдар климаттық өзгерістерге алаңдаулы,Орегон мемлекеттік университетінің (OSU) ғалымдары жазған жаңа зерттеуінде қауіпті климаттық кері байланыс циклдары туралы мәселе қозғалды. Мақала One,RELEVANT,SCIENCE_GEN,RELEVANT,SCIENCE_GEN,,,kk_1,climate feedback loop research
KK-D00708,,KK,Egemen,https://egemen.kz/article/2402-metan-gazy-qashan-kadege-zharatylady,2010-04-09,МЕТАН ГАЗЫ ҚАШАН КӘДЕГЕ ЖАРАТЫЛАДЫ?,"Сөз басын бұлайша бастауымыздың себебі бар. Бүгінде әлемде 20 елдің осы шикізат түрін электр және жылу қуатын өндіру үшін балама көзге ай­налдырып, оны",RELEVANT,ENERGY,RELEVANT,ENERGY,,1,kk_2,Methane utilization as alternative energy
KK-D02617,,KK,Egemen,https://egemen.kz/article/368673-soltustik-araldy-saqtau-ekinshi-kezenhge-azirlik-dgumysy-dgurip-dgatyr,2024-07-17,«Солтүстік Аралды сақтау»: Екінші кезеңге әзірлік жұмысы жүріп жатыр,Су ресурстары және ирригация министрлігі Дүниежүзілік банкпен бірлесіп Солтүстік Арал теңізін сақтау жөніндегі жобаның,RELEVANT,WATER_CRYO,RELEVANT,WATER_CRYO,,,kk_1,North Aral preservation project
KK-D01898,,KK,Egemen,https://egemen.kz/article/393462-elimizde-agroklimattyq-poligon-qurylady,2025-08-19,Елімізде агроклиматтық полигон құрылады,Парниктік газдардың кесірінен ғаламдық климаттың өзгеруі жер бетіндегі барлық мемлекетте өзекті мәселеге айналып отыр,RELEVANT,AGRI_LAND,RELEVANT,AGRI_LAND,,,kk_1,"agroclimate polygon, climate change"
KK-A00408,,KK,Azattyq,https://www.azattyq.org/a/kazakhstan-mangystau-aktau-the-caspian-sea-is-shallowing/32502016.html,2023-07-14,"""Аралдың кебін киюі мүмкін"". Каспий жағадан ұзап барады","Бес мемлекет суын пайдаланып отырған Каспий теңізінің жағдайы өте күрделі екенін Қазақстан үкіметінің өкілдері растайды. Маңғыстауда жергілікті халық барған сайын жағалаудан ұзай түскен Каспийдің мәселесін дереу шешпесе, ол Арал теңізінің кебін құшуы мүмкін деп алаңдайды.",RELEVANT,WATER_CRYO,RELEVANT,WATER_CRYO,,,kk_1,"Caspian shrinking, may share Aral fate"
KK-D02500,,KK,Egemen,https://egemen.kz/article/173504-aral-tenhizininh-taghdyry-–-alem-nazarynda,2018-08-28,Арал теңізінің тағдыры – әлем назарында,"Бұған дейін Түрікменстанда Ор­та­лық Азия мемлекеттері – Қазақ­стан, Түрікменстан, Өзбекстан, Тәжікстан және Қырғызстан прези­денттерінің қатысуымен",RELEVANT,WATER_CRYO,RELEVANT,WATER_CRYO,,,kk_1,Aral fate in world attention
KK-D00759,,KK,Egemen,https://egemen.kz/article/287472-transshekaralyq-ozenderdi-paydalanu-tasilderin-saralady,2021-09-02,Трансшекаралық өзендерді пайдалану тәсілдерін саралады,"Бүгінде жер шары тұрғындары ауыз су тапшылығының зардабын шегуде. БҰҰ дерегі бойынша, 2000 жылы әлемде ауыл шаруашылығы, өнеркәсіптік қажеттіліктерді",RELEVANT,WATER_CRYO,RELEVANT,WATER_CRYO,,,kk_2,"Transboundary rivers, water scarcity"
KK-A00343,,KK,Azattyq,https://www.azattyq.org/a/1152876.html,2004-05-25,Астанада қоршаған орта және даму жөніндегі Азия-Тынық мұхиты форумының бесінші отырысы өтуде,Мамырдың 25-і күні Астанада тұңғыш рет қоршаған орта және даму жөніндегі Азия- Тынық мұхиты форумының басқосуы өтті. Екі күндік форум барысында Киото хаттамасын және Арал теңізіне қатысты хаттамаларды бекіту мәселесі де талқыланбақ. Аталған форумның төрағасы Жапонияның бұрынғы...,RELEVANT,POLICY,RELEVANT,POLICY,,,kk_1,Kyoto Protocol ratification forum
KK-C01704,,KK,Egemen,https://egemen.kz/article/393646-kurishti-kobeytemiz-dep-araldy-qurghatyp-almaymyz-ba,2025-08-22,«Күрішті көбейтеміз» деп Аралды құрғатып алмаймыз ба?,"Жыл сайын су тапшылығын сезініп, әр көктемде Сырдарияның арнасын бағатын диқандар биыл тығырыққа тіреліп отыр. Әр маусымда күріш көлемін азайтып, егінге",RELEVANT,WATER_CRYO,RELEVANT,WATER_CRYO,,,kk_2,"Rice farming, water scarcity, Aral"
KK-D02012,,KK,Egemen,https://egemen.kz/article/168561-qazaqgeography-tobynynh-aral-tenhizine-ghylymi-tanymdyq-ekspeditsiyasy-bastaldy,2018-05-10,QazaqGeography тобының Арал теңізіне ғылыми-танымдық экспедициясы басталды,Бүгін «Назарбаев университетінің» аумағынан QazaqGeography «Қазақстандық ұлттық географиялық қоғамының» экспедициялық тобы Арал теңізіне кезекті,RELEVANT,WATER_CRYO,NOT_RELEVANT,,,1,kk_2,Aral scientific expedition
KK-D02107,,KK,Egemen,https://egemen.kz/article/377324-aral-taghdyryna-orta-aziya-alanhdap-otyr,2024-11-29,Арал тағдырына Орта Азия алаңдап отыр,Арал теңізінің ахуалы адамзатты алаңдатып отыр. Сондықтан Орталық Азия және Каспий маңы елдері Арал теңізін қорғау бағытында ортақ келісімдер мен шешімдер,RELEVANT,WATER_CRYO,RELEVANT,WATER_CRYO,,,kk_1,Aral fate concern
KK-A00531,,KK,Azattyq,https://www.azattyq.org/a/1854847.html,2009-10-19,Лондонда ауаның ластануына қатысты жиын өтуде,Әлемдегі көміртегі қышқылын ауаға көп шығаратын елдер ғаламдық жылынуға қатысты келіссөздерін Лондонда бастады. Үлкен Экономикалық Форумға мүше 17 елдің өкілдері дамушы елдермен бірге және БҰҰ-ның ресмилерімен кездесуде. Олардың басқосуы БҰҰ-ның климат жөннідегі Копенгаген конференциясына 50...,RELEVANT,POLICY,RELEVANT,POLICY,,,kk_2,"Global warming emissions negotiations, pre-Copenhagen"
KK-D02198,,KK,Egemen,https://egemen.kz/article/166568-syr-onhirinde-aral-tenhizi-kuni-atalyp-otti,2018-03-27,Сыр өңірінде Арал теңізі күні аталып өтті,Қызылорда облысында Халықаралық Аралды Құтқару Қорының 25 жылдығы және Арал теңізінің күніне арналған мерекелік шаралар өтті.,RELEVANT,WATER_CRYO,NOT_RELEVANT,,,,gold,IAA adjudicated gold
KK-A00190,,KK,Azattyq,https://www.azattyq.org/a/kazakhstan-mangystau-aktau-why-is-the-caspian-sea-getting-shallower/32501694.html,2023-07-14,"""Жағалау алыстап барады"". Каспийдің қазіргі күйі қандай?",Каспий теңізінің жағасында өскен жұрт балалық шағын күрсіне еске алады. Олар бір кездері ернеуінен асып жатқан теңіздің жағалауы жыл өткен сайын алыстап бара жатқанын айтады. Жұртты Каспийдің келешегі алаңдатады.,RELEVANT,WATER_CRYO,RELEVANT,WATER_CRYO,,,gold,IAA adjudicated gold
KK-C02114,,KK,Egemen,https://egemen.kz/article/295395-cop26-zhaqandyq-dgylynumen-kures-qarqyn-almaq,2021-11-04,COP26: Жаһандық жылынумен күрес қарқын алмақ,Ұлыбританияда Бірік­кен Ұлттар Ұйымы ұйым­дастырған климат­тың өзгеруі жөніндегі конференция (COP26) өтуде. Бірнеше күнге созылатын жиын барысында,RELEVANT,POLICY,RELEVANT,POLICY,,,kk_2,COP26 climate conference
KK-A00048,,KK,Azattyq,https://www.azattyq.org/a/un_plan_to_combat_central_asian_desertification_falls_short/25019630.html,2013-06-17,БҰҰ-ның шөлейттенуге қарсы бағдарламасы тоқырап тұр,"БҰҰ Орталық Азияның шөлейттенуіне қарсы 10 жылдық бағдарлама жасаған еді. Бірақ бұл жобаның іске асуы қиынға айналып, қазір тоқтап қалуға шақ тұр.",RELEVANT,AGRI_LAND,RELEVANT,AGRI_LAND,,,kk_2,UN anti-desertification program stalled
KK-D01499,,KK,Egemen,https://egemen.kz/article/1767-seldinh-qaupin-seyiltu-sharalary-zhurgizilude,2010-02-26,СЕЛДІҢ ҚАУПІН СЕЙІЛТУ ШАРАЛАРЫ ЖҮРГІЗІЛУДЕ,Қаңтардың соңғы күндеріндегі жаңбыр мен қардың мол түсуі өңірде ылғалдың шамадан тыс жиналуына әкелді. Оған ақпандағы ауа райының күрт жылынуы мен жылы,RELEVANT,DISASTER,NOT_RELEVANT,,,1,kk_1,"operational mudflow prevention, weather"
KK-A00182,,KK,Azattyq,https://www.azattyq.org/a/29892917.html,2019-04-20,Парижде белсенділер ғаламдық жылынуға байланысты акция өткізді,"Париж маңындағы Ла-Дефанс қалашығында Total мұнай компаниясының штаб-пәтері және Société Générale банкі ғимаратының алдында белсенділер акция өткізіп, экология министрлігі ғимаратының жолын жапты. Белсенділер билікті ғаламдық жылыну мәселесіне назар аудартуға тырысты. Акцияны...",RELEVANT,OTHER_CLIMATE,RELEVANT,HEALTH_SOCIETY,,,kk_2,Paris global warming activist action
KK-C01557,,KK,Egemen,https://egemen.kz/article/262626-zhayyq-ozenininh-ekologiyalyq-akhualy-kurt-nasharlap-barady-prezident,2021-01-26,Жайық өзенінің экологиялық ахуалы күрт нашарлап барады - Президент,"Бұл туралы Мемлекет басшысы Қасым-Жомарт Тоқаев Үкіметтің кеңейтілген отырысында айтты, - деп хабарлайды Egemen.kz",RELEVANT,WATER_CRYO,RELEVANT,WATER_CRYO,,1,kk_2,Ural river ecological situation worsening
KK-A00186,,KK,Azattyq,https://www.azattyq.org/a/28330553.html,2017-02-24,WSJ: Трампты қызы климат жайлы келісімнен шықпауға көндірді,"АҚШ президенті Дональд Трамптың кеңесшісі әрі күйеу баласы Джаред Кушнер мен оның әйелі, Трамптың қызы Иванка Трамп Ақ үй басшысын климат жөніндегі Париж келісімінен шықпауға көндірген. Бұл туралы жұма күні Wall Street Journal басылымы ақпарат көздеріне сілтеме жасап хабарлады. Басылымға...",RELEVANT,POLICY,RELEVANT,POLICY,,,kk_1,Trump kept in Paris agreement
KK-A00608,,KK,Azattyq,https://www.azattyq.org/a/aral_sea_kyzylorda_refion/28078546.html,2016-10-27,Аралдың бүгінгі тынысы,Қызылорда облысы Арал ауданына Азаттық тілшісі сапар барысында түсірген фотосуреттерден фотогалерея.,RELEVANT,WATER_CRYO,NOT_RELEVANT,,,,gold,IAA adjudicated gold
KK-A00095,,KK,Azattyq,https://www.azattyq.org/a/2129304.html,2010-08-17,Қазақстан 8 миллион тонна астығын экспортқа шығармақшы,Қазақстан президенті әкімшілігінің ауылшаруашылығы жөніндегі өкілі Евгений Аман елде халыққа қажетті астық жетіп артылады және 8 миллион тонна экспортқа шығады деп мәлімдеді. Бұл хабарлама осы жылы Ресейдің құрғақшылық пен алапат өрттерінен астығы азайып отыр деген халықаралық алаңдаушылықты...,RELEVANT,AGRI_LAND,NOT_RELEVANT,,,1,kk_2,"Kazakh grain export; trade, no impact frame"
KK-D01278,,KK,Egemen,https://egemen.kz/article/374662-aral-tenhizine-200-mln-tekshe-metr-su-dgiberildi,2024-10-21,Арал теңізіне 200 млн текше метр су жіберілді,Бұл туралы тиісті министрліктен мәлім болды,RELEVANT,WATER_CRYO,RELEVANT,WATER_CRYO,,,kk_1,water sent to Aral
KK-D01419,,KK,Egemen,https://egemen.kz/article/3559-“kishi-aral”-qashan-kush-alar,2010-06-11,“КІШІ АРАЛ” ҚАШАН КҮШ АЛАР?,"Әріге ой жүгіртсек ақ бас тол­қындары жарыса жүйткіп, жағаны ұрғылап жататын Арал теңізінің кешегі келбеті көз алдымызда көл­беңдей тұра қалады. Сонау",RELEVANT,WATER_CRYO,RELEVANT,WATER_CRYO,,,kk_1,North Aral recovery question
KK-A00387,,KK,Azattyq,https://www.azattyq.org/a/32404651.html,2023-05-10,"Тағам қалдығын тыңайтқышқа айналдыратын ""асылтұқымды"" шыбындар","Қазақстанда тағам қалдығы көп жағдайда қоқысқа төгіледі, одан әрі полигонға жол тартады. Мұндай қалдық дұрыс шірімесе, метан бөледі. Осылайша ғаламдық жылыну процесін жылдамдатуға ықпал етеді.",RELEVANT,ENERGY,RELEVANT,OTHER_CLIMATE,,1,kk_1,"food-waste methane, warming mitigation"
KK-A00605,,KK,Azattyq,https://www.azattyq.org/a/24418352.html,2011-12-11,Киото хаттамасын алмастыратын құжат дайындалады,Оңтүстік Африкада климаттың өзгеруі мәселелері бойынша өтіп жатқан халықаралық конференцияда 194 елдің өкілдері ауаны ластайтын газ мөлшеріне бақылау жасайтын әлемдік жаңа келісім түзу келіссөздерін бастаймыз деп мәмлелесті.Жаңа келісім 2020 жылы күшіне енеді және ол барлық мемлекеттер үшін...,RELEVANT,POLICY,RELEVANT,POLICY,,,kk_1,Durban deal to replace Kyoto
KK-00003,,KK,Egemen,https://egemen.kz/article/414506-zhasandy-dganhbyr-klimatqa-aser-ete-me-qazgidromet-dgauap-berdi,2026-06-10,Жасанды жаңбыр климатқа әсер ете ме? «Қазгидромет» жауап берді,«Қазгидромет» мамандары жауын-шашын мөлшерін жасанды түрде арттыру технологиясының қалай жұмыс істейтінін және оның қандай мақсатта қолданылатынын түсіндірді…,RELEVANT,SCIENCE_GEN,RELEVANT,SCIENCE_GEN,,1,kk_1,cloud seeding climate explainer
KK-D03525,,KK,Egemen,https://egemen.kz/article/356500-aralgha-–-alemdik-kozqaras,2024-01-21,Аралға – әлемдік көзқарас,"Президент Қасым-Жомарт Тоқаев «Egemen Qazaqstan» газетіне берген сұх­батында еліміздің бірнеше беделді халық­аралық ұйымға, оның ішінде Аралды құтқару",RELEVANT,WATER_CRYO,RELEVANT,WATER_CRYO,,,kk_1,Aral rescue interview
KK-D00466,,KK,Egemen,https://egemen.kz/article/281105-deputattar-balqashtynh-ekologiyalyq-maselesin-talqylady,2021-07-09,Депутаттар Балқаштың экологиялық мәселесін талқылады,"Мәжіліс депутаттары, Қазақстан Халық партиясы парламенттік фракциясының мүшелері Айжан Скакова мен Ерлан Смайлов Балқашта өткен кездесулерде экология,",RELEVANT,WATER_CRYO,RELEVANT,WATER_CRYO,,1,kk_2,Deputies discuss Balkhash ecological problem
KK-D00823,,KK,Egemen,https://egemen.kz/article/172161-kishi-aral-–-umitti-ertenhge-dgalghaghan-tenhiz,2018-07-25,Кіші Арал – үмітті ертеңге жалғаған теңіз,Бір көргенде Арал­дай най­қалған теңізі бар­ Қы­зылорда облы­сы судан тапшылық болмайтындай көрінеді. Мұндағы жағ­­­дайды көзімен көрмеген жұрт солай,RELEVANT,WATER_CRYO,RELEVANT,WATER_CRYO,,,kk_1,North Aral water situation
KK-D03394,,KK,Egemen,https://egemen.kz/article/299782-nazarda-–-syr-men-araldynh-ekodguyesi,2021-12-24,Назарда – Сыр мен Аралдың экожүйесі,"Жуырда Түркістан қаласында Қазақстан мен Өзбекстанның Өңіраралық ынтымақ­тастығының III форумы аясында Экология, геология және табиғи ресурстар",RELEVANT,WATER_CRYO,RELEVANT,WATER_CRYO,,,gold,IAA adjudicated gold
KK-C00299,,KK,Egemen,https://egemen.kz/article/272658-ekologiya-ministri-qambash-koli-men-kokaral-bogetininh-dgaghdayymen-tanysty,2021-04-24,Экология министрі Қамбаш көлі мен Көкарал бөгетінің жағдайымен танысты,"ҚР Экология, геология және табиғи ресурстар министрі Мағзұм Мырзағалиев Қызылорда облысына жұмыс сапары барысында Қамбаш көлі мен Көкарал бөгетінің",RELEVANT,WATER_CRYO,RELEVANT,WATER_CRYO,,,kk_1,"Kokaral dam, North Aral inspection"
KK-D01311,,KK,Egemen,https://egemen.kz/article/272664-qazaqstanda-aral-tenhizininh-qurghaghan-tabanynda-sekseuil-egu-baghdarlamasy-qab,2021-04-24,Қазақстанда Арал теңізінің құрғаған табанында сексеуіл егу бағдарламасы қабылданады,"ҚР Экология, геология және табиғи ресурстар министрі Қызылорда облысына жұмыс сапары кезінде Арал теңізінің құрғаған табанындағы фитоорманмелиорациялық",RELEVANT,WATER_CRYO,RELEVANT,AGRI_LAND,,1,kk_2,Saxaul planting on dried Aral bed
KK-D00066,,KK,Egemen,https://egemen.kz/article/387465-soltustik-araldy-saqtaudynh-ekinshi-kezenhi-bastaldy,2025-05-16,Солтүстік Аралды сақтаудың екінші кезеңі басталды,Қызылорда облысындағы Көкарал бөгетінде Су ресурстары және ирригация министрі Нұржан Нұржігітов,RELEVANT,WATER_CRYO,RELEVANT,WATER_CRYO,,,kk_1,North Aral preservation phase
KK-A00491,,KK,Azattyq,https://www.azattyq.org/a/1157114.html,2005-02-16,Мэлс Елеусізов: «Қазақстан Киото хаттамасына қосылуға асығар емес»,Ақпанның 16-сы күні әлемнің 141 елінде Киото хаттамасы күшіне енді. Ауаға шығарылатын зиянды газдарды шектеу арқылы ғаламдық жылынудың алдын алуға бағытталған бұл хаттамаға Қазақстан әзір қосылмай отыр.,RELEVANT,POLICY,RELEVANT,POLICY,,,kk_2,Kazakhstan hesitant on Kyoto Protocol
KK-C00257,,KK,Egemen,https://egemen.kz/article/277496-buu-aral-tenhizin-baqylauyna-aldy,2021-06-07,БҰҰ Арал теңізін бақылауына алды,"2030 жылға дейін Арал теңізі Біріккен Ұлттар Ұйымының жіті бақылауында болады, деп хабарлайды Egemen.kz.",RELEVANT,WATER_CRYO,RELEVANT,WATER_CRYO,,,kk_1,UN monitors Aral Sea
KK-A00293,,KK,Azattyq,https://www.azattyq.org/a/ortalyq-asia-qurgaqshylyq/31387842.html,2021-08-01,Орталық Азияда құрғақшылықтың беті қайтпай тұр,"Орталық Азияда күн қатты ысып, ауа температурасы көптеген жылдың рекордын жаңартты. Биыл өңірде жаңбыр жаумаған, су деңгейі де төмендеп кеткен. Қуаңшылық кесірінен экономикалық проблема туындады. Өңірдегі құрғақшылық зардабы шаруалар мен малшыларға ғана емес, қарапайым адамдарға да тиіп жатыр.",RELEVANT,AGRI_LAND,RELEVANT,DISASTER,,,kk_2,Central Asia record drought continues
KK-A00294,,KK,Azattyq,https://www.azattyq.org/a/1178209.html,2008-02-01,Қызылорда қаласының тұрғыны Нартай Мағауияұлы сол аймақтағы экология жағдайы туралы,"- Біздегі экологиялық жағдайды айтқанда, Арал теңізінің тартылуы салдарынан келіп жатқан зардаптар, оның адамдардың денсаулығына әсері алдымен ойға келеді. Барлық трагедиялық жағдайлар, шыны керек, көз алдымызда өтіп жатыр. Қызылорда облысында кез-келген адамның денесінде, ағзасында осы...",RELEVANT,WATER_CRYO,RELEVANT,HEALTH_SOCIETY,,1,kk_2,Aral drying health impacts on residents
KK-D00350,,KK,Egemen,https://egemen.kz/article/410010-khalyqaralyq-araldy-qutqaru-qorynynh-basqarma-mushelerimen-kezdesti,2026-03-31,Халықаралық Аралды құтқару қорының басқарма мүшелерімен кездесті,Премьер-министр Олжас Бектенов Халықаралық Аралды құтқару қоры­ның(ХАҚҚ) басқарма мүшелерімен кездесу өт­кізді. Сондай-ақ еліміз атал­ған қорға төрағалық,RELEVANT,WATER_CRYO,RELEVANT,WATER_CRYO,,,kk_2,Met with IFAS board members
KK-A00588,,KK,Azattyq,https://www.azattyq.org/a/world_pynk_floyd_new_clip_about_aral_sea/26688059.html,2014-11-12,Pink Floyd Аралды келер ұрпаққа аманаттайды,Ұлыбританиялық Pink Floyd рок-тобы Арал қаласында жаңа ән клипін түсірді. Режиссер «бұл видео арқылы экологиялық апаттың жергілікті халыққа зардабын көрсеткім келді» дейді.,RELEVANT,WATER_CRYO,RELEVANT,WATER_CRYO,,1,kk_1,Pink Floyd depicts Aral disaster
KK-D02770,,KK,Egemen,https://egemen.kz/article/411554-araldy-qutqaru-qory-qatysushylary-aqordagha-keldi,2026-04-22,Аралды құтқару қоры қатысушылары Ақордаға келді,"Халықаралық Аралды құтқару қоры құрылтайшы мемлекеттер басшылары кеңесінің отырысына қатысушылар Ақорда резиденциясына келді, деп хабарлайды Egemen.kz.",RELEVANT,WATER_CRYO,RELEVANT,WATER_CRYO,,1,kk_1,Aral fund summit participants
KK-A00106,,KK,Azattyq,https://www.azattyq.org/a/1154374.html,2004-09-02,"БҰҰ-ы соңғы алты жыл бойғы құрғақшылық салдарларын жою үшін Ауғанстанға 71,3 миллион доллар қаражат керек деп мәлімдеді",Ауғанстан мен БҰҰ-ң бірлесіп жариялаған баспасөз-хабарламасында ауған тұрғындарының 37 проценті су тапшылығынан қарындары тойып тамақтанбайды деп атап көрсетілген. Сондай-ақ өткен жылы елдің оңтүстігі мен шығысында астық бағасы екі есе көтеріліп кеткендігі айтылған. БҰҰ-ң өкілі шамамен...,RELEVANT,AGRI_LAND,NOT_RELEVANT,,,,gold,IAA adjudicated gold
KK-D00809,,KK,Egemen,https://egemen.kz/article/293355-syrdariya-sarqylyp-barady-ekologiya-ministrligi-tusinikteme-berdi,2021-10-19,Сырдария сарқылып барады. Экология министрлігі түсініктеме берді,"Экология, геология және табиғи ресурстар министрлігінің баспасөз қызметі Сырдария өзені бассейніндегі су шарушылығы жағдайына қатысты мәлімдеме жасады,",RELEVANT,WATER_CRYO,RELEVANT,WATER_CRYO,,,gold,IAA adjudicated gold
KK-D00901,,KK,Egemen,https://egemen.kz/article/353849-2026-dgyly-qazaqstanda-onhirlik-klimattyq-sammit-otedi,2023-12-01,2026 жылы Қазақстанда Өңірлік климаттық саммит өтеді,"БҰҰ аясында 2026 жылы Қазақстанда Өңірлік климаттық саммит өтеді. Бұл туралы Президент Қасым-Жомарт Тоқаев Климат жөніндегі дүниежүзілік саммитте айтты,",RELEVANT,POLICY,RELEVANT,POLICY,,,kk_1,regional climate summit
KK-D02875,,KK,Egemen,https://egemen.kz/article/263691-ekologiya-ministri-su-tapshylyghy-bolatynyn-aytty,2021-02-02,Экология министрі су тапшылығы болатынын айтты,"Қасым-Жомарт Тоқаевқа Экология, геология және табиғи ресурстар министрлігінің өткен жылғы жұмысының негізгі нәтижелері, сондай-ақ, алдағы уақыттағы",RELEVANT,WATER_CRYO,RELEVANT,WATER_CRYO,,,kk_2,Minister warns of water scarcity
KK-D00039,,KK,Egemen,https://egemen.kz/article/411532-astanada-khalyqaralyq-su-uyymyn-quru-boyynsha-konsultatsiyalardynh-birinshi-keze,2026-04-22,Астанада Халықаралық су ұйымын құру бойынша консультациялардың бірінші кезеңі өтеді,Өңірлік экологиялық саммитте Президент Қасым-Жомарт Тоқаев Халықаралық су ұйымын құру жөніндегі халықаралық консультациялардың бірінші кезеңі өтетініне…,RELEVANT,POLICY,RELEVANT,WATER_CRYO,,,kk_2,International water organization consultations
KK-C00463,,KK,Egemen,https://egemen.kz/article/257294-qazaqstan-memleketaralyq-su-sharuashylyghyn-uylestiru-komissiyasynynh-79-shy-oty,2020-11-27,Қазақстан Мемлекетаралық су шаруашылығын үйлестіру комиссиясының 79-шы отырысына қатысты,Бейнеконференция форматында Мемлекетаралық су шаруашылығы үйлестіру комиссиясының (МҮСК) кезекті 79-шы отырысы өтті. Бұл туралы Экология министрлігі,RELEVANT,WATER_CRYO,RELEVANT,WATER_CRYO,,,kk_2,Interstate water management commission
KK-C00192,,KK,Egemen,https://egemen.kz/article/263605-ekologiya-ministrligi-zhasyl-qazaqstan-dgane-su-resurstaryn-basqaru-dgonindegi-u,2021-02-02,Экология министрлігі «Жасыл Қазақстан» және су ресурстарын басқару жөніндегі ұлттық жобаларды әзірлейді,"ҚР Экология, геология және табиғи ресурстар министрлігі «Жасыл Қазақстан» және су ресурстарын басқару бойынша екі ұлттық жоба әзірлеуде. Бұл туралы бүгін",RELEVANT,POLICY,RELEVANT,WATER_CRYO,,1,kk_2,"Water management national project, greening"
KK-D00844,,KK,Egemen,https://egemen.kz/article/106959-tabighi-apat-–-klimattyq-ozgeris-saldary,2016-10-25,Табиғи апат – климаттық өзгеріс салдары,Жыл сайын қазан айында бүкіл әлем бойынша аталып өтілетін Халықаралық табиғи апаттар қаупін азайту күніне байланыс­ты Алматыда үлкен жиын өтті. Айта,RELEVANT,DISASTER,RELEVANT,DISASTER,,,gold,IAA adjudicated gold
KK-C00347,,KK,Egemen,https://egemen.kz/article/243553-taekvondodan-khalyqaralyq-malaysia-open-dodasy-otkizilmeytin-boldy,2020-07-27,Таеквондодан халықаралық Malaysia Open додасы өткізілмейтін болды,Бүкіләлемдік таеквондо федерациясы жарыс күнтізбесіне тағы да өзгерістер енгізді. Бұл туралы Egemen.kz Olympic.kz баспасөз қызметіне сілтеме,RELEVANT,WATER_CRYO,NOT_RELEVANT,,,,kk_2,
KK-D02277,,KK,Egemen,https://egemen.kz/article/168590-aral-tenhizine-qaray-ghylymi-tanymdyq-ekspeditsiya-dgolgha-shyqty,2018-05-11,Арал теңізіне қарай ғылыми-танымдық экспедиция жолға шықты,Кеше Арал теңізіне қарай QazaqGeography ғылыми-танымдық экспедициясы жолға шықты.,RELEVANT,WATER_CRYO,NOT_RELEVANT,,,1,kk_1,"Aral expedition, no scarcity frame"
KK-D02468,,KK,Egemen,https://egemen.kz/article/235181-ministr-kishi-araldaghy-ekologiyanynh-dgaqsarghanyn-aytty,2020-05-15,Министр Кіші Аралдағы экологияның жақсарғанын айтты,"Экология, геология жəне табиғи ресурстар министрі Мағзұм Мырзағалиев Қазақстанның оңтүстік өңірлеріне жұмыс сапары кезінде Қызылорда облысына барып, өңір",RELEVANT,WATER_CRYO,RELEVANT,WATER_CRYO,,,kk_2,Small Aral ecology improved
KK-C01882,,KK,Egemen,https://egemen.kz/article/390289-qyzylordada-kokaral-bogeti-qalpyna-keltirilip-dgatyr,2025-06-26,Қызылордада «Көкарал» бөгеті қалпына келтіріліп жатыр,Су ресурстары және ирригация министрі Нұржан Нұржігітов пен облыс әкімінің орынбасары Бақыт Жаханов Арал ауданындағы «Көкарал» бөгетін қалпына келтіру,RELEVANT,WATER_CRYO,RELEVANT,WATER_CRYO,,,kk_2,"Kokaral dam restoration, North Aral"
KK-00203,,KK,Egemen,https://egemen.kz/article/416224-zhambyl-oblysynda-ortalyq-aziyadaghy-enh-iri-dgel-elektr-stantsiyasynynh-qurylys,2026-07-01,Жамбыл облысында Орталық Азиядағы ең ірі жел электр станциясының құрылысы басталды,29 маусымда Сарысу ауданында қуаттылығы 1 ГВт болатын жел электр станциясының құрылысына арналған капсула салу,RELEVANT,ENERGY,RELEVANT,ENERGY,,,gold,IAA adjudicated gold
KK-C00555,,KK,Egemen,https://egemen.kz/article/295303-qoghamdyq-kolikter-ekologiyalyq-taza-dganarmaygha-auysady,2021-11-04,Қоғамдық көліктер экологиялық таза жанармайға ауысады,"ҚР Индустрия және инфрақұрылымдық даму бірінші вице-министрі Қайырбек Өскенбаевтың айтуынша, 2030 жылға дейін қаладағы қоғамдық көліктер экологиялық таза",RELEVANT,ENERGY,RELEVANT,ENERGY,,1,kk_1,public transport clean fuel transition
KK-C00883,,KK,Egemen,https://egemen.kz/article/280095-aral-tenhizin-qutqaru-baghdarlamasy-bekitildi,2021-06-30,Арал теңізін құтқару бағдарламасы бекітілді,"Арал теңізі бассейіні елдеріне көмек көрсететін іс-қимыл бағдарламасы бекітілді, деп хабарлайды Egemen.kz.",RELEVANT,WATER_CRYO,RELEVANT,WATER_CRYO,,,kk_2,Aral Sea saving program approved
KK-D02018,,KK,Egemen,https://egemen.kz/article/343755-onerkasip-pen-ekologiya-qalay-uylesedi,2023-06-08,Өнеркәсіп пен экология қалай үйлеседі?,2031 жылға дейін «ҚазМұнайГаз» ұлттық компаниясының Атырау облысындағы еншілес кәсіпорындарында көмірқышқыл газы шығарындысы шамамен 400 мың тоннаға,RELEVANT,ENERGY,RELEVANT,ENERGY,,,kk_1,CO2 emissions reduction plan
KK-A00313,,KK,Azattyq,https://www.azattyq.org/a/iran_problem_of_water/25391279.html,2014-05-20,Иранның су қоры азайып барады,Жаздың ыстығы таяған сайын Иран билігі Тегеран мен басқа да ірі қалаларда су тапшылығы бастала ма деп алаңдап отыр. Иранның су қоры жылма-жыл азайып барады.,RELEVANT,WATER_CRYO,RELEVANT,WATER_CRYO,,,kk_1,Iran water reserves shrinking
KK-A00203,,KK,Azattyq,https://www.azattyq.org/a/1157554.html,2005-03-14,Д.Морган: “Гималайдағы мәңгілік мұздың тез еруі Батыс Қытай мен Непалды және Үндістанның солтүстігін экономикалық және экологиялық зор апатқа ұрындырады.,"ЖЕНЕВА. Швейцарияда орналасқан табиғатты қорғау бойынша Халықаралық қордың бүгін (дүйсенбі күні) жариялаған есебіне сәйкес, ғаламдық ауа райының жылуы нәтижесінде Азия тауларындағы мәңгілік мұз қатпарының еріп жұқаруы жеделдеп, қазір жұқаруы жылына 10-15 метрге жеткен. Аталмыш қордың өкілі...",RELEVANT,WATER_CRYO,RELEVANT,WATER_CRYO,,,kk_1,Himalayan glacier melting from warming
KK-C00332,,KK,Egemen,https://egemen.kz/article/412011-aumaghy-million-gektardan-asatyn-aral-ormany-rezervaty-qurylady,2026-04-30,Аумағы миллион гектардан асатын «Арал орманы» резерваты құрылады,Қызылорда облысында еліміздегі ең ірі қорғалатын аумақтардың бірі – Арал орманы мемлекеттік табиғи резерваты құрылуы,RELEVANT,WATER_CRYO,RELEVANT,WATER_CRYO,,1,kk_2,"Aral Forest reserve, dried seabed afforestation"
KK-A00378,,KK,Azattyq,https://www.azattyq.org/a/29451313.html,2018-08-24,Назарбаев Орталық Азия су-энергетикалық консорциумын құруды ұсынды,"Түркіменстанда Арал теңізін құтқару жөніндегі халықаралық қор құрушы елдер басшыларының кезекті саммиті өтті. Қазақстан президенті баспасөз қызметінің хабарлауынша, Қазақстан, Қырғызстан, Тәжікстан, Түркіменстан және Өзбекстан басшылары саммит аясында жеке және кеңейтілген құрамда кездесті....",RELEVANT,WATER_CRYO,RELEVANT,WATER_CRYO,,,kk_1,"Central Asia water-energy consortium, Aral"
KK-D01461,,KK,Egemen,https://egemen.kz/article/188374-qazaqstan-qytay-sel-ustaytyn-bogetininh-qurylysyn-bastau-rasimi-otti,2019-04-18,Қазақстан-Қытай сел ұстайтын бөгетінің құрылысын бастау рәсімі өтті,Алматы облысының Панфилов ауданында Қытай Халық Республикасы делегациясының қатысуымен Қорғас өзенінде «Шұқырбұлақ» (Алмалы) бірлескен Қазақстан-Қытай сел,RELEVANT,DISASTER,NOT_RELEVANT,,,1,kk_2,Mudflow-barrier dam construction ceremony
KK-A00129,,KK,Azattyq,https://www.azattyq.org/a/33199289.html,2024-11-12,"Бакудегі климат саммиті: Тоқаев АЭС салу, Каспийге төнген қауіп, су тасқыны жайлы айтты","Қазақстан президенті Қасым-Жомарт Тоқаев Әзербайжанда өтіп жатқан БҰҰ-ның климат жөніндегі конференциясында сөз сөйлеп, елде атом электр станциясын салу, ауыл шаруашылығын дамыту және су тасқыны жайлы айтты. Биыл қазанда өткен референдумда халықтың басым бөлігі елде атом электр станциясын...",RELEVANT,POLICY,RELEVANT,POLICY,,,kk_2,COP29 Baku; Tokayev speech
KK-A00410,,KK,Azattyq,https://www.azattyq.org/a/kazakhstan_aral_sea_aral_city/25112572.html,2013-09-20,«Қалаға жақындаған – Кіші Арал теңізі»,Қызылорда облысының әкімі Арал теңізінің суы қайта молая бастағанын мәлімдеді. Су ресурстары комитетінің бас сарапшысы Азаттыққа берген сұхбатында суы көбейген теңіздің солтүстік бөлігі ғана екенін айтады.,RELEVANT,WATER_CRYO,RELEVANT,WATER_CRYO,,,kk_1,North Aral water recovering
KK-A00526,,KK,Azattyq,https://www.azattyq.org/a/28511849.html,2017-05-27,"""Үлкен жетілік"" елдері ғаламдық климатқа қатысты келісімге келе алмады","Италияда ""Үлкен жетілік"" саммитіне қатысушылар ғаламдық жылымыққа қарсы күрес мәселесі бойынша мәмілеге келе алмады. Қорытынды коммюникеде АҚШ-тың ғаламдық жылымық салдарын еңсеру туралы мәселе бойынша әлі шешім қабылдамағаны айтылған. Өнеркәсібі дамыған өзге алты елдің жетекшілері ғаламдық...",RELEVANT,POLICY,RELEVANT,POLICY,,,kk_1,G7 no climate agreement
KK-C01530,,KK,Egemen,https://egemen.kz/article/238911-aral-tenhizininh-qurghap-qalghan-tabanyna-5-mln-sekseuil-kosheti-otyrghyzyldy,2020-06-11,Арал теңізінің құрғап қалған табанына 5 млн сексеуіл көшеті отырғызылды,"2018 жылдан бері Орман шаруашылығы және жануардар дүниесі комитеті, Корея Республикасының Корея орман қызметі мен Қазақстанның биоәртүрлілігін сақтау қоры",RELEVANT,WATER_CRYO,RELEVANT,WATER_CRYO,,,gold,IAA adjudicated gold
KK-C01046,,KK,Egemen,https://egemen.kz/article/391372-soltustik-aral-tolysady,2025-07-15,Солтүстік Арал толысады,"Су мәселесі бойынша халық­аралық ынтымақтастық күшейіп келе­ді. Үкіметтің көрші елдермен жүр­гізген келіс­сөздері оң нәти­же беріп, биыл Солтүстік Арал­ға",RELEVANT,WATER_CRYO,RELEVANT,WATER_CRYO,,,kk_2,North Aral fills up
KK-A00349,,KK,Azattyq,https://www.azattyq.org/a/24513581.html,2012-03-13,БҰҰ: Суды үнемдеп пайдалану керек,"БҰҰ дүйсенбіде жариялаған баяндамасында ""әлемдегі су тапшылығын азайту үшін су көздерін тиімді пайдаланудың мүлдем жаңа әдісін енгізу қажет"" деп мәлімдеді. Баяндамада 2050 жылға қарай әлемде азық-түлікке деген сұраныс 70 пайызға дейін өсетіні айтылған. Ал ауыл шаруашылығындағы суға деген...",RELEVANT,WATER_CRYO,RELEVANT,WATER_CRYO,,,gold,IAA adjudicated gold
KK-A00424,,KK,Azattyq,https://www.azattyq.org/a/24271172.html,2011-07-20,БҰҰ: Оңтүстік Сомалидің екі аймағын ашаршылық жайлаған,"БҰҰ Сомалидің оңтүстігінде көтерілісшілер бақылауында отырған екі аймақты аштық жайлады деп жариялады. Бұл өңір жарты ғасырдан аса уақыт ең қиын құрғақшылықпен қатар қарулы қақтығыс және кедейлік тауқыметін тартып отыр. БҰҰ-ның дерегіне қарағанда, қазір Сомалидің оңтүстігінде 3,7 миллион...",RELEVANT,DISASTER,RELEVANT,AGRI_LAND,,,kk_1,drought famine Somalia
KK-C01462,,KK,Egemen,https://egemen.kz/article/408822-kokaral-bogeti-dganhghyrtylady-soltustik-araldy-saqtaudynh-dganha-kezenhi-bastal,2026-03-13,Көкарал бөгеті жаңғыртылады: Солтүстік Аралды сақтаудың жаңа кезеңі басталмақ,Су ресурстары және ирригация министрлігі Дүниежүзілік банкпен бірлесіп Солтүстік Арал теңізін сақтау жобасының екінші кезеңін әзірледі. Жоба Көкарал,RELEVANT,WATER_CRYO,RELEVANT,WATER_CRYO,,,gold,IAA adjudicated gold
KK-A00556,,KK,Azattyq,https://www.azattyq.org/a/1908128.html,2009-12-19,Копенгаген саммитінің қорытындысына бірқатар экологтар наразылық танытты,"БҰҰ-ның Дания астанасындағы ғаламдық жылынуға арналған конференциясында мақұлданған климаттың өзгеруіне қарсы күрес келісіміне бірқатар экологиялық ұйымдар мен бірнеше дамушы елдер қарсылық танытты. Қабылданған құжатқа қарсы шыққан Венесуэла, Боливия, Куба және Тынық мұхитындағы кішкентай...",RELEVANT,POLICY,RELEVANT,POLICY,,,gold,IAA adjudicated gold
KK-A00604,,KK,Azattyq,https://www.azattyq.org/a/33089775.html,2024-08-23,"Токиода климаттың өзгеруіне байланысты храмға барып, дұға жасаушылар көбейген","Токиода климаттың өзгеруіне байланысты Кисе Дзиндзя ғибадатханасына барушылар саны көбейген. Бұл жөнінде The Guardian басылымы жазды. Храмның священнигі, метеоролог Дайсин Контанидің сөзінше, климат дағдарысына алаңдаушылар мен тұрақты ауа райын тілейтін халық саны кейінгі екі-үш жылда артқан....",RELEVANT,HEALTH_SOCIETY,RELEVANT,HEALTH_SOCIETY,,1,kk_1,"climate anxiety, temple prayers"
KK-D02850,,KK,Egemen,https://egemen.kz/article/381618-soltustik-aral-dgandandy,2025-02-12,Солтүстік Арал жанданды,Солтүстік Арал теңізіне 1 млрд текше метр су жіберілді. Бұл жоспарланған көлемнен 100 млн текше метрге артық. Теңіздегі мұндай жұмыстар өткен жылдың қазан,RELEVANT,WATER_CRYO,RELEVANT,WATER_CRYO,,,kk_2,"North Aral revived, water delivered"
KK-C02118,,KK,Egemen,https://egemen.kz/article/272702-klimat-sammitinde-ne-talqylandy,2021-04-25,Климат саммитінде не талқыланды?,"Өткен аптада жаһандық жылынуға қатысты саммит өтіп, оған әлемнің бір­қатар елінің басшылары қатысты.",RELEVANT,POLICY,RELEVANT,POLICY,,,kk_1,global warming summit recap
KK-C00431,,KK,Egemen,https://egemen.kz/article/367084-aral-tenhizinde-su-kolemi-ulghaydy,2024-06-24,Арал теңізінде су көлемі ұлғайды,"Жыл басынан бері Солтүстік Арал теңізіне 1,1 млрд текше метр су келіп, ондағы су көлемі 21,4 млрд текше метрге жетті",RELEVANT,WATER_CRYO,RELEVANT,WATER_CRYO,,,kk_2,Aral Sea water volume increased
KK-D00593,,KK,Egemen,https://egemen.kz/article/172866-araldy-qutqaru-–-alemdi-qutqarumen-para-par,2018-08-15,Аралды құтқару – әлемді құтқарумен пара-пар,Аралдың экологиялық проблемасына әлем жұрты алаңдайды.,RELEVANT,WATER_CRYO,RELEVANT,WATER_CRYO,,,kk_1,saving Aral ecological disaster
KK-00253,,KK,Egemen,https://egemen.kz/article/411543-qasym-zhomart-toqaev-biz-ushin-ekologiyalyq-qauipsizdik-uzaqmerzimdi-damu-strate,2026-04-22,Қасым-Жомарт Тоқаев: Біз үшін экологиялық қауіпсіздік ұзақмерзімді даму стратегиясының арқауы,"Мемлекет басшысы Қасым-Жомарт Тоқаев «Тұрақты болашақ – ортақ көзқарас» Өңірлік экологиялық саммитінде сөз сөйледі, деп хабарлайды Egemen.kz.",RELEVANT,POLICY,RELEVANT,POLICY,,1,kk_2,"Ecological security, regional summit"
KK-A00288,,KK,Azattyq,https://www.azattyq.org/a/1157122.html,2005-02-16,Бұдан 8 жыл бұрын Жапонияда мақұлданған ғаламдық жылыну процессіне байланысты зияндық қалдық газдарды ауаға шығаруды шектеуге бағытталған Киото хаттамасы бүгін күшіне енді,"Бұл міндетті заңдық келісімді Ресей және басқа да 30 ірі индустриялы ел бар, әлемнің 141 мемлекеті раттификациялаған болатын. Келісімге сәйкес, индустриялы елдердің зиянды қалдықтарды шығаруды 1990 жылмен салыстырғанда 2012 жылға қарай 5.2 процентке қысқартуы талап етіледі. Аталған газдың...",RELEVANT,POLICY,RELEVANT,POLICY,,,kk_2,Kyoto Protocol enters into force
KK-A00290,,KK,Azattyq,https://www.azattyq.org/a/Kazakhstan_agro_grain_yield_drought_farmers/2137135.html,2010-08-25,Құрғақшылықтан биыл да зардап шеккен қазақ диқандары үкіметтен жәрдем күтеді,Қазақстанда соңғы екі жыл қатарынан құрғақшылық болуы егінмен айналысатын шаруаларды әбден күйзелтіп жіберді. Биылғы аптапта астығын күйдіріп алған фермерлер үкіметтен көмек күтіп отыр.,RELEVANT,AGRI_LAND,RELEVANT,AGRI_LAND,,,kk_1,drought hits Kazakh farmers
KK-C01516,,KK,Egemen,https://egemen.kz/article/315768-prezident-peterburgtegi-khalyqaralyq-forumda-zhayyqtynh-maselesin-koterdi,2022-06-17,Президент Петербургтегі халықаралық форумда Жайықтың мәселесін көтерді,"Мемлекет басшысы Қасым-Жомарт Тоқаев ЕАЭО елдерінің экологиялық мәселелерін бірлесіп шешуді ұсынды, деп хабарлайды Egemen.kz.",RELEVANT,WATER_CRYO,RELEVANT,WATER_CRYO,,,kk_2,President raises Ural/Zhaiyk river issue
KK-D00259,,KK,Egemen,https://egemen.kz/article/326288-eqyu-parlamenttik-assambleyasynda-aral-tenhizi-maseleleri-talqylandy,2022-10-21,ЕҚЫҰ Парламенттік Ассамблеясында Арал теңізі мәселелері талқыланды,"Сенат Төрағасының Асқар Шәкіров ЕҚЫҰ Парламенттік Ассамблеясының Экономикалық мәселелер, ғылым, технология және қоршаған орта жөніндегі комитетінің",RELEVANT,WATER_CRYO,RELEVANT,WATER_CRYO,,,kk_2,Aral issues at OSCE assembly
KK-C01411,,KK,Egemen,https://egemen.kz/article/262569-qazaqstanda-alghash-ret-klimat-saghaty-payda-boldy,2021-01-26,Қазақстанда алғаш рет Климат сағаты пайда болды,Алматы қаласындағы Сәтпаев пен Назарбаев көшелерінің қиылысында Климат сағаты пайда болды. Бұл туралы АҚШ-тың Қазақстандағы елшілігі хабарлады.,RELEVANT,SCIENCE_GEN,RELEVANT,SCIENCE_GEN,,1,kk_1,Climate Clock awareness installation
KK-C00233,,KK,Egemen,https://egemen.kz/article/372516-oldgas-bektenov-araldy-qutqaru-qorynynh-basym-mindetterin-ayshyqtady,2024-09-18,Олжас Бектенов Аралды құтқару қорының басым міндеттерін айшықтады,Мемлекет басшысының тапсырмасы бойынша Премьер-Министр Олжас Бектенов Қазақстан Республикасының төрағалығымен өткізілетін Халықаралық Аралды құтқару қоры,RELEVANT,WATER_CRYO,RELEVANT,WATER_CRYO,,,kk_2,Aral rescue fund priorities
KK-C01132,,KK,Egemen,https://egemen.kz/article/349174-prezident-araldy-qutqaru-qoryn-odan-ari-damytugha-qatysty-usynystaryn-aytty,2023-09-15,Президент Аралды құтқару қорын одан әрі дамытуға қатысты ұсыныстарын айтты,"Президент Аралды құтқару қорының құрылтайшы мемлекеттері басшылары кеңесі отырысында ұйымды одан әрі дамытуға қатысты ұсыныстарын ортаға салды, деп",RELEVANT,WATER_CRYO,RELEVANT,WATER_CRYO,,,kk_2,President on Aral rescue fund
KK-A00373,,KK,Azattyq,https://www.azattyq.org/a/1498580.html,2009-02-25,НАСА: Ғарыштағы көмірқышқыл газды бақылау миссиясы іске аспады,"АҚШ-тың НАСА ғарыш агенттігі хабарлағандай, бүгін таңертең ұшырылған ғаламдық көмірқышқыл газдың бөлінуін бақылайтын жерсерігі зымыраннан ажырамай қалды. НАСА-ның хабарлауынша, жерсерігі Антарктида мұхитына құлаған. Калифорниядан ұшырылған көмірқышқыл газды бақылау миссиясы екі жылдың ішінде...",RELEVANT,SCIENCE_GEN,RELEVANT,SCIENCE_GEN,,1,kk_1,CO2-monitoring satellite mission failed
KK-D03775,,KK,Egemen,https://egemen.kz/article/221011-ekologiya-ministrligi-men-bitfury-klimatty-qorghau-dgoninde-kelisimge-qol-qoydy,2020-02-14,Экология министрлігі мен Bitfury климатты қорғау жөнінде келісімге қол қойды,"Бүгін Экология министрлігі, Біріккен Ұлттар Ұйымының Қазақстандағы Даму Бағдарламасы (БҰҰДБ) және Bitfury Group компаниясы елімізде климатты қорғау",RELEVANT,POLICY,RELEVANT,POLICY,,,kk_1,climate protection agreement signed
KK-A00533,,KK,Azattyq,https://www.azattyq.org/a/28660319.html,2017-08-05,АҚШ климат жайлы Париж келісімінен шығу процесін бастады,АҚШ ғаламдық климат жөніндегі Париж келісімінен шығу процесін бастады. АҚШ мемлекеттік департменті жұма күні БҰҰ-дағы америкалық делегация аталған ұйымның Бас хатшысы Антониу Гутерришке тиісті хатты табыс еткен туралы хабарлады. АҚШ-тың Париж келісімінен шығу процесі екі жылдан аса уаытқа...,RELEVANT,POLICY,RELEVANT,POLICY,,,kk_1,US begins Paris withdrawal
KK-A00185,,KK,Azattyq,https://www.azattyq.org/a/Kazakhstan_Russia_drought_causes_wheat_deficit_and_tenge_rise/2126835.html,2010-08-13,Әлемдегі бидай тапшылығы себебінен теңге күшеюі мүмкін,"Құрғақшылықтан туған астық тапшылығы халықаралық нарықтағы трейдерлерді әбігерге түсірді. Қазақстан астық экспортына тыйым салмаймыз деп ресми түрде мәлімдесе де, Астана Ресейдің қысымына көніп, мұндай шараға баруы мүмкін. Сарапшылар бұл жағдайға байланысты теңге бағамының да өсуі мүмкін деп болжайды.",RELEVANT,AGRI_LAND,RELEVANT,AGRI_LAND,,1,kk_1,"drought wheat deficit, currency angle"
KK-C00849,,KK,Egemen,https://egemen.kz/article/326375-basty-masele-–-aral-taghdyry,2022-10-22,Басты мәселе – Арал тағдыры,Сенат Төрағасының орынбасары Асқар Шәкіров пен Әлеуметтік-мәдени даму және ғылым комитетінің хатшысы Ақмарал Әлназарова «Арал өңіріндегі қоршаған орта,RELEVANT,WATER_CRYO,RELEVANT,WATER_CRYO,,,kk_1,Aral region environment
KK-C00142,,KK,Egemen,https://egemen.kz/article/245065-ekologiya-ministri-onhirlerdinh-sumen-qamtamasyz-etiluine-taldau-dgasaydy,2020-08-12,Экология министрі өңірлердің сумен қамтамасыз етілуіне талдау жасайды,"Қазақстанда келесі вегетациялық маусымда суды аз тұтынатын дақылдардың егісі артуы мүмкін. Бұл туралы ""Казахстанская правда"" газетіне берген сұхбатында",RELEVANT,WATER_CRYO,RELEVANT,WATER_CRYO,,,kk_1,"regional water supply, scarcity"
KK-D00081,,KK,Egemen,https://egemen.kz/article/34029-2016-dgyldan-bastap-elimizde-k2-ekologiyalyq-synybynynh-dganar-dgagharmayyn-satu,2014-07-08,2016 жылдан бастап елімізде К2 экологиялық сыныбының жанар-жағармайын сату тоқтатылады,АСТАНА. 8 шілде. Елімізде 2016 жылдың 1 қаңтарынан бастап Еуразиялық экономикалық комиссияның шешіміне сәйкес К2 экологиялық сыныбындағы,RELEVANT,ENERGY,NOT_RELEVANT,,,,kk_2,
KK-00570,,KK,Egemen,https://egemen.kz/article/413420-qazaqstan-tadgikstan-dgane-ozbekstan-dgazda-sudy-ozara-qalay-bolisedi,2026-05-26,"Қазақстан, Тәжікстан және Өзбекстан жазда суды өзара қалай бөліседі?","Су ресурстары және ирригация министрі Нұржан Нұржігітов, Тәжікстанның Энергетика және су ресурстары министрі",RELEVANT,WATER_CRYO,RELEVANT,WATER_CRYO,,,kk_2,Cross-border summer water sharing
KK-D02269,,KK,Egemen,https://egemen.kz/article/397068-elaralyq-investitsiyalyq-forumgha-qatysty,2025-10-15,Еларалық инвестициялық форумға қатысты,Душанбе қаласында «Жасыл инвестициялар: тұрақты болашақ үшін қазіргі мүмкіндіктер» тақырыбында екінші «Душанбе халықаралық инвестициялық форумы – 2025» өтті…,RELEVANT,POLICY,RELEVANT,POLICY,,1,kk_2,"Green investments forum, sustainable future"
KK-C01310,,KK,Egemen,https://egemen.kz/article/336965-aral-tenhizininh-denhgeyi-dgarty-metrge-dguyq-koterildi,2023-03-05,Арал теңізінің деңгейі жарты метрге жуық көтерілді,"Қызылорда облысы әкімдігінің хабарлауынша, Арал теңізінің деңгейі 2022 жылдың қазан айымен салыстырғанда 48 сантиметрге артқан. 2022 жыл бойы",RELEVANT,WATER_CRYO,RELEVANT,WATER_CRYO,,,kk_2,Aral Sea level rose
KK-C02067,,KK,Egemen,https://egemen.kz/article/357393-aral-tenhizininh-ekodguyesin-qalpyna-keltiruge-dgardemdesu-turaly-memorandumgha-,2024-02-02,Арал теңізінің экожүйесін қалпына келтіруге жәрдемдесу туралы Меморандумға қол қойылды,Алтыншы жыл сайынғы «Digital Almaty 2024: Х Индустриясы – Болашақтың цифрлық эволюциясы» халықаралық форумының алаңында Арал теңізінің экожүйесін қалпына,RELEVANT,WATER_CRYO,RELEVANT,WATER_CRYO,,,kk_1,Aral ecosystem restoration memorandum
KK-A00306,,KK,Azattyq,https://www.azattyq.org/a/Kazakhstan_aral_region_people_oncological_infectious_diseases/2227921.html,2010-11-24,Арал тұрғындарын жұқпалы және онкологиялық дерттің көбеюі алаңдатады,"Қызылорда облысы Арал ауданының дәрігер мамандары экология салдарынан аурушаң жастардың көбейіп бара жатқанын айтады. Қант диабеті, ісік ауруларына шалдыққандар жиі кездеседі. Азаттық тілшісі аймаққа сапарында елдің жағдайымен танысып қайтқан еді.",RELEVANT,HEALTH_SOCIETY,RELEVANT,HEALTH_SOCIETY,,,kk_2,Aral ecology disease rise concerns
KK-D03340,,KK,Egemen,https://egemen.kz/article/401466-qasym-zhomart-toqaev-khalyqaralyq-araldy-qutqaru-qorynynh-tiimdiligin-arttyrugha,2025-12-12,Қасым-Жомарт Тоқаев: Халықаралық Аралды құтқару қорының тиімділігін арттыруға болады,"Қасым-Жомарт Тоқаев трансшекаралық суды пайдалану, Арал және Каспий теңіздерінде қалыптасқан экологиялық",RELEVANT,WATER_CRYO,RELEVANT,WATER_CRYO,,,gold,IAA adjudicated gold
KK-A00270,,KK,Azattyq,https://www.azattyq.org/a/24710464.html,2012-09-17,Фермерлер елде төтенше жағдай жариялауды сұрады,"Қазақстан фермерлері үкімет пен президент Нұрсұлтан Назарбаевтан құрғақшылыққа байланысты елдің бірқатар аймақтарында төтенше жағдай жариялауды сұрады деп хабарлады ақпарат агенттіктері. ""Қазақстан фермерлер одағы"" қоғамдық бірлестігінің үндеуінде құрғақшылықтан орталық, батыс және солтүстік...",RELEVANT,AGRI_LAND,RELEVANT,AGRI_LAND,,,kk_1,farmers seek drought emergency
KK-C00688,,KK,Egemen,https://egemen.kz/article/289778-tynyq-mukhittaghy-araldar-dgoyylyp-barady,2021-09-20,Тынық мұхиттағы аралдар жойылып барады,"Жаһандық жылыну Тынық мұхиттағы аралдарға үлкен қауіп төн­д­іріп тұр. Климаттың өзгеруіне байланысты өңірде су деңгейі көте­ріліп, нөсер жауын көбейіп,",RELEVANT,DISASTER,RELEVANT,SCIENCE_GEN,,1,kk_1,"Pacific islands vanishing, sea-level rise"
KK-D01331,,KK,Egemen,https://egemen.kz/article/376103-prezident-duniedguzilik-klimat-sammitinde-soz-soyledi,2024-11-12,Президент Дүниежүзілік климат саммитінде сөз сөйледі,Президент Қасым-Жомарт Тоқаев Біріккен Ұлттар Ұйымының Климаттың өзгеруі туралы негіздемелік конвенциясына қосылушы тараптардың 29-шы конференциясы,RELEVANT,POLICY,RELEVANT,POLICY,,,kk_2,President at World Climate Summit
KK-D02293,,KK,Egemen,https://egemen.kz/article/156930-khalyqaralyq-kun-alyansyn-qurudy-kozdeydi,2017-08-16,Халықаралық күн альянсын құруды көздейді,ЭКСПО-2017 халықаралық көрмесінің аумағында Үндістан мемлекетінің ұлттық күні өтті. Ел тәуелсіздігінің 70 жылды­ғымен тұспа-тұс келген мерекеде,RELEVANT,ENERGY,RELEVANT,ENERGY,,,kk_2,International Solar Alliance initiative
KK-A00249,,KK,Azattyq,https://www.azattyq.org/a/kazakhstan-london-protest/29890920.html,2019-04-20,Климаттың өзгеруіне байланысты акция,"Лондонда белсенділер BBC ғимараты алдына жиналып, климаттың өзгеруіне қоғам назарын аудартуға тырысты. Олар ""BBC, шындықты айт!"" деп айғайлап, ұрандатты. Бұл ұран аталған корпорация өкілдерінің жиі қолданатын тіркесі.",RELEVANT,OTHER_CLIMATE,RELEVANT,HEALTH_SOCIETY,,,gold,IAA adjudicated gold
KK-C00736,,KK,Egemen,https://egemen.kz/article/290553-frantsiyada-duniedguzilik-klimatty-qorghau-festivali-bastaldy,2021-09-26,Францияда Дүниежүзілік климатты қорғау фестивалі басталды,Әлемдік музыканың көптеген жұлдыздары мен басқа да атақты адамдар климатты қорғауға және коронавирустық вакциналардың әділ таралуына бағытталған 24,RELEVANT,HEALTH_SOCIETY,RELEVANT,HEALTH_SOCIETY,,1,kk_2,"World climate protection festival, celebrities"
KK-D01670,,KK,Egemen,https://egemen.kz/article/358412-klimattyq-sayasattaghy-quldyrau,2024-02-18,Климаттық саясаттағы құлдырау,Жаһанды жайлаған экологиялық ахуалмен күресуге әлем елдерінің күші жетпей жатыр. Еуропаның климаттық саясаты да құлдыраудың аз-ақ алдында тұр. Өйткені,RELEVANT,POLICY,RELEVANT,POLICY,,,kk_2,Decline in climate policy
KK-C01272,,KK,Egemen,https://egemen.kz/article/400612-aydyn-ortasynda-payda-bolghan-aral-kaspiy-tenhizininh-ekige-bolinuininh-bastapqy,2025-12-03,Айдын ортасында пайда болған арал: Каспий теңізінің екіге бөлінуінің бастапқы нышаны ма?,Мемлекет басшысы Каспий теңізін қорғау туралы ұдайы айтып келеді. Биылғы Жолдауында: «Каспий теңізінің тартылып бара жатқаны жұртты алаңдатып отыр. Тиісті,RELEVANT,WATER_CRYO,RELEVANT,WATER_CRYO,,,kk_2,"Caspian Sea splitting, shrinking"
KK-C01586,,KK,Egemen,https://egemen.kz/article/389350-klimat-maselesi-kun-tartibinde-tur,2025-06-12,Климат мәселесі күн тәртібінде тұр,Қазақстанның экологиялық ұйымдарының қауымдастығы заңды тұлғалар бірлестігі,RELEVANT,POLICY,RELEVANT,POLICY,,1,kk_1,climate on NGO association agenda
KK-A00570,,KK,Azattyq,https://www.azattyq.org/a/copenhagen_denmark_un_conference_climate_change_global_warming_obama/1896406.html,2009-12-07,Жер бетіне қауіп төндіріп тұрған ғаламдық жылыну проблемасы Копенгагенде талқыланады,Бүгін Копенгагенде ғаламдық ауа-райының өзгеруіне қатысты БҰҰ конференциясы басталады. 12 күнге жалғасатын жиында алдағы онжылдықта орташа ғаламдық температураның өсу мүмкіндігін тоқтату үшін стратегия жасалады деген үміт бар.,RELEVANT,POLICY,RELEVANT,POLICY,,,kk_2,Copenhagen UN climate conference
KK-C02109,,KK,Egemen,https://egemen.kz/article/381475-aral-tenhizine-1-milliard-tekshe-metr-su-dgiberildi,2025-02-10,Арал теңізіне 1 миллиард текше метр су жіберілді,2024 жылдың қазанынан осы жылдың қаңтарына дейін Солтүстік Арал теңізіне 1 миллиард текше метр су жіберілді. Бұл жоспарланған көлемнен 100 миллион текшее,RELEVANT,WATER_CRYO,RELEVANT,WATER_CRYO,,,kk_1,water sent to North Aral
KK-D00582,,KK,Egemen,https://egemen.kz/article/159558-transshekaralyq-su-resurstary-ortalyq-aziya-elderi-ushin-kurdeli-maselege-aynald,2017-10-11,Трансшекаралық су ресурстары Орталық Азия елдері үшін күрделі мәселеге айналды,"Алдымен мына деректерге назар аударайық: Жер шарының 70 пайызы өзіміз күнде тұтынып немесе пайдаланып жүрген судан тұрады. Солай бола тұрса да, бүгінде",RELEVANT,WATER_CRYO,RELEVANT,WATER_CRYO,,,kk_1,transboundary water Central Asia
KK-A00474,,KK,Azattyq,https://www.azattyq.org/a/1177344.html,2007-12-11,Табиғи апаттарға қарсы күресу үшін дамушы елдер дамыған елдердің қаржысын пайдаланады,"БАЛИ: Ғаламдық ауа райының құбылуы проблемасы бойынша Индонезияның Бали аралында өтіп жатқан халықаралық конференцияның барысында Киото хаттамасының ең өзекті мәселесі бойынша келісімге қол жетті. Атап айтқанда, ауа райының құрғақшылық, су тасқыны сынды құбылуының ауыр салдарымен күресу үшін...",RELEVANT,POLICY,RELEVANT,POLICY,,,kk_1,Bali climate finance/adaptation
KK-A00370,,KK,Azattyq,https://www.azattyq.org/a/1168400.html,2006-10-05,30 жылдан кейін адамзатқа жойқын апаттар қатер төндіретін болады,"МОНТЕРРЕЙ: Мексиканың Монтеррей қаласындағы халықаралық форумда ғаламдық ауа райының жылынуы салдарының қатеріне деген жаңа алаңдаушылық айтылып жатыр. Бұл конференцияға энергетика және қоршаған ортаны қорғау министрлері қатысып отыр. Сарапшылардың мәліметтері бойынша, атмосфераға жайылатын...",RELEVANT,DISASTER,RELEVANT,SCIENCE_GEN,,,gold,IAA adjudicated gold
KK-C02335,,KK,Egemen,https://egemen.kz/article/341489-ekologiyalyq-zanh-bugingi-kozqaras,2023-05-04,Экологиялық заң: Бүгінгі көзқарас,"Өткен ғасырдың 70-жылдары басталған Арал проблемасының шиеленіскен тұсы кеңес одағы тараған кезеңге дөп келді. «Балапан басына, тұрымтай тұсына» кеткен",RELEVANT,WATER_CRYO,RELEVANT,POLICY,,1,kk_2,"Environmental law, Aral context"
KK-A00478,,KK,Azattyq,https://www.azattyq.org/a/1623931.html,2008-08-24,Арал теңізі: бүгінгі көріністер,Арал теңізі: бүгінгі көріністер,RELEVANT,WATER_CRYO,RELEVANT,WATER_CRYO,,1,kk_1,"Aral current state, implied shrinkage"
KK-D02813,,KK,Egemen,https://egemen.kz/article/5045-araldynh-tabanynan-su-ketkenmen-dgurtynynh-dgureginen-dgyr-ketken-dgoq,2010-09-08,"Аралдың табанынан су кеткенмен, жұртының жүрегінен жыр кеткен жоқ",Елбасы Нұрсұлтан Әбішұлы Назарбаевтың “Мен Аралға кө­мек­тесемін деген арманыма жеткеніме қуаныштымын” деген сөзі барша аралдықтардың жүрегіне мәңгілікке,RELEVANT,WATER_CRYO,NOT_RELEVANT,,,1,kk_1,cultural/poetic piece on Aral
KK-A00468,,KK,Azattyq,https://www.azattyq.org/a/1157105.html,2005-02-16,Киото хаттамасы өз күшіне енеді,"Бұдан сегіз жыл бұрын Жапонияда мақұлданған ғаламдық жылыну процесіне байланысты зиянды қалдық газдарды ауаға шығаруды шектеуге бағытталған Киото хаттамасы бүгін күшіне енеді. Бұл міндетті заңдық келісімді, Ресей және басқа да 30 ірі индустриялы ел бар, әлемнің 141 мемлекеті ратификациялаған...",RELEVANT,POLICY,RELEVANT,POLICY,,,kk_1,Kyoto Protocol enters into force
KK-A00528,,KK,Azattyq,https://www.azattyq.org/a/1828532.html,2009-09-23,БҰҰ-ның ғаламдық жылынуға арналған саммиті ашылды,БҰҰ-ның Бас хатшысы Пан Ги Мунның әлемнің 100 шақты жетекшісі қатысып жатқан ғаламдық жылынуға қарсы күреске арналған саммит отырысын ашты. Жиынның ашылуында сөйлеген Пан Ги Мун осы жылы ғаламдық жылынуға қарсы жаңа келісімге қол жеткізе алмау моралдық жағынан кешірілмеуі мүмкін деді. Бұл...,RELEVANT,POLICY,RELEVANT,POLICY,,,kk_1,UN global warming summit opens
KK-00006,,KK,Egemen,https://egemen.kz/article/407343-aral-tabanyn-qalay-oaziske-aynaldyramyz,2026-02-21,Арал табанын қалай оазиске айналдырамыз?,Астанада осы жылдың сәуір айын­да өтетін өңірлік экология­лық саммит қарсаңында Аралдың тағдыр-талайына қатысты мақаланы ұсынып отырмыз. Автор Арал теңізі,RELEVANT,WATER_CRYO,RELEVANT,WATER_CRYO,,,kk_2,"Aral seabed to oasis, summit"
KK-A00229,,KK,Azattyq,https://www.azattyq.org/a/1159559.html,2005-07-09,"Тони Блейер ""Үлкен Сегіздіктің"" саммитіне жоғары баға берді","Британия бас министрі Тони Блейер ""Үлкен Сегіздіктің"" саммитінде жасалған келісімдерге жоғары баға берді. Саммиті Гленеглис қаласында өткізген Тонни Блейр Африканың және басқа аймақтардың кедей елдеріне халықаралық көмек көрсету және ғаламдық ауа жылынуына қарсы әрекеттерді күн тәртібінде...",RELEVANT,POLICY,RELEVANT,POLICY,,,kk_1,"G8 summit, global warming action"
KK-D03366,,KK,Egemen,https://egemen.kz/article/147236-biyl-klimatty-baqylau-tarikhyndaghy-enh-dgyly-uaqyt-boldy,2016-12-21,Биыл климатты бақылау тарихындағы ең жылы уақыт болды,"Ағымдағы жылдың алғашқы 11 айы ауа райы мен климатты бақылау тарихындағы ең жылы уақыт болды. Желтоқсан айы да өзгеріссіз қалса, 2016 жыл ең жоғары",RELEVANT,SCIENCE_GEN,RELEVANT,SCIENCE_GEN,,,gold,IAA adjudicated gold
KK-A00423,,KK,Azattyq,https://www.azattyq.org/a/1171042.html,2007-02-02,Парник газынан ауа райы өзгеріп көп қиындық болуы мүмкін,"БҰҰ жариялаған бүгінгі баяндамада жазылғанындай, әлемдегі ғалымдардың 90 пайызға дерлігінің пікірінше, қазіргі ауа райы өзгерісіне - ғаламдық жылылануға адамзаттың өзі кінәлі екен. БҰҰ-ның Климаттық өзгеріс жөніндегі Үкіметаралық комиссиясының өз зерттеулері негізінде ескерткеніндей, парник...",RELEVANT,SCIENCE_GEN,RELEVANT,SCIENCE_GEN,,,gold,IAA adjudicated gold
KK-D01490,,KK,Egemen,https://egemen.kz/article/6210-klimat-ozgerisi-beyimdeludi-qadget-etedi,2010-11-06,Климат өзгерісі бейімделуді қажет етеді,Кеше Астанадағы “Гранд Парк Есіл” қонақүйінде елімізде “Климаттың өзгерісі мен оған бейімделудің ұлттық тұжырымдамасы” шеңберінде жасақталған жобаны,RELEVANT,POLICY,RELEVANT,POLICY,,,kk_2,National climate change adaptation concept
KK-D01503,,KK,Egemen,https://egemen.kz/article/40578-pakstanda-aptap-ystyqtan-mynhnan-astam-adam-koz-dgumdy,2015-06-25,Пәкстанда аптап ыстықтан мыңнан астам адам көз жұмды,АСТАНА. 25 маусым. Пәкстанның оңтүстігінде аптап ыстықтан қаза болғандар саны мыңнан асты. Елдің Карачи қаласында өткен демалыс күндері ауа температурасы,RELEVANT,DISASTER,RELEVANT,DISASTER,,,kk_1,deadly heatwave Pakistan
KK-D02229,,KK,Egemen,https://egemen.kz/article/295975-nelikten-cop26-konferentsiyasy-satsiz-bolady,2021-11-10,Неліктен COP26 конференциясы сәтсіз болады?,БЕРЛИН. Глазгода өтіп жатқан Біріккен Ұлттар Ұйымының климат өзгеруі жөніндегі конференциясы (COP26) үлкен халықаралық келісімге ұйытқы болуы мүмкін.,RELEVANT,POLICY,RELEVANT,POLICY,,,kk_2,COP26 conference analysis
KK-A00295,,KK,Azattyq,https://www.azattyq.org/a/1905583.html,2009-12-16,Климат келіссөздерінің президенті ауысты,"Дания премьер-министрі Ларс Лоекке Расмуссен Копенгагендегі халықаралық ауа-райы келіссөздеріне президенттікті алды. Ол сәрсенбі күні осы қызметтен кеткен Конни Хедегардтың орнына келіп отыр. Хедегардтың төрағалықтан неге кеткені белгісіз қалып отыр, бірақ ол оны процедуралық шара...",RELEVANT,POLICY,RELEVANT,POLICY,,,kk_1,Copenhagen climate talks president
KK-A00562,,KK,Azattyq,https://www.azattyq.org/a/bastangy-podcast-on-immigration-of-youth/31822107.html,2022-05-03,"Шетелге көшу, Еуропадағы дискриминация, экологиялық мигранттар","""Бастаңғыда"" шетелге көшу тренд пе, әлде жай медиа шу ма деген тақырыпта әңгімелестік. Қонақтарымыз Нидерланд елінде тұратын урбанист Тина Байнақова мен Қазақстанда тұратын дизайнер Ілияс Жолдасбаймен бірге шетелге көшудің қыр-сырын талқыладық.",RELEVANT,HEALTH_SOCIETY,NOT_RELEVANT,,,1,kk_2,Podcast; climate migrants one segment
KK-A00452,,KK,Azattyq,https://www.azattyq.org/a/us_withdrawal_from_climate_accord/28524122.html,2017-06-02,Климат келісімінен шыққан Трампты сынады,"Одақтастары мен бәсекелестері АҚШ президенті Дональда Трамптың 2015 жылғы Париж климат келісімінен шығу туралы шешімін сынап, оның келісімді қайта жасау туралы ұсынысын шетке ысырды.",RELEVANT,POLICY,RELEVANT,POLICY,,,kk_2,Trump criticized for Paris withdrawal
KK-D00107,,KK,Egemen,https://egemen.kz/article/411609-prezident-khalyqaralyq-konventsiya-dgetekshilerimen-kezdesu-otkizdi,2026-04-23,Президент халықаралық конвенция жетекшілерімен кездесу өткізді,"Мемлекет басшысы қоршаған ортаны қорғау саласындағы бірқатар халықаралық ұйымдар басшыларымен кездесіп, Орталық Азиядағы негізгі экологиялық бастамаларды іске…",RELEVANT,POLICY,RELEVANT,POLICY,,1,kk_2,"Environmental conventions, Central Asia initiatives"
KK-A00026,,KK,Azattyq,https://www.azattyq.org/a/kazakhstan-kyzylorda-region-small-aral-sea-what-fate-awaits-it/32610093.html,2023-10-02,"""Суы тартылып, балығы азайып барады"". Кіші Аралдың тағдыры не болмақ?","""КІШІ АРАЛ ДА ТАРТЫЛЫП БАРАДЫ"" Тырбық бұта ғана өскен елсіз, сусыз ен дала. Ми қайнататындай ыстық. Кезінде теңіз табаны болған даланың тұзды шаңы көлік терезесін ашуға еш мүмкіндік бермейді. Тек теңізге жақындаған кезде ғана салқын леп сезіліп, тынысың кеңіп сала береді. Арал қаласынан...",RELEVANT,WATER_CRYO,RELEVANT,WATER_CRYO,,,gold,IAA adjudicated gold
KK-C00355,,KK,Egemen,https://egemen.kz/article/277682-transatlanttyq-klimat-odaghy,2021-06-08,Трансатланттық климат одағы,МАДРИД. Климаттың өзгеруіне қатысты тығыз трансатлант­тық ынтымақтастық орнату мәселесінің ақырында Еуропалық Одақ пен АҚШ-тың жұлдызы жарасуы мүмкін. Ақ,RELEVANT,POLICY,RELEVANT,POLICY,,,gold,IAA adjudicated gold
KK-A00188,,KK,Azattyq,https://www.azattyq.org/a/31506488.html,2021-10-13,Ғаламдық жылынудан сақтану үшін 32 ел метанның бөлініп шығуын қысқартады,"""Ғаламдық метан міндеті"" жобасына 32 ел қосылып, 2030 жылға дейін метанды ауаға шығаруды 30%-ға қысқарту міндетін алды. Осылай халықаралық қауымдастық ғаламдық жылынуға қарсы тұра алады деп мәлімдеді дүйсенбі күні АҚШ президенті Джо Байден. Жоба қараша айында Шотландияда өтетін БҰҰ-ның...",RELEVANT,POLICY,RELEVANT,POLICY,,,kk_1,32 nations methane pledge vs warming
KK-A00568,,KK,Azattyq,https://www.azattyq.org/a/1912723.html,2009-12-24,Обама Копенгаген саммитіне көңіл толмаудың жөні бар деді,"АҚШ президенті Барак Обама адамдар Копенгагендегі климаттың өзгеруіне қатысты конференция қорытындысынан көңілі қалғандарын түсіндіріп жатыр деді. Американдық телеарнадан сөйлеген президент Обама бұл саммитте аз ғана прогресс жасалды дей келе, бірақ соншалықты артқа кету болған жоқ...",RELEVANT,POLICY,RELEVANT,POLICY,,,kk_2,Obama on Copenhagen climate summit
KK-D01896,,KK,Egemen,https://egemen.kz/article/262462-alemde-tabighat-apattary-dgiilep-ketti-ekologtar,2021-01-25,Әлемде табиғат апаттары жиілеп кетті - экологтар,2000-2019 жылдар аралығында әлем бойынша11 мыңнан астам табиғат құбылыстары тіркелген. Нәтижесінде 480 000 адам қайтыс болды. Ал осы уақыт аралығында,RELEVANT,DISASTER,RELEVANT,SCIENCE_GEN,,1,kk_2,"Natural disasters increasing worldwide, ecologists"
KK-A00594,,KK,Azattyq,https://www.azattyq.org/a/1906256.html,2009-12-17,Әлем жетекшілері ауаның жылынуына қатысты конференцияға қатысады,"Бүгін Копенгагендегі БҰҰ-ның климат мәселелеріне арналған конференциясында бірқатар елдердің жетекшілері сөз алады. Жұма күні ақталатын саммиттің бүгінгі отырысында АҚШ, Ресей, Франция және Бразилия президенттері ғаламдық жылыну проблемалары бойынша өз елдерінің атқаратын шараларын...",RELEVANT,POLICY,RELEVANT,POLICY,,,kk_2,Leaders at Copenhagen climate conference
KK-D01832,,KK,Egemen,https://egemen.kz/article/395310-prezident-din-koshbasshylaryn-klimat-ozgeristerine-qarsy-birlese-areket-etuge-sh,2025-09-17,Президент дін көшбасшыларын климат өзгерістеріне қарсы бірлесе әрекет етуге шақырды,Бүгін Президент Астанада өтіп жатқан Әлемдік және дәстүрлі діндер көшбасшыларының VIII съезінің ашылуына қатысты,RELEVANT,POLICY,RELEVANT,POLICY,,,kk_2,"President calls climate action, religious leaders"
KK-C01476,,KK,Egemen,https://egemen.kz/article/300315-biyl-aral-tenhizindegi-100-mynh-gektar-dgerge-sekseuil-egildi,2021-12-30,Биыл Арал теңізіндегі 100 мың гектар жерге сексеуіл егілді,2021 жылы Арал теңізінің құрғаған табанына – шамамен 100 мың гектар жерге сексеуіл егілді. Бұл туралы ҚР ЭГТРМ Орман шаруашылығы және жануарлар дүниесі,RELEVANT,WATER_CRYO,RELEVANT,WATER_CRYO,,,kk_2,Saxaul planting on dried Aral
KK-A00162,,KK,Azattyq,https://www.azattyq.org/a/27142242.html,2015-07-22,Тәжікстан халықаралық ұйымдардан көмек сұрады,Тәжікстан билігі елде болған көшкін мен су тасқынынан 100 миллион доллардың шығыны келгенін айтып отыр. Бұған дейін Тәжікстан премьер-министрі Кохир Расулзода шығын көлемін 50 миллион доллардан асады деп мәлімдеген еді. Таудағы мұздықтардың еруінен болған көшкін мен тасқыннан Тәжікстанның...,RELEVANT,WATER_CRYO,RELEVANT,DISASTER,,1,kk_2,Glacier melt landslide/flood damage Tajikistan
KK-A00607,,KK,Azattyq,https://www.azattyq.org/a/1828179.html,2009-09-22,Әлем елдері БҰҰ-ның ғаламдық жылынуға арналған саммитіне жиналды,"Дүниежүзіндегі 100-ден аса елдің жетекшілері БҰҰ-ның ғаламдық жылынуға қарсы күреске арналған бүгінгі саммитіне қатысады. БҰҰ-ның Бас хатшысы пан Ги Мунның айтуынша, саммиттің мақсаты әлем жетекшілерінің арасында желтоқсан айында Копенгагенде жасалған климаттың өзгеруіне қатысты жаңа...",RELEVANT,POLICY,RELEVANT,POLICY,,,kk_2,UN global warming summit
KK-A00183,,KK,Azattyq,https://www.azattyq.org/a/1175940.html,2007-09-25,“Киото хаттамасының” орнына жаңа халықаралық келісім болуы мүмкін,"НЬЮ-ЙОРК: БҰҰ-ының Бас хатшысы Пан Ги-Мунның мәлімдеуінше, әлем лидерлері ғаламдық ауа райының жылынуына қарсы Киото хаттамасын алмастыратын жаңа келісімге келуге “ең басты міндеттеме” алды. Бас хатшы бұл сөзін дүйсенбі күні ғаламдық ауа райының құбылуы тақырыбына арналған конференцияда айтты....",RELEVANT,POLICY,RELEVANT,POLICY,,,kk_2,New agreement to replace Kyoto
KK-D00291,,KK,Egemen,https://egemen.kz/article/153596-energetikanynh-turaqty-damu-strategiyasy-qaraldy,2017-06-12,Энергетиканың тұрақты даму стратегиясы қаралды,Кеше ЭКСПО-2017 көрмесі аумағында бірнеше елдің министрлері мен БҰҰ өкілдері бас қосты. Төрт күнге созылатын ауқымды шарада тұрақты энергетика тақырыбы,RELEVANT,ENERGY,RELEVANT,ENERGY,,,kk_1,"sustainable energy strategy, EXPO"
KK-D00494,,KK,Egemen,https://egemen.kz/article/295441-ekologiya-ministrligi-kaspiy-tenhizininh-tartylyp-bara-dgatqanyn-aytty,2021-11-05,Экология министрлігі Каспий теңізінің тартылып бара жатқанын айтты,"Әлеуметтік желі қолданушылары бір-біріне Каспий теңізі жағалауының тартылып жатқанын көрсететін бейнеролик таратуда, деп хабарлайды Egemen.kz.",RELEVANT,WATER_CRYO,RELEVANT,WATER_CRYO,,,kk_1,Caspian Sea shrinking
KK-A00279,,KK,Azattyq,https://www.azattyq.org/a/global-warming-quiz/30217860.html,,Жаһандық жылыну жайлы не білесіз?,"Климаттағы өзгерістер, жаһандық жылыну жайлы біліміңізді тексеріп көрейік.",RELEVANT,SCIENCE_GEN,RELEVANT,SCIENCE_GEN,,,kk_1,climate/global warming knowledge quiz
KK-A00040,,KK,Azattyq,https://www.azattyq.org/a/1147386.html,2003-07-23,Иркут облысының 23 ауданында құрғақшылық салдарынан төтенше жағдай жарияланды.,"Деректерге қарағанда ауылшаруашылығындағы шығын 400 млн. рубльге жеткен. Көп жағдайда қайтадан егін егу жүргізлгенімен,жаңбыр жаумағандықтан, егістік күйіп кетіп жатыр. Мұндай құрғақшылық бұл облыста 1949 жылдан бері болмаған көрінеді.",RELEVANT,AGRI_LAND,RELEVANT,DISASTER,,,kk_1,"drought emergency, crop losses"
KK-C00530,,KK,Egemen,https://egemen.kz/article/355966-kishi-araldan-kuy-ketse,2024-01-11,Кіші Аралдан күй кетсе...,"Жалпы кезінде жарыса аққан Әму мен Сыр қатар толтырған теңіздің кешегісін көріп, айдынында жүзгендердің әңгімесін тыңдасаңыз қазіргі Кіші Аралды",RELEVANT,WATER_CRYO,RELEVANT,WATER_CRYO,,,kk_1,Small Aral shrinking
KK-D01226,,KK,Egemen,https://egemen.kz/article/173351-prezident khalyqaralyq-araldy-qutqaru-qorynynh-quryltayshy-memleketteri-basshyl,2018-08-24,Президент Халықаралық Аралды құтқару қорының құрылтайшы мемлекеттері басшыларының отырысына қатысты,"Қарсы алу рәсімі аяқталған соң, мемлекеттер басшыларының шағын және кеңейтілген құрамдағы отырыстары өтті, деп хабарлайды Ақорданың баспасөз қызметі.",RELEVANT,WATER_CRYO,RELEVANT,WATER_CRYO,,,kk_2,President at Aral saving fund meeting
KK-A00300,,KK,Azattyq,https://www.azattyq.org/a/1154583.html,2004-09-15,Ұлы Британия премьер – міністрі Тони Блэр жаһандық жылуға қарсы дереу шаралар қолдану қажет деген мәлімдеме жасады,"Лондондағы сөзінде Блэр егерде бұл проблеманы тез арада қарастырмасақ, климаттың өзгеруі адамзатқа кері әсерін тигізуі ықтимал деді. Тони Блэр 8 өндіріс елді - Канада, Франция, Германия, Италия, Жапония, Ресей және Құрама Штаттарды жаһандық жылуға қарсы шаралар стратегиясын жасауға бастама...",RELEVANT,POLICY,RELEVANT,POLICY,,,gold,IAA adjudicated gold
KK-A00437,,KK,Azattyq,https://www.azattyq.org/a/28521986.html,2017-06-01,Жан-Клод Юнкер: АҚШ-қа климат келісімінен шығуға жылдар кетеді,"Еурокомиссия төрағасы Жан-Клод Юнкер ""АҚШ президенті Дональд Трамп ғаламдық климат жөніндегі келісімнің оған қатысушыларға жүктейтін міндеттері жайлы білмейтіндіктен қателесіп отыр"" деп санайды. Бұл туралы ол сәрсенбі күні Берлинде германиялық жұмыс берушілер ассоциациясы (BDA) ұйымдастырған...",RELEVANT,POLICY,RELEVANT,POLICY,,,kk_1,US Paris withdrawal takes years
KK-C00153,,KK,Egemen,https://egemen.kz/article/346461-transshekaralyq-ozender-maselesi,2023-07-28,Трансшекаралық өзендер мәселесі,"Жаздың аптап ыстығында диқандар егін суарудан қиыншылық көреді. Елімізде бірнеше ірі өзен бассейні болғанымен, қажет кезінде «тіршілік нәрі» сыздықтап",RELEVANT,WATER_CRYO,RELEVANT,WATER_CRYO,,,kk_2,"Transboundary rivers, irrigation water scarcity"
KK-D03024,,KK,Egemen,https://egemen.kz/article/319729-sara-kameron-aral-daghdarysy-tarikhi-maselelerdi-talqylaugha-mumkindik-beredi,2022-08-03,Сара Камерон: Арал дағдарысы тарихи мәселелерді талқылауға мүмкіндік береді,"Сара Камерон (Sarah Cameron) – 1977 жылы АҚШ-тың Вашингтон қаласында туған. Стэнфорд университетінде бакалавр және магистр, Йель университетінде PhD",RELEVANT,WATER_CRYO,RELEVANT,WATER_CRYO,,1,kk_1,Aral crisis history interview
KK-D03216,,KK,Egemen,https://egemen.kz/article/284082-balqash-aral-tenhizininh-taghdyryn-qaytalamaydy-ekologiya-ministrligi,2021-08-06,Балқаш Арал теңізінің тағдырын қайталамайды - Экология министрлігі,"ҚР Экология, геология және табиғи ресурстар министрлігі видеконференцбайланыс режимінде ғылыми қоғамдастық, Алматы, Қарағанды және Жамбыл облыстары",RELEVANT,WATER_CRYO,RELEVANT,WATER_CRYO,,,kk_2,Balkhash won't repeat Aral fate
KK-D02062,,KK,Egemen,https://egemen.kz/article/282017-klimattynh-ozgerui-europa-usynghan-eleuli-sharalar,2021-07-18,Климаттың өзгеруі: Еуропа ұсынған елеулі шаралар,Таяуда Еуропалық комиссия климаттың өзгеруіне қарсы тұру мақсатында қабылданатын шаралардың жаңа легін жариялады. Қазіргі таңда бұл бастама қарт құрлықта,RELEVANT,POLICY,RELEVANT,POLICY,,,kk_1,EU climate measures package
KK-D01669,,KK,Egemen,https://egemen.kz/article/204773-aral-qayta-oralady,2019-07-17,Арал қайта оралады,Жақында әлеуметтік желіде тараған бір видеодан Арал теңізі айдыны ортаймаған кезіндегі жағалауында иін тірескен кемелерді көрдік. Ине шаншар жер жоқ-ау.,RELEVANT,WATER_CRYO,RELEVANT,WATER_CRYO,,,kk_1,Aral shrinkage/recovery
KK-A00027,,KK,Azattyq,https://www.azattyq.org/a/ortalyq-asia-aq-altyn-maqta-ondirisi/32695120.html,2023-11-22,"Орталық Азияда ""ақ алтыннан"" түсетін табыс азайды. Фермерлер шағынып отыр",Ғаламдық экономикалық құлдырау мен климаттың өзгеруі Совет Одағынан мұраға қалған мақта өндірісіне кері әсер етіп отыр. Шаруалар азын-аулақ табыстың көп бөлігі басқа адамдардың қалтасына кетіп жатыр деп шағынады.,RELEVANT,AGRI_LAND,RELEVANT,AGRI_LAND,,,kk_2,Climate change hurts cotton farmers
KK-C01985,,KK,Egemen,https://egemen.kz/article/293086-aral-tenhizininh-qurghaghan-bolikterine-11-mln-gektar-sekseuil-egiledi,2021-10-16,"Арал теңізінің құрғаған бөліктеріне 1,1 млн гектар сексеуіл егіледі","Арал теңізінің құрғаған ұлтанына алдағы бес жылда 1,1 млн гектар сексеуіл егіледі, деп хабарлайды",RELEVANT,WATER_CRYO,RELEVANT,WATER_CRYO,,,kk_2,Saxaul planting on dried Aral seabed
KK-A00351,,KK,Azattyq,https://www.azattyq.org/a/28515621.html,2017-05-29,Қызылордада Аралды қорғауға арналған халықаралық форум өтеді,"Қызылордада 30-31 мамыр аралығында Арал теңізін тұрақты дамытуға арналған халықаралық форум өтеді. Бұл шараға Орталық Азия, БҰҰ, ЕҚЫҰ, Дүниежүзілік банк өкілдері қатысады. Аралды құтқару жөніндегі қорға жетекшілік ету рөлі Өзбекстаннан Түркіменстанға өтті. Ресми Ашхабад қорға енді үш жыл...",RELEVANT,WATER_CRYO,RELEVANT,WATER_CRYO,,1,kk_2,International Aral protection forum
KK-C00130,,KK,Egemen,https://egemen.kz/article/279857-qazaqstan-men-resey-arasyndaghy-transshekaralyq-ozender-maselesi-talqylandy,2021-06-28,Қазақстан мен Ресей арасындағы трансшекаралық өзендер мәселесі талқыланды,Бүгін Қазақстан Республикасының Парламенті Сенаты мен Ресей,RELEVANT,WATER_CRYO,RELEVANT,WATER_CRYO,,,kk_1,Kazakhstan-Russia transboundary rivers
KK-C02462,,KK,Egemen,https://egemen.kz/article/369054-tartylghan-aral-tolyp-keledi,2024-07-24,Тартылған Арал толып келеді,"Солтүстік Аралдағы су көлемі 27 млрд текше метрге дейін артты. Солтүстік Арал теңізін құтқару жобасы аясында маңызды нәтижеге қол жетіп, қоймадағы су",RELEVANT,WATER_CRYO,RELEVANT,WATER_CRYO,,,kk_2,Shrunken Aral filling up
KK-D01724,,KK,Egemen,https://egemen.kz/article/162712-reseyde-aral-tenhizininh-maselesi-talqylandy,2017-12-19,Ресейде Арал теңізінің мәселесі талқыланды,"Аралды қалай құтқару керек? Бұл туралы сұрақтар Орталық Азияның су проблемаларына арналған дөңгелек үстелде талқыланды, деп хабарлады 24.kz.",RELEVANT,WATER_CRYO,RELEVANT,WATER_CRYO,,,kk_2,Aral water problem roundtable
KK-D00297,,KK,Egemen,https://egemen.kz/article/278609-qazaqstanda-klimattyq-ozgerister-boyynsha-onhirlik-khab-qurylady,2021-06-16,Қазақстанда климаттық өзгерістер бойынша өңірлік хаб құрылады,"15 маусымда ҚР экология, геология және табиғи ресурстар министрі Мағзұм Мырзағалиев «Қазақстан мен АҚШ сауда-экономикалық қатынастарына 30 жыл» атты",RELEVANT,POLICY,RELEVANT,POLICY,,,kk_1,regional climate change hub created
KK-C00287,,KK,Egemen,https://egemen.kz/article/246105-transshekaralyq-ozenderdi-paydalanuda-ortalyq-aziyagha-ortaq-kelisim-qadget,2020-08-21,Трансшекаралық өзендерді пайдалануда Орталық Азияға ортақ келісім қажет,"Белгілі қоғам қайраткері, экономика ғылымдарының докторы, жазушы Мырзагелді Кемел өзекті мәселелерге «Egemen Qazaqstan» газеті арқылы үн қосып тұратын.",RELEVANT,WATER_CRYO,RELEVANT,WATER_CRYO,,,kk_1,transboundary rivers agreement needed
KK-C02398,,KK,Egemen,https://egemen.kz/article/267638-qyzylordada-ekologiyalyq-maselelerdi-sheshuge-arnalghan-dgobalar-talqylandy,2021-03-03,Қызылордада экологиялық мәселелерді шешуге арналған жобалар талқыланды,Бүгін облыс әкімі Гүлшара Әбдіқалықова халықаралық Аралды құтқару қорының еліміздегі атқарушы дирекциясы директоры Болат Бекниязбен кездесті. Кездесуде,RELEVANT,WATER_CRYO,RELEVANT,WATER_CRYO,,,kk_1,Aral rescue fund projects
KK-D03417,,KK,Egemen,https://egemen.kz/article/396866-42-ekologiyalyq-dgoba-iske-asyrylady,2025-10-11,42 экологиялық жоба іске асырылады,Астанада Қазақстанның төрағалығымен Халықаралық Аралды құтқару қоры басқармасының екінші отырысы өтті.,RELEVANT,WATER_CRYO,RELEVANT,WATER_CRYO,,,kk_1,Aral fund ecological projects
KK-C02203,,KK,Egemen,https://egemen.kz/article/326776-qazaqstan-men-ozbekstan-senatorlary-aral-problemasyn-talqylady,2022-10-28,Қазақстан мен Өзбекстан сенаторлары Арал проблемасын талқылады,Қазақстан Парламенті Сенатының Спикері Мәулен Әшімбаев Өзбекстан Олий Мажлисі Сенатының Төрайымы Танзила Нарбаевамен бірге екі елдің Сенаттары арасындағы,RELEVANT,WATER_CRYO,RELEVANT,WATER_CRYO,,,kk_1,Aral problem discussed by senators
KK-C00116,,KK,Egemen,https://egemen.kz/article/326208-kishi-araldan-ayyrylyp-qaluymyz-mumkin-–-deputat,2022-10-20,Кіші Аралдан айырылып қалуымыз мүмкін – Депутат,"Егер шұғыл түрде шаралар қабылданбаса, Кіші Аралдан айырылып қалуымыз мүмкін. Бұл туралы сенатор Мұрат Бақтиярұлы депутаттық сауалында айтып берді, деп",RELEVANT,WATER_CRYO,RELEVANT,WATER_CRYO,,,kk_1,Small Aral loss warning
KK-D01622,,KK,Egemen,https://egemen.kz/article/166828-elaralyq-ozender-akhualy-ozekti,2018-04-02,Еларалық өзендер ахуалы өзекті,Бүгінде Қазақстан мен Қытай арасында трансшекаралық өзендер мәселесі екі ел қатынастарындағы өзекті де өткір проблеманың бірі болып отыр. Себебі Қазақстан,RELEVANT,WATER_CRYO,RELEVANT,WATER_CRYO,,,kk_1,Kazakhstan-China transboundary rivers
KK-D03375,,KK,Egemen,https://egemen.kz/article/327507-aral-onhirinde-tuu-korsetkishi-136-gha-tomendedi,2022-11-07,"Арал өңірінде туу көрсеткіші 13,6%-ға төмендеді",Сенатор Ақмарал Әлназарова Қазақстан Республикасы Парламентінің Сенаты мен Өзбекстан Республикасы Олий Мәжілісінің Сенаты арасындағы Ынтымақтастық,RELEVANT,HEALTH_SOCIETY,RELEVANT,HEALTH_SOCIETY,,1,kk_2,Aral region birth rate decline
KK-C01126,,KK,Egemen,https://egemen.kz/article/316250-senatorlardy-aral-tenhizindegi-dgaghday-alanhdatyp-otyr,2022-06-23,Сенаторларды Арал теңізіндегі жағдай алаңдатып отыр,Палата вице-спикері Асқар Шәкіров бастаған бір топ сенаторлар жолдаған депутаттық сауалда Арал өңірінің экологиялық мәселелері көтерілді. Пленарлық,RELEVANT,WATER_CRYO,RELEVANT,WATER_CRYO,,,kk_1,Aral region ecological concern
KK-A00329,,KK,Azattyq,https://www.azattyq.org/a/kazakhstan_student_invented_a_wild_engine/24679111.html,2012-08-17,Қарағандылық бойжеткен жаңа жел қозғалтқышын ойлап тапты,Қарағандыдағы мектеп-интернаттың түлегі Әсия Құсайынованың Қазақстан климатына икемделген жел қозғалтқышы жобасы халықаралық ғылыми-инженерлік конкурста жеңіп шықты. Жас өнертапқыш Әсия Құсайынова Қарағанды қаласында тұрады. Ата-әжесінің бауырында өскен қыз биыл Қарағанды облысының дарынды...,RELEVANT,ENERGY,NOT_RELEVANT,,,,gold,IAA adjudicated gold
KK-A00459,,KK,Azattyq,https://www.azattyq.org/a/social-media-review/31189639.html,2021-04-06,"""Балқаштың тартылуы экологиялық апатқа әкеледі""",Әлеуметтік желі қолданушылары Жетісу мен Балқаш көлінің экологиясын талқылады. Қытайда салынып жатқан бөгет кесірінен Балқашқа су аз келеді деген болжамға сүйенген жұрт мұның соңы ауыр зардапқа әкеле ме деп қорқады.,RELEVANT,WATER_CRYO,RELEVANT,WATER_CRYO,,,gold,IAA adjudicated gold
KK-A00158,,KK,Azattyq,https://www.azattyq.org/a/qaldyqty-qazynaga-ainaldyryp-zhurgen-tabigat-zhanashyrlary/33172209.html,2024-11-21,Қалдықты қазынаға айналдырып жүрген табиғат жанашырлары,"Бірі қалдық жейтін шыбын өсіреді, бірі қаладан органикалық қоқыс жинайды, енді бірі пластиктен қолөнер туындысын жасайды — алматылық табиғат жанашырлары елдегі қоқыс мәселесін шешуге, жаһандық жылыну процесін баяулатуға үлес қосып жүр. Азаттық тілшісі Мақпал Мұқанқызы олардың жұмысын көріп қайтты.",RELEVANT,OTHER_CLIMATE,RELEVANT,OTHER_CLIMATE,,1,kk_1,waste recycling framed to slow warming
KK-C01515,,KK,Egemen,https://egemen.kz/article/304872-roman-sklyar-araldy-qutqaru-khalyqaralyq-qorynynh-otyrysyna-qatysty,2022-02-22,Роман Скляр Аралды құтқару халықаралық қорының отырысына қатысты,22 ақпанда Аралды құтқару халықаралық қорының отырысы онлайн режимде өтті. Қазақстан тарапынан шараға Премьер-Министрдің бірінші орынбасары Роман Скляр,RELEVANT,WATER_CRYO,RELEVANT,WATER_CRYO,,,kk_2,Aral rescue fund meeting
KK-C01309,,KK,Egemen,https://egemen.kz/article/404642-gidroenergetikalyq-aleuetti-qalay-arttyramyz-elimizde-birynhghay-tsifrlyq-platfo,2026-01-21,Гидроэнергетикалық әлеуетті қалай арттырамыз? Елімізде бірыңғай цифрлық платформа құрылмақ,"Энергетика министрлігі елдің гидроэнергетикалық әлеуетінің бірыңғай цифрлық картасын қалыптастыру бойынша жұмысты бастап, оны ұлттық деңгейдегі цифрлық",RELEVANT,ENERGY,RELEVANT,ENERGY,,,kk_2,"Hydropower potential, digital platform"
KK-D02841,,KK,Egemen,https://egemen.kz/article/291486-ekologiya-vitse-ministri-men-omby-gubernatory-ertis-ozeni-məselesin-talqylady,2021-10-03,Экология вице-министрі мен Омбы губернаторы Ертіс өзені мəселесін талқылады,"Экология, геология және табиғи ресурстар министрлігінің вице-министрі Ахметжан Пірімқұлов РФ Омбы облысының губернаторы А.Бурковпен кездесті, деп",RELEVANT,WATER_CRYO,RELEVANT,WATER_CRYO,,1,kk_1,transboundary Irtysh river talks
KK-C00982,,KK,Egemen,https://egemen.kz/article/372397-klimattynh-ozgerui-tolghantady,2024-09-17,Климаттың өзгеруі толғантады,"Елімізде орташа ауа температурасы 10 жыл сайын 1,3 градусқа көтеріледі. Бұл мәліметті Nazarbayev University-де (NU) өткен «LCOY Kazakhstan-2024» атты",RELEVANT,SCIENCE_GEN,RELEVANT,SCIENCE_GEN,,,kk_1,temperature rise data
KK-A00016,,KK,Azattyq,https://www.azattyq.org/a/mark-macklin-otyrar-oasis-mongol-invasion-versus-climate-change/31124934.html,2021-03-01,Отырардың күйреуіне Шыңғыс ханнан гөрі климат көбірек әсер етті. Марк Маклинмен сұхбат,"Бір топ шетелдік ғалым Отырар оазисінде геологиялық зерттеу жүргізіп, өзен бойында орналасқан өркениеттердің түбегейлі жойылып кетуіне моңғол шапқыншылығынан гөрі климат көбірек әсер еткен дейді. Мамандар аймақтағы ескі су каналдарын зерттеп, олардың қараусыз қалуы шапқыншылық жылдарымен емес,...",RELEVANT,WATER_CRYO,RELEVANT,SCIENCE_GEN,,,kk_1,research: climate collapsed Otrar
KK-C01403,,KK,Egemen,https://egemen.kz/article/292274-ukimette-dganhartylatyn-energiya-kozderin-damytu-maseleleri-qaraldy,2021-10-08,Үкіметте жаңартылатын энергия көздерін дамыту мәселелері қаралды,Премьер-Министрі Асқар Маминнің төрағалығымен өткен Инвестициялық ахуалды жақсарту жөніндегі кеңестің (ИКЖК) отырысында жаңартылатын энергия көздерін,RELEVANT,ENERGY,RELEVANT,ENERGY,,,kk_1,renewable energy development discussed
KK-A00374,,KK,Azattyq,https://www.azattyq.org/a/27352802.html,2015-11-09,ДБ: Ғаламдық жылынудан 100 миллион адам зардап шегеді,"Дүниежүзілік банктің (ДБ) соңғы деректері бойынша, егер кедейлік шегіндегілерді теңіз деңгейінің көтерілуі салдарынан қорғау шаралары жасалмаса ғаламдық жылыну жүз миллион адамды кедейлікке ұрындыруы мүмкін. 8 қарашада жарияланған ДБ есебінде бұл топтағы адамдарға климаттың өзгеруімен...",RELEVANT,HEALTH_SOCIETY,RELEVANT,HEALTH_SOCIETY,,,kk_1,warming pushes 100M into poverty
KK-A00244,,KK,Azattyq,https://www.azattyq.org/a/30009656.html,2019-06-20,Азаттық тілшісінің Арал жайлы фильмі журналистер одағының жүлдесін алды,"Азаттық радиосының тілшісі Асылхан Мамашұлының «Қария мен теңіз» фильмі Қазақстан журналистер одағының жүлдесіне ие болды. Бұл туралы ҚазТАГ агенттігі хабарлады. ҚазТАГ-тың жазуынша, Асылхан Мамашұлына «Саяси шолу» номинациясы бойынша жүлде «Арал теңізінің қалыпқа келеріне сенетін авторлық...",RELEVANT,WATER_CRYO,NOT_RELEVANT,,,1,kk_2,Aral film wins journalism prize; cultural
KK-D00050,,KK,Egemen,https://egemen.kz/article/259243-ekologiya-ministri-su-tapshylyghyn-boldyrmau-amaldaryn-usyndy,2020-12-22,Экология министрі су тапшылығын болдырмау амалдарын ұсынды,"Бүгін ҚР Үкіметінің отырысында Экология, геология және табиғи ресурстар министрі Мағзұм Мырзағалиев 2020 жылдың вегетациялық кезеңінің қорытындылары",RELEVANT,WATER_CRYO,RELEVANT,WATER_CRYO,,,kk_2,Minister on preventing water scarcity
KK-A00344,,KK,Azattyq,https://www.azattyq.org/a/31091463.html,2021-02-08,"Үндістанда мұздық еріп, су тасқынынан кемінде 14 адам қаза болды","Үндістанда құтқарушылар Гималай тауынан мұздық құлап, соның салдарынан пайда болған су тасқыны кезінде зардап шеккендерге көмектесіп жатыр. Іздеу-құтқару операциясы жалғасып жатыр. Соңғы мәлімет бойынша, кемінде 14 адам қаза болған. Мамандар олардың саны артуы мүмкін дейді. 7 ақпанда Гималай...",RELEVANT,WATER_CRYO,RELEVANT,WATER_CRYO,,,gold,IAA adjudicated gold
KK-00010,,KK,Egemen,https://egemen.kz/article/411403-otandyq-ghalymdar-qurghaqshylyqqa-tozimdi-daqyldardy-oylap-tapty,2026-04-20,Отандық ғалымдар құрғақшылыққа төзімді дақылдарды ойлап тапты,Отандық ғалымдар құрғақ аймақтарға бейімделген жаңа ауыл шаруашылығы дақылдарын әзірлеп шығарды. Жаңа дақыл сортары Солтүстік Қазақстан және Солтүстік-Шығыс…,RELEVANT,AGRI_LAND,RELEVANT,AGRI_LAND,,,kk_1,drought-resistant crops developed
KK-D03607,,KK,Egemen,https://egemen.kz/article/292060-turkiya-klimat-dgonindegi-paridg-kelisimin-bekitti,2021-10-07,Түркия Климат жөніндегі Париж келісімін бекітті,"Түркия парламенті Климат жөніндегі Париж келісімшартын бірауыздан бекітті, деп хабарлайды Egemen.kz.",RELEVANT,POLICY,RELEVANT,POLICY,,,kk_2,Turkey ratifies Paris climate agreement
KK-D01689,,KK,Egemen,https://egemen.kz/article/155026-almaty-oblysynda-aptap-ystyqtan-sel-dguru-qaupi-bar,2017-07-09,Алматы облысында аптап ыстықтан сел жүру қаупі бар,"Алматы облысында таулы жерлерде сел жүру қаупі сақталатыны ескертілді, деп хабарлады ҚР ІІМ ТЖК.",RELEVANT,DISASTER,RELEVANT,DISASTER,,1,kk_2,Heat-driven mudflow risk Almaty region
KK-D02110,,KK,Egemen,https://egemen.kz/article/278919-aralda-totenshe-dgaghday-dgariyalanady,2021-06-18,Аралда төтенше жағдай жарияланады,Қызылорда облысының Арал ауданында қатты ыстық пен жауын-шашын мөлшерінің аз болуына байланысты қуаңшылық жағдай орын алды. Өңірде төтенше жағдай режимін,RELEVANT,DISASTER,RELEVANT,DISASTER,,,kk_2,Aral district drought emergency
KK-C00469,,KK,Egemen,https://egemen.kz/article/241844-khalyqty-sudy-unemdep-qadirleuge-shaqyramyn-ekologiya-ministri,2020-07-09,"Халықты суды үнемдеп, қадірлеуге шақырамын - Экология министрі","Бұл туралы Экология, геология және табиғи ресурстар министрі Мағзұм Мырзағалиев Twitter парақшасында жазды, - деп хабарлайды Egemen.kz",RELEVANT,WATER_CRYO,RELEVANT,WATER_CRYO,,1,kk_1,minister urges water conservation
KK-D03766,,KK,Egemen,https://egemen.kz/article/272535-aqsh-klimattynh-dgylynuyna-alanhdauly,2021-04-23,АҚШ климаттың жылынуына алаңдаулы,"АҚШ биыл өтетін климаттың жылынуы жөніндегі саммиттің алдында мәлімдеме жасап, әлем елдерінен 2030 жылға дейін парникті газдарды шығару көлемін 50 пайызға",RELEVANT,POLICY,RELEVANT,POLICY,,,kk_2,"US urges emissions cuts, climate summit"
KK-D03573,,KK,Egemen,https://egemen.kz/article/353847-klimattynh-ozgerui-damushy-elderge-zor-qauip-tondirip-tur-memleket-basshysy,2023-12-01,Климаттың өзгеруі дамушы елдерге зор қауіп төндіріп тұр - Мемлекет басшысы,"Президент Қасым-Жомарт Тоқаев Климат жөніндегі дүниежүзілік саммитте сөз сөйледі, деп хабарлайды Egemen.kz.",RELEVANT,POLICY,RELEVANT,POLICY,,,kk_2,President at World Climate Summit
KK-D03149,,KK,Egemen,https://egemen.kz/article/171882-aralda-balyq-eksporty-segiz-esege-artty,2018-07-17,Аралда балық экспорты сегіз есеге артты,"Арал өңірі балықшыларының ІV слетіне облыс әкімі Қырымбек Көшербаев, ҚР Парламент Мәжілісі депутаттары, Ауыл шарушылығы министрлігінің, Халықаралық Аралды",RELEVANT,WATER_CRYO,NOT_RELEVANT,,,,gold,IAA adjudicated gold
KK-C00886,,KK,Egemen,https://egemen.kz/article/296823-balqash-koli-araldynh-kebin-kiyui-mumkin,2021-11-19,Балқаш көлі Аралдың кебін киюі мүмкін,"Балқаш деңгейі 2040 жылға дейін айтарлықтай таяздануы мүмкін. Мұндай болжамды ҚР Экология, геология және табиғи ресурстар министрлігі мамандары айтып",RELEVANT,WATER_CRYO,RELEVANT,WATER_CRYO,,,kk_2,Lake Balkhash shrinking like Aral
KK-D00722,,KK,Egemen,https://egemen.kz/article/391098-ministr-aral-tenhizininh-qurghaghan-tabanynda-dgurgizilip-dgatqan-dgumystarmen-t,2025-07-10,Министр Арал теңізінің құрғаған табанында жүргізіліп жатқан жұмыстармен танысты,8 шілдеде Экология және табиғи ресурстар министрі Ерлан Нысанбаев Қызылорда облысына барған жұмыс сапары барысында,RELEVANT,WATER_CRYO,RELEVANT,WATER_CRYO,,,kk_1,Aral seabed works visit
KK-A00466,,KK,Azattyq,https://www.azattyq.org/a/1169948.html,2006-12-13,Ауа-райының төтенше құбылыстары жер климатының өзгергенін көрсетіп отыр,"Ғалымдар 2006 жылда қоғамның толығымен жер климатының расында жылынғанын байқағанын айтады. Оның нақты солай болып жатқанын дәлелдейтіндей, ғалымдардан алаңдаушылық хабарлар болмағанымен, ауа-райының тым өзгеріске ұшырағаны айтарлықтай құбылыс болып отыр.",RELEVANT,SCIENCE_GEN,RELEVANT,SCIENCE_GEN,,,kk_2,Extreme weather shows climate warming
KK-A00189,,KK,Azattyq,https://www.azattyq.org/a/1170470.html,2007-01-04,Биылғы жыл бұған дейінгі ең жылы жыл болмақшы,"Бұл жөнінде Британияның метеорология кеңсесінің климаттың өзгеруін зерттейтін арнайы мамандары хабарлауда. Көптеген ғалымдардың пікірінше, бұл ғасырда температура 2 мен 6 градус аралығында ысымақшы. Оның басты себебі- ауаға көмір қышқыл газының шамадан көп бөлінуі, дейді мамандар.",RELEVANT,SCIENCE_GEN,RELEVANT,SCIENCE_GEN,,,gold,IAA adjudicated gold
KK-C02232,,KK,Egemen,https://egemen.kz/article/388755-aptap-ystyqtan-qalay-saqtanu-kerek,2025-06-03,Аптап ыстықтан қалай сақтану керек,Жаһандық климаттың өзгеруі жер бетіндегі ауа температурасының күрт көтерілуіне әкеп соғуда. Әсіресе жаз мезгіліндегі аптап ыстық адам денсаулығына кері,RELEVANT,DISASTER,RELEVANT,HEALTH_SOCIETY,,,kk_2,"Heat protection, climate-linked health"
KK-D02089,,KK,Egemen,https://egemen.kz/article/298192-shavkat-mirzieyov-aral-apatyn-nazardan-tys-qaldyrugha-bolmaydy,2021-12-04,Шавкат Мирзиеёв: Арал апатын назардан тыс қалдыруға болмайды,Өзбекстан Президенті Шавкат Мирзиеёв Egemen Qazaqstan газетінің 4 желтоқсандағы санына берген сұхбатында Орталық Азиядағы экологиялық күрделі мәселелердің,RELEVANT,WATER_CRYO,RELEVANT,WATER_CRYO,,,kk_2,"Aral disaster, Central Asia ecology"
KK-D01693,,KK,Egemen,https://egemen.kz/article/367909-klimattynh-syn-qaterlerin-dgalghyz-enhseru-mumkin-emes-qtoqaev,2024-07-04,Климаттың сын-қатерлерін жалғыз еңсеру мүмкін емес - Қ.Тоқаев,Бұл туралы Мемлекет басшысы Қасым-Жомарт Тоқаев ШЫҰ плюс саммитінде айтты,RELEVANT,POLICY,RELEVANT,POLICY,,,kk_2,"Climate challenges, SCO summit"
KK-C01161,,KK,Egemen,https://egemen.kz/article/316919-manhghystaudynh-ekologiyasy-bozdap-tur,2022-06-30,Маңғыстаудың экологиясы «боздап» тұр,"Маңғыстау экологиясы көп өзгерді. Қазіргі ту-талақай тақырды бұрын көк шөбі белуардан келетін көгалды тұс десе ешкім сенбес еді. Апталап соғатын, тіпті",RELEVANT,AGRI_LAND,RELEVANT,AGRI_LAND,,1,kk_2,"Mangystau pastures degraded, desertification"
KK-A00566,,KK,Azattyq,https://www.azattyq.org/a/27045667.html,2015-05-31,Күннен қуат алатын ұшақ сапарға аттанды,"Күн энергиясынан қуат алатын Solar Impulse 2 ұшағына мінген швейцариялық ұшқыш Андре Боршберг бүгін Қытайдың шығысындағы Нанкин қаласынан жалғыз өзі ұзақ сапарға шықты. Ол Тынық мұхитының үстімен алты күнде 8500 шақырым қашықтықты артқа тастап, Гавай аралдарына ұшып жетпек. Бұл жалғыз адамдық...",RELEVANT,ENERGY,NOT_RELEVANT,,,1,kk_1,"solar plane flight, no climate frame"
KK-A00307,,KK,Azattyq,https://www.azattyq.org/a/1170844.html,2007-01-24,Давос қаласында бүгін Дүниежүзілік экономикалық форум басталады,"Дәстүрлі мәслихатқа бизнес, саясат, ғылым, баспасөз, азаматтық қоғам салаларынан екі мыңнан астам жетекші келеді. Бес күн жалғасатын форумда ғаламдық ауа-райының жылынуы, Израиль-Палестина дауы, ғаламдық энергетика саудасының мәселелері талқыланбақ. Қазақстан делегациясын президент әкімшілігі...",RELEVANT,POLICY,NOT_RELEVANT,,,,kk_2,
KK-D03261,,KK,Egemen,https://egemen.kz/article/159316-zhasyl-klimat-qory-qazaqstangha-qardgy-boldi,2017-10-06,Жасыл климат қоры Қазақстанға қаржы бөлді,Жасыл климат қоры (GCF) жаңартылатын энергия көздерін Еуропалық қайта құру және даму банкінің (ЕҚДБ) негіздемелік бағдарламасы бойынша жаңартылатын,RELEVANT,ENERGY,RELEVANT,POLICY,,1,kk_2,Green Climate Fund finances renewables
KK-A00087,,KK,Azattyq,https://www.azattyq.org/a/27692016.html,2016-04-23,Париж климат келісіміне 175 мемлекет қол қойды,БҰҰ-ның Нью-Йорктегі штаб-пәтерінде әлемнің 175 мемлекетінің жоғары лауазымды өкілдері Парижде қабылданған ғаламдық климаттың өзгеруімен күрес келісіміне қол қойды. БҰҰ бас хатшысы Пан Ги Мун ашқан қол қою рәсімінде құжатқа алғашқы болып Франция президенті Франсуа Олланд қол қойды. Сонымен бірге...,RELEVANT,POLICY,RELEVANT,POLICY,,,kk_1,175 nations sign Paris agreement
KK-A00096,,KK,Azattyq,https://www.azattyq.org/a/1747374.html,2009-06-05,Тянь-Шаньнің 2 мыңнан астам мұздығы еріп кеткен,"Ғаламдық ауа-райының жылынуы нәтижесінде планетаның ірі тау массивтерінің бірі Тянь-Шань 8 200 мұздығының 2 мыңнан астамын жоғалтты, — деп хабарлады Қырғызстан қоршаған ортаны қорғау мен орман шаруашылығы жөніндегі мемлекеттік агенттігі директорының орынбасары Айтқұл Бұрханов. «Таулы...",RELEVANT,WATER_CRYO,RELEVANT,WATER_CRYO,,,kk_1,Tian Shan glaciers lost to warming
KK-D00289,,KK,Egemen,https://egemen.kz/article/181679-transshekaralyq-ozender-ortaq-su-qalay-bolinbek,2019-02-04,Трансшекаралық өзендер: ортақ су қалай бөлінбек?,"Трансшекаралық өзендер Қазақстанның экологиялық және стратегиялық сұрағы. Себебі Ертіс, Іле, Сырдария, Жайық, Тобыл, Есіл және Шу секілді елдің бас",RELEVANT,WATER_CRYO,RELEVANT,WATER_CRYO,,,kk_1,transboundary rivers water sharing
KK-A00114,,KK,Azattyq,https://www.azattyq.org/a/33199551.html,2024-11-12,"Нұрқаділов өлімі, ""Нұр Отанның"" мұрагері, жаһан климаты – AzatNEWS | 12.11.2024",Заманбек Нұрқаділовтің жұмбақ жағдайда қаза тапқанына 19 жыл. Істің қайта тергелуіне не кедергі? Amanat партиясы халықтан неге кешірім сұрау керек? Белсендінің көздегені не? Әзербайжан астанасында жаһандық климат саммиті өтіп жатыр. Қазақстан президентін қандай мәселе алаңдадаты?,RELEVANT,POLICY,NOT_RELEVANT,,,,gold,IAA adjudicated gold
KK-01373,,KK,Egemen,https://egemen.kz/article/411558-toqaev-aral-basseynindegi-ekologiyalyq-akhual-alanhdatarlyq,2026-04-22,Тоқаев: Арал бассейніндегі экологиялық ахуал алаңдатарлық,Қасым-Жомарт Тоқаев Халықаралық Аралды құтқару қоры құрылтайшы мемлекеттер басшылары кеңесінің отырысында Солтүстік Аралдың экожүйесін қалпына келтіру бойынша…,RELEVANT,WATER_CRYO,RELEVANT,WATER_CRYO,,,kk_2,Aral basin ecological situation worrying
KK-C01059,,KK,Egemen,https://egemen.kz/article/350670-kezdesu-ozegi-–-dinaralyq-dialogti-damytu,2023-10-11,Кездесу өзегі – дінаралық диалогті дамыту,Парламент Сенатының төрағасы – Съезд хатшылығының басшысы Мәулен Әшімбаев Әлемдік және дәстүрлі діндер көшбасшылары съезі хатшылығының ХХІ отырысына,NOT_RELEVANT,,NOT_RELEVANT,,,,kk_2,
KK-D00574,,KK,Egemen,https://egemen.kz/article/167293-khalyqaralyq-qatynastar-qorghanys-dgane-qauipsizdik-komitetine-dganha-khatshy-sa,2018-04-10,"Халықаралық қатынастар, қорғаныс және қауіпсіздік комитетіне жаңа хатшы сайланды","Бүгін Сенаттың Халықаралық қатынастар, қорғаныс және қауіпсіздік комитетіне жаңа хатшы сайланды.",NOT_RELEVANT,,NOT_RELEVANT,,,,gold,IAA adjudicated gold
KK-A00340,,KK,Azattyq,https://www.azattyq.org/a/1173367.html,2007-05-23,Каспий теңізінде биыл кемінде 10 мың итбалық қырылған сияқты,"Ресей Еуропадағы қауіпсіздік және ынтымақтастық ұйымына қайырылып, Каспий теңізінің табиғатына зиян келіп жатқанын зерттеуге шақырды. Ресей теңіз жануарлары мұнай мен газ өндірісімен айналысып жатқан компаниялардың себебінен қырылып жатыр дейді. Мәселе осы аптада Чехия астанасы Прагада өткен конференцияда талқыланды.",NOT_RELEVANT,,NOT_RELEVANT,,,,kk_2,
KK-C02336,,KK,Egemen,https://egemen.kz/article/318318-kiik-sanyn-retteu-maselesi-qayta-qaralatyn-boldy,2022-07-19,Киік санын реттеу мәселесі қайта қаралатын болды,"Бұл туралы Экология, геология және табиғи ресурстар министрі Серікқали Брекешев мәлім етті, деп хабарлайды. Egemen.kz.",NOT_RELEVANT,,NOT_RELEVANT,,,,gold,IAA adjudicated gold
KK-C01047,,KK,Egemen,https://egemen.kz/article/331948-qaraly-qanhtar-eldiktinh-syn-saghaty,2023-01-06,Қаралы қаңтар: Елдіктің сын сағаты,"Елімізді дүрліктірген Қаңтар қасіретіне 1 жыл болды. Бастапқыда бейбіт басталып, соңы қарулы қақтығысқа ұласқан осынау оқиға кезінде халқымыз үлкен",NOT_RELEVANT,,NOT_RELEVANT,,,,kk_1,
KK-C00200,,KK,Egemen,https://egemen.kz/article/256422-demalys-kunderi-elordada-qanday-madeni-sharalar-otedi,2020-11-19,Демалыс күндері елордада қандай мәдени шаралар өтеді,"Қаладағы мәдени ошақтар алдағы демалыс күндері қала тұрғындары мен қонақтарына арнап музыкалық қойылымдар, көрмелер мен экскурсиялар дайындады. Барлық",NOT_RELEVANT,,NOT_RELEVANT,,,,kk_1,
KK-D01231,,KK,Egemen,https://egemen.kz/article/173628-maqtaaralda-dganha-oqu-dgylyna-oray-4- mektep-paydalanugha-berildi,2018-08-29,Мақтааралда жаңа оқу жылына орай 4 мектеп пайдалануға берілді,Жаңадан құрылған Мақтаарал ауданында жаңа оқу жылына орай 4 мектеп пайдалануға берілді. Бүгін аудан әкімі Бақыт Асанов Жаңажол ауылдық округіндегі,NOT_RELEVANT,,NOT_RELEVANT,,,,kk_2,
KK-A00253,,KK,Azattyq,https://www.azattyq.org/a/33285164.html,2025-01-23,"Министрдің көлігі, полиция ұстаған белсенді, қылмысты ашуға талпыныс – AzatNEWS | 22.01.2025","Көлікті аулада 5 минуттан артық қыздырғанға айыппұл салу үкімет қазынасын толтыру ма, әлде экологияны қорғау ма? Экология министрі көлікті қыздыруға 5 минут жеткілікті дейді. Астаналықтар бұған келісе ме? Алматыда сатиралық паблик авторын қолдауға шыққан тағы бір белсендіні полиция ұстады.",NOT_RELEVANT,,NOT_RELEVANT,,,1,kk_1,"news digest, climate not foregrounded"
KK-D00537,,KK,Egemen,https://egemen.kz/article/369706-elordanynh-qarqaraly-tasdgolynda-qozghalys-ishinara-shekteledi,2024-08-05,Елорданың Қарқаралы тасжолында қозғалыс ішінара шектеледі,Астанада Қарқаралы тас жолының бір бөлігі жартылай жабылады,NOT_RELEVANT,,NOT_RELEVANT,,,,kk_1,
KK-C01188,,KK,Egemen,https://egemen.kz/article/184525-14-29-dgas-aralyghyndaghy-qazaqstandyqtar-zhastar-korpusyn-damytu-dgobasyna-qaty,2019-03-05,14-29 жас аралығындағы қазақстандықтар Жастар корпусын дамыту жобасына қатыса алады,"Жастар корпусын дамыту жобасы жастарды қоғам өміріне тарту және олардың қоғамға қызмет көрсету ісіне ат салысуды, жастар арасында өмірлік дағдыларды",NOT_RELEVANT,,NOT_RELEVANT,,,,kk_1,
KK-D00202,,KK,Egemen,https://egemen.kz/article/42128-toraghanynh-usynysy-qaraldy,2015-03-05,Төрағаның ұсынысы қаралды,"Парламент Сенаты Конс­ти­туциялық заңнама, сот жүйесі және құқық қорғау органдары комитетінің кеңейтілген отырысында Бақыт Сәрсенбайұлы Мелдешов пен",NOT_RELEVANT,,NOT_RELEVANT,,,,kk_2,
KK-C00771,,KK,Egemen,https://egemen.kz/article/268081-sot-dguyesin-dganhghyrtu-boyynsha-zanh-dgobalary-qaralady,2021-03-09,Сот жүйесін жаңғырту бойынша заң жобалары қаралады,Қазақстан Республикасы Парламенті Сенаты Бюросының мүшелері осы жылдың 11 наурызында өтетін Палата отырысының күн тәртібін бекітті. Депутаттар батып,NOT_RELEVANT,,NOT_RELEVANT,,,,kk_2,
KK-C01318,,KK,Egemen,https://egemen.kz/article/222225-semeyde-su-basudy-aldyn-alu-sharalary-bastaldy,2020-02-25,Семейде су басуды алдын алу шаралары басталды,"Семейде «Көктем-2020» республикалық командалық-штабтық жаттығуы басталды.Семей ақпараттық орталығы мәліметінше, шара аясында «Спартак» стадионында су",NOT_RELEVANT,,NOT_RELEVANT,,,,kk_1,
KK-D02028,,KK,Egemen,https://egemen.kz/article/260145-ortsaylaukom-khalyqaralyq-uyymdar-men-shet-memleketterdinh-bayqaushylaryn-akkred,2021-01-04,Ортсайлауком халықаралық ұйымдар мен шет мемлекеттердің байқаушыларын аккредиттеуді аяқтады,Бүгін ҚР Парламенті Мәжілісі және мәслихаттары депутаттарының 2021 жылғы 10 қаңтарға тағайындалған кезекті сайлауына халықаралық ұйымдар мен шет мемлекеттердің…,NOT_RELEVANT,,NOT_RELEVANT,,,,kk_1,
KK-D01508,,KK,Egemen,https://egemen.kz/article/38117-zertteu-natidgeleri-qaralghan-kenhes,2015-02-06,Зерттеу нәтижелері қаралған кеңес,"Қазақстан Республикасының Мем­лекеттік хатшысы Гүлшара Әб­діқалықова кеңес өткізді, деп хабарлады Президенттің баспасөз қызметі. Кеңесте этносаралық",NOT_RELEVANT,,NOT_RELEVANT,,,,kk_1,
KK-D01463,,KK,Egemen,https://egemen.kz/article/12166-khalyqaralyq-zanh-dgobalary-qoldau-tapty,2011-05-06,Халықаралық заң жобалары қолдау тапты,Кеше Сенат Төрағасы Қайрат Мәмидің жетекшілігімен өт­кен палатаның кезекті отырысында төрт мәселе депутаттар на­зарына ұсынылды. Соның екеуі келісімдерді,NOT_RELEVANT,,NOT_RELEVANT,,,,kk_2,
KK-A00197,,KK,Azattyq,https://www.azattyq.org/a/26626526.html,2014-10-08,Le Monde: Астана мен Париж келісімдері күдікке ілінді,"Францияда Николя Саркози президенттік еткен тұста Қазақстан мен Франция үкіметі арасында жасалған құны екі миллиард еуро көлеміндегі келісімнен заңсыз комиссиялық төлем алу фактісі бойынша тергеу басталды деп хабарлайды француздық Le Monde басылымына сілтеме жасаған BBC. Басылым дерегінше,...",NOT_RELEVANT,,NOT_RELEVANT,,,,kk_2,
KK-C02101,,KK,Egemen,https://egemen.kz/article/408032-qysqy-paralimpiada-qazaqstan-atynan-7-sportshy-syngha-tusedi,2026-03-02,Қысқы Паралимпиада: Қазақстан атынан 7 спортшы сынға түседі,Италияның Милан және Кортина-д’Ампеццо қалаларында өтетін XIV қысқы Паралимпиада ойындарының ашылуына санаулы күндер ғана қалды.,NOT_RELEVANT,,NOT_RELEVANT,,,,kk_1,
KK-D02090,,KK,Egemen,https://egemen.kz/article/342869-almaty-manhynda-gulder-alqabyn-taptap-otken-dgurgizushi-kopshiliktinh-ashuyn-tug,2023-05-25,Алматы маңында гүлдер алқабын таптап өткен жүргізуші көпшіліктің ашуын туғызды,"Әлеуметтік желідегі көздің жауын алатын қызылтаңдай гүлдер алқабына BMW көлігімен қойып кетіп, дриф жасаған жігіттің видеосы көпшіліктің ашуын туғызды,",NOT_RELEVANT,,NOT_RELEVANT,,,,kk_2,
KK-C01142,,KK,Egemen,https://egemen.kz/article/263044-elordada-koronaviruspen-kuresu-ushin-qanday-sharalar-qabyldanyp-dgatyr,2021-01-28,Елордада коронавируспен күресу үшін қандай шаралар қабылданып жатыр,Елорда әкімінің орынбасары Бақтияр Мәкен қаланың қоғамдық кеңесінің отырысында коронавирус пандемиясымен күресу бойынша қабылданып жатқан шаралар туралы,NOT_RELEVANT,,NOT_RELEVANT,,,,kk_2,
KK-D01924,,KK,Egemen,https://egemen.kz/article/361612-qostanay-oblysynda-aldyn-ala-evakuatsiyalau-sharalary-dgurip-dgatyr,2024-04-05,Қостанай облысында алдын ала эвакуациялау шаралары жүріп жатыр,"Облыстық жедел штабтың ресми мәліметі бойынша Денисов ауданы Денисов ауылынан 110 адам, Қарабалық ауданының Святослав ауылынан 10 адам эвакуацияланған.",NOT_RELEVANT,,NOT_RELEVANT,,,1,kk_2,"Flood evacuation op, no climate frame"
KK-D01126,,KK,Egemen,https://egemen.kz/article/314433-shankhay-khalyqaralyq-kinofestivali-biyl-otpeydi,2022-06-06,Шанхай халықаралық кинофестивалі биыл өтпейді,"Биыл маусымда өтуі тиіс 25-ші Шанхай халықаралық кинофестивалі (SIFF) келесі жылға ауыстырылды, деп хабарлайды Egemen.kz",NOT_RELEVANT,,NOT_RELEVANT,,,,kk_2,
KK-C01544,,KK,Egemen,https://egemen.kz/article/184967-khalyqaralyq-sintetikalyq-esirtki-dgetkizu-arnasynynh-dgoly-kesildi,2019-03-11,Халықаралық синтетикалық есірткі жеткізу арнасының жолы кесілді,Қазақстан Республикасы Ұлттық қауіпсіздік комитеті Ресейден Қазақстанға синтетикалық есірткі контрабандасына және оларды Павлодар облысының аумағында,NOT_RELEVANT,,NOT_RELEVANT,,,,kk_2,
KK-C01005,,KK,Egemen,https://egemen.kz/article/377755-astanada-khalyqaralyq-izdeude-dgurgen-qylmysker-ustaldy,2024-12-06,Астанада халықаралық іздеуде жүрген қылмыскер ұсталды,Астана полиция департаменті экстремизмге қарсы іс-қимыл басқармасының қызметкерлері «Учаске» жедел-алдын алу іс-шарасы барысында халықаралық іздеуде,NOT_RELEVANT,,NOT_RELEVANT,,,,kk_1,
KK-C01420,,KK,Egemen,https://egemen.kz/article/317683-usharal-auedgayynynh-auqymy-kenheyedi,2022-07-12,Үшарал әуежайының ауқымы кеңейеді,Мәжіліс депутаттары Данияр Әлімбаев пен Әлия Әбсеметова Жетісу облысына сапары барысында Алакөл ауданындағы кәсіпкерлік және туризм саласының өкілдерімен,NOT_RELEVANT,,NOT_RELEVANT,,,,kk_1,
KK-D01041,,KK,Egemen,https://egemen.kz/article/390882-qazaqstandyq-oqushylar-icho-2025-khalyqaralyq-khimiya-olimpiadasyna-attandy,2025-07-05,Қазақстандық оқушылар IChO-2025 халықаралық химия олимпиадасына аттанды,5–14 шілде аралығында Біріккен Араб Әмірліктерінде 57-ші Халықаралық химия олимпиадасы (IChO-2025) өтеді. Олимпиадаға 90-нан астам елдің үздік жас,NOT_RELEVANT,,NOT_RELEVANT,,,,gold,IAA adjudicated gold
KK-A00020,,KK,Azattyq,https://www.azattyq.org/a/1156009.html,2004-12-13,"Жол апатынан 3 адам қаза болып, 20-дан астам адам жарақат алды","Қазақстан Республикасының төтенше жағдайлар жөніндегі министрлігінің желтоқсанның 13-і күнгі мәліметіне қарағанда, Петропавл-Ташкент бағытында кетіп бара жатқан автобус аударылып, бірнеше адам қаза тапқан. Автобус ішінде болған 38 жолаушының дені Өзбекстан азаматтары екен. Олардың 20-дан астамы Балқаш қаласының ауруханасы мен Приозерск кентіндегі әскери госпитальға жеткізілген. Алдын-ала мәліметтерге қарағанда, ол азаматтар Ресейде жұмыс істеп Қазақстан арқылы елдеріне қайтпақ болған.",NOT_RELEVANT,,NOT_RELEVANT,,,,kk_2,
KK-D02728,,KK,Egemen,https://egemen.kz/article/332764-ukimette-astana-manhyndaghy-eldi-mekenderdi-damytudynh-dgospary-qaraldy,2023-01-16,Үкіметте Астана маңындағы елді мекендерді дамытудың жоспары қаралды,ҚР Премьер-Министрі Әлихан Смайыловтың төрағалығымен өткен кеңесте салалық тұжырымдамалардың жобалары мен Астана маңындағы елді мекендерді,NOT_RELEVANT,,NOT_RELEVANT,,,,kk_2,
KK-D01688,,KK,Egemen,https://egemen.kz/article/118557-madgilis-dgalpy-otyrysta-qaralatyn-maselelerdi-naqtylady,2017-03-24,Мәжіліс жалпы отырыста қаралатын мәселелерді нақтылады,"Бүгін төменгі палата спикері Нұрлан Нығматулиннің төрағалығымен Мәжіліс бюросы алдағы жалпы отырыстың күн тәртібін нақтылады, деп хабарлайды Мәжіліс",NOT_RELEVANT,,NOT_RELEVANT,,,,kk_1,
KK-D03713,,KK,Egemen,https://egemen.kz/article/292260-expo-2020-qazaqstan-pavilonynda-khalyqaralyq-iskerlik-kezdesuler-otti,2021-10-08,EXPO-2020: Қазақстан павильонында халықаралық іскерлік кездесулер өтті,EXPO-2020 Dubai дүниежүзілік көрмесінде Қазақстан Республикасының Ұлттық павильонының жұмыс аптасының басталуы «ҚазСтандарт» РМК басшылығының стандарттау,NOT_RELEVANT,,NOT_RELEVANT,,,,kk_2,
KK-D03432,,KK,Egemen,https://egemen.kz/article/398518-biyl-mugedektikti-belgileu-boyynsha-syrttay-formatta-qansha-otinim-qaraldy,2025-11-06,Биыл мүгедектікті белгілеу бойынша сырттай форматта қанша өтінім қаралды?,2025 жыл басталғалы бері мүгедектік тобын белгілеу үшін медициналық-әлеуметтік сараптама жүргізудің сырттай форматы,NOT_RELEVANT,,NOT_RELEVANT,,,,kk_1,
KK-C00855,,KK,Egemen,https://egemen.kz/article/220267-manhghystau-sotynda-bir-dgylda-21-655-is-qaralyp-ayaqtalghan,2020-02-10,Маңғыстау сотында бір жылда 21 655 іс қаралып аяқталған,Маңғыстау облыстық соты азаматтық істер жөніндегі сот алқасының төрағасы Нұрсапа Примашев өңір бойынша есепті мерзімде азаматтық және әкімшілік істердің,NOT_RELEVANT,,NOT_RELEVANT,,,,gold,IAA adjudicated gold
KK-C01747,,KK,Egemen,https://egemen.kz/article/306777-mal-urlyghyna-qarsy-sharalar-udayy-dgurgizilip-keledi,2022-03-16,Мал ұрлығына қарсы шаралар ұдайы жүргізіліп келеді,Ел көлемінде наурыз айынан бастап «Мал ұрлығы» жедел алдын алу іс-шарасы өткізіліп келеді. Ішкі істер министрлігінде ұйымдастырылған брифинг барысында,NOT_RELEVANT,,NOT_RELEVANT,,,,kk_2,
KK-C02211,,KK,Egemen,https://egemen.kz/article/295988-khalyqaralyq-uyymdar-quttyqtauy,2021-11-11,Халықаралық ұйымдар құттықтауы,Жақында Жалпыұлттық халық санағының негізгі кезеңі аяқталды. Бірқатар халықаралық ұйымдар Ұлттық статистика бюросын деректерді жинау процесінің,NOT_RELEVANT,,NOT_RELEVANT,,,,kk_1,
KK-C01769,,KK,Egemen,https://egemen.kz/article/324154-prezident-turkistandaghy-khalyqaralyq-auedgaygha-bardy,2022-09-27,Президент Түркістандағы халықаралық әуежайға барды,"Мемлекет басшысы Қасым-Жомарт Тоқаевтың Түркістан облысына сапары жалғасуда, деп хабарлайды Egemen.kz Президенттің баспасөз қызметіне сілтеме жасап.",NOT_RELEVANT,,NOT_RELEVANT,,,,kk_1,
KK-A00031,,KK,Azattyq,https://www.azattyq.org/a/1623860.html,2009-05-08,«ЛУКОЙЛ» Каспийге инвестиция беруді жоспарлауда,"Ресейлік «ЛУКОЙЛ» мұнай компаниясы 2009-2013 жылдар аралығында Каспийдегі экологиялық қауіпсіздік бағдарламасын жүзеге асыру мақсатында 120 миллион рубль инвестиция беруді жоспарлап отыр, — деп хабарлайды РИА Новости. «2004-2008 жылдар аралығында Солтүстік Каспийдегі экологиялық қауіпсіздік...",NOT_RELEVANT,,NOT_RELEVANT,,,,kk_1,
KK-C00932,,KK,Egemen,https://egemen.kz/article/399711-bir-dgylda-2-mln-nan-astam-koshet-otyrghyzyldy-ekologtar-abay-oblysyndaghy-akhua,2025-11-21,«Бір жылда 2 млн-нан астам көшет отырғызылды»: Экологтар Абай облысындағы ахуалды түсіндірді,"Кең залға енді жайғасып болғанымызда жиынның бағыт-бағдары, әуелгі кіріспе сөзі айтылып біткен. Топты жиынды айтқанына иландырып, еріксіз баурап әкететін",NOT_RELEVANT,,NOT_RELEVANT,,,,kk_1,
KK-D02607,,KK,Egemen,https://egemen.kz/article/264762-altay-kolginov-elorda-ekologiyasyn-qalay-dgaqsartu-keregin-aytty,2021-02-10,Алтай Көлгінов елорда экологиясын қалай жақсарту керегін айтты,Астана әкімдігі қала экологиясын жақсарту бойынша шараларға үлкен назар аударып келеді. Жұмыстар бірнеше бағыт бойынша жүргізіледі. Олар - қаланы ауқымды,NOT_RELEVANT,,NOT_RELEVANT,,,,kk_1,
KK-C01187,,KK,Egemen,https://egemen.kz/article/366582-ekologiya-festivali,2024-06-15,Экология фестивалі,«Таза Қазақстан. Астана – тазалық пен тәртіптің үлгісі» ауқым­ды экологиялық акциясы аясында елорда мектептерінде «Экокүн» экологиялық фестивалі өтті.,NOT_RELEVANT,,NOT_RELEVANT,,,,gold,IAA adjudicated gold
KK-C01948,,KK,Egemen,https://egemen.kz/article/221312-ukimette-elektrondyq-saudany-damytu-maseleleri-qaraldy,2020-02-18,Үкіметте электрондық сауданы дамыту мәселелері қаралды,Премьер-Министр Асқар Маминнің төрағалығымен өткен Үкімет отырысында электрондық сауданы дамыту мәселелері қаралды. Бұл туралы Премьер-Министрдің баспасөз,NOT_RELEVANT,,NOT_RELEVANT,,,,kk_2,
KK-D02226,,KK,Egemen,https://egemen.kz/article/115841-qazaq-kuresininh-khalyqaralyq-federatsiyasy-quryldy,2017-02-21,Қазақ күресінің халықаралық федерациясы құрылды,"Астанада Қазақ күресінің халықаралық федерациясын құру шешімі қабылданды, деп хабарлайды vesti.kz тілшісі. Бүгін, 21 ақпанда ұйым құрылтайшыларының",NOT_RELEVANT,,NOT_RELEVANT,,,,kk_1,
KK-D01428,,KK,Egemen,https://egemen.kz/article/345518-madgilis-deputattary-aqmola-oblysynda-birqatar-aleumettik-nysandy-aralady,2023-07-10,Мәжіліс депутаттары Ақмола облысында бірқатар әлеуметтік нысанды аралады,"«AMANAT» фракциясының мүшелері Айна Мысырәлімова мен Наталья Дементьева Ақмола өңіріне жұмыс сапарымен барып, партияның сайлауалды бағдарламасы аясында",NOT_RELEVANT,,NOT_RELEVANT,,,,kk_2,
KK-D02823,,KK,Egemen,https://egemen.kz/article/6504-khalyqaralyq-tadgiribege-aynalyp-keledi,2010-11-24,Халықаралық тәжірибеге айналып келеді,Бас прокуратура қылмысқа қарсы күрес саласында халықаралық ынтымақтастықты нығайту бағытында елеулі іс-шаралар жүргізіп келеді. Бұл жұмыстардың мақсаты ­–,NOT_RELEVANT,,NOT_RELEVANT,,,,kk_2,
KK-D02495,,KK,Egemen,https://egemen.kz/article/21668-apatty-aymaqty-aralaydy,2013-07-30,Апатты аймақты аралайды,Кеше Қазақстан Президенті жанындағы Орталық коммуника­ция­лар қызметінің ресми өкілі Алтай Әбибуллаевтың қатысуымен журналистерге арналған кезекті брифинг,NOT_RELEVANT,,NOT_RELEVANT,,,1,kk_2,"Journalist tour briefing, disaster zone vague"
KK-C01638,,KK,Egemen,https://egemen.kz/article/313405-almatyda-al-farabi-iqbal -khalyqaralyq-forumy-otti,2022-05-27,Алматыда «Әл-Фараби - Иқбал» халықаралық форумы өтті,Алматыда «Әл-Фараби - Иқбал» халықаралық форумы өтті,NOT_RELEVANT,,NOT_RELEVANT,,,,kk_1,
KK-D01243,,KK,Egemen,https://egemen.kz/article/23991-bayqonhyr-ekologiyasy-qazaqstan-kodeksine-baghynuy-kerek,2013-10-09,Байқоңыр экологиясы Қазақстан кодексіне бағынуы керек,Бұрнағы күні Қоршаған ортаны қорғау министрі Нұрлан Қаппаров Парламент Мәжілісінің Үкімет сағатында есеп берді. Бұл кездесу депутаттар тарапынан үлкен,NOT_RELEVANT,,NOT_RELEVANT,,,,kk_2,
KK-C01346,,KK,Egemen,https://egemen.kz/article/249395-bukilalemdik-ekologiyalyq-aktsiya,2020-09-21,Бүкіләлемдік экологиялық акция,"Елордада Экология, геология және табиғи ресурстар министрлігінің бастамасымен бүкіләлемдік «World clean up day» экологиялық акция­сы өтті. Іс-шара аясында",NOT_RELEVANT,,NOT_RELEVANT,,,,kk_2,
KK-D01421,,KK,Egemen,https://egemen.kz/article/39528-aqtobede-khalyqaralyq-an-festivalininh-irikteu-kezenhi-otti-foto,2015-06-23,Ақтөбеде халықаралық ән фестивалінің іріктеу кезеңі өтті (фото),АҚТӨБЕ. 23 маусым. Ақтөбеде Қазақстанның Тұңғыш Президенті Нұрсұлтан Назарбаев атындағы орталық мәдениет және демалыс саябағында Ш.Қалдаяқов атындағы,NOT_RELEVANT,,NOT_RELEVANT,,,,kk_1,
KK-C01243,,KK,Egemen,https://egemen.kz/article/392183-qarashokeev-egistik-alqaptardy-aralady,2025-07-23,Қарашөкеев егістік алқаптарды аралады,"Жамбыл облысының әкімі Ербол Қарашөкеев Байзақ, Жамбыл, Жуалы аудандары мен Тараз қаласындағы егістік алқаптарды аралап, су шаруашылығы және өнеркәсіп",NOT_RELEVANT,,NOT_RELEVANT,,,,kk_1,
KK-D01210,,KK,Egemen,https://egemen.kz/article/171435-damu-qory-men-khalyqaralyq-qardgy-ortalyghy-ariptestik-dgayly-memorandumgha-qol-,2018-07-05,«Даму» Қоры мен Халықаралық қаржы орталығы әріптестік жайлы меморандумға қол қойды,Бүгін «Даму» кәсіпкерлікті дамыту қоры» АҚ Басқарма төрағасының орынбасары Дәулет Әбілқайыров пен «Астана» халықаралық қаржы орталығы (АХҚО) әкімшілігінің,NOT_RELEVANT,,NOT_RELEVANT,,,,kk_2,
KK-D00601,,KK,Egemen,https://egemen.kz/article/105667-aziya-parlamentaralyq-forumy-ayaqtaldy,2016-09-27,Азия парламентаралық форумы аяқталды,"Астанада екі күнге жалғасқан Ғылым, технологиялар және инновациялар жөніндегі Азия парламентаралық форумы аяқталды. Ислам ынтымақтастық ұйымына (ИЫҰ)",NOT_RELEVANT,,NOT_RELEVANT,,,,kk_2,
KK-C00084,,KK,Egemen,https://egemen.kz/article/315581-senatta-byuddgettinh-atqaryluy-turaly-esepter-qaraldy,2022-06-16,Сенатта бюджеттің атқарылуы туралы есептер қаралды,Сенат Спикері Мәулен Әшімбаевтың төрағалығымен Палата отырысы өтті. Онда сенаторлар Үкіметтің және Есеп комитетінің 2021 жылғы республикалық бюджеттің,NOT_RELEVANT,,NOT_RELEVANT,,,,kk_1,
KK-C01572,,KK,Egemen,https://egemen.kz/article/211849-elordada-xi-khalyqaralyq-ghylymi-tadgiribelik-konferentsiyasy-otti,2019-10-24,Елордада XI Халықаралық ғылыми-тәжірибелік конференциясы өтті,Сингапурлық инвесторлар елордада екі мектеп пен балабақша құрылысына 15 млрд теңге құяды. Бұл туралы Нұр-Сұлтан қаласы әкімдігінің баспасөз қызметі,NOT_RELEVANT,,NOT_RELEVANT,,,,kk_2,
KK-D03000,,KK,Egemen,https://egemen.kz/article/371274-paralimpiada-2024-qazaqstan-quramasynynh-qordgynyna-kumis-medal-tusti,2024-08-31,Паралимпиада-2024: Қазақстан құрамасының қоржынына күміс медаль түсті,"Паралимпиада ойындарында ел қоржына алғашқы медаль түсті, деп хабарлайды Egemen.kz.",NOT_RELEVANT,,NOT_RELEVANT,,,,kk_2,
KK-D02731,,KK,Egemen,https://egemen.kz/article/379656-ultaralyq-alauyzdyqty-qozdyrghan-aqmola-turghyny-sottaldy,2025-01-11,Ұлтаралық алауыздықты қоздырған Ақмола тұрғыны сотталды,"Ақмола облысы Астрахан ауданының прокуратурасымен ұлтаралық алауыздықты қоздыру фактісі бойынша қылмыстық істің ашық процесі ұйымдастырылды, деп",NOT_RELEVANT,,NOT_RELEVANT,,,,kk_1,
KK-D00483,,KK,Egemen,https://egemen.kz/article/255255-buqaralyq-sportqa-basa-man-berilip-keledi,2020-11-10,Бұқаралық спортқа баса мән беріліп келеді,"Мемлекет басшысы Қасым-Жомарт Тоқаев «Жаңа жағ­дай­дағы Қазақстан: Іс-қимыл кезеңі» атты Жолдауында «Бұқаралық спортқа, дене тәрбиесіне және бала­лар­ға",NOT_RELEVANT,,NOT_RELEVANT,,,,kk_1,
KK-D00990,,KK,Egemen,https://egemen.kz/article/248154-maldiv-araldary-turisterdi-qabyldau-eredgelerin-dganhartty,2020-09-09,Мальдив аралдары туристерді қабылдау ережелерін жаңартты,2020 жылдың 10 қыркүйегінен бастап Мальдив аралына келген барлық туристер мен қысқамерзімді келушілер ПТР-ден теріс нәтиже және денсаулық жағдайы туралы,NOT_RELEVANT,,NOT_RELEVANT,,,,kk_2,
KK-C00434,,KK,Egemen,https://egemen.kz/article/385548-uzdikter-daralanghan-doda,2025-04-16,Үздіктер дараланған дода,"Ақтауда каратэден (WKF) ересектер арасындағы еліміздің чемпионаты аяқталды. «Halyk Arena» әмбебап спорт кешенінде 400-ге тарта татами шебері ката, кумите",NOT_RELEVANT,,NOT_RELEVANT,,,,gold,IAA adjudicated gold
KK-C01104,,KK,Egemen,https://egemen.kz/article/239190-esirtki-tasymaldaghan-bayqonhyr-turghyny-aralda-ustaldy,2020-06-15,Есірткі тасымалдаған Байқоңыр тұрғыны Аралда ұсталды,"13 маусым күні Қызылорда облысы Полиция департаменті Жергілікті полиция қызметі басқармасының патрульдік полиция ротасының қызметкерлері ""Батыс Еуропа –",NOT_RELEVANT,,NOT_RELEVANT,,,,kk_1,
KK-D02721,,KK,Egemen,https://egemen.kz/article/155304-ekologiyalyq-qauipsiz-material,2017-07-14,Экологиялық қауіпсіз материал,"Бүгінгі күні әлемде қоршаған ортаның ластануы, табиғаттағы төтенше оқиғалардың көбеюі, соның салдарынан қоғамға келіп жатқан шығындардың артуы экологиялық",NOT_RELEVANT,,NOT_RELEVANT,,,,kk_1,
KK-C01832,,KK,Egemen,https://egemen.kz/article/251880-atyrauda-karantindik-shekteu-sharalary-uzartyldy,2020-10-12,Атырауда карантиндік шектеу шаралары ұзартылды,Атырау облысының бас мемлекеттік санитарлық дәрігері Асылбек Шаров,NOT_RELEVANT,,NOT_RELEVANT,,,,kk_1,
KK-C00760,,KK,Egemen,https://egemen.kz/article/308369-khalyqaralyq-avtobus-qatynasy-qashan-qalpyna-keledi,2022-04-04,Халықаралық автобус қатынасы қашан қалпына келеді?,"Пандемия кезінде облысаралық, халықаралық автобус қатынас­тары тоқтатылғаны мәлім. Өкінішке қарай, бұл жағдай са­ланы үлкен шығынға ұшы­рат­ты. Мәселен,",NOT_RELEVANT,,NOT_RELEVANT,,,,kk_2,
KK-C02344,,KK,Egemen,https://egemen.kz/article/242067-eko-belsendi-prezidenttinh-ekologiya-salasyndaghy-bastamasy-asa-manhyzdy,2020-07-11,Эко-белсенді: Президенттің экология саласындағы бастамасы аса маңызды,"Бес жылдан аса каспий итбалығы тақырыбын зерттеп жүрген эколог Әсел Баймұқанова ҚР Президентінің халық арасындағы, мектеп жасынан бастап, экологиялық",NOT_RELEVANT,,NOT_RELEVANT,,,,gold,IAA adjudicated gold
KK-C00073,,KK,Egemen,https://egemen.kz/article/238206-abay-mereytoyynynh-khalyqaralyq-tusaukeseri-otedi-ministr,2020-06-05,Абай мерейтойының халықаралық тұсаукесері өтеді - министр,Абай философиясы біздің мәдени және ұлттық бірегейлігіміздің ажырамас бөлігіне айналды. Бұл туралы Мәдениет және спорт министрі Ақтоты Райымқұлова,NOT_RELEVANT,,NOT_RELEVANT,,,,kk_2,
KK-D03445,,KK,Egemen,https://egemen.kz/article/158722-turkistanda-yasauitanu-khalyqaralyq-bayqauy-ayaqtaldy,2017-09-23,Түркістанда «Ясауитану» халықаралық байқауы аяқталды,"2017 жылды «Түркістан түркі әлемінің мәдени астанасы» деп жариялауына орай Қазақстан Республикасы Мəдениет және спорт министрлігі, «Әзірет Сұлтан»",NOT_RELEVANT,,NOT_RELEVANT,,,,kk_1,
KK-C02435,,KK,Egemen,https://egemen.kz/article/336201-ekologiya-akhualy-talqylandy,2023-02-23,Экология ахуалы талқыланды,«Amanat» партиясының республикалық сайлауалды штабының мүшелері өңірлерде сайлаушылармен кездесуді жалғастырып келеді. Бұл жолы аманаттықтар Қарағанды,NOT_RELEVANT,,NOT_RELEVANT,,,,kk_1,
KK-C02292,,KK,Egemen,https://egemen.kz/article/204949-zharamsyz-dgoldardynh-dgyry,2019-07-19,Жарамсыз жолдардың жыры,Ақтөбе тұтастай ел эконо­ми­касының өрге басуына өз үле­сін қосып келе жатқан өркенді өңір­лердің бірі. Облыста былтыр экономикалық өсім 5 пайызды құ­рауы,NOT_RELEVANT,,NOT_RELEVANT,,,,kk_2,
KK-D03478,,KK,Egemen,https://egemen.kz/article/246332-memlekettik-syylyqqa-usynylghan-dgumystar-qaraldy,2020-08-24,Мемлекеттік сыйлыққа ұсынылған жұмыстар қаралды,Мемлекеттік хатшы Қырымбек Көшербаевтың төрағалығымен әл-Фараби атындағы ғылым мен техника саласындағы Қазақстан Республикасының Мемлекеттік сыйлығын беру,NOT_RELEVANT,,NOT_RELEVANT,,,,kk_2,
KK-D02475,,KK,Egemen,https://egemen.kz/article/147113-turkiyadaghy-qazaqstandyq-turisterge-saqtyq-sharalaryn-saqtaugha-kenhes-berdi,2016-12-20,Түркиядағы қазақстандық туристерге сақтық шараларын сақтауға кеңес берді,"ҚР ИДМ Туризм индустриясы департаменті Түркияда жүрген қазақстандық туристерге сақ болу, қонақ үйден ұзамау және адам көп жиналған орындарға бармау",NOT_RELEVANT,,NOT_RELEVANT,,,,kk_2,
KK-C02244,,KK,Egemen,https://egemen.kz/article/245398-qazaqstangha-ekolog-zanhgerler-qadget,2020-08-14,Қазақстанға эколог-заңгерлер қажет,Экологиялық мәселелер халықтың әлеуметтік-экономикалық жағдайы мен денсаулығына кері әсер етуде. ҚР,NOT_RELEVANT,,NOT_RELEVANT,,,,kk_2,
KK-D03674,,KK,Egemen,https://egemen.kz/article/156219-manhghystau-ekologiyasy-masele-dgane-mindet,2017-08-01,Маңғыстау экологиясы: мәселе және міндет,"Таза ауа мен табиғаттың, қоршаған ортаның жайлылығы әркім үшін де алаңсыз өмір сүруде ең басты қа­жет­тіліктердің бірі. Технологияның қа­рыштап дамып,",NOT_RELEVANT,,NOT_RELEVANT,,,,kk_1,
KK-C01071,,KK,Egemen,https://egemen.kz/article/186500-baqyt-sultanov-elordamen-shekaralas-aumaqtardy-ushaqpen-aralady,2019-03-28,Бақыт Сұлтанов елордамен шекаралас аумақтарды ұшақпен аралады,Бүгін Нұр-Сұлтан қаласы Төтенше жағдайлар департаменті тасқынға қарсы жағдайды мониторингтен өткізу мақсатында қаланың шекералық аумағын айналып ұшу,NOT_RELEVANT,,NOT_RELEVANT,,,,kk_1,
KK-C00887,,KK,Egemen,https://egemen.kz/article/252756-shyghysta-shekteu-sharalary-engizildi,2020-10-20,Шығыста шектеу шаралары енгізілді,Шығыс Қазақстан облысының халқы арасында COVID-19 коронавирус инфекциясының алдын алу үшін шектеу шаралары енгізілді.,NOT_RELEVANT,,NOT_RELEVANT,,,,gold,IAA adjudicated gold
KK-C00729,,KK,Egemen,https://egemen.kz/article/234465-khalyqaralyq-golf-federatsiyasy-2020-dgylghy-alem-chempionaty-otpeydi,2020-05-12,Халықаралық гольф федерациясы: 2020 жылғы әлем чемпионаты өтпейді,"Халықаралық гольф федерациясы (IGF) 2020 жылы әуесқой командалар арасында өтетін әлем чемпионатының өтпейтінін мәлімдеді, деп хабарлайды Olympic.kz.",NOT_RELEVANT,,NOT_RELEVANT,,,,kk_1,
KK-C00255,,KK,Egemen,https://egemen.kz/article/229458-qazaqstandyqtardy-paskha-men-oraza-kezinde-karantindik-sharalardy-saqtaugha-shaq,2020-04-14,Қазақстандықтарды Пасха мен Ораза кезінде карантиндік шараларды сақтауға шақырды,"Қазақстан мұсылмандары діни басқармасының төрағасы, Бас мүфти Наурызбай қажы Тағанұлы және Қазақстандағы Орыс Православ Шіркеуінің Митрополиттік Округтың",NOT_RELEVANT,,NOT_RELEVANT,,,,kk_2,
KK-C00637,,KK,Egemen,https://egemen.kz/article/188124-elordada-ekologiyalyq-omir-salty-boyynsha-sheberlik-sabaghy-otedi,2019-04-16,Елордада экологиялық өмір салты бойынша шеберлік-сабағы өтеді,"Эко-белсенділер қоқысты бөліп жинау, биопакеттер және басқа да «жасыл бастамаларға» қатысты мәселелерді талқылауға шақырады деп хабарлайды қала",NOT_RELEVANT,,NOT_RELEVANT,,,,kk_2,
KK-D03302,,KK,Egemen,https://egemen.kz/article/298896-bayqonhyr-kesheni-dgetinshi-ukimetaralyq-komissiya-dgumysy-ne-deydi,2021-12-13,«Байқоңыр» кешені: жетінші үкіметаралық комиссия жұмысы не дейді,Бүгін Қазақстан Республикасы Премьер-Министрінің орынбасары Роман Скляр мен Ресей Федерациясы Премьер-Министрінің орынбасары Юрий Борисовтың төрағалығымен,NOT_RELEVANT,,NOT_RELEVANT,,,,kk_1,
KK-C00969,,KK,Egemen,https://egemen.kz/article/329952-zhedel-sharalardy-dguzege-asyru-tapsyryldy,2022-12-02,Жедел шараларды жүзеге асыру тапсырылды,Кеше Қазақстан Республикасы Президенті Әкімшілігі Басшысының бірінші орынбасары Тимур Сүлейменовтің төрағалығымен қысқы жылыту маусымына дайындық,NOT_RELEVANT,,NOT_RELEVANT,,,,kk_2,
KK-D00938,,KK,Egemen,https://egemen.kz/article/253487-eriktiler-men-politsiyanynh-qoghamdyq-komekshileri-almatydaghy-reydtik-is-sharal,2020-10-24,Еріктілер мен полицияның қоғамдық көмекшілері Алматыдағы рейдтік іс-шараларға қатысты,"Еріктілер мен полицияның қоғамдық көмекшілері Алматыдағы рейдтік іс-шараларға қатысты, – деп хабарлайдыEgemen.kz",NOT_RELEVANT,,NOT_RELEVANT,,,,kk_1,
KK-A00305,,KK,Azattyq,https://www.azattyq.org/a/1374213.html,2009-01-24,Қазақ-Үнді азаматтық ядролық келісімшартына қол қойылды,Ол бойынша ресми Астана Үндістан ядролық бекетін ядролық отынмен қамтамасыз ететін болады. Құжатқа президент Нұрсұлтан Назарбаевтің Делиге сапары кезінде бүгін қол қойылды. Сондай-ақ Каспий теңізіндегі Сәтпаев бөлігін игеру келісіміне де қол жеткізілді. Қазақстан-уран кеніштеріне бай әлем...,NOT_RELEVANT,,NOT_RELEVANT,,,,gold,IAA adjudicated gold
KK-C02063,,KK,Egemen,https://egemen.kz/article/340594-mughalimderge-oqushylardy-tarbielegeni-ushin-dgeke-aylyq-tolensin-nartay-aralbay,2023-04-20,Мұғалімдерге оқушыларды тәрбиелегені үшін жеке айлық төленсін - Нартай Аралбайұлы,"Депутат Нартай Аралбайұлы мәжілісте балалар арасындағы әлімжеттік пен тұрмыстағы зорлық-зомыбылық мәселесін көтерді, деп хабарлайды Egemen.kz.",NOT_RELEVANT,,NOT_RELEVANT,,,,kk_1,
KK-D03619,,KK,Egemen,https://egemen.kz/article/354187-khalyqaralyq-arkhivister-forumy-otti,2023-12-07,Халықаралық архивистер форумы өтті,"Мәдениет және ақпарат министрлігі Архив, құжаттама және кітап ісі комитеті, Астана қаласының әкімдігінің ұйымдастыруымен Қазақстан Республикасының «Ұлттық",NOT_RELEVANT,,NOT_RELEVANT,,,,kk_1,
KK-C00653,,KK,Egemen,https://egemen.kz/article/249299-khalyqaralyq-seminar-kenhes-otti,2020-09-18,Халықаралық семинар-кеңес өтті,"Мәдениет және спорт министрлігі Тіл саясаты комитетінің тапсырысы бойынша Шайсұлтан Шаяхметов атындағы ""Тіл-Қазына"" ұлттық ғылыми-практикалық орталығы",NOT_RELEVANT,,NOT_RELEVANT,,,,kk_2,
KK-D00180,,KK,Egemen,https://egemen.kz/article/6328-sharalar-auqymy-kenh,2010-11-13,Шаралар ауқымы кең,11 қарашада Қазақстан Республикасы Президентінің көмекшісі – Қауіпсіздік Кеңесінің хатшысы М.Тәжин Ұжымдық қауіпсіздік Шарты ұйымының (ҰҚШҰ) Бас хатшысы,NOT_RELEVANT,,NOT_RELEVANT,,,,kk_1,
KK-D01147,,KK,Egemen,https://egemen.kz/article/105661-ertenh-almatyda-golften-khalyqaralyq-turnir-bastalady,2016-09-27,Ертең Алматыда гольфтен халықаралық турнир басталады,"Әлемнің 132 елінен арнайы келген ойыншылар «Жайлау» гольф кешеніне жиналып, танысу рәсімін өткізеді. Ал, негізгі ойындар 29 қыркүйек пен 2 қазан",NOT_RELEVANT,,NOT_RELEVANT,,,,kk_1,
KK-C00750,,KK,Egemen,https://egemen.kz/article/231128-bayqonhyr-33-akimshilik-is-qaraldy,2020-04-22,Байқоңыр: 33 әкімшілік іс қаралды,ҚР ІІМ Байқоңыр қаласындағы өкілдігі қызметкерлері қауіпсіздік шараларын қамтамасыз ету мақсатында «Батыс Еуропа – Батыс Қытай» тасжолына екі тосқауыл,NOT_RELEVANT,,NOT_RELEVANT,,,,kk_2,
KK-C01997,,KK,Egemen,https://egemen.kz/article/400792-almatydaghy-dger-silkinisi-politseyler-men-ort-sondirushiler-aumaqtardy-aralap-d,2025-12-04,Алматыдағы жер сілкінісі: Полицейлер мен өрт сөндірушілер аумақтарды аралап жүр,"Мегаполистегі жер сілкінісінен кейін полиция жасағы мен өрт сөндіру көліктері аумақтарды аралап жүр, деп хабарлайды Egemen.kz.",NOT_RELEVANT,,NOT_RELEVANT,,,,kk_1,
KK-A00321,,KK,Azattyq,https://www.azattyq.org/a/28159223.html,2016-12-06,"""Балқаштық содырларды"" бас бостандығынан айыруды сұрады","Қарағанды облыстық сотында бүгін терроризм айыбы тағылған бірнеше адамның ісі бойынша сотта жарыссөз өтіп жатыр. ""Балқаштық террористер"" деп аталып кеткен сотталушыларды арнайы қызмет радикалдық топқа жатқызады. Бұл іс бойынша сегіз адам - А.Бақытжан, Т.Кеңес, У.Ерлан, К.Нұрбол, У.Думан,...",NOT_RELEVANT,,NOT_RELEVANT,,,,kk_2,
KK-D03608,,KK,Egemen,https://egemen.kz/article/198505-qazaqstan-turaly-dgarnamaly-beynerolik-bolgariyadaghy-khalyqaralyq-festivalde-dg,2019-04-24,Қазақстан туралы жарнамалы бейнеролик Болгариядағы халықаралық фестивальде жүлдеге ие болды,«Kazakh Tourism» ұлттық компаниясы түсірген «Біз қайда барамыз?» атымен белгілі бейнеролик Болгариядағы Велико-Тырново қаласында өткен XVI «On the East,NOT_RELEVANT,,NOT_RELEVANT,,,,kk_1,
KK-D00743,,KK,Egemen,https://egemen.kz/article/203052-omirzaq-shokeev-arysta-bulingen-aleumettik-nysandardy-aralap-shyqty,2019-06-24,Өмірзақ Шөкеев Арыста бүлінген әлеуметтік нысандарды аралап шықты,"Түркістан облысының әкімі Өмірзақ Шөкеев Арыс қаласында жарылыстан бүлінген әлеуметтік нысандарды аралап шықты, деп хабарлайды ҚазАқпарат тілшісі.",NOT_RELEVANT,,NOT_RELEVANT,,,,kk_1,
KK-D03457,,KK,Egemen,https://egemen.kz/article/243449-turkistan-oblysynda-koronavirustynh-taraluy-45-payyzgha-tomendegen,2020-07-25,Түркістан облысында коронавирустың таралуы 45 пайызға төмендеген,"Түркістан облысында да, қауіпті инфекцияның таралуы 45 пайызға төмендеді. Мамандардың айтуынша, өткен аптада ковид жұқтырғандар саны 293 болса, осы",NOT_RELEVANT,,NOT_RELEVANT,,,,gold,IAA adjudicated gold
KK-D03759,,KK,Egemen,https://egemen.kz/article/103313-dayyndyq-maseleleri-qaraldy,2016-08-02,Дайындық мәселелері қаралды,Қазақстан Премьер-Министрі Кәрім Мәсімов 12 тамызда Сочиде өтетін ЕАЭО елдері үкімет басшыларының отырысына дайындық мәселелері бойынша кеңес өткізді.,NOT_RELEVANT,,NOT_RELEVANT,,,,kk_2,
KK-D01016,,KK,Egemen,https://egemen.kz/article/296890-khkh-ghasyrdynh-gomeri-zhzhabaevqa-arnalghan-khalyqaralyq-konferentsiya-otti,2021-11-19,ХХ ғасырдың Гомері - Ж.Жабаевқа арналған халықаралық конференция өтті,"Ақын ескерткішіне гүл қойып, рухына тағзым ету рәсімінен басталған «ҰЛЫ ДАЛА АҚЫНЫ» атты халықаралық конференцияға ҚР Президенті Әкімшілігі Басшысының",NOT_RELEVANT,,NOT_RELEVANT,,,,kk_1,
KK-D02071,,KK,Egemen,https://egemen.kz/article/260248-maghzum-myrzaghaliev-ekologiyalyq-turizmdi-damytu-qadget,2021-01-05,Мағзұм Мырзағалиев: Экологиялық туризмді дамыту қажет,"Экология, геология және табиғи ресурстар министрі Мағзұм Мырзағалиев экологиялық туризмді дамыту жайында айтты, деп хабарлайды Egemen.kz.",NOT_RELEVANT,,NOT_RELEVANT,,,,gold,IAA adjudicated gold
KK-D02552,,KK,Egemen,https://egemen.kz/article/168183-ekologiya-tazalyghy-–-densaulyq-kepili,2018-04-30,Экология тазалығы – денсаулық кепілі,Жоғары дамыған жаңа ғасырға иек артып отырсақ та Қазақстан Республикасы басқа да кейбір елдермен қатар қоршаған ортаның проблемаларынан арыла алмай отыр.,NOT_RELEVANT,,NOT_RELEVANT,,,,kk_2,
KK-D02995,,KK,Egemen,https://egemen.kz/article/247726-amerikada-yadrolyq-synaqtargha-qarsy-khalyqaralyq-is-qimyl-kuni-atap-otildi,2020-09-05,Америкада Ядролық сынақтарға қарсы халықаралық іс-қимыл күні атап өтілді,"Америкалық беделді бейбітшілік және ядролық қарусыздану жөніндегі ""Arms Control Association"" үкіметтік емес ұйымы ""Center for Policy Research""",NOT_RELEVANT,,NOT_RELEVANT,,,,kk_1,
KK-C00576,,KK,Egemen,https://egemen.kz/article/346865-shqo-nynh-13-uchaskesinde-sel-dgurui-mumkin,2023-08-06,ШҚО-ның 13 учаскесінде сел жүруі мүмкін,"Шығыс Қазақстан облысы Төтенше жағдайлар департаментінің баспасөз қызметінің мәлімдеуінше, облыстың 13 учаскесінде сел жүру қаупі бар, деп",NOT_RELEVANT,,RELEVANT,DISASTER,,1,kk_1,mudflow (sel) risk warning
KK-C01490,,KK,Egemen,https://egemen.kz/article/363475-besikti-masqaralau-–-dasturdi-mansuqtau,2024-05-01,Бесікті масқаралау – дәстүрді мансұқтау,"«Жер астынан жік шықты, қос құлағы тік шықты» демеу­ші ме еді мұндайда. Негізі күлетін нәрсе емес. Жылағанда не табасыз? Мысқылдасаң – өз жұртың. Дегенмен",NOT_RELEVANT,,NOT_RELEVANT,,,,kk_2,
KK-D01791,,KK,Egemen,https://egemen.kz/article/290989-dinaralyq-dialog-maseleleri-talqylandy,2021-09-29,Дінаралық диалог мәселелері талқыланды,"Еліміздің жетекші орталықтары мен жоғары оқу орындарының ғылыми қызметкерлері дінаралық диалог мәселелерін талқылады, деп жазады Egemen.kz ҚР Ақпарат және",NOT_RELEVANT,,NOT_RELEVANT,,,,gold,IAA adjudicated gold
KK-D01863,,KK,Egemen,https://egemen.kz/article/252119-maqtaaralda-onerkasip-onimi-osip-keledi,2020-10-14,Мақтааралда өнеркәсіп өнімі өсіп келеді,"Мақтаарал ауданында өнеркәсіп өнімінің көлемі өткен жылы 3,2 млрд тең­гені құраса, биыл 12,5 млрд теңгеге жетті. Осылайша 8 ай­дың қо­ры­тындысымен өнім",NOT_RELEVANT,,NOT_RELEVANT,,,,kk_2,
KK-D00680,,KK,Egemen,https://egemen.kz/article/294560-ulttyq-sanaq-birqatar-qala-men-audandarda-uylerdi-aralap-boldy,2021-10-28,Ұлттық санақ: Бірқатар қала мен аудандарда үйлерді аралап болды,"Еліміздің бірқатар қаласы мен аудандарында үйлерді аралау жұмыстары аяқталды, деп жазады Egemen.kz Ұлттық статистика бюросының баспасөз қызметіне сілтеме",NOT_RELEVANT,,NOT_RELEVANT,,,,kk_2,
KK-D00067,,KK,Egemen,https://egemen.kz/article/11016-baghdarlama-dgobasy-qaraldy,2011-03-18,Бағдарлама жобасы қаралды,Кеше Премьер-Министр Кә­рім Мәсімов мұнай-газ сала­лары бо­йынша инвестициялық жоба­лар­ды жүзеге асыру мәсе­лелері тал­­қы­лан­ған ведомство­аралық,NOT_RELEVANT,,NOT_RELEVANT,,,,kk_2,
KK-D02444,,KK,Egemen,https://egemen.kz/article/18800-zanhnamany-dgetildiru-qaraldy,2012-06-08,Заңнаманы жетілдіру қаралды,"Заңнаманы жетілдіру қаралды Жұма, 8 маусым 2012 7:54 Қуаныш Сұлтановтың төр­ағалы­ғымен Президент жа­нын­дағы Адам құқықтары жө­ніндегі комиссиясы",NOT_RELEVANT,,NOT_RELEVANT,,,,kk_1,
KK-D00958,,KK,Egemen,https://egemen.kz/article/238090-maqtaaralda-turghyndargha-otemaqy-berile-bastady,2020-06-04,Мақтааралда тұрғындарға өтемақы беріле бастады,"Тасқын судан зардап шеккен Мақтаарал ауданы Жаңатұрмыс, Жеңіс, Фердоуси, Достық, Өргебас елді мекендерінің 6314 азаматынан Үкімет тарапынан 100 мың",NOT_RELEVANT,,NOT_RELEVANT,,,,kk_1,
KK-D01692,,KK,Egemen,https://egemen.kz/article/40504-qazaqstan-–-resey-parlamentaralyq-yntymaqtastyq-dgalghasady,2015-05-13,Қазақстан – Ресей: Парламентаралық ынтымақтастық жалғасады,Кеше Омбыда Қазақстан Республикасы Парламенті Сенаты мен Ресей Федерациясы Федералдық Жиналысы Федерация Кеңесі арасындағы Ынтымақтастық жөніндегі,NOT_RELEVANT,,NOT_RELEVANT,,,,gold,IAA adjudicated gold
KK-C00958,,KK,Egemen,https://egemen.kz/article/356899-qasym-zhomart-toqaev-seysmikalyq-qauipsizdik-sharalaryn-qayta-qarau-kerek,2024-01-26,Қасым-Жомарт Тоқаев: Сейсмикалық қауіпсіздік шараларын қайта қарау керек,Президент Қасым-Жомарт Тоқаевтың төрағалығымен Алматы қаласында сейсмикалық қауіп­сіздікті қамтамасыз ету мәсе­ле­лері жөнінде кеңес өтті. Жиын­ға,NOT_RELEVANT,,NOT_RELEVANT,,,,gold,IAA adjudicated gold
KK-C02481,,KK,Egemen,https://egemen.kz/article/282748-qoryqty-velosipedpen-aralaydy,2021-07-25,Қорықты велосипедпен аралайды,Қостанайлық әуесқой велоспортшылар Науырзым қорығына велосипедпен барып қайтуды жөн көріп отыр. Шараны ұйымдастырып жатқан «Қостанай велоқауымдастығы»,NOT_RELEVANT,,NOT_RELEVANT,,,,kk_2,
KK-D01628,,KK,Egemen,https://egemen.kz/article/110601-astanada-bakudegi-qaraly-qanhtar-turaly-fotokorme-ashyldy,2017-01-13,Астанада Бакудегі «Қаралы қаңтар» туралы фотокөрме ашылды,Бүгін Қазақстан Республикасының Тұңғыш Президенті – Елбасы кітапханасының Музей ғимаратында Бакудегі 1990 жылғы 20 қаңтардағы қайғылы оқиғаларға арналған,NOT_RELEVANT,,NOT_RELEVANT,,,,kk_2,
KK-C00743,,KK,Egemen,https://egemen.kz/article/283628-ukimette-biznesti-qoldau-dgonindegi-sharalardy-iske-asyru-barysy-qaraldy,2021-08-03,Үкіметте бизнесті қолдау жөніндегі шараларды іске асыру барысы қаралды,"ҚР Премьер-Министрі Асқар Маминнің төрағалығымен өткен Үкімет отырысында бизнесті қолдау жөніндегі дағдарысқа қарсы шараларды іске асыру барысы қаралды,",NOT_RELEVANT,,NOT_RELEVANT,,,,kk_1,
KK-C01487,,KK,Egemen,https://egemen.kz/article/384986-shekaralyq-auyldaghy-sharapatty-sharua,2025-04-08,Шекаралық ауылдағы шарапатты шаруа,"Үшқатты – облыс орталығынан 350 шақырым, Әйтеке би ауданы орталығы Темірбек Жүргенов ауылынан 75 ша­қы­рым қашықтықта орналасқан, 400-ге жуық тұрғыны бар,",NOT_RELEVANT,,NOT_RELEVANT,,,,kk_1,
KK-D03539,,KK,Egemen,https://egemen.kz/article/164415-qaraly-uydi-qaryzgha-batyru-kunaqarlyq,2018-01-31,Қаралы үйді қарызға батыру - күнәһарлық,"Ажал айтып келмейді. Аяқ астынан көз жұмған жанның жақындары қайғы жұтып қана қоймай, ас беруде абдырап қалып жатады. Оған аруақ риза болсын дегеннен",NOT_RELEVANT,,NOT_RELEVANT,,,,kk_1,
KK-C02410,,KK,Egemen,https://egemen.kz/article/228593-onhirlerdegi-su-tasqyny-kezenhininh-qauipsiz-otui-ushin-is-sharalar-dgurgizilude,2020-04-09,Өңірлердегі су тасқыны кезеңінің қауіпсіз өтуі үшін іс-шаралар жүргізілуде - Юрий Ильин,Бүгін Орталық коммуникациялар қызметі алаңында Ішкі істер министрінің орынбасары Юрий Ильин елдегі су тасқыны кезеңінің өтуі жайында баяндады.,NOT_RELEVANT,,NOT_RELEVANT,,,,kk_1,
KK-C01674,,KK,Egemen,https://egemen.kz/article/229453-qorghanys-ministrligi-tzh-redgimi-shenhberinde-qosymsha-sharalar-qabyldaydy,2020-04-14,Қорғаныс министрлігі ТЖ режимі шеңберінде қосымша шаралар қабылдайды,Аппарат кеңесі Қорғаныс министрлігінде өтті. Қорғаныс ведомствосының және Қарулы Күштер құрылымдық бөлімшелерінің басшылығы бейнебайланыс арқылы төтенше,NOT_RELEVANT,,NOT_RELEVANT,,,,gold,IAA adjudicated gold
KK-D02455,,KK,Egemen,https://egemen.kz/article/116303-is-sharalar-dgospary-bekitildi,2017-02-28,Іс-шаралар жоспары бекітілді,"Қасым-Жомарт Тоқаевтың төрағалық етуімен болған Сенат бюросының отырысында жоғарғы палатаның 2 наурызда болатын отырысының күн тәртібі талқыланды, деп",NOT_RELEVANT,,NOT_RELEVANT,,,,kk_2,
KK-C00766,,KK,Egemen,https://egemen.kz/article/213302-onhiraralyq-forumda-tanystyryldy,2019-11-12,Өңіраралық форумда таныстырылды,Ресейдің Омбы қаласында болған ынтымақтастықтың XVI аймақаралық форумында Солтүстік Қазақстан облысында ашылған «Qyzyljar» арнайы экономикалық аймағы,NOT_RELEVANT,,NOT_RELEVANT,,,,gold,IAA adjudicated gold
KK-C00306,,KK,Egemen,https://egemen.kz/article/225726-almaty-qosymsha-shekteu-sharalaryn-engizuge-madgbur,2020-03-25,Алматы: Қосымша шектеу шараларын енгізуге мәжбүр,Бүгін Алматыда профилактикалық және эпидемияға қарсы қосымша шектеу шараларын енгізуге байланысты кезекті онлайн-брифинг өтті.,NOT_RELEVANT,,NOT_RELEVANT,,,,kk_2,
KK-D00427,,KK,Egemen,https://egemen.kz/article/224402-prezident-elimizdinh-khalyqaralyq-rezervteri-90-milliard-dollargha-dgetti,2020-03-16,Президент: Еліміздің халықаралық резервтері 90 миллиард долларға жетті,Президент Қасым-Жомарт Тоқаев коронавирус пандемиясының жаһандық экономикаға әкелген теріс ықпалы жайында пікір білдірді.,NOT_RELEVANT,,NOT_RELEVANT,,,,kk_2,
KK-A00001,,KK,Azattyq,https://www.azattyq.org/a/1162570.html,2006-01-05,Ява аралында үздіксіз жауған жаңбырдан пайда болған көшкін кезінде жоғалып кеткендерді іздестіру жалғасуда,Индонезия. 200-ден астам адамның тағдыры белгісіз болып тұр. Құтқару шараларына әскерилер мен еріктілер жұмылдырылған. İздестіру ісі аралдың осы аптада су қаптауы салдарынан 100-ден астам адам опат болған шығыс жағында да жүргізілуде. Табиғат апатына ұшыраған аймаққа Индонезия президенті Сусило...,NOT_RELEVANT,,NOT_RELEVANT,,,,kk_1,
KK-C00772,,KK,Egemen,https://egemen.kz/article/200157-kaspiy-futbol-kluby-khalyqaralyq-dgarysta-dgaqsy-natidge-korsetti,2019-05-16,«Каспий» футбол клубы халықаралық жарыста жақсы нәтиже көрсетті,"Халықаралық жарысқа алғаш рет қатысқан 12 жастағы жасөспірімдер құрамасы Хорватия Республикасы, Сплит қаласында өткен турнирде үздік бестікке енген.",NOT_RELEVANT,,NOT_RELEVANT,,,,kk_1,
KK-C02362,,KK,Egemen,https://egemen.kz/article/206289-kolenhkeli-ekonomika-denhgeyin-tomendetu-sharalary-qarastyryldy,2019-08-08,Көлеңкелі экономика деңгейін төмендету шаралары қарастырылды,ҚР бірінші қаржы вице-министрі Берік Шолпанқұлов Үкіметтегі баспасөз конференциясында Қазақстандағы көлеңкелі экономика деңгейін төмендету шаралары туралы,NOT_RELEVANT,,NOT_RELEVANT,,,,kk_1,
KK-D02369,,KK,Egemen,https://egemen.kz/article/262522-uly-gaz-taralghanda-dgeldetkishter-sondiruli-turghan,2021-01-26,"Улы газ таралғанда, желдеткіштер сөндірулі тұрған",Ақтөбе облысының еңбек инс­пек­циясы басқармасының басшысы Саламат Аманбаев Хромтау ауданындағы «Ве­сенняя Аралчинская» шах­та­сындағы 4 кеншінің қазасына,NOT_RELEVANT,,NOT_RELEVANT,,,,kk_1,
KK-D00450,,KK,Egemen,https://egemen.kz/article/260344-erik-sultanov-sqo-audandaryn-aralady,2021-01-06,Ерік Сұлтанов СҚО аудандарын аралады,"Сенат депутаты Ерік Сұлтанов Солтүстік Қазақстан облысының Тайынша, Ақжар және Уәлиханов аудандарында болды. Сапар барысында ол жергілікті құс",NOT_RELEVANT,,NOT_RELEVANT,,,,kk_1,
KK-A00480,,KK,Azattyq,https://www.azattyq.org/a/syrdarya-su-tapshylygy/31399118.html,2021-08-08,Су тапшылығынан жоғарғы сағада тұратындар да зардап шегіп отыр,Орталық Азиядағы ең ұзын екі өзеннің мәселелері жағалауда тұратын халықтың өміріне әсер етіп отыр.,NOT_RELEVANT,,RELEVANT,WATER_CRYO,,,kk_1,water scarcity Syrdarya/Amudarya
KK-C02347,,KK,Egemen,https://egemen.kz/article/257610-berdibek-saparbaev-ultaralyq-qarym-qatynas-maselesine-dgiti-nazar-audaryluda,2020-12-02,Бердібек Сапарбаев: Ұлтаралық қарым-қатынас мәселесіне жіті назар аударылуда,Жамбыл обылысының әкімі Орталық коммуникациялар қызметінде өткен баспасөз мәслихатында облыс басшысы Бердібек Сапарбаев өңірдегі ұлтаралық қарым-қатынас,NOT_RELEVANT,,NOT_RELEVANT,,,,kk_2,
KK-D02325,,KK,Egemen,https://egemen.kz/article/330121-qandastardy-qabyldau-mekhanizmi-qayta-qaralady,2022-12-05,Қандастарды қабылдау механизмі қайта қаралады,Еңбек және халықты әлеуметтік қорғау министрі Тамара Дүйсенова ҚР Парламенті Мәжілісінде өткен үкімет сағатында депутаттарға Әлеуметтік кодекстің жобасын,NOT_RELEVANT,,NOT_RELEVANT,,,,kk_1,
KK-D01482,,KK,Egemen,https://egemen.kz/article/172298-dauren-abaev-bishkek-qalasynda-otken-xalyqaralyq-konferentsiyagha-qatysty,2018-07-28,Дәурен Абаев Бішкек қаласында өткен xалықаралық конференцияға қатысты,Жиында Министр «Цифрлық Қазақстан» бағдарламасының бес бағытын қысқаша түсіндіріп берді.,NOT_RELEVANT,,NOT_RELEVANT,,,,kk_2,
KK-C01029,,KK,Egemen,https://egemen.kz/article/201542-buqaralyq-is-sharalar-saylaushylardy-biriktiredi,2019-06-04,Бұқаралық іс-шаралар сайлаушыларды біріктіреді,"Сайлауалды үгіт-насихат жұмыстарының аясында жер-жерде түрлі форумдар, мәдени-спорттық іс-шаралар мен флешмобтар ұйымдастырылып жатыр. Олар кандидаттар",NOT_RELEVANT,,NOT_RELEVANT,,,,kk_2,
KK-C01988,,KK,Egemen,https://egemen.kz/article/309959-qazaqstanda-prokuraturanynh-dgumysy-qayta-qaraluy-mumkin,2022-04-20,Қазақстанда прокуратураның жұмысы қайта қаралуы мүмкін,"Бас прокуратура «Прокуратура туралы» Конституциялық заң жобасына реттеуші саясаттың консультативтік құжатын әзірледі, деп хабарлайды Egemen.kz.",NOT_RELEVANT,,NOT_RELEVANT,,,,kk_1,
KK-D02633,,KK,Egemen,https://egemen.kz/article/288130-kolenhkeli-ekonomikagha-qarsy-sharalar-talqylandy,2021-09-08,Көлеңкелі экономикаға қарсы шаралар талқыланды,ҚР ҚМ Мемлекеттік кірістер комитеті төрағасының орынбасары Жайдар Іңкәрбаев көлеңкелі экономикаға қарсы іс-қимыл жөніндегі іс-шаралар жоспары,NOT_RELEVANT,,NOT_RELEVANT,,,,kk_1,
KK-C01761,,KK,Egemen,https://egemen.kz/article/286821-paralimpiada-2020-dzyudoshy-temirdgan-daulet-altyn-ushin-kuresedi,2021-08-28,Паралимпиада-2020: Дзюдошы Теміржан Дәулет «алтын» үшін күреседі,"73 келіге дейінгі салмақта дзюдодан Паралимпиада турнирінің екінші финалисті анықталды, деп хабарлайды Egemen.kz",NOT_RELEVANT,,NOT_RELEVANT,,,,kk_1,
KK-C00905,,KK,Egemen,https://egemen.kz/article/245174-usharal-garnizony-tekserildi,2020-08-12,Үшарал гарнизоны тексерілді,"Қорғаныс министрі Нұрлан Ермекбаев Үшарал гарнизонына жұмыс сапарымен барды, деп хабарлайды Egemen.kz",NOT_RELEVANT,,NOT_RELEVANT,,,,kk_2,
KK-C02225,,KK,Egemen,https://egemen.kz/article/335815-elena-rybakina-bedeldi-khalyqaralyq-syylyqqa-usynyldy,2023-02-20,Елена Рыбакина беделді халықаралық сыйлыққа ұсынылды,"Уимблдон 2022 чемпионы және Australian Open 2023 финалисі қазақстандық Елена Рыбакина беделді Laureus сыйлығына үміткер болды, деп",NOT_RELEVANT,,NOT_RELEVANT,,,,kk_2,
KK-A00064,,KK,Azattyq,https://www.azattyq.org/a/1836392.html,2009-09-26,Шредер Набукко жобасын қолдады,Германияның бұрынғы канцлері Герхард Шредер Набукко газ құбырының салынуына қолдау білдірді. Бұл жоба Каспийден табиғи газды Еуропаға тасымалдауды көздейді. Астанада Еуразиялық энергетика форумында сөйлеген сөзінде Шредер Еуропа Набукко арқылы тасымалданатын қосымша газға мұқтаж деп атап...,NOT_RELEVANT,,NOT_RELEVANT,,,,kk_2,
KK-C01450,,KK,Egemen,https://egemen.kz/article/284191-almatynynh-kolderin-aralady,2021-08-09,Алматының көлдерін аралады,Қала қауіпсіздігі үшін Іле Алатауының құзар биіктіктеріндегі мұздан пайда болған көлдерді ара-тұра тексеріп тұ­руға тура келеді. Сел қауіп­сіздігін,NOT_RELEVANT,,RELEVANT,DISASTER,,1,kk_1,glacial lakes mudflow safety check
KK-C01317,,KK,Egemen,https://egemen.kz/article/341253-vi-paralimpiada-oyyndarynda-elordalyq-66-sportshy-baq-synaydy,2023-04-29,VI Паралимпиада ойындарында елордалық 66 спортшы бақ сынайды,"Бүгін Астанадағы «Qazaqstan» жеңіл атлетикалық манежінде елордалық спортшыларды VI Паралимпиадалық ойындарына салтанатты түрде шығарып салу рәсімі өтті,",NOT_RELEVANT,,NOT_RELEVANT,,,,gold,IAA adjudicated gold
KK-D02705,,KK,Egemen,https://egemen.kz/article/327549-zanh-kerueni-audan-aralap-dgur,2022-11-08,«Заң керуені» аудан аралап жүр,"Қызылорда облысының әкімі Н.Нәлібаев және өңірлік құқық қорғау органдарының басшылары аудандарды аралап, жергілікті халықпен кездесіп, әрбір тұрғынның",NOT_RELEVANT,,NOT_RELEVANT,,,,kk_1,
KK-C00659,,KK,Egemen,https://egemen.kz/article/380327-bilimdi-baghalaudynh-ulttyq-dguyesi-khalyqaralyq-sapa-belgisin-aldy,2025-01-22,Білімді бағалаудың ұлттық жүйесі халықаралық сапа белгісін алды,Білім алушылардың білім жетістіктерін мониторингілеу ұлттық құралы (ББЖМ) халықаралық аккредитациядан өтті. Бүгін Оқу-ағарту министрі Ғани Бейсембаев пен,NOT_RELEVANT,,NOT_RELEVANT,,,,gold,IAA adjudicated gold
KK-D00752,,KK,Egemen,https://egemen.kz/article/273048-zhambyl-oblysynda-shekteu-sharalary-kusheyedi,2021-04-28,Жамбыл облысында шектеу шаралары күшейеді,Жамбыл облысында коронавирус індетін жұқтырғандар саны артуда. Осыған байланысты облыс әкімі Бердібек Сапарбаев коронавирустық инфекцияның таралуына қарсы…,NOT_RELEVANT,,NOT_RELEVANT,,,,kk_2,
KK-D00315,,KK,Egemen,https://egemen.kz/article/161539-euraziyalyq-ekonomikalyq-odaqtynh-keden-kodeksi-turaly-zanh-dgobasy-qaraldy,2017-11-21,Еуразиялық экономикалық одақтың Кеден кодексі туралы заң жобасы қаралды,"Парламент Сенаты Экономикалық саясат, инновациялық даму және кәсіпкерлік комитетінің кеңейтілген отырысында «Еуразиялық экономикалық одақтың Кеден кодексі",NOT_RELEVANT,,NOT_RELEVANT,,,,gold,IAA adjudicated gold
KK-C02036,,KK,Egemen,https://egemen.kz/article/207623-qostanayda-orkestrler-men-ansamblderdinh-tunhghysh-khalyqaralyq-festivali-otip-d,2019-08-29,Қостанайда оркестрлер мен ансамбльдердің тұңғыш халықаралық фестивалі өтіп жатыр,"«Түркі әлемі» фестивалі Қостанай облысы әкімдігі мен облыстық мәдениет басқармасының қолдауымен өтіп жатыр. Оған Алматыдан «Хассақ» ансамьблі,",NOT_RELEVANT,,NOT_RELEVANT,,,,kk_2,
KK-D01997,,KK,Egemen,https://egemen.kz/article/110194-elordada-ddgiu-ddgitsudan-khalyqaralyq-turnir-otedi,2017-01-09,Елордада джиу-джитсудан халықаралық турнир өтеді,"Астана қаласында 27-29 қаңтар аралығында джиу-джитсудан Халықаралық рейтингтік «Kazakhstan National Pro Jiu-Jitsu Championship – Gi» турнирі өтеді, деп",NOT_RELEVANT,,NOT_RELEVANT,,,,kk_1,
KK-C00311,,KK,Egemen,https://egemen.kz/article/302256-ekologiya-vitse-ministri-men-okm-operatory-basshysy-ustaldy,2022-01-26,Экология вице-министрі мен «ӨКМ операторы» басшысы ұсталды,"Экология, геология және табиғи ресурстар вице-министрі Ахметжан Пірімқұлов пен «ӨКМ операторы» ЖШС басқарма төрағасы Медет Құмарғалиев ұсталды. Ақпаратты",NOT_RELEVANT,,NOT_RELEVANT,,,,kk_1,
KK-C02025,,KK,Egemen,https://egemen.kz/article/241362-saghyntaev-almatyda-shekteu-sharalarynynh-engizilgenin-dgariyalady,2020-07-04,Сағынтаев Алматыда шектеу шараларының енгізілгенін жариялады,"COVID-19 таралуын болдырмау үшін Алматыда 5 шілдеден бастап қатаң шектеу шараларын енгізіледі, - деп жазады Egemen.kz",NOT_RELEVANT,,NOT_RELEVANT,,,,gold,IAA adjudicated gold
KK-C01172,,KK,Egemen,https://egemen.kz/article/249318-madgilis-deputattary-“world-cleanup-day”-ekologiyalyq-aktsiyasyna-qatysty,2020-09-19,Мәжіліс депутаттары “World cleanup Day” экологиялық акциясына қатысты,"Мәжіліс депутаттары ""World cleanup Day"" атты ең ірі экологиялық акцияға қатысты. Қазақстан Дүниежүзілік тазалық күніне Мемлекет Басшысының ""Birge - taza",NOT_RELEVANT,,NOT_RELEVANT,,,,kk_1,
KK-A00448,,KK,Azattyq,https://www.azattyq.org/a/1358456.html,2008-12-11,Астана мен Таразда сегіз адам уланып ауруханаға түсті,"Астананың Сарыарқа ауданындағы, сондай-ақ Тараздағы жер үйлерде көмір жағатын пештің ақауының кесірінен сегіз адам, көмірқышқыл газынан уланып ауруханаға жатқызылды, оның төртеуі кішкене балалар, — деп хабарлайды ҚР Төтенше жағдайлар министрлігінің баспасөз қызметі.",NOT_RELEVANT,,NOT_RELEVANT,,,,gold,IAA adjudicated gold
KK-D01887,,KK,Egemen,https://egemen.kz/article/237668-adam-kop-dginalatyn-merekelik-sharalargha-ali-de-ruqsat-dgoq,2020-06-02,Адам көп жиналатын мерекелік шараларға әлі де рұқсат жоқ,Адам көп жиналатын кез келген мерекелік басқосуларға тыйым салынады. Бұл туралы Мемлекеттік бас санитарлық дәрігер Айжан Есмағамбетова Денсаулық сақтау,NOT_RELEVANT,,NOT_RELEVANT,,,,gold,IAA adjudicated gold
KK-D00074,,KK,Egemen,https://egemen.kz/article/104493-angren-pap-aralyghyndaghy-qamshyq-tonneli-iske-qosyldy,2016-08-29,«Ангрен-Пап» аралығындағы Қамшық тоннелі іске қосылды,Өзбекстанда Ташкент – Әндіжан арасында қатынайтын жолаушылар пойызы бірінші рет Ферғана жазығымен байланыстыратын «Ангрен – Пап» аралығындағы,NOT_RELEVANT,,NOT_RELEVANT,,,,kk_1,
KK-D01790,,KK,Egemen,https://egemen.kz/article/39695-bastama-khalyqaralyq-turki-akademiyasynda-talqylandy,2015-06-24,Бастама халықаралық Түркі академиясында талқыланды,Елбасы Н.Назарбаев Түркияның Бодрум қаласында 2014 жылғы 5 маусымда өткен Түркі кеңесінің ІV саммитінде түркі әлемінің ортақ ақпараттық кеңістігін,NOT_RELEVANT,,NOT_RELEVANT,,,,kk_2,
KK-C00486,,KK,Egemen,https://egemen.kz/article/392099-zhetisay-men-maqtaaralda-74-587-ga-egis-alqaby-suaryldy,2025-07-26,Жетісай мен Мақтааралда 74 587 га егіс алқабы суарылды,"Су ресурстары және ирригация министрі Нұржан Нұржігітов Түркістан облысына жұмыс сапарымен барып, жергілікті диқандарды суармалы сумен қамтамасыз ету",NOT_RELEVANT,,NOT_RELEVANT,,,1,kk_2,"Routine irrigation report, no climate frame"
KK-D03473,,KK,Egemen,https://egemen.kz/article/185195-nekesiz-tughan-balalardynh-quqyghy-parlamentte-qaraldy,2019-03-13,Некесіз туған балалардың құқығы Парламентте қаралды,"Балалардың құқықтық мәртебесін мойындауға адамзат ғасырлар бойы ұмтылып келеді. Кәмелетке толған, әрекетке қабілетті адамдарға қатысты баланың абсолютті,",NOT_RELEVANT,,NOT_RELEVANT,,,,kk_1,
KK-D00546,,KK,Egemen,https://egemen.kz/article/367527-qyrghyzstanda-sel-dgurdi-5-adam-qaza-tauyp-ondaghan-aula-su-astynda-qaldy,2024-06-29,"Қырғызстанда сел жүрді: 5 адам қаза тауып, ондаған аула су астында қалды","Қырғызстанның Ош облысы Ноокат ауданында сел ағындары түсіп, бес адам қаза тапты, деп хабарлайды Egemen.kz.",NOT_RELEVANT,,RELEVANT,DISASTER,,,kk_1,deadly mudflow (sel) Kyrgyzstan
KK-C01399,,KK,Egemen,https://egemen.kz/article/234141-maqtaaraldyqtarmen-bir­gemiz,2020-05-11,Мақтааралдықтармен бір­геміз,«Ауыл» партиясының «Біз – мақтааралдықтармен бір­геміз» атты қайырымдылық автокеруені Мақтаарал ауда­н­ын­дағы топан судан зардап шеккен ауылдарға аттанды.,NOT_RELEVANT,,NOT_RELEVANT,,,,kk_2,
KK-D02756,,KK,Egemen,https://egemen.kz/article/225408-khalyqaralyq-kanoe-federatsiyasy-olimpiada-dgoldamasyn-alemdik-reytingke-say-bol,2020-03-22,Халықаралық каноэ федерациясы Олимпиада жолдамасын әлемдік рейтингке сай бөледі,Халықаралық каноэ федерациясы (ICF) коронавирус індетінің таралуына байланысты слаломды есуден құрлықтық чемпионаттарды өткізбейді деп хабарлайды,NOT_RELEVANT,,NOT_RELEVANT,,,,kk_1,
KK-D03197,,KK,Egemen,https://egemen.kz/article/233871-alisher-usmanov-maqtaaraldyqtargha-5-mln-dollardan-astam-qardgy-audardy,2020-05-07,Алишер Усманов мақтааралдықтарға 5 млн доллардан астам қаржы аударды,Әлішер Усманов мақтааралдықтарға 5 млн АҚШ долларынан астам ақша аударды.,NOT_RELEVANT,,NOT_RELEVANT,,,,kk_1,
KK-D00814,,KK,Egemen,https://egemen.kz/article/293500-sqo-da-adam-saudasy-boyynsha-memleketaralyq-izdeude-dgurgen-sheteldik-ustaldy,2021-10-20,СҚО-да адам саудасы бойынша мемлекетаралық іздеуде жүрген шетелдік ұсталды,"Апта бойы базарлар, құрылыс нысандары, фермерлік шаруашылықтар мен өзге де нысандар солтүстікқазақстандық полицейлердің ерекше назарында болды.",NOT_RELEVANT,,NOT_RELEVANT,,,,kk_1,
KK-D01744,,KK,Egemen,https://egemen.kz/article/185180-bayqonhyr-qalasynda-sambodan-khalyqaralyq-turnir-otti,2019-03-13,Байқоңыр қаласында самбодан халықаралық турнир өтті,Спорттық самбо және жауынгерлік самбодан өткен турнирге Байқоңыр қаласында орналасқан құқық қорғау органдары өкілдері де қатысты.,NOT_RELEVANT,,NOT_RELEVANT,,,,gold,IAA adjudicated gold
KK-C01602,,KK,Egemen,https://egemen.kz/article/210196-qasym-zhomart-toqaev-valday-khalyqaralyq-pikirtalas-klubynynh-otyrysyna-qatysady,2019-10-03,Қасым-Жомарт Тоқаев «Валдай» халықаралық пікірталас клубының отырысына қатысады,Мемлекет басшысы Қасым-Жомарт Тоқаев Ресей Федерациясының Президенті Владимир Путиннің шақыруымен 3 қазанда Сочи қаласында өтетін «Валдай» халықаралық,NOT_RELEVANT,,NOT_RELEVANT,,,,kk_1,
KK-C01522,,KK,Egemen,https://egemen.kz/article/373007-ekologiyagha-paydaly-sheshim-qadget,2024-09-26,Экологияға пайдалы шешім қажет,Парламент Сенатының төрағасы Мәулен Әшімбаев бастауымен АЭС салуды қолдау жөніндегі Халық штабының мүшелері Абай облысына келді. Олар ауылшаруашылық,NOT_RELEVANT,,NOT_RELEVANT,,,1,kk_1,"nuclear plant advocacy, no climate frame"
KK-C00776,,KK,Egemen,https://egemen.kz/article/260361-aral-audanynynh-turghynynan-tirkelmegen-myltyq-tarkilendi,2021-01-06,Арал ауданының тұрғынынан тіркелмеген мылтық тәркіленді,"«Құқық тәртібі» жедел-алдын алу іс-шарасы барысында қызылордалық полицейлер Арал ауданы тұрғынының нөмірі өшірілген 16 калибрлі мылтығын тәркіледі, деп",NOT_RELEVANT,,NOT_RELEVANT,,,,kk_2,
KK-C00256,,KK,Egemen,https://egemen.kz/article/411867-olimge-akelui-mumkin-qazaqstannynh-4-onhirinde-asa-qauipti-virus-taralyp-dgatyr,2026-04-28,Өлімге әкелуі мүмкін: Қазақстанның 4 өңірінде аса қауіпті вирус таралып жатыр,Қазақстанда Конго-Қырым геморрагиялық қызбасының (КҚГҚ) таралу қаупі әлі де сақталып отыр,NOT_RELEVANT,,NOT_RELEVANT,,,,gold,IAA adjudicated gold
KK-D01585,,KK,Egemen,https://egemen.kz/article/155621-maqtaaral-audanynda-dgerdi-tiimdi-paydalanu-maqsatynda-arnayy-seminar-kenhes-ott,2017-07-20,Мақтаарал ауданында жерді тиімді пайдалану мақсатында арнайы семинар-кеңес өтті,"Мақтаарал ауданында жер реформасын жергілікті тұрғындарға түсіндіру, ауыл шаруашылық және кәсіпкерлік үшін қолданылып жатқан жерлерді тиімді пайдалану",NOT_RELEVANT,,NOT_RELEVANT,,,,kk_2,
KK-C01498,,KK,Egemen,https://egemen.kz/article/203255-qasym-zhomart-toqaev-bloomberg-khalyqaralyq-aqparat-agenttigine-sukhbat-berdi,2019-06-26,Қасым-Жомарт Тоқаев «Bloomberg» халықаралық ақпарат агенттігіне сұхбат берді,Бұл туралы ҚР Президентінің баспасөз хатшысы Берік Уәли Facebook-тегі парақшасында жазды.,NOT_RELEVANT,,NOT_RELEVANT,,,,kk_2,
KK-D01392,,KK,Egemen,https://egemen.kz/article/263093-ekologiyalyq-bilimsiz-tabighatty-saqtau-qiyn,2021-01-29,Экологиялық білімсіз табиғатты сақтау қиын,"Пандемия басталғалы бері еліміздің табиғатына түскен жүктеме бірнеше есеге артты. Өкінішке қарай, ішкі туризмнің әлеуеті көтерілгенімен, адамдардың",NOT_RELEVANT,,NOT_RELEVANT,,,,kk_1,
KK-C01141,,KK,Egemen,https://egemen.kz/article/229902-elektrondy-sauda-naryghy-bankaralyq-komissiyany-tomendetudi-qadget-etedi,2020-04-16,Электронды сауда нарығы банкаралық комиссияны төмендетуді қажет етеді,Карантин аяқталғаннан кейін шағын және орта бизнесті жылдам қалыпқа келтіру мақсатында электронды сауда саласының өкілдері банкаралық комиссияны,NOT_RELEVANT,,NOT_RELEVANT,,,,kk_1,
KK-D02689,,KK,Egemen,https://egemen.kz/article/176989-asqar-mamin-men-anton-siluanov-qazaqstan–resey-ukimetaralyq-komissiyasynynh-ot,2018-10-29,Асқар Мамин мен Антон Силуанов Қазақстан–Ресей үкіметаралық комиссиясының отырысын өткізді,27 қазан күні Қазан қаласында Қазақстан мен Ресей арасындағы ынтымақтастық жөніндегі үкіметаралық комиссияның XX отырысы өтті. Қазақстан тарапынан тең,NOT_RELEVANT,,NOT_RELEVANT,,,,kk_2,
KK-D01792,,KK,Egemen,https://egemen.kz/article/225714-manhghystau-ekologtar-auadaghy-aq-untaqtan-ziyan-dgoq-dep-khabarlady,2020-03-25,Маңғыстау: Экологтар ауадағы ақ ұнтақтан зиян жоқ деп хабарлады,"Маңғыстаудағы бірқатар бұқаралық ақпарат құралдарында кейбір аумақтарда шаң көтеріліп, белгісіз ақ ұнтақ адамдардың киімдеріне және темір тұлпарларына",NOT_RELEVANT,,NOT_RELEVANT,,1,,kk_1,
KK-00726,,KK,Egemen,https://egemen.kz/article/415870-ghusman-qyrghyzbaev-gran-pri-turnirininh-kumis-dguldegeri-atandy,2026-06-26,Ғұсман Қырғызбаев Гран-при турнирінің күміс жүлдегері атанды,Дзюдошы Ғұсман Қырғызбаев Қытайдың Циндао қаласында өткен Гран-при турнирінің финалында бақ сынады. Ол 66 келіге дейінгі салмақ дәрежесінде төрт дүркін әлем…,NOT_RELEVANT,,NOT_RELEVANT,,,,kk_2,
KK-00385,,KK,Egemen,https://egemen.kz/article/413859-40-mln-tenhge-para-alghan-oskemende-sot-alqasynynh-toraghasy-ustaldy,2026-06-02,40 млн теңге пара алған: Өскеменде сот алқасының төрағасы ұсталды,"Өскемен қаласында Шығыс Қазақстан облыстық сотының қылмыстық істер жөніндегі сот алқасының төрағасы ұсталды, деп хабарлайды Egemen.kz.",NOT_RELEVANT,,NOT_RELEVANT,,,,gold,IAA adjudicated gold
KK-00869,,KK,Egemen,https://egemen.kz/article/414093-toqaev-ulttyq-nyshandarymyzdy-ulyqtau-–-ortaq-paryz-ar-azamattynh-mindeti,2026-06-04,"Тоқаев: Ұлттық нышандарымызды ұлықтау – ортақ парыз, әр азаматтың міндеті","Мемлекет басшысы Таяу арада Үкімет мемлекеттік рәміздерді орынды пайдалану мәселесі бойынша қаулыға қажетті түзетулерді енгізетінін атап өтті, деп хабарлайды…",NOT_RELEVANT,,NOT_RELEVANT,,,,kk_2,
KK-01353,,KK,Egemen,https://egemen.kz/article/415233-kanada-alem-chempionatyndaghy-alghashqy-dgenhisine-qol-dgetkizdi,2026-06-19,Канада әлем чемпионатындағы алғашқы жеңісіне қол жеткізді,Джесси Марш бастаған Канада құрамасы әлем чемпионатының топтық кезеңіндегі екінші ойында жеңіске жетті. Ванкуверде өткен матчта олар Қатар құрамасынан 6:0…,NOT_RELEVANT,,NOT_RELEVANT,,,,kk_2,
KK-01153,,KK,Egemen,https://egemen.kz/article/416534-prezident-qasym-zhomart-toqaev-ulttyq-dombyra-kunimen-quttyqtady,2026-07-05,Президент Қасым-Жомарт Тоқаев Ұлттық домбыра күнімен құттықтады,"Мемлекет басшысы Ұлттық домбыра күнімен құттықтап, ұлттық құндылықтың маңызын атап өтті, деп хабарлайды Egemen.kz",NOT_RELEVANT,,NOT_RELEVANT,,,,kk_1,
KK-00786,,KK,Egemen,https://egemen.kz/article/412010-sheteldik-investordynh-quqyghy-qorghaldy-35-mlrd-tenhge-tolyq-oteldi,2026-04-30,"Шетелдік инвестордың құқығы қорғалды: 3,5 млрд теңге толық өтелді","Бас прокуратура Швейцария азаматы Люк Ярчик Корнелияға қатысты жасалған 3,5 млрд теңге көлеміндегі алаяқтық ісі",NOT_RELEVANT,,NOT_RELEVANT,,,,kk_1,
KK-00360,,KK,Egemen,https://egemen.kz/article/411921-prezident-chekhiya-premer-ministrin-i-daredgeli-dostyq-ordenimen-marapattady,2026-04-29,Президент Чехия Премьер-министрін І дәрежелі «Достық» орденімен марапаттады,Қасым-Жомарт Тоқаев Андрей Бабишке бұл мемлекеттік награда Чехия мен Қазақстан арасындағы стратегиялық серіктестікті нығайтуға қосқан елеулі үлесі үшін…,NOT_RELEVANT,,NOT_RELEVANT,,,,kk_2,
KK-00351,,KK,Egemen,https://egemen.kz/article/413248-nyu-yorktegi-zauyttaghy-dgarylystan-16-adam-zardap-shekti,2026-05-23,Нью-Йорктегі зауыттағы жарылыстан 16 адам зардап шекті,"Нью-Йорктегі Статен-Айленд аралындағы кеме жөндеу зауытында болған жарылыс пен өрт салдарынан 16 адам зардап шекті, деп хабарлады Egemen.kz.",NOT_RELEVANT,,NOT_RELEVANT,,,,gold,IAA adjudicated gold
KK-01334,,KK,Egemen,https://egemen.kz/article/414339-filippinde-dgoyqyn-dger-silkinisi-boldy,2026-06-08,Филиппинде жойқын жер сілкінісі болды,Филиппинде жойқын жер сілкінісі болды,NOT_RELEVANT,,NOT_RELEVANT,,,,kk_2,
KK-00081,,KK,Egemen,https://egemen.kz/article/413151-aqsh-ta-qandy-qylmysker-olim-dgazasynan-qutylyp-ketti,2026-05-22,АҚШ-та қанды қылмыскер өлім жазасынан құтылып кетті,АҚШ-тың Теннесси штатында өлім жазасына кесілген сотталушыны жазалау әрекеті сәтсіз аяқталғаны туралы CNN телеарнасы,NOT_RELEVANT,,NOT_RELEVANT,,,,kk_1,
KK-00479,,KK,Egemen,https://egemen.kz/article/411632-res-2026-khalyqaralyq-sammiti-auezov-universiteti-ghalymdarynynh-ekologiyalyq-dg,2026-04-23,RES 2026 халықаралық саммиті: Әуезов университеті ғалымдарының экологиялық жобалары таныстырылды,Астанада бірқатар ел басшыларының қатысуымен өткен Өңірлік экологиялық RES 2026 саммиті аясында жасыл технологиялар,NOT_RELEVANT,,RELEVANT,SCIENCE_GEN,,1,kk_1,green tech projects at eco summit
KK-00102,,KK,Egemen,https://egemen.kz/article/411032-almaty-zoobaghynda-qondgyqtargha-at-qoyu-nauqany-bastaldy,2026-04-14,Алматы зообағында қонжықтарға ат қою науқаны басталды,"Алматы зообағында Тянь-Шань қоңыр аюларының отбасында екі қонжық өмірге келді,",NOT_RELEVANT,,NOT_RELEVANT,,,,kk_1,
KK-01101,,KK,Egemen,https://egemen.kz/article/408979-brayl-qarpi-surdoaudarma-dgane-eriktiler-dauys-beru-uchaskelerinde-barlyq-dgaghd,2026-03-15,"Брайль қарпі, сурдоаударма және еріктілер: Дауыс беру учаскелерінде барлық жағдай жасалған","Атырау облысының Аумақтық референдум комиссиясының төрағасы Әсия Қыстаубаева өңірдегі дауыс беру барысы туралы баяндады. Оның айтуынша, референдумды",NOT_RELEVANT,,NOT_RELEVANT,,,,kk_1,
KK-01108,,KK,Egemen,https://egemen.kz/article/410911-memleket-basshysy-uqshu-bas-khatshysy-taalatbek-masadykovty-qabyldady,2026-04-13,Мемлекет басшысы ҰҚШҰ Бас хатшысы Таалатбек Масадыковты қабылдады,"Таалатбек Масадыков Қасым-Жомарт Тоқаевқа ҰҚШҰ Бас хатшысы лауазымындағы жоспарын таныстырды, деп жазады Egemen.kz Ақорданың баспасөз қызметіне сілтеме жасап.",NOT_RELEVANT,,NOT_RELEVANT,,,,kk_1,
KK-01132,,KK,Egemen,https://egemen.kz/article/409789-zheti-teatrdy-dgigerlendirgen-bi,2026-03-27,Жеті театрды жігерлендірген би,Биылғы Наурыз мейрамында Алматы театрлары «Қара жорға» биінің ырға­ғы­мен тоғысты. Алматының беткеұстар театрлары көктемнің кел­генін әй­гі­л­ейтін мереке,NOT_RELEVANT,,NOT_RELEVANT,,,,kk_2,
KK-00207,,KK,Egemen,https://egemen.kz/article/408570-ulandyqtar-privet-andrey!-baghdarlamasynda-oner-korsetti,2026-03-10,"Ұландықтар «Привет, Андрей!» бағдарламасында өнер көрсетті",Ұлттық ұланның Ән-би ансамблінің Ерлер хоры Мәскеу қаласында танымал тележүргізуші Андрей Малахов жүргізетін «Россия-1» телеарнасындағы кешкі музыкалық,NOT_RELEVANT,,NOT_RELEVANT,,,,kk_1,
KK-00638,,KK,Egemen,https://egemen.kz/article/412411-aldaghy-ush-kunde-aua-rayy-qanday-bolady,2026-05-09,Алдағы үш күнде ауа райы қандай болады?,"Қазақстан аумағының басым бөлігінде атмосфералық фронтальды бөлімдердің өтуіне байланысты ауа райының тұрақсыз сипаты сақталады, жаңбыр жауып, найзағай…",NOT_RELEVANT,,NOT_RELEVANT,,,,kk_1,
KK-01053,,KK,Egemen,https://egemen.kz/article/416149-prezident-qkha-toraghasynynh-orynbasaryn-qyzmetinen-bosatty,2026-06-30,Президент ҚХА төрағасының орынбасарын қызметінен босатты,"Марат Әзілханов Қазақстан халқы Ассамблеясы төрағасының орынбасары қызметінен босатылды, деп хабарлайды Egemen.kz.",NOT_RELEVANT,,NOT_RELEVANT,,,,kk_1,
KK-00512,,KK,Egemen,https://egemen.kz/article/415503-zhauapkershilikke-negizdelgen-dguye,2026-06-23,Жауапкершілікке негізделген жүйе,"Қазір мемлекеттік қызметке қабылдау, бағалау, іріктеу тәр­ті­біне цифрландыру, жасанды интеллектіні қолдану секілді жаңашылдықтар енгізіліп жатыр. Уақыт…",NOT_RELEVANT,,NOT_RELEVANT,,,,kk_1,
KK-01427,,KK,Egemen,https://egemen.kz/article/414353-oralda-akesininh-koligin-aydap-ketken-dgasospirim-dgol-apatyna-ushyrady,2026-06-08,Оралда әкесінің көлігін айдап кеткен жасөспірім жол апатына ұшырады,"Орал қаласының тұрғыны полицияға JAC маркалы көлігінің ұрланғаны туралы айтып, арызданған. Көлік Зачаганск кентінде тұрған, деп хабарлайды Egemen.kz.",NOT_RELEVANT,,NOT_RELEVANT,,,,kk_1,
KK-00622,,KK,Egemen,https://egemen.kz/article/408609-qalamgerdinh-tanhdamalysy-tanystyryldy,2026-03-11,Қаламгердің таңдамалысы таныстырылды,"Елордадағы Ұлттық академиялық кітап­ханада белгілі жазушы-публицист, Қазақ­станның еңбек сіңірген қайраткері Шархан Қазығұлдың 70 жас мерейтойына орай",NOT_RELEVANT,,NOT_RELEVANT,,,,kk_1,
KK-00574,,KK,Egemen,https://egemen.kz/article/407501-burabayda-shanagha-otyryp-aghashqa-soghylghan-qyz-qaytys-boldy,2026-02-23,Бурабайда шанаға отырып ағашқа соғылған қыз қайтыс болды,"14 ақпанда Бурабай кентінде шанамен ағашқа соғылған жас қыз комаға түсіп, бүгін, 23 ақпанда жансақтау бөлімінде көз жұмды, деп хабарлайды Egemen.kz.",NOT_RELEVANT,,NOT_RELEVANT,,,,kk_1,
KK-00762,,KK,Egemen,https://egemen.kz/article/409154-aqmolalyqtardynh-alghaday-peyili,2026-03-15,Ақмолалықтардың алғадай пейілі,"Облыс орталығындағы №24 референдум учаске­сі есігін айқара ашқан кезде келдік. Осы жерде ел ағасы, білім сала­сының арда­гері Телман Мұқышев ақса­қалды",NOT_RELEVANT,,NOT_RELEVANT,,,,kk_2,
KK-01211,,KK,Egemen,https://egemen.kz/article/413452-qazaqstan-qytay-qor-naryghyna-alghash-ret-tauelsiz-panda-obligatsiyalaryn-shygha,2026-05-26,Қазақстан Қытай қор нарығына алғаш рет тәуелсіз панда-облигацияларын шығарды,"2026 жылғы 26 мамырда Қазақстан Республикасы Қытай қор нарығында юаньмен номинацияланған панда-облигациялардың алғашқы шығарылымын сәтті жүзеге асырды, деп…",NOT_RELEVANT,,NOT_RELEVANT,,,,kk_2,
KK-00998,,KK,Egemen,https://egemen.kz/article/412917-biyldan-bastap-elimizde-dguk-tasymaldaytyn-ushaqtar-usha-bastaydy,2026-05-19,Биылдан бастап елімізде жүк тасымалдайтын ұшақтар ұша бастайды,Үкімет отырысында Премьер-министр Олжас Бектенов Мемлекет басшысы қойған міндеттер аясында елімізде жүк тасымалдайтын отандық әуе компаниясын құру жөніндегі…,NOT_RELEVANT,,NOT_RELEVANT,,,,gold,IAA adjudicated gold
KK-00617,,KK,Egemen,https://egemen.kz/article/409215-auyl-partiyasy-dganha-konstitutsiyany-naghyz-khalyqtyq-dep-baghalady,2026-03-16,«Ауыл» партиясы жаңа Конституцияны «Нағыз халықтық» деп бағалады,"Бүгін, «Ауыл» партиясы Саяси кеңесінің Президиумы жаңа Конституция бойынша өткен жалпыхалықтық референдум қорытындысын қолдау туралы арнайы мәлімдеме",NOT_RELEVANT,,NOT_RELEVANT,,,,gold,IAA adjudicated gold
KK-00381,,KK,Egemen,https://egemen.kz/article/411168-shymkentte-agroonerkasipti-qoldaugha-bolingen-qaradgat-talan-taradggha-tusken,2026-04-16,Шымкентте агроөнеркәсіпті қолдауға бөлінген қаражат талан-таражға түскен,Қаржылық мониторинг агенттігінің Шымкент қаласы бойынша департаменті интенсивті алма бақтарын құру және дамытуға арналған мемлекеттік бағдарлама аясында…,NOT_RELEVANT,,NOT_RELEVANT,,,,kk_1,
KK-00438,,KK,Egemen,https://egemen.kz/article/409551-tashiev-tergeuden-keyin-alghash-ret-kopshilik-aldyna-shyqty,2026-03-20,Тәшиев тергеуден кейін алғаш рет көпшілік алдына шықты,Қырғызстан Ұлттық қауіпсіздік мемлекеттік комитетінің бұрынғы төрағасы Камчыбек Ташиев Ішкі істер министрлігіндегі тергеуден кейін алғаш рет жұрт алдына,NOT_RELEVANT,,NOT_RELEVANT,,,,kk_1,
KK-00347,,KK,Egemen,https://egemen.kz/article/411997-astanada-mereke-kunderi-qay-kosheler-dgabyq-bolady,2026-04-30,Астанада мереке күндері қай көшелер жабық болады?,Астанада А.Байтұрсынов пен Қ.Аманжолов көшелерінің қиылысында көлік қозғалысы уақытша шектеледі,NOT_RELEVANT,,NOT_RELEVANT,,,,kk_2,
KK-00919,,KK,Egemen,https://egemen.kz/article/408417-oralu-odisseyasy,2026-03-06,Оралу одиссеясы,"Шарханды баяғыдан білемін дей алмаймын. Бірақ оны баяғыдан жақсы көремін дей аламын. Солай бола ма өзі? Олай болуы қиын. Қиын, бірақ мүмкін.",NOT_RELEVANT,,NOT_RELEVANT,,,,kk_2,
KK-01460,,KK,Egemen,https://egemen.kz/article/411419-atom-energetikasy-salasy-uzaq-merzimdi-baghdar-ayqyndaldy,2026-04-20,Атом энергетикасы саласы: Ұзақ мерзімді бағдар айқындалды,Елдің энергетикалық қауіпсіздігін нығайту мен жоғары технологиялық өндірістерді дамыту бағытындағы стратегиялық қадамдар,NOT_RELEVANT,,NOT_RELEVANT,,,1,kk_1,"nuclear energy security, no climate frame"
KK-01213,,KK,Egemen,https://egemen.kz/article/415357-kadir-biden-dgetken-kadeler,2026-06-20,Кәдір биден жеткен кәделер,"Жақында Ұлытау облысының тарихи-археологиялық музейі «Төрт босаға» атауымен танымал, ел бірлігі мен татулығын ту еткен тұлғаның бірі – Кәдір биге қатысты құнды…",NOT_RELEVANT,,NOT_RELEVANT,,,,kk_1,
KK-00552,,KK,Egemen,https://egemen.kz/article/409536-zhetisu-oblysynda-akesin-uryp-soqqan-eki-dgigit-ustaldy,2026-03-20,Жетісу облысында әкесін ұрып-соққан екі жігіт ұсталды,"Жетісу облысы Ақсу ауданының 62 жастағы тұрғыны Бақытбек балаларының өзін жүйелі түрде қорлап келе жатқанын айтып, қоғам белсендісі Данияр Бейісқалиге",NOT_RELEVANT,,NOT_RELEVANT,,,,kk_2,
KK-00678,,KK,Egemen,https://egemen.kz/article/414604-qytayda-dgarylys-boldy-7-adam-koz-dgumdy-17-adam-zardap-shekti,2026-06-11,"Қытайда жарылыс болды: 7 адам көз жұмды, 17 адам зардап шекті","Қытайдың Гуанси-Чжуан автономиялық ауданында болған жарылыстан 7 адам қаза тауып, 17 адам жараланды, деп хабарлайды Egemen.kz.",NOT_RELEVANT,,NOT_RELEVANT,,,,kk_1,
KK-01029,,KK,Egemen,https://egemen.kz/article/415413-astanada-alashtynh-aqseleuine-arnalghan-tastayaq-turniri-otti,2026-06-21,Астанада Алаштың Ақселеуіне арналған тастаяқ турнирі өтті,Елордада қаламгерлер мен БАҚ қызметкерлері арасында бильярдтан жазушы Ақселеу Сейдімбекті еске алуға арналған турнир өтті. Алаш ардақтысының есімін ұлықтауға…,NOT_RELEVANT,,NOT_RELEVANT,,,,kk_1,
KK-00745,,KK,Egemen,https://egemen.kz/article/415431-ispaniya-saud-arabiyasynynh-qaqpasyna-dgauapsyz-tort-gol-soqty,2026-06-21,Испания Сауд Арабиясының қақпасына жауапсыз төрт гол соқты,Әлем чемпионатының H тобындағы 2-тур ойынында Испания мен Сауд Арабиясы құрамалары кездесті. Кездесу АҚШ-тың Атланта қаласындағы Mercedes-Benz стадионында…,NOT_RELEVANT,,NOT_RELEVANT,,,,kk_2,
KK-01339,,KK,Egemen,https://egemen.kz/article/411809-robototekhnika-dodasy-qazaqstan-oqushylary-eki-birdey-basty-marapatqa-ie-boldy,2026-04-27,Робототехника додасы: Қазақстан оқушылары екі бірдей басты марапатқа ие болды,UK First Lego League Championship халықаралық робототехника чемпионатында Қазақстан намысын қорғаған елордалық,NOT_RELEVANT,,NOT_RELEVANT,,,,kk_1,
KK-01263,,KK,Egemen,https://egemen.kz/article/414384-qazaqstan-horizon-europe-ghylymi-baghdarlamasyna-qosyludy-dgosparlap-otyr,2026-06-08,Қазақстан Horizon Europe ғылыми бағдарламасына қосылуды жоспарлап отыр,Қазақстан ғылым мен инновация саласындағы Еуропалық одақтың ең ірі бағдарламаларының бірі Horizon Europe бағдарламасына қауымдастырылған ел мәртебесімен…,NOT_RELEVANT,,NOT_RELEVANT,,,,gold,IAA adjudicated gold
KK-00625,,KK,Egemen,https://egemen.kz/article/416337-qazaqstangha-shetelden-kolik-alyp-kelu-dgane-olardy-rasimdeu-toqtatyldy,2026-07-02,Қазақстанға шетелден көлік алып келу және оларды рәсімдеу тоқтатылды,Қазақстанда шетелден әкелінген жеңіл автокөліктерді кедендік рәсімдеуде қиындықтар туындады. Бұл мәселе 30 маусым күні кешкі сағат 19:00 шамасында…,NOT_RELEVANT,,NOT_RELEVANT,,,,kk_2,
KK-00665,,KK,Egemen,https://egemen.kz/article/409023-15-nauryzda-dollar-men-tenhge-qanshadan-saudalanyp-dgatyr,2026-03-15,15 наурызда доллар мен теңге қаншадан саудаланып жатыр?,"Астана мен Алматы ақша айырбастау орындарында шетелдік валюта бағамы ұсынылды, деп хабарлайды Egemen.kz.",NOT_RELEVANT,,NOT_RELEVANT,,,,kk_1,
KK-00514,,KK,Egemen,https://egemen.kz/article/408919-elimizde-anhsaghan-sabi-baghdarlamasynynh-arqasynda-11-mynhnan-astam-bala-dunieg,2026-03-14,Елімізде «Аңсаған сәби» бағдарламасының арқасында 11 мыңнан астам бала дүниеге келді,Қазақстанда Мемлекет басшысының тапсырмасы бойынша бастамашылық етілген отбасыларды қолдауға арналған ауқымды мемлекеттік «Аңсаған сәби» бағдарламасын,NOT_RELEVANT,,NOT_RELEVANT,,,,gold,IAA adjudicated gold
KK-01144,,KK,Egemen,https://egemen.kz/article/409582-ekologiyalyq-dgobalargha-erekshe-kozqaras-qadget,2026-03-21,Экологиялық жобаларға ерекше көзқарас қажет,Премьер-министр Олжас Бектенов Мемлекет басшы­сының «Таза Қазақ­стан» бас­тамасын жүзеге асыру барысына мониторинг жүр­гізу ор­талығының отыры­сын,NOT_RELEVANT,,NOT_RELEVANT,,,,kk_2,
KK-01074,,KK,Egemen,https://egemen.kz/article/411785-almatydaghy-koterme-bazarda-baghany-negizsiz-kotergen-9-deldal-anyqtaldy,2026-04-27,Алматыдағы көтерме базарда бағаны негізсіз көтерген 9 делдал анықталды,"Премьер-министр Олжас Бектеновтің тапсырмасына сәйкес, Алматыда әлеуметтік маңызы бар азық-түлік тауарларының бағасын негізсіз өсірмеу мақсатында ауқымды…",NOT_RELEVANT,,NOT_RELEVANT,,,,kk_2,
KK-00845,,KK,Egemen,https://egemen.kz/article/412826-atyraudaghy-otbasynynh-olimi-atyshuly-iske-qatysty-sot-otyrysy-bastaldy,2026-05-18,Атыраудағы отбасының өлімі: Атышулы іске қатысты сот отырысы басталды,Атырау облысының Жангелдин ауылында болған бір отбасының төрт мүшесінің қазасына қатысты резонансты қылмыстық іс бойынша сот отырысы басталды.,NOT_RELEVANT,,NOT_RELEVANT,,,,kk_1,
KK-00238,,KK,Egemen,https://egemen.kz/article/413028-zhaponiyada-dger-silkindi-dumpuler-qaytalanuy-mumkin,2026-05-20,Жапонияда жер сілкінді: Дүмпулер қайталануы мүмкін,"Жапонияның оңтүстік-батыс жағалауында магнитудасы 5,9 болатын жер сілкінісі тіркелді, деп жазады Egemen.kz.",NOT_RELEVANT,,NOT_RELEVANT,,,,kk_2,
KK-00487,,KK,Egemen,https://egemen.kz/article/410315-mamyrdaghy-merekeler-qazaqstanda-qansha-kun-demalys-beriledi,2026-04-03,Мамырдағы мерекелер: Қазақстанда қанша күн демалыс беріледі?,"Елімізде мамыр айында Қазақстан халқының бірлігі мерекесі, Отан қорғаушылар күні, Жеңіс күні тойланады. Сондай-ақ Құрбан айт та мамырға тұс келіп тұр",NOT_RELEVANT,,NOT_RELEVANT,,,,kk_2,
KK-00720,,KK,Egemen,https://egemen.kz/article/415977-zhambyl-oblysynda-dguk-koligi-audarylyp-ort-shyqty,2026-06-28,"Жамбыл облысында жүк көлігі аударылып, өрт шықты","Оқиға Жуалы ауданындағы Алматы - Ташкент автожолының 560-шақырымында, Нұрлыкент ауылының маңында болған, деп хабарлайды Egemen.kz",NOT_RELEVANT,,NOT_RELEVANT,,,,kk_2,
KK-00566,,KK,Egemen,https://egemen.kz/article/408860-qumar-aqsaqalov-zhanha-konstitutsiya-–-el-damuynynh-dganha-kezenhi,2026-03-13,Құмар Ақсақалов: Жаңа Конституция – ел дамуының жаңа кезеңі,Ата заңымыздың жаңа жобасы өңірлердің әлеуметтік-экономикалық дамуына қалай әсер етеді? Тобыл-Торғай өңірінің өткен жылдар ішінде дамуы мен алдағы,NOT_RELEVANT,,NOT_RELEVANT,,,,kk_2,
KK-00758,,KK,Egemen,https://egemen.kz/article/416127-prezident-biyl-shalghay-eldi-mekenderdi-auyz-sumen-qamtamasyz-etuge-mumkindik-be,2026-06-30,Президент: Биыл шалғай елді мекендерді ауыз сумен қамтамасыз етуге мүмкіндік беретін 12 ірі жоба іске қосылады,"Былтыр Қазақстанда 20 миллион шаршы метрден астам тұрғын үй салынды. Бұл туралы Мемлекет басшысы Парламент палаталарының бірлескен отырысында айтты, деп…",NOT_RELEVANT,,NOT_RELEVANT,,,1,kk_2,"Drinking water infrastructure projects, development"
KK-01014,,KK,Egemen,https://egemen.kz/article/410077-iran-tayau-shyghystaghy-microsoft-apple-google-dgane-meta-nysandaryna-shabuyl-dg,2026-03-31,"Иран Таяу Шығыстағы Microsoft, Apple, Google және Meta нысандарына шабуыл жасамақ",Иранның Ислам революциясы сақшылар корпусы (КСИР) Таяу Шығыста орналасқан америкалық ірі IT және жасанды интеллект компанияларының нысандарына соққы,NOT_RELEVANT,,NOT_RELEVANT,,,,kk_1,
KK-00383,,KK,Egemen,https://egemen.kz/article/411842-almatydaghydan-3-ese-quatty-baghdat-musin-qazaqstannynh-dganha-superkompyuteri-t,2026-04-28,Алматыдағыдан 3 есе қуатты: Бағдат Мусин Қазақстанның жаңа суперкомпьютері туралы айтты,Қазақстанда деректерді өңдеу инфрақұрылымын дамыту және жаңа буын есептеу қуаттарын енгізу жұмыстары жалғасып жатыр,NOT_RELEVANT,,NOT_RELEVANT,,,,gold,IAA adjudicated gold
KK-00535,,KK,Egemen,https://egemen.kz/article/413939-qazaqstan-quramasy-armeniyamen-dgoldastyq-kezdesu-otkizedi,2026-06-02,Қазақстан құрамасы Армениямен жолдастық кездесу өткізеді,"6 маусым күні футболдан Қазақстан ұлттық құрамасы Ереван қаласында Армения құрамасына қарсы жолдастық кездесу өткізеді, деп хабарлайды Egemen.kz",NOT_RELEVANT,,NOT_RELEVANT,,,,kk_1,
KK-00216,,KK,Egemen,https://egemen.kz/article/412453-qazaqstan-barysy-grand-slam-turnirin-qazaqstan-quramasy-8-dguldemen-ayaqtady,2026-05-11,Qazaqstan Barysy Grand Slam турнирін Қазақстан құрамасы 8 жүлдемен аяқтады,8-10 мамырда Астана қаласында төртінші рет ұйымдастырылған Qazaqstan Barysy Grand Slam додасы өз мәресіне жетті,NOT_RELEVANT,,NOT_RELEVANT,,,,kk_2,
KK-00848,,KK,Egemen,https://egemen.kz/article/410167-2026-dgyldynh-basynan-beri-atyrauda-31-kolik-ortendi,2026-04-01,2026 жылдың басынан бері Атырауда 31 көлік өртенді,"2026 жылдың басынан бері Атырау облысында 31 автокөлік өртенген, ал 2025 жылдың алғашқы үш айында 18 көлік өртеніп кеткен, деп хабарлайды Egemen.kz.",NOT_RELEVANT,,NOT_RELEVANT,,,,kk_1,
KK-00958,,KK,Egemen,https://egemen.kz/article/414949-zholaushy-kaspiy-tenhizininh-ustinde-ushaqtynh-esigin-ashpaq-bolghan,2026-06-16,Жолаушы Каспий теңізінің үстінде ұшақтың есігін ашпақ болған,"Мәскеу – Нахчыван әуе рейсінде жолаушы ұшақтың есігін ашпақ болды. Ол ұшақтың сыртқы есігі мен дәретхананы шатастырған, деп хабарлайды Egemen.kz.",NOT_RELEVANT,,NOT_RELEVANT,,,,kk_1,
KK-00784,,KK,Egemen,https://egemen.kz/article/415121-san-alemindegi-sony-bastama,2026-06-18,Сән әлеміндегі соны бастама,Сән индустриясында жасанды интеллектінің игілігін көріп отырған жобалар баршылық. Солардың бірі – кәсіпкер Мөлдір Алмасбек негізін қалаған «SoulSis»…,NOT_RELEVANT,,NOT_RELEVANT,,,,kk_2,
KK-00055,,KK,Egemen,https://egemen.kz/article/411013-kieli-aspapty-dganyna-serik-etken-qobyz-adge,2026-04-14,Киелі аспапты жанына серік еткен «Қобыз әже»,"Қобыз – қазақ халқының рухани әлемін тереңнен толғайтын, сыры тылсым, үні мұңға толы өзгеше аспап. Бұдан 4 000 жыл",NOT_RELEVANT,,NOT_RELEVANT,,,,kk_2,
KK-00100,,KK,Egemen,https://egemen.kz/article/408601-astanada-ertenh-mektep-oqushylary-men-kolleddg-studentteri-qashyqtan-oqidy,2026-03-10,Астанада ертең мектеп оқушылары мен колледж студенттері қашықтан оқиды,"Елордада ауа райының қолайсыздығына байланысты оқушылар онлайн форматқа көшірілді. Бұл туралы қалалық білім басқармасының баспасөз қызметі хабарлады, деп",NOT_RELEVANT,,NOT_RELEVANT,,,,kk_2,
KK-00054,,KK,Egemen,https://egemen.kz/article/414412-ekologiya-–-ondiris-uderisininh-adgyramas-boligi,2026-06-09,Экология – өндіріс үдерісінің ажырамас бөлігі,Дүниежүзілік қоршаған ортаны қорғау күніне орай Астанада «Интергаз Орталық Азия» АҚ-ның ұйымдастыруымен экологиялық форум өтті. Жиынға «QazaqGaz» ұлттық…,NOT_RELEVANT,,NOT_RELEVANT,,,,kk_2,
KK-00106,,KK,Egemen,https://egemen.kz/article/409986-qazaqstanda-kolikti-saqtandyru-naryghy-sonhghy-10-dgylda-alty-ese-osti,2026-03-30,Қазақстанда көлікті сақтандыру нарығы соңғы 10 жылда алты есе өсті,Соңғы он жыл ішінде Қазақстандағы ерікті автокөлік сақтандыру (КАСКО) нарығы тұрақты өсім көрсетіп келеді. Егер 2015 жылы сақтандыру жарналарының көлемі,NOT_RELEVANT,,NOT_RELEVANT,,,,kk_1,
KK-01117,,KK,Egemen,https://egemen.kz/article/408065-iran-netanyakhudynh-kenhsesine-soqqy-dgasady,2026-03-02,Иран Нетаньяхудың кеңсесіне соққы жасады,Таяу Шығыстағы жағдай барған сайын шиеленісіп барады. Иран тарапы Израиль Премьер-министрі Беньямин Нетаньяхудың кеңсесіне соққы жасалғанын мәлімдеді.,NOT_RELEVANT,,NOT_RELEVANT,,,,kk_2,
KK-00353,,KK,Egemen,https://egemen.kz/article/414880-al-farabi-danhghylyndaghy-apat-ayyptalushy-kolikte-aqau-bolghanyn-aytty,2026-06-15,Әл-Фараби даңғылындағы апат: Айыпталушы көлікте ақау болғанын айтты,Алматы қаласындағы Әл-Фараби даңғылында болған жол-көлік апаты бойынша сот процесі жалғасып жатыр. Сотта айыпталушы Александр Пак алғаш рет апатқа қатысты…,NOT_RELEVANT,,NOT_RELEVANT,,,,kk_1,
KK-01042,,KK,Egemen,https://egemen.kz/article/416364-memleket-basshysy-veon-kompaniyalar-tobynynh-bas-atqarushy-direktoryn-qabyldady,2026-07-02,Мемлекет басшысы VEON компаниялар тобының бас атқарушы директорын қабылдады,"Мемлекет басшысы Қасым-Жомарт Тоқаев VEON компаниялар тобының бас атқарушы директоры Мухтерем Каан Терзиоглуды қабылдады, деп хабарлайды Egemen.kz.",NOT_RELEVANT,,NOT_RELEVANT,,,,kk_1,
KK-00086,,KK,Egemen,https://egemen.kz/article/412416-askeri-diplomattar-qytayda-qaza-tapqan-dgauyngerlerdinh-rukhyna-taghzym-etti,2026-05-09,Әскери дипломаттар Қытайда қаза тапқан жауынгерлердің рухына тағзым етті,Қытай Халық Республикасының Хэбэй өлкесіндегі Чжанцзякоу қаласына қарасты Чжанбэй уезінде Ұлы Отан соғысындағы жеңістің 81 жылдығына орай кеңес және моңғол…,NOT_RELEVANT,,NOT_RELEVANT,,,,kk_2,
KK-00733,,KK,Egemen,https://egemen.kz/article/409405-bilim-berudegi-adiletsizdikke-tosqauyl-deputat-emtikhandardy-tsifrlyq-formatqa-k,2026-03-18,Білім берудегі әділетсіздікке тосқауыл: Депутат емтихандарды цифрлық форматқа көшіруді талап етті,"Мәжіліс депутаты Әбутәліп Мүтәлі Үкіметке жолдаған сауалында жоғары және орта білім беру жүйесіндегі өзекті мәселелерді көтеріп, білім сапасын бақылауды",NOT_RELEVANT,,NOT_RELEVANT,,,,kk_2,
KK-00994,,KK,Egemen,https://egemen.kz/article/411501-bugin-1-dollar-qansha-tenhgeden-saudalanyp-dgatyr,2026-04-22,Бүгін 1 доллар қанша теңгеден саудаланып жатыр?,"Астана, Алматы қалаларындағы ақша айырбастау орындарында бүгін доллар, еуро, рубль, юань қанша теңгеден саудаланатыны белгілі болды, деп хабарлайды Egemen.kz.",NOT_RELEVANT,,NOT_RELEVANT,,,,kk_1,
KK-01197,,KK,Egemen,https://egemen.kz/article/412642-toqaev-turkiya-prezidentin-qodga-akhmet-yasaui-ordenimen-marapattady-,2026-05-14,Тоқаев Түркия Президентін «Қожа Ахмет Ясауи» орденімен марапаттады,"Мемлекет басшысы Түркия Президенті Режеп Тайип Ердоғанды Қазақстанға мемлекеттік сапары аясында «Қожа Ахмет Ясауи» орденімен марапаттады, деп…",NOT_RELEVANT,,NOT_RELEVANT,,,,kk_1,
KK-00757,,KK,Egemen,https://egemen.kz/article/411687-almatyda-oqushy-qyz-mektepke-balta-alyp-kelgen,2026-04-24,Алматыда оқушы қыз мектепке балта алып келген,Алматы қаласының полиция департаменті мектептердің бірінде болуы мүмкін қайғылы жағдайдың алдын алғанын хабарлады.,NOT_RELEVANT,,NOT_RELEVANT,,,,gold,IAA adjudicated gold
KK-00389,,KK,Egemen,https://egemen.kz/article/414794-almaty-–-qorghas-tasdgolynda-dgenhil-kolikterge-zaqym-keldi,2026-06-13,Алматы – Қорғас тасжолында жеңіл көліктерге зақым келді,"Алматы – Шелек – Қорғас тасжолында жүк көліктері бетон жабындысын бүлдіріп, салдарынан жеңіл көліктерге зақым келтірілді. Зардап шеккен көлік иелеріне…",NOT_RELEVANT,,NOT_RELEVANT,,,,kk_2,
KK-00874,,KK,Egemen,https://egemen.kz/article/415907-montessori-ghylymi-zertteu-zertkhanasy-ashylady,2026-06-27,Монтессори ғылыми зерттеу зертханасы ашылады,"Осы күні Монтессори орталықтары мен балабақшалары қаптап кетті. Бекер емес. Көптің көңіліне қонымды, нәтижесі нанымды көрінеді. Атақты италиян педагогінің…",NOT_RELEVANT,,NOT_RELEVANT,,,,gold,IAA adjudicated gold
KK-01370,,KK,Egemen,https://egemen.kz/article/411455-qazaqstan-men-monhgholiya-prezidentteri-shaghyn-quramda-kelissoz-dgurgizdi,2026-04-21,Қазақстан мен Моңғолия президенттері шағын құрамда келіссөз жүргізді,"Ақордада Моңғолия Президенті Ухнаагийн Хурэлсухты салтанатты қарсы алу рәсімі өтті, деп хабарлайды Egemen.kz.",NOT_RELEVANT,,NOT_RELEVANT,,,,kk_2,
KK-00072,,KK,Egemen,https://egemen.kz/article/409588-kunimkhan-adgeninh-qyl-shylbyry,2026-03-21,Күнімхан әженің қыл шылбыры,"Шалқар қаласының жасы үлкен тұрғыны, «Алтын алқа» иегері Күнімхан Үргенішбаева — он саусағынан өнер тамған ісмер әжелердің бірі. Кезінде қолөнерге",NOT_RELEVANT,,NOT_RELEVANT,,,,kk_1,
KK-01171,,KK,Egemen,https://egemen.kz/article/414118-qyrghyzstanda-dgynysyn-auystyrghan-azamattardynh-qudgattary-ozgertilmeydi,2026-06-04,Қырғызстанда жынысын ауыстырған азаматтардың құжаттары өзгертілмейді,"Қырғызстанда құжаттардағы жынысты өзгертуге, сондай-ақ жынысты ауыстыру операциялары мен гормондық терапияға тыйым салу ұсынылып отыр, деп хабарлайды Egemen.kz",NOT_RELEVANT,,NOT_RELEVANT,,,,kk_1,
KK-00718,,KK,Egemen,https://egemen.kz/article/414736-ekonomikanynh-osu-qarqynyn-onh-baghalady,2026-06-13,Экономиканың өсу қарқынын оң бағалады,Премьер-министр Олжас Бектенов лауазымдық міндеттерін атқаруға биылғы ақпан айында кіріскен Халықаралық валюта қорының Қазақстан бойынша миссиясының басшысы…,NOT_RELEVANT,,NOT_RELEVANT,,,,kk_2,
KK-00439,,KK,Egemen,https://egemen.kz/article/408659-azerbaydgan-irangha-gumanitarlyq-komek-dgiberdi,2026-03-11,Әзербайжан Иранға гуманитарлық көмек жіберді,8-наурыз күні Әзербайжан президенті Ильхам Әлиев пен Иран Ислам Республикасының президенті телефон арқылы сөйлескен,NOT_RELEVANT,,NOT_RELEVANT,,,,kk_2,
KK-00197,,KK,Egemen,https://egemen.kz/article/407315-auyldan-shyghyp-aziyany-baghyndyrdy,2026-02-20,"Ауылдан шығып, Азияны бағындырды","Абай облысы, Көкпекті ауданына қарасты «Шуақты Шұғыла» балабақшасының «Толағай археологтары» командасы тарихи жетістікке қол жеткізді",NOT_RELEVANT,,NOT_RELEVANT,,,,kk_2,
KK-00902,,KK,Egemen,https://egemen.kz/article/416424-uimbldon-2026-bublik-pen-rybakina-ushinshi-aynalymgha-zholdama-aldy,2026-07-03,Уимблдон-2026: Бублик пен Рыбакина үшінші айналымға жолдама алды,"Отандық теннисші, әлемдік рейтингте екінші орында тұрған Елена Рыбакина Уимблдон-2026 турнирінің",NOT_RELEVANT,,NOT_RELEVANT,,,,kk_1,
KK-00269,,KK,Egemen,https://egemen.kz/article/409918-ertenh-elimizde-tuman-tusip-dganhbyr-dgauady,2026-03-28,"Ертең елімізде тұман түсіп, жаңбыр жауады","«Қазгидромет» Қазақстан аумағы бойынша 2026 жылғы 29 наурызға арналған жалпы ауа райы болжамын жариялады, деп хабарлайды Egemen.kz.",NOT_RELEVANT,,NOT_RELEVANT,,,,kk_1,
KK-00185,,KK,Egemen,https://egemen.kz/article/415461-atyrauda-eki-avtobus-soqtyghysyp-alty-adam-dgaraqat-aldy,2026-06-22,"Атырауда екі автобус соқтығысып, алты адам жарақат алды","Атырау қаласында екі жолаушылар автобусы соқтығысты. Оқиға салдарынан алты адам зардап шекті, деп хабарлайды Egemen.kz.",NOT_RELEVANT,,NOT_RELEVANT,,,,kk_2,
KK-00572,,KK,Egemen,https://egemen.kz/article/415241-bes-boydaqtynh-toyy-dganhasha-kozqaras,2026-06-19,«Бес бойдақтың тойы»: жаңаша көзқарас,Махамбет атындағы Атырау облыстық қазақ драма театры жақында Тынымбай Нұрмағамбетовтің «Бес бойдаққа бір той» комедиясын сахналады. Қойылымды тамашалағанда…,NOT_RELEVANT,,NOT_RELEVANT,,,,kk_1,
KK-01378,,KK,Egemen,https://egemen.kz/article/411388-aqtobede-litsenziyasy-dgoq-lombard-93-million-tenhge-tabys-tapqan,2026-04-20,Ақтөбеде лицензиясы жоқ ломбард 93 миллион теңге табыс тапқан,Ақтөбеде заңсыз кәсіпкер лицензиялық ломбардпен 93 миллион табыс тапқан. Бұл туралы ақпаратты Қаржылық мониторинг агенттігі Ақтөбе облысы департаменті…,NOT_RELEVANT,,NOT_RELEVANT,,,,kk_2,
KK-00838,,KK,Egemen,https://egemen.kz/article/409709-qazaqstanda-nauryz-merekesi-qalay-toylandy,2026-03-24,Қазақстанда Наурыз мерекесі қалай тойланды?,Қазақстанда Наурызды тойлаудың жаңа моделі қалыптасып келеді.,NOT_RELEVANT,,NOT_RELEVANT,,,,gold,IAA adjudicated gold
KK-01356,,KK,Egemen,https://egemen.kz/article/413321-endi-kolik-nomirin-tuystargha-beruge-bolady-zhanha-tuzetuler-kushine-endi,2026-05-25,Енді көлік нөмірін туыстарға беруге болады: Жаңа түзетулер күшіне енді,Ішкі істер министрлігінің көлікті тіркеу қағидаларына енгізген өзгерістері күшіне енді. Енді бұрын қолданылған мемлекеттік тіркеу,NOT_RELEVANT,,NOT_RELEVANT,,,,kk_1,
KK-01130,,KK,Egemen,https://egemen.kz/article/412820-alemdik-naryqta-munay-baghasy-taghy-qymbattady,2026-05-18,Әлемдік нарықта мұнай бағасы тағы қымбаттады,"АҚШ пен Иран арасындағы келіссөздердің тығырыққа тірелуі әлемдік мұнай нарығындағы алаңдаушылықты күшейтіп, мұнай бағасының тағы да өсуіне әсер етті, деп…",NOT_RELEVANT,,NOT_RELEVANT,,,,gold,IAA adjudicated gold
KK-00819,,KK,Egemen,https://egemen.kz/article/408995-qaraghandyda-ulgili-dgup-referendumda-tanhdau-dgasady,2026-03-15,Қарағандыда үлгілі жұп референдумда таңдау жасады,"Қарағанды қаласындағы №100 референдум учаскесінде дауыс беру науқаны таңғы сағаттардан-ақ қарқын алды. Таң атысымен тұрғындар белсенділік танытып, өз",NOT_RELEVANT,,NOT_RELEVANT,,,,kk_1,
KK-00571,,KK,Egemen,https://egemen.kz/article/413298-zhastar-arasyndaghy-aziya-birinshiliginde-baluandarymyz-taghy-alty-medal-enshile,2026-05-25,Жастар арасындағы Азия біріншілігінде балуандарымыз тағы алты медаль еншіледі,Вьетнамның Дананг қаласында жастар арасындағы күрес түрлерінен Азия чемпионаты жалғасып жатыр. Жарыстың екінші күнінде Қазақстан құрамасы тағы алты медаль…,NOT_RELEVANT,,NOT_RELEVANT,,,,gold,IAA adjudicated gold
KK-00770,,KK,Egemen,https://egemen.kz/article/415862-memleket-basshysy-aybynnynh-basty-missiyasy-–-intellektualdy-askeri-elitany-qa,2026-06-26,Мемлекет басшысы: «Айбынның» басты миссиясы – интеллектуалды әскери элитаны қалыптастыру,Мемлекет басшысы Қасым-Жомарт Тоқаев «Айбын» XII халықаралық әскери-патриоттық жастар жиынында сөйлеген сөзінде елімізде құрылған «Жас сарбаз» қозғалысының жас…,NOT_RELEVANT,,NOT_RELEVANT,,,,kk_1,
KK-01481,,KK,Egemen,https://egemen.kz/article/412976-donald-tramp-usynghan-qazaq-qyzy-aqsh-tynh-sloveniyadaghy-totenshe-elshisi-boldy,2026-05-20,Дональд Трамп ұсынған: Қазақ қызы АҚШ-тың Словениядағы төтенше елшісі болды,АҚШ Сенаты қазақ қызы Асель Робертстің кандидатурасын Словениядағы АҚШ елшісі қызметіне бекітті. Оны дипломатиялық лауазымға биыл ақпанда АҚШ президенті…,NOT_RELEVANT,,NOT_RELEVANT,,,,kk_1,
KK-00205,,KK,Egemen,https://egemen.kz/article/410027-komirsutekterdinh-iri-qorlaryn-endi-zhi-tekhnologiyalar-izdeydi,2026-03-31,Көмірсутектердің ірі қорларын енді ЖИ технологиялар іздейді,«ҚазМұнайГаз» ҰК АҚ басқарма төрағасы Асхат Хасенов Үкімет отырысында Премьер-министр Олжас Бектеновке геологиялық барлауда инновациялық технологиялар мен,NOT_RELEVANT,,NOT_RELEVANT,,,,kk_2,
KK-00826,,KK,Egemen,https://egemen.kz/article/410587-medeu-parkimen-shekaralas-288-gektar-dger-memleket-menshigine-qaytaryldy,2026-04-08,«Медеу» паркімен шекаралас 288 гектар жер мемлекет меншігіне қайтарылды,"Алматы прокуратурасының қадағалау қызметі шеңберінде жалпы аумағы 288 га болатын екі жер телімдері жеке меншікке заңсыз берілгендігі анықталып отыр, деп",NOT_RELEVANT,,NOT_RELEVANT,,,,kk_1,
KK-00446,,KK,Egemen,https://egemen.kz/article/412703-murat-ergeshbaevtynh-parlamenttegi-ornyna-kim-keldi,2026-05-15,Мұрат Ергешбаевтың Парламенттегі орнына кім келді?,"Жуырда Қызылорда облысына әкім болып тағайындалған бұрынғы Мәжіліс депутаты Мұрат Ергешбаевтың орнына Берік Бейсенғалиев келді, деп хабарлайды Egemen.kz.",NOT_RELEVANT,,NOT_RELEVANT,,,,kk_2,
KK-01419,,KK,Egemen,https://egemen.kz/article/412288-qazaqstanda-esirtki-biznesimen-aynalysqan-76-shetel-azamaty-ustaldy,2026-05-06,Қазақстанда есірткі бизнесімен айналысқан 76 шетел азаматы ұсталды,"Биылғы төрт айдың ішінде есірткі қылмыстары үшін 76 шетел азаматы ұсталған, олардың ішінде 23-і есірткі сатқаны үшін",NOT_RELEVANT,,NOT_RELEVANT,,,,kk_1,
KK-00334,,KK,Egemen,https://egemen.kz/article/415479-eki-kolikpen-soqtyghysqan-almatyda-avtobus-dgurgizushisi-dgol-ustinde-qaytys-bol,2026-06-22,Екі көлікпен соқтығысқан: Алматыда автобус жүргізушісі жол үстінде қайтыс болды,Алматы қаласында автобус басқарып келе жатқан жүргізуші қайтыс болды. Қайғылы оқиға Жетісу ауданында болған. Бұл ақпаратты қалалық полиция департаменті ресми…,NOT_RELEVANT,,NOT_RELEVANT,,,,kk_1,
KK-01315,,KK,Egemen,https://egemen.kz/article/410015-bugin-1-dollardy-qansha-tenhgege-satyp-alugha-bolady,2026-03-31,Бүгін 1 долларды қанша теңгеге сатып алуға болады?,"31 наурызда еліміздің ірі қалаларындағы айырбастау орындарында доллар, еуро және рубльдің орташа сатып алу және сату бағамдары ұсынылды",NOT_RELEVANT,,NOT_RELEVANT,,,,kk_2,
KK-01191,,KK,Egemen,https://egemen.kz/article/416063-braziliya-quramasy-oyynnynh-sonhghy-minutynda-zhaponiyadan-dgenhisti-dgulyp-aket,2026-06-30,Бразилия құрамасы ойынның соңғы минутында Жапониядан жеңісті жұлып әкетті,"Әлем чемпионатының 1/16 финалындағы кездесуде Бразилия мен Жапония құрамасы арасындағы ойында 2:1 есебімен Бразилия командасы жеңіске жетті, деп…",NOT_RELEVANT,,NOT_RELEVANT,,,,kk_2,
KK-01295,,KK,Egemen,https://egemen.kz/article/408940-ushqyshsyz-ushu-apparattary-qutqarushylardynh-dgumysyn-qalay-dgenhildetti,2026-03-14,Ұшқышсыз ұшу аппараттары құтқарушылардың жұмысын қалай жеңілдетті?,"Төтенше жағдайлар министрлігі өз қызметіне заманауи технологияларды кең ауқымда енгізуді жалғастырып, ұшқышсыз ұшу аппараттарын белсенді түрде қолданып",NOT_RELEVANT,,NOT_RELEVANT,,,,kk_2,
KK-01368,,KK,Egemen,https://egemen.kz/article/413449-chdgao-letszi-i-daredgeli-dostyq-ordenimen-marapattaldy,2026-05-26,Чжао Лэцзи І дәрежелі «Достық» орденімен марапатталды,Қасым-Жомарт Тоқаев Қазақстан мен Қытай арасындағы екіжақты стратегиялық серіктестікті тереңдетуге үлес қосқаны үшін Чжао Лэцзиді І дәрежелі «Достық» орденімен…,NOT_RELEVANT,,NOT_RELEVANT,,,,kk_1,
KK-00969,,KK,Egemen,https://egemen.kz/article/410870-taza-qazaqstan-ormanshylar-oqushylarmen-birge-aghash-ekti,2026-04-13,«Таза Қазақстан»: Орманшылар оқушылармен бірге ағаш екті,Бүгінде еліміздің түкпір-түкпірінде «Таза Қазақстан» экологиялық акциясы аясында тазалық іс-шаралары қарқынды жүріп жатыр. Елдегі экологиялық жағдайды,NOT_RELEVANT,,NOT_RELEVANT,,,,kk_2,
KK-00165,,KK,Egemen,https://egemen.kz/article/413377-tarazda-qutqarushylar-ort-kezinde-7-adamdy-evakuatsiyalady,2026-05-26,Таразда құтқарушылар өрт кезінде 7 адамды эвакуациялады,Жамбыл облысының Тараз қаласында бес қабатты тұрғын үйдің кіреберісінде 4 және 5-қабаттардың арасында орналасқан қойма бөлмесінде 4 шаршы метр аумақта жиһаз…,NOT_RELEVANT,,NOT_RELEVANT,,,,gold,IAA adjudicated gold
KK-00508,,KK,Egemen,https://egemen.kz/article/414789-undistanda-askeri-ushaq-apatqa-ushyrap-5-adam-qaza-tapty,2026-06-13,"Үндістанда әскери ұшақ апатқа ұшырап, 5 адам қаза тапты",Үндістанның әскери-әуе күштеріне тиесілі Ан-32 әскери-көлік ұшағы елдің солтүстік-шығысындағы Ассам штатының Джорхат авиабазасына қону кезінде апатқа ұшырады…,NOT_RELEVANT,,NOT_RELEVANT,,,,kk_1,
KK-00920,,KK,Egemen,https://egemen.kz/article/413210-aziya-chempionatyna-qazaqstan-quramasyn-rizabek-aytmukhan-bastap-barady,2026-05-23,Азия чемпионатына Қазақстан құрамасын Ризабек Айтмұхан бастап барады,"Бүгін Вьетнамның Дананг қаласында күрес түрлерінен жастар арасында Азия чемпионаты жалауын көтереді, деп хабарлайды Egemen.kz",NOT_RELEVANT,,NOT_RELEVANT,,,,gold,IAA adjudicated gold
KK-00950,,KK,Egemen,https://egemen.kz/article/416579-memleket-basshysy-qasym-zhomart-toqaev-nursultan-nazarbaevty-tughan-kunimen-qutt,2026-07-06,Мемлекет басшысы Қасым-Жомарт Тоқаев Нұрсұлтан Назарбаевты туған күнімен құттықтады,"Мемлекет басшысы құттықтауында Тұңғыш Президенттің заманауи қазақ мемлекеттілігінің негізін қалау, Қазақстан Республикасын құру, еліміздің экономикалық…",NOT_RELEVANT,,NOT_RELEVANT,,,,kk_2,
KK-00310,,KK,Egemen,https://egemen.kz/article/415606-basyqaradaghy-balyq-toghany,2026-06-24,Басықарадағы балық тоғаны,"«Арал Рыбторг» ЖШС Қазалы ауданындағы Басықара ауылының аумағынан 464 гектар жер учаскесін жалға алып, балық өсіретін арнайы тоған салып жатыр. Құны 650 млн…",NOT_RELEVANT,,NOT_RELEVANT,,,,kk_2,
KK-01323,,KK,Egemen,https://egemen.kz/article/413314-qaraghandyda-kolik-student-qyzdy-qaghyp-ketti-boydgetken-oqigha-ornynda-koz-dgum,2026-05-25,Қарағандыда көлік студент қызды қағып кетті: Бойжеткен оқиға орнында көз жұмды,"Қарағанды қаласында жол-көлік оқиғасы болып, Бөкетов атындағы университеттің студенті қаза тапты, деп хабарлайды Egemen.kz.",NOT_RELEVANT,,NOT_RELEVANT,,,,kk_2,
KK-01461,,KK,Egemen,https://egemen.kz/article/411350-manhghystau-oblysynda-100-den-astam-dgylqy-qyrylyp-qaldy,2026-04-19,Маңғыстау облысында 100-ден астам жылқы қырылып қалды,"Маңғыстау облысында қатты жел мен нөсер жаңбыр салдарынан 100-ден астам жылқы қырылды, деп хабарлайды Egemen.kz.",NOT_RELEVANT,,NOT_RELEVANT,,,,kk_2,
KK-00457,,KK,Egemen,https://egemen.kz/article/412574-radioaktivti-qaldyqtarmen-dgumys-isteytin-ulttyq-operator-instituty-qurylady,2026-05-13,Радиоактивті қалдықтармен жұмыс істейтін ұлттық оператор институты құрылады,Мәжіліс бірінші оқылымда радиоактивті қалдықтармен жұмыс істеу мәселелері бойынша заң жобасын мақұлдады. Құжаттар Қазақстан заңнамасын «Радиоактивті…,NOT_RELEVANT,,NOT_RELEVANT,,,,kk_1,
KK-00404,,KK,Egemen,https://egemen.kz/article/414675-tolaghay-qyz,2026-06-12,Толағай қыз,Қарқаралыда өткен қымыз думанында қой көтеру ойыны қызды. Салмағы 35 килолық тұлыпты 150 мәрте көтерген Жәнел Құсайынова дүйім жұртты тамсандырды. Қаршадай…,NOT_RELEVANT,,NOT_RELEVANT,,,,kk_2,
KK-01158,,KK,Egemen,https://egemen.kz/article/414539-digital-qazaqstan-dgalpyulttyq-strategiyasy-qabyldandy,2026-06-10,«Digital Qazaqstan» жалпыұлттық стратегиясы қабылданды,Мемлекет басшысы 2029 жылға дейінгі «Digital Qazaqstan» ауқымды цифрландыру және жасанды интеллект технологияларын енгізудің жалпыұлттық стратегиясын бекіту…,NOT_RELEVANT,,NOT_RELEVANT,,,,kk_2,
KK-01279,,KK,Egemen,https://egemen.kz/article/415765-zeynetaqy-shegininh-osui-turghyn-uy-baghasyna-qalay-aser-etedi,2026-06-25,Зейнетақы шегінің өсуі тұрғын үй бағасына қалай әсер етеді?,Ел тұрғындары өздерінің зейнетақы жинақтарын тұрғын үйге 2021 жылдан бастап белсенді түрде пайдалана бастағаны мәлім.,NOT_RELEVANT,,NOT_RELEVANT,,,,kk_2,
KK-00051,,KK,Egemen,https://egemen.kz/article/409343-paraplandy-tizgindegen,2026-03-18,Парапланды тізгіндеген,Көк жүзінен ағараңдаған параплан ағындатқан күйі Шешек асуындағы жазыққа қонды. Әскери ардагер ұшқыш Николай Петинцев референдум учаскесіне дауыс беруге,NOT_RELEVANT,,NOT_RELEVANT,,,,gold,IAA adjudicated gold
KK-01322,,KK,Egemen,https://egemen.kz/article/415662-qostanay-oblysynda-qonys-audarushylar-baspana-alu-kezinde-alayaqtyq-dgasaghan,2026-06-24,Қостанай облысында қоныс аударушылар баспана алу кезінде алаяқтық жасаған,"Қарабалық ауданының прокуратурасы қоныс аударушыларға тұрғын үй сатып алу үшін берілетін мемлекеттік көмекті заңсыз пайдалану фактілерін анықтады, деп…",NOT_RELEVANT,,NOT_RELEVANT,,,,kk_1,
KK-00807,,KK,Egemen,https://egemen.kz/article/412650-avtobuspen-15-saghat-lrt-arqyly-auedgaydan-vokzalgha-deyin-qansha-uaqytta-dgetug,2026-05-14,"Автобуспен 1,5 сағат: LRT арқылы әуежайдан вокзалға дейін қанша уақытта жетуге болады?",Астанадағы ең көп талқыланған әрі көптен күткен жеңіл рельсті көліктің (LRT) қозғалыс схемасы қаланың электронды карталарына енгізілді. Енді елорда тұрғындары…,NOT_RELEVANT,,NOT_RELEVANT,,,,kk_2,
KK-01051,,KK,Egemen,https://egemen.kz/article/413436-aue-biletterininh-quny-16-20-mynh-tenhge-zhazda-qay-dgaqqa-demalugha-barugha-bol,2026-05-26,Әуе билеттерінің құны 16-20 мың теңге: Жазда қай жаққа демалуға баруға болады?,"Елімізде жазғы демалыс кезеңінде пойыздар мен әуе рейстерінің саны артады. Бұл туралы Көлік министрлігі хабарлады, деп жазады Egemen.kz.",NOT_RELEVANT,,NOT_RELEVANT,,,,kk_1,
KK-00881,,KK,Egemen,https://egemen.kz/article/411800-bloger-erbolat-zhanabylov-pen-dgubayyna-qatysty-sot-ukimi-shyqty,2026-04-27,Блогер Ерболат Жанабылов пен жұбайына қатысты сот үкімі шықты,Астана қаласының қылмыстық істер жөніндегі ауданаралық соты танымал блогерлер Ерболат Жанабылов пен Эльмира Төлегеноваға қатысты үкім кесті. Ерлі-зайыптылар…,NOT_RELEVANT,,NOT_RELEVANT,,,,kk_1,
KK-00241,,KK,Egemen,https://egemen.kz/article/413272-tobyl-komandasy-bas-bapkerin-taghy-auystyruy-mumkin,2026-05-24,«Тобыл» командасы бас бапкерін тағы ауыстыруы мүмкін,"«Тобыл» футбол клубында кезекті кадрлық өзгерістер болуы мүмкін, деп хабарлайды Egemen.kz.",NOT_RELEVANT,,NOT_RELEVANT,,,,kk_1,
KK-01097,,KK,Egemen,https://egemen.kz/article/408980-maulen-ashimbaev-referendum-–-khalyq-unine-qulaq-asatyn-memleket-tudgyrymdamas,2026-03-15,Мәулен Әшімбаев: Референдум – «Халық үніне құлақ асатын мемлекет» тұжырымдамасының жарқын көрінісі,Парламент Сенатының Төрағасы Мәулен Әшімбаев жаңа Конституцияға байланысты республикалық референдумда дауыс берді. Палата Спикері өз таңдауын Ұлттық,NOT_RELEVANT,,NOT_RELEVANT,,,,kk_2,
KK-00014,,KK,Egemen,https://egemen.kz/article/409226-zhasandy-intellekt-miften-mekhanikagha-deyin,2026-03-16,Жасанды интеллект: мифтен механикаға дейін,"Адам баласында арман таусылған ба? Қиялына қанат бітіріп, талаптың тұлпарын мінгізетін осы құдіреттің арқасында өркениет өрге басты. Күнделікті өмірімізге",NOT_RELEVANT,,NOT_RELEVANT,,,,kk_2,
KK-00529,,KK,Egemen,https://egemen.kz/article/412870-almatyda-ayelderdinh-koshbasshylyq-aleuetin-damytugha-arnalghan-trening-bastaldy,2026-05-18,Алматыда әйелдердің көшбасшылық әлеуетін дамытуға арналған тренинг басталды,"Алматыда әйелдердің көшбасшылық әлеуетін дамытып, еліміздің саяси өміріне қатысуын арттыруға бағытталған үш күндік тренинг өз жұмысын бастады, деп хабарлайды…",NOT_RELEVANT,,NOT_RELEVANT,,,,kk_2,
KK-01439,,KK,Egemen,https://egemen.kz/article/410049-oldgas-bektenov-geologiyalyq-barlau-dgumystaryna-otandyq-tekhnologiyalardy-qolda,2026-03-31,Олжас Бектенов геологиялық барлау жұмыстарына отандық технологияларды қолдануды тапсырды,"Үкімет отырысында Премьер-министр Олжас Бектенов шетелдік шешімдерге тәуелділікті азайту қажеттігін атап өтіп, геологиялық барлау жұмыстарына отандық",NOT_RELEVANT,,NOT_RELEVANT,,,,kk_1,
KK-00947,,KK,Egemen,https://egemen.kz/article/413776-ata-ana-tanhdauy-biyl-tughan-sabilerge-qanday-esimder-dgii-qoyyldy,2026-06-01,Ата-ана таңдауы: Биыл туған сәбилерге қандай есімдер жиі қойылды?,1 маусым Қазақстанда Балаларды қорғау күні. Жыл басынан мамыр айының соңына дейін Қазақстанда дүниеге келген,NOT_RELEVANT,,NOT_RELEVANT,,,,kk_2,
KK-00193,,KK,Egemen,https://egemen.kz/article/413605-29-mamyr-–-bitimger-kuni-qazaqstannynh-900-den-astam-askeri-qyzmetshisi-buu-mi,2026-05-29,29 мамыр – Бітімгер күні: Қазақстанның 900-ден астам әскери қызметшісі БҰҰ миссияларына қатысты,Бүгін елімізде алғаш рет ресми түрде Бітімгер күні аталып өтіп отыр. Кәсіби мереке БҰҰ-ның Халықаралық бітімгерлер күнімен,NOT_RELEVANT,,NOT_RELEVANT,,,,kk_2,
KK-00023,,KK,Egemen,https://egemen.kz/article/410865-astanadaghy-kopqabatty-uydegi-ort-zardap-shekken-ayeldinh-dgaghdayy-qalay,2026-04-13,Астанадағы көпқабатты үйдегі өрт: Зардап шеккен әйелдің жағдайы қалай?,12 сәуірге қараған түні Астанадағы Есіл ауданы Түркістан көшесінде орналасқан 21 қабатты тұрғын үйдің 15-қабатындағы пәтерде өрт шыққан. Тілсіз жау,NOT_RELEVANT,,NOT_RELEVANT,,,,kk_1,
KK-00652,,KK,Egemen,https://egemen.kz/article/409898-adil-qogham-dgauapkershilikten-bastalady,2026-03-28,Әділ қоғам жауапкершіліктен басталады,"Сыбайлас жемқорлық – қоғамның мемлекетке деген сенімін әлсіретіп, кез келген жүйенің дамуына тұсау болатын залалды әлеуметтік құбылыс. Оған қарсы күрес",NOT_RELEVANT,,NOT_RELEVANT,,,,kk_2,
KK-00576,,KK,Egemen,https://egemen.kz/article/415788-elimizdinh-onhtustiginde-41-gradusqa-deyin-ystyq-bolady,2026-06-26,Еліміздің оңтүстігінде 41 градусқа дейін ыстық болады,"Бүгін, 26 маусым еліміздің бірқатар өңірінде аптап ыстық сақталады. Әсіресе, елдің оңтүстік аймақтарында ауа температурасы +38…+41°C-қа дейін көтеріледі, деп…",NOT_RELEVANT,,NOT_RELEVANT,,,,gold,IAA adjudicated gold
KK-00555,,KK,Egemen,https://egemen.kz/article/407984-tobyl-superkubok-iegeri-atandy,2026-02-28,«Тобыл» Суперкубок иегері атанды,"28 ақпанда «Астана Арена» стадионында футболдан маусымашар дода Қазақстан Суперкубогының финалдық кездесуі өтті, деп хабарлайды Egemen.kz.",NOT_RELEVANT,,NOT_RELEVANT,,,,gold,IAA adjudicated gold
KK-01371,,KK,Egemen,https://egemen.kz/article/408285-sarap-otyrysynda-dganha-konstitutsiya-dgobasyndaghy-aleumettik-kepildikter-masel,2026-03-04,«SARAP» отырысында жаңа Конституция жобасындағы әлеуметтік кепілдіктер мәселесі талқыланды,"Бүгін, 2026 жылғы 4 наурызда, Астанада «Конституция қоғамдық келісім ретінде: әлеуметтік кепілдіктер теңгерімі мен азаматтардың талап-тілегі» атты «SARAP»",NOT_RELEVANT,,NOT_RELEVANT,,,,kk_1,
KK-00031,,KK,Egemen,https://egemen.kz/article/408340-milliarder-shukhrat-ibragimov-tobyl-futbol-klubyn-satyp-aldy,2026-03-05,Миллиардер Шухрат Ибрагимов «Тобыл» футбол клубын сатып алды,"Миллиардер Шухрат Ибрагимов «Тобыл» футбол клубының бас құрылтайшысы болды, деп жазады Egemen.kz.",NOT_RELEVANT,,NOT_RELEVANT,,,,kk_2,
KK-00296,,KK,Egemen,https://egemen.kz/article/409307-qazaqstangha-zanhsyz-karantindik-onimder-akelgen-145-derek-anyqtaldy,2026-03-17,Қазақстанға заңсыз карантиндік өнімдер әкелген 145 дерек анықталды,Жыл басынан бері Қазақстанға үшінші елдерден карантинге жатқызылған өнімдерді әкелу кезінде 145 заңбұзушылық дерегі,NOT_RELEVANT,,NOT_RELEVANT,,,,kk_1,
KK-01372,,KK,Egemen,https://egemen.kz/article/414404-inabattynh-igilikti-izdenisi,2026-06-09,Инабаттың игілікті ізденісі,Сабағын үздік оқуымен бірге ғылымға бет бұрған оқушылар аз емес. Сондай талапты оқушының қатарында атыраулық Инабат Шабахова да бар.,NOT_RELEVANT,,NOT_RELEVANT,,,,gold,IAA adjudicated gold
KK-00898,,KK,Egemen,https://egemen.kz/article/411237-bostandyq-dgoly-buralanh,2026-04-17,Бостандық жолы бұралаң...,"Пенде баласы жаралғалы бері қой үстіне бозторғай жұмыртқалаған заманды аңсап, әділетті қоғам құруды армандап келеді. Содан да болар, әлем әркез еркіндік…",NOT_RELEVANT,,NOT_RELEVANT,,,,gold,IAA adjudicated gold
KK-01448,,KK,Egemen,https://egemen.kz/article/415885-almatyda-memleket-basshysynynh-atynan-otandyq-baq-qyzmetkerleri-marapattaldy,2026-06-26,Алматыда Мемлекет басшысының атынан отандық БАҚ қызметкерлері марапатталды,"Бұқаралық ақпарат құралдары қызметкерлері күні қарсаңында Алматы қаласында медиа саласы өкілдерін марапаттау рәсімі өтті, деп хабарлайды Egemen.kz",NOT_RELEVANT,,NOT_RELEVANT,,,,kk_2,
KK-00656,,KK,Egemen,https://egemen.kz/article/415487-qazaqstan-aughanstannynh-astanasynan-sauda-uyin-ashty,2026-06-22,Қазақстан Ауғанстанның астанасынан сауда үйін ашты,"ҚР Премьер-Министрінің орынбасары, Ұлттық экономика министрі Серік Жұманғарин бастаған қазақстандық делегацияның бизнес-миссиясы аясында Казақстанның Кабул…",NOT_RELEVANT,,NOT_RELEVANT,,,,kk_2,
KK-00775,,KK,Egemen,https://egemen.kz/article/408328-astanada-mereke-kunderi-cts-ortalyq-kassasy-dgumys-istemeydi,2026-03-05,Астанада мереке күндері CTS Орталық кассасы жұмыс істемейді,«City Transportation Systems» алдағы мереке күндеріне байланысты Орталық кассаның жұмыс кестесінде өзгерістер болатынын хабарлады,NOT_RELEVANT,,NOT_RELEVANT,,,,kk_1,
KK-00254,,KK,Egemen,https://egemen.kz/article/416036-izrail-livannynh-onhtustigine-soqqy-dgasady,2026-06-29,Израиль Ливанның оңтүстігіне соққы жасады,"Израиль әскері Ливанның оңтүстігіндегі Мадждаль-Зун ауылында әскери операция жүргізіп, «Хезболла» қозғалысына тиесілі жерасты инфрақұрылымын жойғанын…",NOT_RELEVANT,,NOT_RELEVANT,,,,kk_1,
KK-00591,,KK,Egemen,https://egemen.kz/article/414175-aqdgarda-sport-kesheni-ashyldy,2026-06-05,Ақжарда спорт кешені ашылды,Тарбағатай ауданының орталығы Ақжар ауылында «Ауыл – ел бесігі!» мемлекеттік бағдарламасы аясында салынған дене шынықтыру-сауықтыру кешенінің ашылуы ауыл…,NOT_RELEVANT,,NOT_RELEVANT,,,,kk_2,
KK-01254,,KK,Egemen,https://egemen.kz/article/409711-memleket-basshysy-redgep-tayip-erdoghanmen-telefon-arqyly-soylesti,2026-03-24,Мемлекет басшысы Режеп Тайип Ердоғанмен телефон арқылы сөйлесті,"Ең алдымен Қазақстан және Түркия президенттері Ораза айт пен Наурыз мерекелеріне орай бір-біріне ізгі тілектерін жеткізді, деп хабарлайды Egemen.kz.",NOT_RELEVANT,,NOT_RELEVANT,,,,kk_1,
KK-00695,,KK,Egemen,https://egemen.kz/article/415974-qazaqstannynh-media-salasynynh-damuy-institutsionaldyq-dganhghyru-dgane-aqparatt,2026-06-28,Қазақстанның медиа саласының дамуы: институционалдық жаңғыру және ақпараттық кеңістікті нығайту,"Қазақстанда медиа саласын жаңғырту жұмыстары жүйелі түрде жалғасуда. Цифрлық инфрақұрылым дамып, заңнамалық база жетілдіріліп, отандық БАҚ-тың халықаралық…",NOT_RELEVANT,,NOT_RELEVANT,,,,kk_1,
KK-00680,,KK,Egemen,https://egemen.kz/article/408519-prezident-ayelder-qauymyn-khalyqaralyq-merekemen-quttyqtady,2026-03-08,Президент әйелдер қауымын халықаралық мерекемен құттықтады,"Мемлекет басшысы Қасым-Жомарт Тоқаевтың Халықаралық әйелдер күнімен құттықтады, деп хабарлайды Egemen.kz Ақорданың баспасөз қызметіне сілтеме жасап.",NOT_RELEVANT,,NOT_RELEVANT,,,,kk_1,
KK-00407,,KK,Egemen,https://egemen.kz/article/413201-ispaniyada-la-liga-toreshilerininh-dgumysyn-dgasandy-intellekt-baghalaydy,2026-05-22,Испанияда Ла Лига төрешілерінің жұмысын жасанды интеллект бағалайды,"Ла Лига президенті Хавьер Тебас Испания футболында төрешілердің жұмысын бағалау үшін келесі маусымнан бастап жасанды интеллект енгізілетінін мәлімдеді, деп…",NOT_RELEVANT,,NOT_RELEVANT,,,,kk_2,
KK-00495,,KK,Egemen,https://egemen.kz/article/409833-lamin-yamal-altyn-dop-iegeri-atanuy-mumkin-be-zhanhartylghan-reyting-dgariyaland,2026-03-27,Ламин Ямаль «Алтын доп» иегері атануы мүмкін бе? Жаңартылған рейтинг жарияланды,Футбол әлемінде ең беделді жеке жүлде Алтын допқа үміткерлер рейтингінде жаңа көшбасшы анықталды,NOT_RELEVANT,,NOT_RELEVANT,,,,kk_1,
KK-00189,,KK,Egemen,https://egemen.kz/article/415026-arynghazy-khannynh-urpaqtary,2026-06-17,Арынғазы ханның ұрпақтары,"Ақтау қаласының тұрғыны, зейнеткер дәрігер Әзірбай Жүрсінбайұлы Ораз Ақтөбе облыстық тарихи-өлкетану музейіне 1816­–1821 жылдары Кіші жүз ханы болған Арынғазы…",NOT_RELEVANT,,NOT_RELEVANT,,,,kk_2,
KK-00879,,KK,Egemen,https://egemen.kz/article/411146-turghyn-uy-kezegindegi-tuytkil-rettelip-keledi,2026-04-16,Тұрғын үй кезегіндегі түйткіл реттеліп келеді,Бүгінде елімізде үкіметтік бағдарламалар арқылы үй алудан үмітті азаматтарды есепке алудың бірыңғай да ашық жүйесі құрылып жатыр. Алайда осы мәселеде…,NOT_RELEVANT,,NOT_RELEVANT,,,,kk_2,
KK-00317,,KK,Egemen,https://egemen.kz/article/408897-europalyq-naryqqa-baghyt-alghan-kasiporyn,2026-03-14,Еуропалық нарыққа бағыт алған кәсіпорын,«Қазақстандық металл құрылымдар зауыты» ЖШС агроөнеркәсіп пен мұнай-газ салалары­на арналған жоғары тех­нологиялық жабдық­тар өндіреді. Зауыт – республика,NOT_RELEVANT,,NOT_RELEVANT,,,,gold,IAA adjudicated gold
KK-00148,,KK,Egemen,https://egemen.kz/article/415882-ormuz-bughazyndaghy-akhual-iran-baqylaudy-ali-de-oz-qolynda-ustap-otyr,2026-06-26,Ормуз бұғазындағы ахуал: Иран бақылауды әлі де өз қолында ұстап отыр,"АҚШ-тың арнайы делегациясы Абу Дабиге барып, Парсы шығанағындағы одақтастарымен қауіпсіздік пен Иранға қатысты ахуалды талқылады, деп хабарлайды Egemen.kz",NOT_RELEVANT,,NOT_RELEVANT,,,,kk_1,
KK-00044,,KK,Egemen,https://egemen.kz/article/411612-ayqyn-aydyn-arsen-turkistanda-ushem-duniege-keldi,2026-04-23,"Айқын, Айдын, Арсен: Түркістанда үшем дүниеге келді","Түркістан қаласында бір отбасының шаңырағын шаттыққа бөлеген ерекше оқиға тіркелді, деп хабарлайды Egemen.kz.",NOT_RELEVANT,,NOT_RELEVANT,,,,kk_2,
KK-01484,,KK,Egemen,https://egemen.kz/article/410495-memleket-basshysy-vetnam-prezidenti-to-lamgha-quttyqtau-dgedelkhatyn-dgoldady,2026-04-07,Мемлекет басшысы Вьетнам Президенті То Ламға құттықтау жеделхатын жолдады,"Қасым-Жомарт Тоқаев Вьетнам Коммунистік партиясы Орталық комитетінің Бас хатшысы То Ламды Президент болып сайлануымен құттықтады, деп",NOT_RELEVANT,,NOT_RELEVANT,,,,kk_2,
KK-00561,,KK,Egemen,https://egemen.kz/article/409736-bokstan-aziya-chempionatynda-el-namysyn-kimder-qorghaydy,2026-03-26,Бокстан Азия чемпионатында ел намысын кімдер қорғайды?,30 наурыз-10 сәуір аралығында Моңғолия астанасы Ұланбатырда World Boxing ұйымының ұйымдастыруымен ересектер арасындағы алғашқы Азия чемпионаты өтеді,NOT_RELEVANT,,NOT_RELEVANT,,,,kk_2,
KK-01416,,KK,Egemen,https://egemen.kz/article/408801-kemeler-keptelisi-nemese-ormuz-bughazyndaghy-durbelenh,2026-03-13,Кемелер кептелісі немесе Ормуз бұғазындағы дүрбелең,"Иран ондаған жыл бойы Ормуз бұғазын еларалық түйткілдерді шешудің басты құралына айналдырып отыр. Бұғазды біресе ашып, біресе жауып, әлемдік мұнай нарығын",NOT_RELEVANT,,NOT_RELEVANT,,,,kk_1,
KK-00186,,KK,Egemen,https://egemen.kz/article/414980-qaraghandy-oblysynda-kasiporyndardynh-biri-ekologiyalyq-zanhnama-talaptaryn-ores,2026-06-16,Қарағанды облысында кәсіпорындардың бірі экологиялық заңнама талаптарын өрескел бұзған,Аталған облыстың мамандандырылған табиғат қорғау прокуратурасы экологиялық заңнаманың сақталуына тұрақты негізде,NOT_RELEVANT,,NOT_RELEVANT,,,,kk_2,
KK-01383,,KK,Egemen,https://egemen.kz/article/413042-abaylanhyz-qaraqurt-qazaqstanda-qauipti-ormekshiler-dgandana-bastady,2026-05-21,"Абайлаңыз, қарақұрт: Қазақстанда қауіпті өрмекшілер жандана бастады","Аптап ыстықтың басталуымен және қарақұрттың тіршілік ету ортасы ұлғаятын уақыт келді. Демек, олармен табиғат аясында кездесіп қалу қауіпі жоғары дейді…",NOT_RELEVANT,,NOT_RELEVANT,,,,kk_2,
KK-01462,,KK,Egemen,https://egemen.kz/article/413650-prezident-qazaqstan-tekhnologiyany-netto-eksporttaushy-martebesin-daleldedi,2026-05-29,Президент: Қазақстан технологияны нетто-экспорттаушы мәртебесін дәлелдеді,Астанада Президент Қасым-Жомарт Тоқаевтың төрағалығымен Жоғары Еуразиялық экономикалық кеңестің кеңейтілген құрамдағы кезекті отырысы өтті. Жоғары кеңестің…,NOT_RELEVANT,,NOT_RELEVANT,,,,kk_1,
KK-00396,,KK,Egemen,https://egemen.kz/article/407317-zhalpyulttyq-koalitsiya-zhanha-konstitutsiya-qazaqstannynh-adiletti-ari-ornyqty-,2026-02-20,Жалпыұлттық коалиция: Жаңа Конституция Қазақстанның әділетті әрі орнықты дамуының негізіне айналады,«Әділетті және Прогрессивті Қазақстанның Халықтық Конституциясы үшін!» жалпыұлттық коалициясының мүшелері Қостанай облысының тұрғындарымен жаңа,NOT_RELEVANT,,NOT_RELEVANT,,,,kk_1,
KK-01405,,KK,Egemen,https://egemen.kz/article/414732-almaty-oblysynda-alyp-irimshik-zauyty-salynady,2026-06-12,Алматы облысында алып ірімшік зауыты салынады,Ауыл шаруашылығы министрі Айдарбек Сапаров пен ирандық азық-түлік холдингінің президенті Голам Али Сулеймани сүтті терең өңдеу саласындағы ірі жобаны іске…,NOT_RELEVANT,,NOT_RELEVANT,,,,kk_1,
KK-00461,,KK,Egemen,https://egemen.kz/article/416541-ulttyq-dombyra-kuni-shqo-qutqarushylary-erekshe-chellendzhke-qatysty,2026-07-05,Ұлттық домбыра күні: ШҚО құтқарушылары ерекше челленджке қатысты,"Ұлттық домбыра күніне орай ШҚО құтқарушылары қазақтың ең танымал күйлерінің бірін орындап, өңірдің қала-аудандары арасын жалғаған ерекше рухани көпірге…",NOT_RELEVANT,,NOT_RELEVANT,,,,kk_2,
KK-00609,,KK,Egemen,https://egemen.kz/article/408053-qayrat-satybaldynynh-biznes-ortalyghy-61-milliard-tenhgege-satylady,2026-03-02,Қайрат Сатыбалдының бизнес-орталығы 61 миллиард теңгеге сатылады,Алматыда қайтарылған активтерді басқару компаниясы (КУВА) Kaisar Plaza сауда-кеңсе орталығын сатуға шығармақ.,NOT_RELEVANT,,NOT_RELEVANT,,,,kk_1,
KK-00406,,KK,Egemen,https://egemen.kz/article/416415-ispaniya-quramasy-alem-chempionatynynh-1-8-finalyna-shyqty,2026-07-03,Испания құрамасы әлем чемпионатының 1/8 финалына шықты,"Футболдан әлем чемпионатының 1/16 финалында Испания құрамасы Аустрияны 3:0 есебімен жеңіп,",NOT_RELEVANT,,NOT_RELEVANT,,,,kk_2,
KK-00863,,KK,Egemen,https://egemen.kz/article/407754-mikhail-shaydorov-milan-2026-olimpiada-dguldyzdarynynh-shouyna-qatyspaytyn-boldy,2026-02-26,Михаил Шайдоров «Милан-2026» Олимпиада жұлдыздарының шоуына қатыспайтын болды,Алматыда 5 сәуір 17:00-де «Милан-2026» Олимпиада жұлдыздарының шоуы өтеді,NOT_RELEVANT,,NOT_RELEVANT,,,,gold,IAA adjudicated gold
KK-01019,,KK,Egemen,https://egemen.kz/article/410341-800-mynh-tenhge-pavlodarda-narestesin-satpaq-bolghan-ayel-ustaldy,2026-04-03,800 мың теңге: Павлодарда нәрестесін сатпақ болған әйел ұсталды,"Павлодар облысында полиция жаңа туған сәбиін сатпақ болған әйелдің заңсыз әрекетін әшкереледі. Алдын ала мәліметке сәйкес, 23 жастағы Түркістан облысының",NOT_RELEVANT,,NOT_RELEVANT,,,,kk_1,
KK-01236,,KK,Egemen,https://egemen.kz/article/410626-turistik-mausymgha-azirlik-dgayy-talqylandy,2026-04-09,Туристік маусымға әзірлік жайы талқыланды,Премьер-министрдің орынбасары – Мәдениет және ақпарат министрі Аида Балаева мен Туризм және спорт министрі Ербол Мырзабосынов Жетісу облысындағы туристік,NOT_RELEVANT,,NOT_RELEVANT,,,,kk_2,
KK-00750,,KK,Egemen,https://egemen.kz/article/411908-otandasymyz-zakir-naymanbaev-ufc-ligasynda-uzdik-ushtikke-endi,2026-04-29,Отандасымыз Закир Найманбаев UFC лигасында үздік үштікке енді,UFCPower Slap – UFC президенті Дана Уайтқа тиесілі күшті соққылар бойынша жарыс лигасы,NOT_RELEVANT,,NOT_RELEVANT,,,,kk_1,
KK-01192,,KK,Egemen,https://egemen.kz/article/407445-turkistan-auedgayyna-143-mln-tenhge-ayyppul-salyndy,2026-02-23,"Түркістан әуежайына 14,3 млн теңге айыппұл салынды","Түркістан облысы бойынша Бәсекелестікті қорғау және дамыту агенттігінің департаменті бөлшек саудадағы әуе отыны нарығын тексеріп, заңсыз әрекеттерді",NOT_RELEVANT,,NOT_RELEVANT,,,,kk_2,
KK-00880,,KK,Egemen,https://egemen.kz/article/414141-kartany-kassagha-aynaldyrghandar-mobildi-audarymdardy-baqylaugha-sebep-bolyp-oty,2026-06-05,Картаны кассаға айналдырғандар мобильді аударымдарды бақылауға себеп болып отыр,"Қазір мобильдік аударымдардың «дәурені» жүріп тұр. Сауда да, қызмет те, қарыз қайтару да, туысқа көмек жіберу де телефон арқылы жүзеге асады. Егер 2021 жылы…",NOT_RELEVANT,,NOT_RELEVANT,,,,kk_1,
KK-01469,,KK,Egemen,https://egemen.kz/article/411105-astanada-zamanaui-zertkhanalyq-keshen-qurylady,2026-04-15,Астанада заманауи зертханалық кешен құрылады,Астанада Ұлттық геологиялық қызмет базасында заманауи зертханалық кешен құру жобасы жүзеге асырылып жатыр. Бұл туралы MINEX Kazakhstan 2026 форумында Өнеркәсіп…,NOT_RELEVANT,,NOT_RELEVANT,,,,kk_1,
KK-00114,,KK,Egemen,https://egemen.kz/article/411178-icloud-pen-google-drive-paydalanushylaryna-qauip-tondi,2026-04-16,iCloud пен Google Drive пайдаланушыларына қауіп төнді,"Бас прокуратура интернет-алаяқтық жағдайларының көбейгенін мәлімдеп, азаматтарды сақ болуға шақырды. Ведомствоның хабарлауынша, алаяқтар танымал бұлттық…",NOT_RELEVANT,,NOT_RELEVANT,,,,kk_2,
KK-00590,,KK,Egemen,https://egemen.kz/article/412556-qyzylorda-meditsina-kolleddgininh-1-kurs-studentin-dgataqkhanada-uryp-oltirgen,2026-05-13,Қызылорда медицина колледжінің 1-курс студентін жатақханада ұрып өлтірген,Қызылордадағы «Болашақ» медициналық колледжі жатақханасында бірінші курс студенті қаза тапты. Марқұмның туыстары оның өліміне жүйелі буллинг себеп болғанын…,NOT_RELEVANT,,NOT_RELEVANT,,,,kk_2,
KK-01466,,KK,Egemen,https://egemen.kz/article/413905-prezident-alatau-qalasy-qurylysynynh-negizgi-qaghidalary-dganha-konstitutsiyagha,2026-06-02,Президент: Алатау қаласы құрылысының негізгі қағидалары жаңа Конституцияға енгізілді,"Мемлекет басшысы Қасым-Жомарт Тоқаев Алатау қаласын дамыту жөніндегі кеңесте сөз сөйледі, деп хабарлайды Egemen.kz.",NOT_RELEVANT,,NOT_RELEVANT,,,,kk_2,
KK-01075,,KK,Egemen,https://egemen.kz/article/411204-bekzat-almakhannynh-ufc-degi-qarsylasy-anyqtaldy,2026-04-16,Бекзат Алмаханның UFC-дегі қарсыласы анықталды,UFC-де күш сынасып жүрген Бекзат Алмахан өзінің келесі жекпе-жегін 27 маусымда Бакуде Жан Мацумотоға қарсы өткізеді,NOT_RELEVANT,,NOT_RELEVANT,,,,kk_1,
