id,parallel_group,lang,source,url,date,headline,lead,llm_label_l1,llm_label_l2,human_label_l1,human_label_l2,flag_pollution,flag_uncertain,annotator_id,notes
UZ-D05168,,UZ,Daryo.uz,https://daryo.uz/2015/12/03/hindistonga-iqlim-ozgarishi-oqibatlariga-qarshi-kurashish-uchun-2030-yilgacha-1-trln-dollar-kerak-boladi/,2015-12-03,Hindistonga iqlim o‘zgarishi oqibatlariga qarshi kurashish uchun 2030-yilgacha 1 trln dollar kerak bo‘ladi,O‘rtacha yillik haroratning Selsiy o‘lchami bilan ikki darajaga oshishini 800 million hindistonlik sezib ulgurdi,RELEVANT,POLICY,RELEVANT,POLICY,,,uz_1,Climate adaptation finance needs
UZ-D04674,,UZ,Daryo.uz,https://daryo.uz/uz/2023/11/13/ozbekiston-delegatsiyasi-iqlim-ozgarishlariga-qarshi-kurashish-sohasidagi-harakatlar-boyicha-jahon-sammitida-ishtirok-etadi/,2023-11-13,Ўзбекистон делегацияси Иқлим ўзгаришларига қарши курашиш соҳасидаги ҳаракатлар бўйича жаҳон саммитида иштирок этади,"Унда Ўзбекистон миллий, минтақавий ва глобал даражада иқлим ўзгаришига қарши курашни кучайтириш юзасидан қатор таклиф ва ташаббусларни илгари суради",RELEVANT,POLICY,RELEVANT,POLICY,,,uz_2,Delegation at global climate summit
UZ-D00101,,UZ,Kun.uz,https://kun.uz/en/news/2025/04/08/massive-solar-power-projects-set-for-karakalpakstan-and-jizzakh,,Massive solar power projects set for Karakalpakstan and Jizzakh,"Investment agreements have been signed between ISSV, SANY Renewables International Investment Co., Ltd., and China’s Liquip International for the construction of large-scale renewable energy facilities in Uzbekistan.",RELEVANT,ENERGY,RELEVANT,ENERGY,,,uz_2,solar power projects Karakalpakstan Jizzakh
UZ-C01496,,UZ,Kun.uz,https://kun.uz/ru/news/2024/08/20/na-smyagcheniye-posledstviy-izmeneniya-klimata-v-priarale-napravyat-80-mln-dollarov,,На смягчение последствий изменения климата в Приаралье направят 80 млн долларов,В рамках программы адаптации сельского хозяйства к изменениям климата для региона Приаралья в Узбекистане выделят 80 млн долларов,RELEVANT,AGRI_LAND,RELEVANT,POLICY,,,uz_1,$80M Aral climate adaptation
UZ-D05425,,UZ,Kun.uz,https://kun.uz/ru/news/2019/09/23/mir-na-poroge-katastrofy-v-oon-predupredili-o-posledstviyax-globalnogo-potepleniya,,«Мир – на пороге катастрофы»: в ООН предупредили о последствиях глобального потепления,Организация объединенных наций (ООН) предупредила о приближении всемирной катастрофы из-за глобального потепления.,RELEVANT,POLICY,RELEVANT,SCIENCE_GEN,,,uz_2,UN warns of global warming
UZ-00037,,UZ,Kun.uz,https://kun.uz/news/2025/02/24/iqlim-ozgarishi-milliy-markaziga-direktor-tayinlandi,2025-02-24,Iqlim o‘zgarishi milliy markaziga direktor tayinlandi,"U tayinlovga qadar Ekologiya, atrof-muhitni muhofaza qilish va iqlim o‘zgarishi vazirligining «Ekologik siyosat» departamenti boshlig‘i lavozimida faoliyat yuritgan.",RELEVANT,POLICY,RELEVANT,POLICY,,1,uz_1,climate center director appointment
UZ-D03604,,UZ,Daryo.uz,https://daryo.uz/2021/02/11/ozbekistonda-iqlim-ozgarishiga-qarshi-strategiya-ishlab-chiqiladi/,2021-02-11,O‘zbekistonda iqlim o‘zgarishiga qarshi strategiya ishlab chiqiladi,Strategiyani amalga oshirish uchun 2021-yilning 1-sentabriga qadar Prezident qarori loyihasi ishlab chiqiladi,RELEVANT,POLICY,RELEVANT,POLICY,,,uz_1,National climate strategy
UZ-D02048,,UZ,Kun.uz,https://kun.uz/news/2023/01/05/germaniya-iqlim-boyicha-maqsadlardan-orqada-qolyapti,,Germaniya iqlim bo‘yicha maqsadlardan orqada qolyapti,2022 yilda Germaniyada karbonat angidrid gazining atmosferaga chiqarilishi deyarli kamaymadi. Bu ko‘mir va neftdan foydalanishning kuchayishi bilan bog‘liq.,RELEVANT,POLICY,RELEVANT,ENERGY,,,gold,IAA adjudicated gold
UZ-D01284,,UZ,Daryo.uz,https://daryo.uz/2019/02/22/orol-dengizining-363-ming-gektar-qurigan-maydoniga-saksovul-ekildi/,2019-02-22,Orol dengizining 363 ming gektar qurigan maydoniga saksovul ekildi,"Yana 917,2 ming gektar yer ekishga tayyorlangan",RELEVANT,WATER_CRYO,RELEVANT,AGRI_LAND,,1,uz_2,Saxaul planted on dried Aral bed
UZ-D02447,,UZ,Daryo.uz,https://daryo.uz/uz/2025/05/28/ozbekistonda-yashil-iqlim-jamgarmasining-mintaqaviy-vakolatxonasi-ochilishi-mumkin/,2025-05-28,Ўзбекистонда Яшил иқлим жамғармасининг минтақавий ваколатхонаси очилиши мумкин,Абдулла Арипов Яшил иқлим жамғармаси ижрочи директори Мафалда Дуарте билан учрашув ўтказди,RELEVANT,POLICY,RELEVANT,POLICY,,,uz_2,Green Climate Fund office may open
UZ-C01110,,UZ,Kun.uz,https://kun.uz/en/news/2026/04/21/renewable-energy-production-in-uzbekistan-surges-by-37-in-early-2026,,Renewable energy production in Uzbekistan surges by 37% in early 2026,"Uzbekistan’s green energy sector continues to show rapid growth, with the volume of electricity generated from renewable sources exceeding 3 billion kWh since the beginning of this year.",RELEVANT,ENERGY,RELEVANT,ENERGY,,,uz_2,renewable energy output surge
UZ-D05103,,UZ,Daryo.uz,https://daryo.uz/uz/2023/03/24/saida-mirziyoyev-bmtda-orol-dengizi-fojiasining-oqibatlari-haqida-nutq-sozladi/,2023-03-24,Саида Мирзиёева БМТда Орол денгизи фожиасининг оқибатлари ҳақида нутқ сўзлади,У халқаро ҳамжамиятни глобал сув масалаларида Ўзбекистоннинг саъй-ҳаракатларини қўллаб-қувватлашни давом эттиришга чақирган,RELEVANT,POLICY,RELEVANT,WATER_CRYO,,1,uz_2,Speech on Aral Sea tragedy
UZ-D00036,,UZ,Daryo.uz,https://daryo.uz/2022/07/27/amsterdamdagi-xalqaro-aeroport-ekologiya-foydasiga-reyslar-sonini-qisqartirmoqda/,2022-07-27,Amsterdamdagi xalqaro aeroport ekologiya foydasiga reyslar sonini qisqartirmoqda,"Niderlandiya rasmiylari iqlim o‘zgarishi, shovqin va havo ifloslanishiga qarshi kurash maqsadida shunday qarorga keldi",RELEVANT,POLICY,RELEVANT,POLICY,1,1,uz_2,Airport cuts flights for climate
UZ-D03263,,UZ,Kun.uz,https://kun.uz/ru/news/2019/05/22/uzbekistan-nameren-razvivat-sotrudnichestvo-s-zelenym-klimaticheskim-fondom,,Узбекистан намерен развивать сотрудничество с Зеленым климатическим фондом,"Сегодня, 22 мая, в Национальном пресс-центре Центр гидрометеорологической службы при Кабинете Министров провел пресс-конференцию и круглый стол на тему «Развитие сотрудничества с Зеленым климатическим фондом».",RELEVANT,POLICY,RELEVANT,POLICY,,,uz_1,Green Climate Fund cooperation
UZ-D03317,,UZ,Kun.uz,https://kun.uz/news/2024/11/12/ziroat-mirziyoyeva-bokuda-yoshlarning-iqlimga-oid-tashabbuslarini-keng-qollab-quvvatlashga-chaqirdi,,Ziroat Mirziyoyeva Bokuda yoshlarning iqlimga oid tashabbuslarini keng qo‘llab-quvvatlashga chaqirdi,O‘zbekiston birinchi xonimi Ziroat Mirziyoyeva Ozarboyjonda «Yoshlarning iqlim o‘zgarishi bo‘yicha harakatlardagi yetakchiligi» mavzusida tashkil etilgan forumda ishtirok etdi.,RELEVANT,POLICY,RELEVANT,POLICY,,1,uz_1,youth climate initiatives COP29
UZ-D05565,,UZ,Kun.uz,https://kun.uz/ru/news/2024/11/12/mirziyoyev-uzbekistan-rasshirit-obyazatelstva-po-snijyeniyu-vybrosov-parnikovyx-gazov,,Мирзиёев: Узбекистан расширит обязательства по снижению выбросов парниковых газов,"Узбекистан готов расширить свои обязательства по снижению выбросов парниковых газов к 2050 году, заявил президент Шавкат Мирзиёев на конференции ООН по изменению климата (COP29) в Баку.",RELEVANT,POLICY,RELEVANT,POLICY,,,gold,IAA adjudicated gold
UZ-C01250,,UZ,Daryo.uz,https://daryo.uz/uz/2024/06/28/bayden-iqlim-ozgarishini-insoniyat-uchun-yagona-tahdid-deb-biladi/,2024-06-28,Жо Байден иқлим ўзгаришини инсоният учун ягона таҳдид деб атади,"“Ер шарининг исталган нуқтасида ҳарорат Цельсий бўйича 1,5 даражага кўтарилса, бу жараённи ортга қайтариб бўлмайди”, — деди АҚШ президенти",RELEVANT,POLICY,RELEVANT,SCIENCE_GEN,,1,uz_2,Biden: climate sole threat to humanity
UZ-D05382,,UZ,Daryo.uz,https://daryo.uz/uz/2019/01/24/olimlar-quyosh-sababli-iqlim-ozgarishi-sodir-bolishi-haqidagi-afsonani-rad-etdi/,2019-01-24,Олимлар Қуёш сабабли иқлим ўзгариши содир бўлиши ҳақидаги афсонани рад этди,"Уларнинг таъкидлашича, бунга космик ҳодисалар эмас, Ер атмосфераси сабабчи",RELEVANT,SCIENCE_GEN,RELEVANT,SCIENCE_GEN,,,uz_2,Refutes sun-causes-climate-change myth
UZ-C02220,,UZ,Daryo.uz,https://daryo.uz/uz/2025/10/23/ozbekiston-va-finlyandiya-markaziy-osiyoda-iqlim-barqarorligi-uchun-yer-osti-suvlarini-raqamli-modellashtirish-jarayoni-qanday-kechmoqda/,2025-10-23,Ўзбекистон ва Финляндия: Марказий Осиёда иқлим барқарорлиги учун ер ости сувларини рақамли моделлаштириш жараёни қандай кечмоқда?,Марказий Осиёда сув танқислиги ва иқлим ўзгарувчанлиги кучайиб бораётган шароитда Ўзбекистон ва Финляндия сув ресурсларини самарали бошқариш бўйича илмий ҳамкорликнинг янги йўналишини амалга оширмоқда. Бу ҳамкорлик рақамли инновациялар ва барқарор ривожланиш тамойилларини бирлаштирган илмий дипломатия намунасига айланди.,RELEVANT,WATER_CRYO,RELEVANT,WATER_CRYO,,,uz_2,Groundwater modeling for climate resilience
UZ-D00219,,UZ,Kun.uz,https://kun.uz/news/2019/07/09/fransiyada-2020-yildan-aviareyslar-uchun-ekologiya-soligi-joriy-etiladi,,Fransiyada 2020 yildan aviareyslar uchun ekologiya solig‘i joriy etiladi,"Fransiya 2020 yildan mamlakat hududidan amalga oshiriladigan reyslarga ""aviatransport uchun ekosoliq"" joriy etiladi",RELEVANT,POLICY,NOT_RELEVANT,,,1,uz_1,"aviation eco-tax, no explicit climate"
UZ-C01899,,UZ,Daryo.uz,https://daryo.uz/uz/2021/04/04/iqlim-ozgarishi-tufayli-qishloq-xojaligi-mahsuldorligi-50-yilda-21-foizga-pasayib-ketdi/,2021-04-04,Иқлим ўзгариши туфайли қишлоқ хўжалиги маҳсулдорлиги 50 йилда 21 фоизга пасайиб кетди,"Қишлоқ хўжалиги маҳсулдорлигининг қисқариши илиқ минтақаларда — Африкада, Лотин Америкасида, Кариб ҳавзаси мамлакатларида юқорироқдир",RELEVANT,AGRI_LAND,RELEVANT,AGRI_LAND,,,uz_1,Climate cut agri productivity 21%
UZ-D00604,,UZ,Daryo.uz,https://daryo.uz/uz/2023/09/30/ozbekiston-bolalari-va-yoshlarini-iqlim-kun-tartibiga-jalb-qilish-boyicha-milliy-strategiya-imzolandi/,2023-09-30,Ўзбекистон ёшларини иқлим кун тартибига жалб қилиш бўйича миллий стратегия имзоланди,Стратегия ЮНИСЕФ ва ЮНЕСКО халқаро экспертлари кўмагида ишлаб чиқилган,RELEVANT,POLICY,RELEVANT,POLICY,,,gold,IAA adjudicated gold
UZ-D00839,,UZ,Kun.uz,https://kun.uz/news/2021/11/30/dunyoda-birinchi-davlat-iqlim-sababli-boshqa-yerga-kochishga-tayyorgarlik-kora-boshladi,,Dunyoda birinchi davlat iqlim sababli boshqa yerga ko‘chishga tayyorgarlik ko‘ra boshladi,Tinch okeanidagi bir nechta orollardan tashkil topgan Tuvalu davlati aholisi orollar suv ostida qolishi holatida xavfsiz joyga ko‘chib o‘tishiga to‘g‘ri keladi. Bu haqda Tuvalu tashqi ishlar vaziri Saymon Kofe aytib o‘tdi.,RELEVANT,HEALTH_SOCIETY,RELEVANT,HEALTH_SOCIETY,,,uz_1,Tuvalu climate relocation
UZ-D05030,,UZ,Kun.uz,https://kun.uz/en/news/2024/06/27/iveco-planted-10000-seedlings-to-address-the-desertification-of-the-aral-sea-in-uzbekistan,,"IVECO planted 10,000 seedlings to address the desertification of the Aral Sea in Uzbekistan","IVECO, the brand of Iveco Group N.V. (EXM: IVG) that designs, manufactures, and markets light, medium, and heavy commercial vehicles, is supporting Uzbekistan’s efforts to mitigate the effects of the desertification of the Aral Sea with the plantation of 10,000 seedlings in the exposed seabed.",RELEVANT,AGRI_LAND,RELEVANT,AGRI_LAND,,,uz_1,seedlings vs Aral desertification
UZ-D03107,,UZ,Kun.uz,https://kun.uz/news/2021/04/14/orol-dengizi-mintaqasini-tiklash-boyicha-rejalar-elon-qilindi,,Orol dengizi mintaqasini tiklash bo‘yicha rejalar e'lon qilindi,2021 yilgi Butunjahon ilg‘or texnologiyalar bo‘yicha tanlovda Orol dengizi mintaqasini tiklash bo‘yicha innovatsion rejalar e'lon qilindi.,RELEVANT,WATER_CRYO,RELEVANT,WATER_CRYO,,,uz_2,Aral Sea region restoration plans
UZ-D05376,,UZ,Kun.uz,https://kun.uz/ru/news/2018/10/04/uzbekistan-vzal-obazatelstva-snizit-vybrosy-parnikovyh-gazov-k-2030-godu,,Узбекистан взял обязательства снизить выбросы парниковых газов к 2030 году,"Узбекистан примет меры для снижения удельных выбросов парниковых газов на единицу ВВП на 10% к 2030 году, сообщил член комитета Сената по вопросам международных отношений, внешнеэкономических связей, иностранных инвестиций и туризма Рахматулла Назаров, пишет газета «Народное слово».",RELEVANT,POLICY,RELEVANT,POLICY,,,uz_1,GHG emissions reduction commitment
UZ-C00463,,UZ,Kun.uz,https://kun.uz/ru/news/2025/04/04/uzbekistan-sokratit-vybrosy-parnikovyx-gazov-na-16-mln-tonn,,Узбекистан сократит выбросы парниковых газов на 16 млн тонн,"Президент Узбекистана Шавкат Мирзиёев выступил на Самаркандском международном климатическом форуме, где рассказал о планах страны по сокращению выбросов парниковых газов.",RELEVANT,POLICY,RELEVANT,POLICY,,,uz_2,GHG cut pledge at climate forum
UZ-D01232,,UZ,Daryo.uz,https://daryo.uz/2020/01/09/iqlim-ozgarishlari-bizni-tentak-qiladi-behazil/,2020-01-09,Iqlim o‘zgarishlari bizni tentak qiladi. Behazil,"Xullas, vaziyat murakkab va bu aytilganlardan hech birida yaxshilik alomati ko‘rinmayapti",RELEVANT,OTHER_CLIMATE,RELEVANT,SCIENCE_GEN,,1,uz_2,Commentary on climate change effects
UZ-C00037,,UZ,Daryo.uz,https://daryo.uz/2022/08/28/global-iqlim-ozgarishiga-qarshi-kurash-elektromobil-bozorining-umumiy-korinishi-kelajagi-va-ozbekistondagi-vaziyati-qanday/,2022-08-28,"Global iqlim o‘zgarishiga qarshi kurash: elektromobil bozorining umumiy ko‘rinishi, kelajagi va O‘zbekistondagi vaziyati qanday?",Jahon bozorida 2012—2021 yillarda elektr transport vositalarini sotilishi 50 baravardan oshdi,RELEVANT,ENERGY,RELEVANT,ENERGY,,,uz_1,EV market vs climate change
UZ-D00415,,UZ,Daryo.uz,https://daryo.uz/2019/09/06/olimlar-yarim-asrlik-plyonkadagi-tasvirlar-orqali-antarktidadagi-muzliklar-erish-tezligini-hisobladi/,2019-09-06,Olimlar yarim asrlik plyonkadagi tasvirlar orqali Antarktidadagi muzliklar erish tezligini hisobladi,Ushbu ma’lumotlar asosida hatto o‘tmishda Antarktidada otilgan vulqonlardan qolgan kul qatlamlari va shelf ostida yashiringan suv sizib chiqadigan joylarni ham topishgan,RELEVANT,WATER_CRYO,RELEVANT,WATER_CRYO,,,uz_2,Antarctic glacier melting rate calculated
UZ-D04610,,UZ,Kun.uz,https://kun.uz/ru/news/2025/11/11/parlament-napravil-zapros-ministram-ekologii-i-ekonomiki-po-realizatsii-zelenoy-strategii,,Парламент направил запрос министрам экологии и экономики по реализации «зеленой» стратегии,"На очередном пленарном заседании Законодательной палаты Олий Мажлиса депутаты рассмотрели вопрос о направлении парламентского запроса министрам экологии, охраны окружающей среды и изменения климата, а также экономики и финансов. Тема обращения — реализация Стратегии по переходу Узбекистана на «зеленую» экономику на период 2019–2030 годов.",RELEVANT,POLICY,RELEVANT,POLICY,,,uz_2,green economy strategy query
UZ-D03677,,UZ,Daryo.uz,https://daryo.uz/2020/03/06/yevropada-vodorodli-avtomobillar-ommalashmoqda-ekologik-toza-yoqilgi-haqida-nimalarni-bilamiz/,2020-03-06,Yevropada vodorodli avtomobillar ommalashmoqda. Ekologik toza yoqilg‘i haqida nimalarni bilamiz?,Mercedes kelgusi besh yil ichida vodorod texnologiyalarini ishlab chiqarish uchun 20 milliard yevro miqdorida mablag‘ ajratgan,RELEVANT,ENERGY,RELEVANT,ENERGY,,,uz_2,"Hydrogen cars, clean fuel transition"
UZ-D04719,,UZ,Kun.uz,https://kun.uz/news/2021/11/04/iqlim-boyicha-parij-kelishuvi-talablariga-muvofiq-130-trln-dollar-sarmoya-kiritiladi,,Iqlim bo‘yicha Parij kelishuvi talablariga muvofiq 130 trln dollar sarmoya kiritiladi,"BMT iqlim masalalariga bag‘ishlangan konferensiyasining to‘rtinchi kuni iqlim o‘zgarishi oqibatlarini yumshatish va yangi sharoitlarga moslashish uchun qabul qilinishi kerak bo‘lgan choralarni moliyalashtirish masalalariga bag‘ishlandi. Asosiy maqsad – isishni Tselsiy bo‘yicha 1,5 daraja chegarasida ushlab turish.",RELEVANT,POLICY,RELEVANT,POLICY,,,gold,IAA adjudicated gold
UZ-D05571,,UZ,Daryo.uz,https://daryo.uz/2021/04/14/dunyoning-eng-boy-odamlari-iqlim-inqiroziga-sabab-boldi-oav/,2021-04-14,Dunyoning eng boy odamlari iqlim inqiroziga sabab bo‘ldi — OAV,Ko‘p miqdorda yoqilg‘i talab qiluvchi yo‘ltanlamas avtomobillar va samolyotlarning uzluksiz parvozi asosiy muammoga aylandi,RELEVANT,OTHER_CLIMATE,RELEVANT,HEALTH_SOCIETY,,,uz_2,Rich people caused climate crisis
UZ-D03767,,UZ,Daryo.uz,https://daryo.uz/uz/2021/05/12/turkmanistondagi-qurgoqchilik-2018-yilga-nisbatan-kuchliroq-bolishi-mumkin/,2021-05-12,Туркманистондаги қурғоқчилик 2018 йилга нисбатан кучлироқ бўлиши мумкин,Қиш ва баҳорда ёғингарчилик миқдори кам бўлгани сабабли Помир тоғларида қор етарли даражада тўпланмади. Бунинг натижасида баҳор фаслида Амударёдаги сув миқдори 2020 йилга нисбатан 60 фоизга камроқ бўлди,RELEVANT,WATER_CRYO,RELEVANT,DISASTER,,,uz_1,"Turkmenistan drought, low snowpack"
UZ-D01529,,UZ,Kun.uz,https://kun.uz/ru/news/2018/06/08/izmenenie-klimata-v-centralnoj-azii-istorii-v-fotografiah,,Изменение климата в Центральной Азии: Истории в фотографиях,Этот региональный фотоконкурс был организован Всемирным Банком при партнерстве с Региональным экологическим центром Центральной Азии в рамках Программы по адаптации к изменению климата и смягчению его последствий для бассейна Аральского моря.,RELEVANT,POLICY,RELEVANT,SCIENCE_GEN,,,uz_2,climate change photo stories Central Asia
UZ-C02081,,UZ,Kun.uz,https://kun.uz/news/2024/08/21/bmt-qoraqalpogistonda-suv-kanalizatsiya-va-ekologiya-boyicha-yangi-loyihalarni-ishga-tushirdi,,"BMT Qoraqalpog‘istonda suv, kanalizatsiya va ekologiya bo‘yicha yangi loyihalarni ishga tushirdi",BMT agentliklari Orolbo‘yi mintaqasi Ko‘p sheriklik trast fondi ko‘magida Qoraqalpog‘istonda ikkita yangi loyihani ishga tushirdi.,RELEVANT,WATER_CRYO,NOT_RELEVANT,,,1,uz_2,
UZ-C01194,,UZ,Kun.uz,https://kun.uz/en/news/2024/12/16/aiib-approves-250m-financing-to-accelerate-uzbekistans-climate-transition,,AIIB approves $250M financing to accelerate Uzbekistan’s climate transition,"The Asian Infrastructure Investment Bank (AIIB) has approved $250 million in financing to support the acceleration of Uzbekistan’s climate transition towards a green, inclusive, and resilient economy.",RELEVANT,POLICY,RELEVANT,POLICY,,,uz_2,AIIB climate transition financing
UZ-D00447,,UZ,Daryo.uz,https://daryo.uz/uz/2026/02/04/rogun-ges-amudaryo-quyi-oqimi-uchun-xavf-tugdiradi-ekologlar/,2026-02-04,“Роғун ГЭС Амударё қуйи оқими учун хавф туғдиради” — экологлар,"Экологлар Тожикистондаги Роғун ГЭС таъсирини баҳолаганлар “кўзи юмуқ ҳолда” иш тутгани, сабаби Амударё ҳавзасидаги реал вазият ва Қўштепа канали таъсири ҳисобга олинмаганини таъкидлади.",RELEVANT,WATER_CRYO,RELEVANT,WATER_CRYO,,,uz_1,Rogun HPP threatens Amudarya
UZ-D01856,,UZ,Kun.uz,https://kun.uz/ru/news/2020/04/15/minenergo-obyavilo-tender-na-stroitelstvo-v-uzbekistane-pervoy-vetrovoy-elektrostansii,,Минэнерго объявило тендер на строительство в Узбекистане первой ветровой электростанции,"Министерство энергетики Узбекистана объявило о проведении первого в стране тендера на строительство ветровой электростанции мощностью 100 МВт, сообщили в пресс-службе Минэнерго.",RELEVANT,ENERGY,RELEVANT,ENERGY,,,uz_1,first wind plant tender
UZ-C00674,,UZ,Kun.uz,https://kun.uz/en/news/2024/05/23/governor-of-andijan-inks-100m-solar-energy-deal-with-russian-firms,,Governor of Andijan inks $100M solar energy deal with Russian firms,Plans are underway to implement a project for constructing a 100-megawatt solar panel power station between 2024 and 2026.,RELEVANT,ENERGY,RELEVANT,ENERGY,,,uz_2,solar energy deal Andijan
UZ-C01417,,UZ,Kun.uz,https://kun.uz/news/2024/10/23/bmt-ozarboyjon-iqlim-ozgarishi-boyicha-dunyodagi-eng-yirik-yillik-uchrashuvga-mezbonlik-qilishga-tayyor,,BMT: Ozarboyjon iqlim o‘zgarishi bo‘yicha dunyodagi eng yirik yillik uchrashuvga mezbonlik qilishga tayyor,BMT koordinatori Bokuning IS-29 ni tashkil etish va iqlim o‘zgarishiga qarshi kurashish borasidagi sa’y-harakatlari haqida gapirdi,RELEVANT,POLICY,RELEVANT,POLICY,,,uz_1,UN COP29 host
UZ-D05287,,UZ,Daryo.uz,https://daryo.uz/2022/12/03/vladimir-norov-yxhtni-orol-dengizidagi-ekologik-oqibatlarni-yumshatish-harakatlarida-faol-ishtirok-etishga-chaqirdi/,2022-12-03,Vladimir Norov YXHTni Orol dengizidagi ekologik oqibatlarni yumshatish harakatlarida faol ishtirok etishga chaqirdi,"Tashqi ishlar vazirining ta’kidlashicha, Markaziy Osiyoda ekologik muammolar hamon dolzarb, mintaqadagi iqlim o‘zgarishining sur’ati dunyo bo‘yicha o‘rtacha ko‘rsatkichdan ikki baravar ko‘p",RELEVANT,POLICY,RELEVANT,POLICY,,,uz_1,"SCO urged to help Aral, climate"
UZ-D02286,,UZ,Daryo.uz,https://daryo.uz/2016/09/05/nasa-orol-dengizining-qurish-jarayonini-korsatib-berdi-video/,2016-09-05,NASA Orol dengizining qurish jarayonini ko‘rsatib berdi (video),NASA kosmik agentligi Orol dengizining keskin qurib ketishini ko‘rsatib beruvchi yangi suratlar ketma-ketligini taqdim etdi,RELEVANT,WATER_CRYO,RELEVANT,WATER_CRYO,,,uz_2,NASA shows Aral Sea drying
UZ-D01420,,UZ,Daryo.uz,https://daryo.uz/uz/2020/09/24/shavkat-mirziyoyev-orolboyi-mintaqasini-ekologik-innovatsiya-va-texnologiyalar-hududi-deb-elon-qilish-haqida-bmt-rezolyutsiyasini-qabul-qilishni-taklif-etdi/,2020-09-24,Шавкат Мирзиёев Оролбўйи минтақасини экологик инновация ва технологиялар ҳудуди деб эълон қилиш ҳақида БМТ резолюциясини қабул қилишни таклиф этди,«Ушбу муҳим ҳужжат тасдиқланган санани эса Халқаро экологик тизимларни ҳимоя қилиш ва тиклаш куни сифатида нишонлаш мақсадга мувофиқ бўларди» – Шавкат Мирзиёев,RELEVANT,POLICY,RELEVANT,POLICY,,,uz_1,"UN resolution, Aral eco-innovation zone"
UZ-D04550,,UZ,Kun.uz,https://kun.uz/en/news/2025/12/05/uzbekistan-commits-to-cutting-harmful-emissions-by-50-percent-by-2035,,Uzbekistan commits to cutting harmful emissions by 50 percent by 2035,"Uzbekistan has pledged to halve its harmful gas emissions by 2035 as part of its updated commitments under the Paris Agreement, President Shavkat Mirziyoyev announced, recalling the country’s participation in the recent COP-30 climate conference in Brazil.",RELEVANT,POLICY,RELEVANT,POLICY,,,uz_1,"emissions cut 50%, Paris/COP30"
UZ-D03668,,UZ,Kun.uz,https://kun.uz/news/2024/08/30/janubiy-koreya-osiyoda-birinchi-bolib-iqlim-togrisidagi-qonun-konstitutsiyani-buzayotganini-tan-oldi,,Janubiy Koreya Osiyoda birinchi bo‘lib iqlim to‘g‘risidagi qonun konstitutsiyani buzayotganini tan oldi,Mamlakat Konstitutsiyaviy sudi uglerod neytralligi borasidagi milliy qonun bazaviy inson huquqlariga zidligi to‘g‘risida qaror chiqardi.,RELEVANT,POLICY,RELEVANT,POLICY,,,uz_2,climate law ruled unconstitutional
UZ-D00695,,UZ,Daryo.uz,https://daryo.uz/2023/12/26/orol-dengizining-qurigan-tubida-ekilgan-saksovullar-kosmosdan-korina-boshladi/,2023-12-26,Orol dengizining qurigan tubida ekilgan saksovullar kosmosdan ko‘rina boshladi,Qoraqalpog‘istonning Mo‘ynoq tumanidagi Orol dengizi suvi qurigan hududda 2018-yilda boshlangan “yashil qoplamalar” barpo etish ishlari bugungi kunda tizimli ravishda tashkil etilmoqda,RELEVANT,WATER_CRYO,RELEVANT,AGRI_LAND,,,uz_1,Aral saxaul visible from space
UZ-C00157,,UZ,Kun.uz,https://kun.uz/en/news/2025/03/10/malaysias-sunview-group-to-invest-in-large-scale-solar-projects-in-uzbekistan,,Malaysia’s Sunview Group to invest in large-scale solar projects in Uzbekistan,"Uzbekistan’s Ambassador, Karomiddin Gadoyev, met with Ong Hang Ping, CEO of the Malaysian company Sunview Group, to discuss the company's plans for renewable energy projects in Uzbekistan.",RELEVANT,ENERGY,RELEVANT,ENERGY,,,uz_2,solar project investment in Uzbekistan
UZ-C01570,,UZ,Daryo.uz,https://daryo.uz/uz/2023/10/21/balida-qurgoqchilik-tufayli-favqulodda-holat-elon-qilindi/,2023-10-21,Балида қурғоқчилик туфайли фавқулодда ҳолат эълон қилинди,"Бали губернаторининг айтишича, июлдан октябргача давом этаётган қуруқ об-ҳаво 113 та қишлоқда сув танқислигига сабаб бўлган",RELEVANT,WATER_CRYO,RELEVANT,DISASTER,,,uz_1,Bali drought emergency
UZ-D01657,,UZ,Daryo.uz,https://daryo.uz/2017/06/02/tramp-aqshning-iqlim-boyicha-parij-kelishuvidan-chiqishini-elon-qildi/,2017-06-02,Tramp AQShning Iqlim bo‘yicha Parij kelishuvidan chiqishini e’lon qildi,U Parij bitimi mamlakatga yuklaydigan “shafqatsiz” iqtisodiy va moliyaviy majburiyatni qoraladi,RELEVANT,POLICY,RELEVANT,POLICY,,,uz_1,US exits Paris Agreement
UZ-D04372,,UZ,Kun.uz,https://kun.uz/ru/news/2020/12/07/uzbekistan-v-techeniye-desyati-let-postroit-solnechnyye-elektrostansii-moshchnostyu-5-tys-mvt,,Узбекистан в течение десяти лет построит солнечные электростанции мощностью 5 тыс. МВт,"Узбекистан планирует в течение десяти лет построить в стране фотоэлектрических (солнечных) электростанций (ФЭС) общей мощностью 5 тыс. МВт, сообщает Министерством энергетики.",RELEVANT,ENERGY,RELEVANT,ENERGY,,,gold,IAA adjudicated gold
UZ-D02719,,UZ,Kun.uz,https://kun.uz/en/news/2026/04/22/president-mirziyoyev-proposes-green-trade-corridor-and-unified-climate-investment-strategy-at-regional-summit,,President Mirziyoyev proposes green trade corridor and unified climate investment strategy at regional summit,"Speaking at the Regional Environmental Summit in Astana, President Shavkat Mirziyoyev stated that Central Asian countries must unite to tackle climate and environmental challenges. He emphasized the need to turn existing risks into new opportunities for sustainable growth.",RELEVANT,POLICY,RELEVANT,POLICY,,,uz_2,"green corridor, climate investment strategy"
UZ-D02868,,UZ,Kun.uz,https://kun.uz/ru/news/2020/02/01/uzbekistan-ishchet-investorov-dlya-stroitelstva-solnechnyx-elektrostansiy-moshchnostyu-2-gvt,,Узбекистан ищет инвесторов для строительства солнечных электростанций мощностью 2 ГВт,"Министерство энергетики Узбекистана совместно с Международной финансовой корпорацией (МФК), входящей в состав ВБ, а также Азиатским банком развития (АБР), ведет работа по определению потенциальных инвесторов для строительства 2 ГВт фотоэлектрических (солнечных) станций (ФЭС) до 2025 года.",RELEVANT,ENERGY,RELEVANT,ENERGY,,,uz_2,seeking investors for 2GW solar
UZ-C00992,,UZ,Daryo.uz,https://daryo.uz/2021/12/15/shavkat-mirziyoyev-gidroenergetikani-rivojlantirish-togrisidagi-qarorni-imzoladi/,2021-12-15,Shavkat Mirziyoyev gidroenergetikani rivojlantirish to‘g‘risidagi qarorni imzoladi,"2030-yilga qadar O‘zbekistondagi GES quvvatini 66,5 foizga oshirish rejalashtirilmoqda",RELEVANT,ENERGY,RELEVANT,ENERGY,,,uz_1,Hydropower development decree
UZ-D02156,,UZ,Daryo.uz,https://daryo.uz/uz/2017/11/01/iordaniyada-kuchli-qurgoqchilik-tufayli-suv-zaxiralari-tugamoqda/,2017-11-01,Иорданияда кучли қурғоқчилик туфайли сув захиралари тугамоқда,Иордан дарёсининг ирмоғи Ярмук ҳам саёзлашган,RELEVANT,WATER_CRYO,RELEVANT,WATER_CRYO,,,gold,IAA adjudicated gold
UZ-C00280,,UZ,Daryo.uz,https://daryo.uz/2021/05/12/turkmanistondagi-qurgoqchilik-2018-yilga-nisbatan-kuchliroq-bolishi-mumkin/,2021-05-12,Turkmanistondagi qurg‘oqchilik 2018-yilga nisbatan kuchliroq bo‘lishi mumkin,Qish va bahorda yog‘ingarchilik miqdori kam bo‘lgani sababli Pomir tog‘larida qor yetarli darajada to‘planmadi. Buning natijasida bahor faslida Amudaryodagi suv miqdori 2020-yilga nisbatan 60 foizga kamroq bo‘ldi,RELEVANT,WATER_CRYO,RELEVANT,DISASTER,,1,uz_2,"Turkmenistan drought, low snowpack"
UZ-D04293,,UZ,Daryo.uz,https://daryo.uz/2021/10/08/turkiya-iqlim-boyicha-parij-bitimini-ratifikatsiya-qildi/,2021-10-08,Turkiya iqlim bo‘yicha Parij bitimini ratifikatsiya qildi,Qonun loyihasi Turkiya parlamentidagi barcha siyosiy partiyalar tomonidan bir ovozdan qo‘llab-quvvatlangan,RELEVANT,POLICY,RELEVANT,POLICY,,,uz_1,Turkey ratifies Paris
UZ-D05302,,UZ,Kun.uz,https://kun.uz/ru/news/2018/07/04/dereva-v-gorodah-mogut-ulavlivat-stolko-ze-ugleroda-kak-tropiceskij-les,,"Деревья в городах могут улавливать столько же углерода, как тропический лес","Ученые из Соединенного Королевства Университетского колледжа Лондона опубликовали новое исследование, в котором утверждается, что зеленые зоны в городах могут улавливать такое же количество углерода, сколько тропические леса",RELEVANT,SCIENCE_GEN,RELEVANT,SCIENCE_GEN,,,uz_1,urban trees carbon capture
UZ-D04635,,UZ,Kun.uz,https://kun.uz/ru/news/2020/09/23/vb-odobril-finansirovaniye-stroitelstva-solnechnoy-elektrostansii-v-navoiyskoy-oblasti,,ВБ одобрил финансирование строительства солнечной электростанции в Навоийской области,"Финансирование строительства фотоэлектрической (солнечной) станции в Навоийской области получило одобрение Советами исполнительных директоров Всемирного банка и Международной финансовой корпорации (МФК) 22 сентября, сообщили в Минэнерго Узбекистана.",RELEVANT,ENERGY,RELEVANT,ENERGY,,,uz_2,WB funds solar station Navoi
UZ-C02139,,UZ,Daryo.uz,https://daryo.uz/uz/2021/12/13/iqlim-ozgarishi-davom-etsa-sayyoraning-eng-mashhur-maskanlari-qanday-holga-tushishi-aks-etgan-suratlar/,2021-12-13,"Иқлим ўзгариши давом этса, сайёранинг энг машҳур масканлари қандай ҳолга тушиши акс этган суратлар",1990 йилларнинг ўрталаридан бошлаб Ер сайёрасида 28 триллион тоннага яқин музлик эриган,RELEVANT,WATER_CRYO,RELEVANT,SCIENCE_GEN,,,gold,IAA adjudicated gold
UZ-00028,,UZ,Kun.uz,https://kun.uz/news/2025/01/23/senat-raisi-iqtisodiyotni-iqlim-ozgarishiga-moslashtirish-zarur,2025-01-23,“Iqtisodiyotni iqlim o‘zgarishiga moslashtirish zarur” - Senat raisi,"Tanzila Norboyeva 2025 yilda mamlakat rivojlanishining ustuvor yondashuvlari belgilanganini ma’lum qildi. Senat raisiga ko‘ra, belgilangan har bir maqsad va vazifa Global Barqaror rivojlanish maqsadlari bilan hamohang.",RELEVANT,POLICY,RELEVANT,POLICY,,,uz_1,adapt economy to climate change
UZ-D01843,,UZ,Kun.uz,https://kun.uz/ru/news/2022/01/21/na-vysoxshem-dne-arala-vysadyat-lesa,,На высохшем дне Арала высадят леса,Принято постановление Кабинета Министров «О дополнительных мерах по созданию «зеленого покрова» – защитных лесов на высохшем дне Аральского моря и территории Приаралья».,RELEVANT,WATER_CRYO,RELEVANT,AGRI_LAND,,,gold,IAA adjudicated gold
UZ-D02620,,UZ,Kun.uz,https://kun.uz/ru/news/2023/10/15/voda-za-bessenok-ekonomiya-takoy-vody-tsel-nedostijimaya,,Вода за бесценок: экономия такой воды — цель недостижимая,"В условиях глобального потепления, как и во многих странах мира, нехватка питьевой воды становится одной из актуальных проблем в Узбекистане. Уровень обеспеченности населения питьевой водой по-прежнему составляет 74,4 %.",RELEVANT,WATER_CRYO,RELEVANT,WATER_CRYO,,,uz_2,"global warming, drinking water shortage"
UZ-01078,,UZ,Daryo.uz,https://daryo.uz/2026/04/17/ozbekiston-jahon-bankining-water-forward-tashabbusiga-qoshildi/,2026-04-17,O‘zbekiston Jahon bankining Water Forward tashabbusiga qo‘shildi,"Dastur doirasida O‘zbekistonda 4,1 mln gektarda suv tejovchi texnologiyalar joriy etilib, suv yo‘qotishlari 25 foizga kamaytiriladi.",RELEVANT,WATER_CRYO,RELEVANT,WATER_CRYO,,1,uz_2,Joins World Bank water-saving initiative
UZ-D03177,,UZ,Kun.uz,https://kun.uz/news/2025/08/15/ozbekistonga-oid-notogri-malumot-global-iqlim-tadqiqotida-jiddiy-xatoga-olib-keldi,,O‘zbekistonga oid noto‘g‘ri ma’lumot global iqlim tadqiqotida jiddiy xatoga olib keldi,"Nature jurnalida chop etilgan tadqiqotda iqlim o‘zgarishlari sabab global yalpi ichki mahsulot 2050 yilda 19 foiz, 2100 yilga borib esa 62 foizga kamayishi keltirilgandi. Stenford universiteti mutaxassislarining ta’kidlashicha, O‘zbekiston bo‘yicha kiritilgan xato ma’lumotlar umumiy yo‘qotishni karrasiga oshirib yuborgan.",RELEVANT,SCIENCE_GEN,RELEVANT,SCIENCE_GEN,,,gold,IAA adjudicated gold
UZ-D04025,,UZ,Kun.uz,https://kun.uz/en/news/2026/06/15/complaints-mount-over-delayed-solar-energy-subsidies-in-uzbekistan-cb447f,,Complaints mount over delayed solar energy subsidies in Uzbekistan,"A growing number of citizens in Uzbekistan have voiced complaints regarding significant delays in receiving state subsidies for surplus electricity generated via residential solar panels and transferred back to the unified power grid. According to multiple reports received by Kun.uz over the past week, some solar system owners have not received their accumulated payouts for several months.",RELEVANT,ENERGY,RELEVANT,ENERGY,,,uz_2,delayed solar energy subsidies
UZ-D00437,,UZ,Kun.uz,https://kun.uz/news/2023/03/24/kuchli-yongingarchilik-va-qurgoqchilikka-yuz-tutayotgan-dunyo-fotojamlanma,,Kuchli yog‘ingarchilik va qurg‘oqchilikka yuz tutayotgan dunyo – fotojamlanma,"Hozirda dunyo aholisining 3,6 milliardi suv tanqisligidan aziyat chekadi. Butunjahon meteorologiya tashkilotining prognozlariga ko‘ra, 2050 yilga borib bu ko‘rsatkich 5 mlrd nafardan oshadi: Yer sharidagi 60 foizdan ko‘proq inson mana shu muammo bilan yuzlashadi.",RELEVANT,WATER_CRYO,RELEVANT,WATER_CRYO,,1,uz_2,"global water scarcity, drought"
UZ-D02062,,UZ,Kun.uz,https://kun.uz/ru/news/2022/02/03/k-2026-godu-sovokupnaya-moshchnost-solnechnyx-i-vetryanyx-elektrostansiy-dostignet-8000-mvt,,К 2026 году совокупная мощность солнечных и ветряных электростанций достигнет 8000 МВт,"Проектом постановления президента Узбекистана предусматривается увеличение доли возобновляемых источников энергии (ВИЭ) до 25% к 2026 году, что позволит экономить около 3 млрд кубометров природного газа в год, сообщает Минэнерго.",RELEVANT,ENERGY,RELEVANT,ENERGY,,,uz_1,solar/wind capacity target
UZ-D03639,,UZ,Kun.uz,https://kun.uz/news/2021/11/02/guterrish-insoniyat-iqlim-masalalariga-etibor-qaratmay-oziga-ozi-qabr-qazimoqda,,"Guterrish: «Insoniyat iqlim masalalariga e'tibor qaratmay, o‘ziga o‘zi qabr qazimoqda»","BMT bosh kotibi «bioxilmaxillikni masxara qilish», «o‘zimizni uglerod bilan o‘ldirish»ga chek qo‘yishga chaqirdi.",RELEVANT,POLICY,RELEVANT,SCIENCE_GEN,,,gold,IAA adjudicated gold
UZ-D02265,,UZ,Daryo.uz,https://daryo.uz/uz/2021/09/21/markaziy-osiyoda-qariyb-25-mln-odam-iqlim-muhojiriga-aylanishi-mumkin/,2021-09-21,"Марказий Осиёда қарийб 2,5 млн одам иқлим муҳожирига айланиши мумкин",Бутун дунёда эса иқлим ўзгариши туфайли 216 миллион киши ўзи яшаётган мамлакат ичидаги бошқа ҳудудларга кўчишга мажбур бўлиши мумкин,RELEVANT,HEALTH_SOCIETY,RELEVANT,HEALTH_SOCIETY,,,uz_1,Central Asia climate migrants
UZ-C01304,,UZ,Daryo.uz,https://daryo.uz/uz/2019/07/10/rossiya24-telekanalida-orol-dengiziga-bagishlangan-maxsus-reportaj-efirga-uzatildi-video/,2019-07-10,«Россия24» телеканалида Орол денгизига бағишланган махсус репортаж эфирга узатилди (видео),Журналист Ольга Курлаева «Орол тўлқинлари» номли махсус репортаж тайёрлади,RELEVANT,WATER_CRYO,RELEVANT,WATER_CRYO,,1,uz_2,TV special report on Aral Sea
UZ-C00644,,UZ,Daryo.uz,https://daryo.uz/2022/05/11/yevropa-rossiya-gaziga-qaramlikni-kamaytirish-uchun-tezroq-quyosh-energiyasini-rivojlantirishga-qaror-qildi/,2022-05-11,Yevropa Rossiya gaziga qaramlikni kamaytirish uchun tezroq quyosh energiyasini rivojlantirishga qaror qildi,Yevropa Komissiyasi ushbu o‘n yillikning o‘rtalarigacha 300 gigavattdan ortiq fotovoltaiklarni o‘rnatmoqchi,RELEVANT,ENERGY,RELEVANT,ENERGY,,,gold,IAA adjudicated gold
UZ-C00767,,UZ,Daryo.uz,https://daryo.uz/2020/09/16/grenlandiyadagi-eng-katta-muzlik-bolaklarga-bolinib-ketdi/,2020-09-16,Grenlandiyadagi eng katta muzlik bo‘laklarga bo‘linib ketdi,Mayda qismlarga bo‘linib ketgan 79N nomli muzlik 2019-yilda chuqur yoriqlar bilan qoplangandi. 2020-yilning issiq yozi esa vaziyatni yanada murakkablashtirdi,RELEVANT,WATER_CRYO,RELEVANT,WATER_CRYO,,,uz_1,"Greenland glacier breakup, hot summer"
UZ-D02304,,UZ,Daryo.uz,https://daryo.uz/uz/2022/10/20/orol-dengizi-muammosiga-bagishlangan-shorxok-nomli-yangi-qisqa-metrajli-film-namoyish-qilindi/,2022-10-20,Орол денгизи муаммосига бағишланган «Шўрхок» номли янги қисқа метражли фильм намойиш қилинди,18 дақиқалик фильм Орол денгизининг ажойиб табиатини акс эттиради,RELEVANT,WATER_CRYO,NOT_RELEVANT,,,1,uz_1,"Film about Aral, cultural"
UZ-D04417,,UZ,Kun.uz,https://kun.uz/news/2021/04/12/rossiya-moliyaviy-komagida-maktablarga-iqlim-qutichasi-oquv-qollanmasi-joriy-etilmoqda,,Rossiya moliyaviy ko‘magida maktablarga «Iqlim qutichasi» o‘quv qo‘llanmasi joriy etilmoqda,"Bugun, 12 aprel kuni AOKAda o‘quvchilarga mo‘ljallangan iqlim o‘zgarishi bo‘yicha «Iqlim qutichasi» uslubiy qo‘llanmasi taqdimoti bo‘lib o‘tdi. Unda «O‘zgidromet», Respublika ta'lim markazi, BMT Taraqqiyot dasturi vakillari ishtirok etdi.",RELEVANT,SCIENCE_GEN,RELEVANT,SCIENCE_GEN,,,uz_1,climate education manual schools
UZ-C00550,,UZ,Daryo.uz,https://daryo.uz/2022/11/21/bmt-konferensiyasi-ishtirokchilari-iqlim-ozgarishidan-zarar-korgan-mamlakatlarga-badal-tolashga-kelishib-oldi/,2022-11-21,BMT konferensiyasi ishtirokchilari iqlim o‘zgarishidan zarar ko‘rgan mamlakatlarga badal to‘lashga kelishib oldi,"Kelishuvga ko‘ra, rivojlanayotgan mamlakatlarning iqlim o‘zgarishi salbiy ta’siridan ko‘rgan yo‘qotishlari va zararlarini qoplash uchun jamg‘arma yaratiladi",RELEVANT,POLICY,RELEVANT,POLICY,,,uz_2,COP loss-and-damage fund agreed
UZ-C00714,,UZ,Daryo.uz,https://daryo.uz/2021/10/28/bmtning-iqlim-boyicha-yigilishida-ozbekistonning-tashkilotdagi-doimiy-vakili-orol-muammosi-haqida-gapirdi/,2021-10-28,BMTning iqlim bo‘yicha yig‘ilishida O‘zbekistonning tashkilotdagi doimiy vakili Orol muammosi haqida gapirdi,"Shuningdek, u Prezident Shavkat Mirziyoyevning iqlim o‘zgarishiga qarshi kurashish borasidagi muhim tashabbuslari haqida ma’lumot bergan",RELEVANT,POLICY,RELEVANT,POLICY,,,gold,IAA adjudicated gold
UZ-D02678,,UZ,Daryo.uz,https://daryo.uz/uz/2019/09/21/millionlab-odamlar-shvetsiyalik-maktab-oquvchisi-oylab-topgan-iqlim-ozgarishlari-boyicha-norozilik-aksiyasida-qatnashdi-video/,2019-09-21,Миллионлаб одамлар швециялик мактаб ўқувчиси ўйлаб топган иқлим ўзгаришлари бўйича норозилик акциясида қатнашди (видео),Грета Тунберг ҳукумат иқлим бўйича Париж битими шартларини бажармаса жума кунлари мактабга бормаслигини эълон қилган эди,RELEVANT,POLICY,RELEVANT,HEALTH_SOCIETY,,,uz_1,Greta Thunberg climate protests
UZ-D04598,,UZ,Kun.uz,https://kun.uz/ru/news/2022/03/23/fotoelektricheskaya-stansiya-v-solnechnoy-stepi-ona-obespechit-elektroenergiyey-100-000-domov,,Фотоэлектрическая станция в солнечной степи: она обеспечит электроэнергией 100 000 домов,Солнечная электростанция мощностью 100 МВт строится в Нурабадском районе Самаркандской области с участием французской компании. Как идет строительство и каков принцип работы?,RELEVANT,ENERGY,RELEVANT,ENERGY,,,uz_1,solar PV station powers homes
UZ-C01665,,UZ,Kun.uz,https://kun.uz/news/2025/03/24/muzliklar-erishi-oqibatida-2-mlrd-odam-jabr-koradi,,Muzliklar erishi oqibatida 2 mlrd odam jabr ko‘radi,"Mutaxassislarga ko‘ra, muzliklarning erishi odamlarning suv va oziq-ovqat bilan ta’minlanishiga bevosita ta’sir ko‘rsatadi.",RELEVANT,WATER_CRYO,RELEVANT,WATER_CRYO,,,uz_2,glacier melt affects water supply
UZ-C01505,,UZ,Kun.uz,https://kun.uz/en/news/2025/08/20/uzcosmos-and-unescap-launch-project-to-monitor-drought-in-central-asia,,Uzcosmos and UNESCAP launch project to monitor drought in Central Asia,"The Uzcosmos Agency, together with the United Nations Economic and Social Commission for Asia and the Pacific (UNESCAP), is developing a project to create a drought monitoring system for Central Asia based on Earth remote sensing technologies.",RELEVANT,WATER_CRYO,RELEVANT,DISASTER,,,uz_2,drought monitoring system Central Asia
UZ-D03587,,UZ,Kun.uz,https://kun.uz/ru/news/2019/05/16/fransuzskaya-total-eren-postroit-v-uzbekistane-solnechnuyu-elektrostansiyu,,Французская Total EREN построит в Узбекистане солнечную электростанцию,"Французская компания Total EREN планирует построить в Узбекистане солнечную электростанцию, передает корреспондент Kun.uz.",RELEVANT,ENERGY,RELEVANT,ENERGY,,,uz_2,Total EREN to build solar station
UZ-D00976,,UZ,Daryo.uz,https://daryo.uz/2025/05/28/ozbekistonda-yashil-iqlim-jamgarmasining-mintaqaviy-vakolatxonasi-ochilishi-mumkin/,2025-05-28,O‘zbekistonda Yashil iqlim jamg‘armasining mintaqaviy vakolatxonasi ochilishi mumkin,Abdulla Aripov Yashil iqlim jamg‘armasi ijrochi direktori Mafalda Duarte bilan uchrashuv o‘tkazdi,RELEVANT,POLICY,RELEVANT,POLICY,,,uz_1,Green Climate Fund office
UZ-D04335,,UZ,Kun.uz,https://kun.uz/en/news/2021/12/07/chinese-company-plans-to-build-a-technopark-and-solar-power-plant-in-fergana,,Chinese company plans to build a technopark and solar power plant in Fergana,"The Chinese company plans to build an innovative technology park on 25 hectares in the Fergana region and a solar photovoltaic plant on 500 hectares with an investment of $350 million, Gazeta.uz reported.",RELEVANT,ENERGY,RELEVANT,ENERGY,,,uz_2,solar power plant Fergana
UZ-D03160,,UZ,Daryo.uz,https://daryo.uz/uz/2025/11/11/ekologiya-yomonlashishi-tufayli-yoqolib-ketishi-mumkin-bolgan-mahsulotlar-haqida-malumot-berildi/,2025-11-11,Экология ёмонлашиши туфайли йўқолиб кетиши мумкин бўлган маҳсулотлар ҳақида маълумот берилди,"Ҳароратнинг ошиши, қурғоқчилик, ёмғир режимининг бузилиши ҳосилдорликни кескин пасайтиради. Оқибатда ишлаб чиқариш ҳажми камайиб, нархлар ошади. Агар экологик муаммолар чуқурлашса, бу маҳсулотлар яқин келажакда ўта ҳашаматли товарларга айланиши мумкин.",RELEVANT,AGRI_LAND,RELEVANT,AGRI_LAND,,,uz_1,Climate cuts crop yields
UZ-C01598,,UZ,Kun.uz,https://kun.uz/en/news/2024/12/23/world-bank-approves-35-million-guarantee-for-solar-power-plant-in-khorezm-region,,World Bank approves $3.5 million guarantee for solar power plant in Khorezm region,"The World Bank has approved a $3.5 million guarantee to support the construction of a 100 MW solar power plant in Uzbekistan's Khorezm region. The project, expected to be operational by November 2025, will annually generate over 240 gigawatt-hours of renewable energy, significantly contributing to the country's green energy goals.",RELEVANT,ENERGY,RELEVANT,ENERGY,,,uz_1,World Bank solar guarantee
UZ-C00086,,UZ,Daryo.uz,https://daryo.uz/2021/08/10/bmt-iqlim-ozgarishlari-doimiy-bolib-qolishi-mumkin/,2021-08-10,BMT: Iqlim o‘zgarishlari doimiy bo‘lib qolishi mumkin,"“Issiqxona zaharli gazlari sayyoramizni bo‘g‘ib qo‘ymoqda va milliardlab odamlarni xavf ostida qoldirmoqda”, — deyiladi BMT hisobotida",RELEVANT,SCIENCE_GEN,RELEVANT,SCIENCE_GEN,,,uz_1,UN: warming may be permanent
UZ-D02639,,UZ,Kun.uz,https://kun.uz/en/news/2026/06/06/uzbekistan-records-warmest-may-in-history-alongside-historic-rainfall-and-floods-49a4d7,,Uzbekistan records warmest May in history alongside historic rainfall and floods,"Uzbekistan’s spring season wrapped up with unseasonably warm temperatures and intense downpours, culminating in the warmest May since formal meteorological tracking began. Uzhydromet, the national weather service, reported that several regions experienced rainfall intensity unseen in half a century, triggering widespread mudslides and flash floods.",RELEVANT,DISASTER,RELEVANT,DISASTER,,1,uz_2,"warmest May, floods, mudslides"
UZ-D02911,,UZ,Daryo.uz,https://daryo.uz/2017/04/21/ozbekiston-iqlim-ozgarishi-boyicha-parij-bitimiga-qoshildi/,2017-04-21,O‘zbekiston iqlim o‘zgarishi bo‘yicha Parij bitimiga qo‘shildi,Bitimni O‘zbekiston nomidan mamlakatning AQShdagi elchisi Baxtiyor G‘ulomov imzoladi,RELEVANT,POLICY,RELEVANT,POLICY,,,uz_2,Uzbekistan joins Paris agreement
UZ-C00988,,UZ,Daryo.uz,https://daryo.uz/uz/2019/08/30/iqlim-ozgarishiga-qarshi-kurashayotgan-shvetsiyalik-oquvchi-qiz-bmt-sammitiga-yelkanli-qayiqda-keldi-tabiatga-zarar-yetkazmaslik-uchun-video/,2019-08-30,Иқлим ўзгаришига қарши курашаётган швециялик ўқувчи қиз БМТ саммитига елканли қайиқда келди. Табиатга зарар етказмаслик учун (видео),Грета Тунберг атроф-муҳитга зарарли таъсирни камайтириш учун самолётда учишдан воз кечди,RELEVANT,POLICY,RELEVANT,HEALTH_SOCIETY,,,uz_2,Greta Thunberg climate activism
UZ-D02556,,UZ,Daryo.uz,https://daryo.uz/uz/2016/02/05/zimbabve-prezidenti-qurgoqchilik-tufayli-favqulodda-holat-joriy-etdi/,2016-02-05,Зимбабве президенти қурғоқчилик туфайли фавқулодда ҳолат жорий этди,"Ўтган йили Зимбабведа ёғинлар бўлмагани туфайли 1,5 миллион киши очлик хавфи остида қолган",RELEVANT,WATER_CRYO,RELEVANT,DISASTER,,,uz_1,Drought emergency declared
UZ-D00344,,UZ,Daryo.uz,https://daryo.uz/uz/2025/01/14/yashil-iqtisodiyot-energetika-manbalari-iqlim-ozgarishi-shavkat-mirziyoyev-abu-dabi-barqaror-rivojlanish-haftaligi-sammitida-nimalar-haqida-gapirdi/,2025-01-14,"“Яшил” иқтисодиёт, энергетика манбалари, иқлим ўзгариши: Шавкат Мирзиёев “Абу-Даби барқарор ривожланиш ҳафталиги” саммитида нималар ҳақида гапирди?",Ўзбекистонда 2030 йилга қадар қайта тикланувчи энергия улушини 54 фоизга етказиш режалаштирилган,RELEVANT,ENERGY,RELEVANT,POLICY,,,uz_1,"Green economy, climate summit speech"
UZ-C01927,,UZ,Daryo.uz,https://daryo.uz/uz/2022/09/12/ozbekistonda-quyosh-energiyasidan-foydalangan-holda-elektromobillarni-zaryadlovchi-qurilma-yaratildi/,2022-09-12,Ўзбекистонда қуёш энергиясидан фойдаланган ҳолда электромобилларни қувватловчи қурилма яратилди,Қурилмага Ўзбекистон иқлим шароитини ҳисобга олган ҳолда энергия сақлаш тизими ҳам ўрнатилган. Бу орқали 950 та электромобилни қувватлаш имконияти яратилган,RELEVANT,ENERGY,RELEVANT,ENERGY,,,uz_2,Solar-powered EV charging device
UZ-C00669,,UZ,Daryo.uz,https://daryo.uz/2023/01/13/ozbekistonda-anomal-ob-havo-vaqtida-koriladigan-choralar-boyicha-normativ-meyoriy-hujjatlar-yoq-iqlimshunos-erkin-abdulahatov/,2023-01-13,“O‘zbekistonda anomal ob-havo vaqtida ko‘riladigan choralar bo‘yicha normativ-me’yoriy hujjatlar yo‘q” — iqlimshunos Erkin Abdulahatov,"“Ob-havo hodisalaridagi xavf ta’sirini kamaytirish bo‘yicha aniq standartlar ishlab chiqilishi zarur”, — dedi mutaxassis",RELEVANT,DISASTER,RELEVANT,POLICY,,1,uz_2,Climatologist urges anomalous-weather regulations
UZ-D00406,,UZ,Kun.uz,https://kun.uz/en/news/2022/12/14/ebrd-supports-1gw-of-renewable-energy-generation-in-uzbekistan-with-a-520-million-loan,,EBRD supports 1GW of renewable energy generation in Uzbekistan with a $520 million loan,"The European Bank for Reconstruction and Development (EBRD) continues to invest in renewable energy power generation and low-carbon technologies in Uzbekistan, to help align the country’s power-sector development with its commitments under the Paris Agreement.",RELEVANT,ENERGY,RELEVANT,ENERGY,,,gold,IAA adjudicated gold
UZ-D03382,,UZ,Kun.uz,https://kun.uz/news/2022/01/20/zararli-gazlarni-yutishda-samarali-qurilma-suyuq-daraxt-ishlab-chiqildi,,Zararli gazlarni yutishda samarali qurilma - «suyuq daraxt» ishlab chiqildi,"Tabiiy resurslarni tejamay sarflash oqibatida global ekologik muammolar yuzaga kela boshladi, Iqlim o‘zgarishlarining asosiy sababi energiya ishlab chiqarish jarayonida atmosferaga katta miqdorda SO2 ajralishidadir.",RELEVANT,SCIENCE_GEN,RELEVANT,SCIENCE_GEN,,,gold,IAA adjudicated gold
UZ-D05202,,UZ,Kun.uz,https://kun.uz/ru/news/2023/12/01/shavkat-mirziyoyev-problemy-klimata-vliyayut-dajye-na-geopoliticheskuyu-arxitekturu-mira,,Шавкат Мирзиёев: «Проблемы климата влияют даже на геополитическую архитектуру мира»,"Климатические проблемы являются главной угрозой устойчивому развитию в мире, заявил президент в своем выступлении на глобальном климатическом саммите. По его словам, повышение температуры в Центральной Азии в два раза превышает среднемировой показатель. За последние годы количество необычно жарких дней в регионе удвоилось, а треть ледников растаяла.",RELEVANT,POLICY,RELEVANT,POLICY,,,uz_2,president climate summit statement
UZ-D02352,,UZ,Kun.uz,https://kun.uz/news/2022/08/12/angliyaning-ayrim-rayonlarida-qurgoqchilik-elon-qilindi,,Angliyaning ayrim rayonlarida qurg‘oqchilik e’lon qilindi,Bu mazkur rayonlarda yashovchi aholi uchun suvdan foydalanishda cheklovlar joriy etilishini anglatadi. Mamlakatda oxirgi marta 2018 yilda qurg‘oqchilik e’lon qilingan.,RELEVANT,WATER_CRYO,RELEVANT,DISASTER,,,uz_1,drought declared in England
UZ-D00233,,UZ,Kun.uz,https://kun.uz/ru/news/2023/02/17/20-tysyach-obektov-sotsialnoy-sfery-i-gosudarstvennyx-uchrejdeniy-budut-osnashcheny-ustanovkami-vozobnovlyayemyx-istochnikov-energii,,20 тысяч объектов социальной сферы и государственных учреждений будут оснащены установками возобновляемых источников энергии,Президент подписал постановление «О мерах по ускорению внедрения возобновляемых источников энергии и энергосберегающих технологий в 2023 году».,RELEVANT,ENERGY,RELEVANT,ENERGY,,,gold,IAA adjudicated gold
UZ-D02240,,UZ,Daryo.uz,https://daryo.uz/2023/09/20/qozogistonda-fermerlarning-qurgoqchilikdan-korgan-zarari-qoplab-beriladi/,2023-09-20,Qozog‘istonda fermerlarning qurg‘oqchilikdan ko‘rgan zarari qoplab beriladi,"Jambil viloyati fermerlarining tabiiy ofatlardan ko‘rgan zararini qoplash uchun 7,6 million dollardan ortiq mablag‘ ajratildi",RELEVANT,AGRI_LAND,RELEVANT,DISASTER,,,gold,IAA adjudicated gold
UZ-C01138,,UZ,Kun.uz,https://kun.uz/news/2025/06/06/orolboyi-iqlimida-yogingarchilikni-modifikatsiyalash-texnologiyalari-joriy-etiladi,,Orolbo‘yi iqlimida yog‘ingarchilikni modifikatsiyalash texnologiyalari joriy etiladi,Qoraqalpog‘iston Respublikasi Jo‘qorg‘i Kengesi raisi Amanbay Orinbayev boshchiligidagi delegatsiyasi amaliy tashrif bilan Birlashgan Arab Amirliklarida bo‘ldi.,RELEVANT,OTHER_CLIMATE,RELEVANT,WATER_CRYO,,1,uz_2,Aral region precipitation modification tech
UZ-C01123,,UZ,Daryo.uz,https://daryo.uz/2022/10/09/fargona-viloyatida-save-aral-2022-xayriya-ommaviy-yugurish-musobaqalari-otkazildi/,2022-10-09,Farg‘ona viloyatida “Save Aral—2022” xayriya ommaviy yugurish musobaqalari o‘tkazildi,“Save Aral” xayriya ommaviy yugurish musobaqalarining asosiy g‘oyasi — keng jamoatchilik fikrini Orol dengizi atrofidagi ekologik muammoga va Orolbo‘yi mintaqasini qayta tiklashga jalb qilish,RELEVANT,WATER_CRYO,NOT_RELEVANT,,,1,uz_2,Charity run event for Aral awareness
UZ-D01712,,UZ,Kun.uz,https://kun.uz/ru/news/2023/10/04/teper-mayning-razreshen-tolko-za-schet-solnechnoy-energii,,Теперь майнинг разрешен только за счет солнечной энергии,Положение «О порядке выдачи разрешения для осуществления деятельности по майнингу» прошло государственную регистрацию в Минюсте.,RELEVANT,ENERGY,RELEVANT,ENERGY,,,uz_2,mining allowed only via solar
UZ-C00972,,UZ,Daryo.uz,https://daryo.uz/2023/01/13/haliyam-muzlik-davrida-yashayapmiz-amerikalik-olim-yerda-nechta-muzlik-davri-bolgani-va-hozir-songgisi-davom-etayotgani-haqida-aytib-berdi/,2023-01-13,“Haliyam muzlik davrida yashayapmiz” — amerikalik olim Yerda nechta muzlik davri bo‘lgani va hozir so‘nggisi davom etayotgani haqida aytdi,"AQSHning Arizona shtat universiteti olimi biz hozir ham so‘nggi muzlik davrida yashayotganimiz, ammo nima uchun buni his qilmayotganimizni tushuntirib berdi",RELEVANT,SCIENCE_GEN,RELEVANT,SCIENCE_GEN,,1,uz_1,Scientist explains ice ages
UZ-D02788,,UZ,Daryo.uz,https://daryo.uz/2025/11/17/sibir-daryolari-suvi-orol-dengiziga-yonaltirilishi-mumkin/,2025-11-17,Sibir daryolari suvi Orol dengiziga yo‘naltirilishi mumkin,"Rossiyada Sibir daryolari suvining bir qismini Markaziy Osiyoga, shu jumladan, O‘zbekistonga burish bo‘yicha Sovet Ittifoqi davridagi loyihani yangicha usulda tiklash taklif etildi.",RELEVANT,WATER_CRYO,RELEVANT,WATER_CRYO,,,uz_1,Siberian rivers diversion to Aral
UZ-C00465,,UZ,Daryo.uz,https://daryo.uz/2025/02/20/dunyo-muzliklarining-erishi-tezlashmoqda-yangi-tadqiqot/,2025-02-20,Dunyo muzliklarining erishi tezlashmoqda — yangi tadqiqot,"Har yili taxminan 273 mlrd tonna muz erib yo‘qolmoqda. Bu, ayniqsa, Markaziy Osiyodagi suv ta’minotiga jiddiy ta’sir ko‘rsatadi.",RELEVANT,WATER_CRYO,RELEVANT,WATER_CRYO,,,uz_2,"World glaciers melting faster, research"
UZ-00016,,UZ,Kun.uz,https://kun.uz/news/2025/01/06/dunyodagi-eng-chiroyli-muzliklar-yildan-yilga-kamayib-bormoqda-foto,2025-01-06,Dunyodagi eng chiroyli muzliklar yildan yilga kamayib bormoqda (foto),Muzliklar o‘zi nega kerak? Nima sababdan Birlashgan Millatlar Tashkiloti 2025 yilni “Xalqaro muzliklarni saqlab qolish yili” deb e’lon qildi?,RELEVANT,WATER_CRYO,RELEVANT,WATER_CRYO,,,uz_2,"glaciers shrinking, UN glacier year"
UZ-D00476,,UZ,Kun.uz,https://kun.uz/ru/news/2019/09/25/yevropeyskiy-investitsionnyy-bank-podklyuchitsya-k-ekologicheskim-proyektam-regiona-priaralya,,Европейский инвестиционный банк подключится к экологическим проектам региона Приаралья,"В Сенате состоялась встреча председателя Комитета по вопросам международных отношений, внешнеэкономических связей, иностранных инвестиций и туризма Алишера Курманова с делегацией Европейского инвестиционного банка (ЕИБ) во главе с его вице-президентом Василом Худаком, сообщили в пресс-службе верхней палаты парламента.",RELEVANT,WATER_CRYO,RELEVANT,WATER_CRYO,,1,uz_2,EIB to fund Aral ecological projects
UZ-00010,,UZ,Kun.uz,https://kun.uz/news/2026/02/11/yevroparlament-2040-yilgacha-yeining-iqlim-maqsadlari-haqidagi-qonunni-qabul-qildi,2026-02-11,Yevroparlament 2040 yilgacha YeIning iqlim maqsadlari haqidagi qonunni qabul qildi,Yevroparlament YeIning iqlim neytralligiga erishish yo‘lida yangi majburiy oraliq maqsadni belgilaydigan qonunni qabul qildi. Hujjat 2040 yilgacha tashlamalarni 90 foizga qisqartirishni nazarda tutadi.,RELEVANT,POLICY,RELEVANT,POLICY,,,uz_2,EU 2040 climate law adopted
UZ-D01812,,UZ,Daryo.uz,https://daryo.uz/2024/02/20/orol-dengizi-tubida-2024-yili-jami-150-200-ming-gektar-ormonzorlar-barpo-qilish-rejalashtirilgan/,2024-02-20,Orol dengizi tubida 2024-yili jami 150-200 ming gektar o‘rmonzorlar barpo qilish rejalashtirilgan,Orol dengizi tubida saksovul ekish ishlari boshlandi,RELEVANT,WATER_CRYO,RELEVANT,AGRI_LAND,,1,uz_1,Aral seabed afforestation 2024
UZ-D03060,,UZ,Kun.uz,https://kun.uz/news/2023/07/07/ozbekiston-jahon-banki-komagida-issiqxona-gazlari-emissiyasini-kamaytiradi,,O‘zbekiston Jahon banki ko‘magida issiqxona gazlari emissiyasini kamaytiradi,Jahon banki tomonidan qo‘llab-quvvatlanadigan yangi loyiha O‘zbekistonga issiqxona gazlari emissiyasini kamaytirish bo‘yicha Parij kelishuvi doirasida xalqaro majburiyatlarini bajarishga va xalqaro uglerod bozorlariga kirishga yordam beradi.,RELEVANT,POLICY,RELEVANT,POLICY,,,gold,IAA adjudicated gold
UZ-C01787,,UZ,Daryo.uz,https://daryo.uz/uz/2022/06/24/iqlim-ozgarishi-natijasida-markaziy-osiyo-cholga-aylanmoqda/,2022-06-24,Иқлим ўзгариши натижасида Марказий Осиё чўлга айланмоқда,"Сўнгги 35 йил ичида Хитой, Ўзбекистон ва Қирғизистоннинг бир қисмини ўз ичига олган бутун Марказий Осиёда ҳаво ҳарорати кўтарилган",RELEVANT,AGRI_LAND,RELEVANT,AGRI_LAND,,1,uz_2,Central Asia desertifying from climate change
UZ-00607,,UZ,Kun.uz,https://kun.uz/ru/news/2026/01/28/v-tashkente-nachali-testirovat-elektrobusy-novogo-pokoleniya,2026-01-28,В Ташкенте начали тестировать электробусы нового поколения,В Ташкенте начались испытания электробуса нового поколения Yutong E9. Тестовый выход машины на городские дороги стал частью стратегии столичных властей по поэтапному переходу общественного транспорта на экологически чистые источники энергии.,RELEVANT,ENERGY,NOT_RELEVANT,,,1,uz_2,
UZ-D04868,,UZ,Kun.uz,https://kun.uz/ru/news/2019/10/04/itogi-pervogo-v-strane-tendera-na-stroitelstvo-fotoelektricheskoy-stansii-opredeleny-perspektivy-razvitiya-solnechnoy-energetiki-v-uzbekistane,,Итоги первого в стране тендера на строительство фотоэлектрической станции. Определены перспективы развития солнечной энергетики в Узбекистане,"Сегодня в Министерстве финансов Узбекистана состоялась пресс-конференция по итогам объявления победителя первого в истории страны открытого тендера по привлечению инвестиций в государственно-частное партнерство (ГЧП) в солнечной энергетике, - сообщает корреспондент Kun.uz.",RELEVANT,ENERGY,RELEVANT,ENERGY,,,uz_1,"first PV tender, solar prospects"
UZ-D01918,,UZ,Daryo.uz,https://daryo.uz/uz/2018/08/08/jahon-banki-markaziy-osiyo-mamlakatlarini-qurgoqchilik-suv-toshqinlari-va-yer-kochishlari-kutmoqda/,2018-08-08,"Жаҳон банки: Марказий Осиё мамлакатларини қурғоқчилик, сув тошқинлари ва ер кўчишлари кутмоқда","Фавқулодда вазиятлар Марказий Осиёга жиддий зарар етказиши мумкин, чунки минтақа аҳолисининг қарийб тўртдан бири қишлоқ хўжалиги соҳасида меҳнат қилади",RELEVANT,DISASTER,RELEVANT,DISASTER,,,uz_1,"World Bank warns droughts, floods"
UZ-D01869,,UZ,Kun.uz,https://kun.uz/ru/news/2018/09/10/uzbekskij-plan-po-spaseniu-arala,,Узбекский план по спасению Арала,В конце лета в городе Туркменбаши главы государств-учредителей Международного фонда спасения Арала (МФСА) собрались на Совет.,RELEVANT,POLICY,RELEVANT,WATER_CRYO,,,uz_2,Uzbek plan to save Aral
UZ-D02946,,UZ,Daryo.uz,https://daryo.uz/2016/02/15/alyaskadagi-erigan-muzliklar-qurigan-orol-dengizi-cholga-aylangan-ormonlar-xavf-yoqasidagi-insoniyat/,2016-02-15,"Alyaskadagi erigan muzliklar, qurigan Orol dengizi, cho‘lga aylangan o‘rmonlar: xavf yoqasidagi insoniyat","Yer orbitasidan turib olingan suratlarga nazar solib, global iqlim o‘zgarishi sayyorani haqiqatan ham halokat yoqasiga olib borayotganiga guvoh bo‘lish mumkin",RELEVANT,WATER_CRYO,RELEVANT,SCIENCE_GEN,,,uz_2,Global climate change impacts explainer
UZ-D01950,,UZ,Kun.uz,https://kun.uz/ru/news/2021/04/10/v-sentyabre-v-uzbekistane-budet-sdana-pervaya-v-strane-solnechnaya-elektrostansiya,,В сентябре в Узбекистане будет сдана первая в стране солнечная электростанция,9 апреля Министерство энергетики Узбекистана совместно с Хокимиятом Навоийской области организовали пресс-тур с участием СМИ в Карманинский район Навоийской области с посещением строительной площадки фотоэлектрической солнечной станции (ФЭС) общей мощностью 100 МВт.,RELEVANT,ENERGY,RELEVANT,ENERGY,,,uz_2,first solar power station Uzbekistan
UZ-C01649,,UZ,Daryo.uz,https://daryo.uz/uz/2022/07/08/italiyada-70-yil-ichidagi-eng-kuchli-qurgoqchilik-kuzatilmoqda/,2022-07-08,Италияда 70 йил ичидаги энг кучли қурғоқчилик кузатилмоқда,Мамлакат Фермерлар ассоциацияси у етказган зарарни 3 млрд евродан ортиқ деб баҳоламоқда,RELEVANT,DISASTER,RELEVANT,DISASTER,,,uz_2,Italy worst drought in 70 years
UZ-C01874,,UZ,Daryo.uz,https://daryo.uz/2019/11/01/chilida-ommaviy-namoyishlar-tufayli-bmt-iqlim-anjumani-otkazilishi-bekor-qilindi/,2019-11-01,Chilida ommaviy namoyishlar tufayli BMT iqlim anjumani o‘tkazilishi bekor qilindi,Yuzaga kelgan vaziyatda mamlakatga ichki muammolarni hal etishga e’tibor qaratish zarurligi ta’kidlandi,RELEVANT,POLICY,RELEVANT,POLICY,,,uz_1,UN climate summit cancelled
UZ-C01153,,UZ,Kun.uz,https://kun.uz/news/2024/10/29/xalqaro-yirik-iqlim-sammiti-ozarboyjonda-otadi-cop29dan-nimalar-kutilyapti,,Xalqaro yirik iqlim sammiti Ozarboyjonda o‘tadi: COP29’dan nimalar kutilyapti?,Yirik xalqaro iqlim konferensiyasi bu yil 11-22 noyabr kunlari Ozarboyjonning Boku shahrida o‘tadi. COP29’da “Yangi hamkorlik miqdoriy maqsadlari” qabul qilinishi rejalashtirilyapti. U rivojlanayotgan davlatlarga moliyaviy paketlarni qanday taqsimlash haqida bo‘ladi.,RELEVANT,POLICY,RELEVANT,POLICY,,,uz_1,COP29 summit
UZ-C01380,,UZ,Kun.uz,https://kun.uz/news/2024/11/21/bokudagi-cop29-iqlim-ozgarishiga-moslashish-xarajatlarini-kim-tolaydi,,Bokudagi COP29: iqlim o‘zgarishiga moslashish xarajatlarini kim to‘laydi?,"Bu yil Bokuda o‘tkazilayotgan COP29 iqlim konferensiyasida katta mablag‘lar masalasi ko‘tarilyapti. Bundan tashqari, iqlim o‘zgarishi oqibatlariga qarshi kurashda rivojlanayotgan mamlakatlar qanday yordam olayotgani ham muhokama qilinmoqda.",RELEVANT,POLICY,RELEVANT,POLICY,,,uz_1,COP29 adaptation finance
UZ-D05324,,UZ,Daryo.uz,https://daryo.uz/uz/2022/02/24/shavkat-mirziyoyev-orol-dengizining-qurigan-tubini-borib-kordi/,2022-02-24,Шавкат Мирзиёев Орол денгизининг қуриган тубини бориб кўрди,"«Биз шу мураккаб шароитда экиш бўйича катта тажриба орттирдик. Бу ерга ўзим келишимдан мақсад — энди бу ишларни илмий асосланган тарзда давом эттирамиз», — дейди президент",RELEVANT,AGRI_LAND,RELEVANT,WATER_CRYO,,,gold,IAA adjudicated gold
UZ-D03743,,UZ,Daryo.uz,https://daryo.uz/2022/08/16/ozbekiston-va-germaniya-iqlim-ozgarishi-sohasida-yangi-mintaqaviy-loyihani-amalga-oshiradi/,2022-08-16,O‘zbekiston va Germaniya iqlim o‘zgarishi sohasida yangi mintaqaviy loyihani amalga oshiradi,"Markaziy Osiyoda iqlim xavflarini boshqarish mintaqaviy loyihasi O‘zbekiston, Qozog‘iston, Tojikiston, Qirg‘iziston va Turkmanistonda amalga oshirilishi rejalashtirilgan",RELEVANT,POLICY,RELEVANT,POLICY,,,uz_2,Uzbekistan-Germany climate project
UZ-C00971,,UZ,Daryo.uz,https://daryo.uz/uz/2022/11/16/ozbekiston-mintaqaviy-iqlim-kengashi-tashkil-etishni-taklif-qildi/,2022-11-16,Ўзбекистон Минтақавий иқлим кенгаши ташкил этишни таклиф қилди,Танзила Норбоева биргаликдаги саъй-ҳаракатлар билангина оқибатлари Марказий Осиёда ҳам яққол кузатилаётган иқлим ўзгариши муаммосига қарши туриш мумкинлигини айтди,RELEVANT,POLICY,RELEVANT,POLICY,,,uz_1,Regional Climate Council proposed
UZ-D00186,,UZ,Kun.uz,https://kun.uz/news/2024/08/03/ozbekiston-prezidenti-huzurida-iqlim-kengashi-tashkil-etiladi,,O‘zbekiston prezidenti huzurida Iqlim kengashi tashkil etiladi,Iqlim kengashi iqlim o‘zgarishi oqibatlarini yumshatish va unga moslashish masalalari bo‘yicha prezident huzuridagi eng yuqori maslahat organi hisoblanadi.,RELEVANT,POLICY,RELEVANT,POLICY,,,uz_2,Climate Council under president
UZ-D02923,,UZ,Daryo.uz,https://daryo.uz/2023/10/04/ozbekistonda-mayning-faoliyatini-quyosh-energiyasi-bilan-amalga-oshirish-belgilandi/,2023-10-04,O‘zbekistonda mayning faoliyatini quyosh energiyasi bilan amalga oshirish belgilandi,Maynerlar qonunchilik hujjatlarida nazarda tutilgan hollarda yagona elektr energetika tizimiga ulanishi mumkin,RELEVANT,ENERGY,RELEVANT,ENERGY,,1,uz_2,Crypto mining via solar energy
UZ-D02277,,UZ,Kun.uz,https://kun.uz/ru/news/2019/06/14/uzbekistan-reshil-uvelichit-ploshchad-zelenyx-nasajdeniy-na-vysoxshem-dne-arala,,Узбекистан решил увеличить площадь зеленых насаждений на высохшем дне Арала,"Постановлением правительства утверждена Стратегия по сохранению биологического разнообразия в Республике Узбекистан на период 2019-2028 годы, сообщает Минюст.",RELEVANT,WATER_CRYO,RELEVANT,AGRI_LAND,,1,uz_1,greening dried Aral bottom
UZ-D02621,,UZ,Kun.uz,https://kun.uz/ru/news/2022/07/30/rekordnyy-urojay-yabloka-v-uzbekistane-pod-ugrozoy-unichtojyeniya-iz-za-klimaticheskix-izmeneniy,,Рекордный урожай яблока в Узбекистане под угрозой уничтожения из-за климатических изменений,"Весной текущего года в Узбекистане сформировался очень хороший урожай яблока. Фермеры ожидали хорошего, и возможно даже рекордного урожая осенних сортов яблока в 2022 году, в отличие от прошлого сезона, когда две волны заморозков серьёзно повредили завязь и негативно повлияли на объёмы производства и качество фруктов.",RELEVANT,AGRI_LAND,RELEVANT,AGRI_LAND,,,uz_1,climate change threatens apple harvest
UZ-C01522,,UZ,Kun.uz,https://kun.uz/en/news/2024/09/23/chinese-company-begins-construction-of-solar-power-plant-in-tashkent-region,,Chinese company begins construction of solar power plant in Tashkent region,"In the Buka district of Tashkent region, construction has begun on a solar photovoltaic power plant with a capacity of 263 MW.",RELEVANT,ENERGY,RELEVANT,ENERGY,,,uz_1,solar plant construction
UZ-D00535,,UZ,Kun.uz,https://kun.uz/news/2024/12/10/sayyora-qizib-boryapti-yevropa-muzlayapti-2024-yilda-iqlim-boyicha-antirekord-yangilanadi,,"Sayyora qizib boryapti, Yevropa muzlayapti. 2024 yilda iqlim bo‘yicha antirekord yangilanadi","2024 yil kuzatuvlar tarixidagi eng issiq yil bo‘ladi va global isish birinchi marta 1,5 graduslik chegarani bosib o‘tadi. 2015 yilgi Parij iqlim konferensiyasida dunyo mamlakatlari ushbu chegarani saqlab qolishgan kelishgandi. Yevropalik olimlarning xulosasiga ko‘ra, yil oxirigacha qolgan uch hafta hech narsani o‘zgartirmaydi.",RELEVANT,SCIENCE_GEN,RELEVANT,SCIENCE_GEN,,,uz_1,"2024 hottest year, 1.5C breach"
UZ-D02030,,UZ,Daryo.uz,https://daryo.uz/2017/08/15/bmt-xitoyda-qurgoqchilikdan-jabr-chekkanlarga-59-million-dollar-ajratadi/,2017-08-15,"BMT Xitoyda qurg‘oqchilikdan jabr chekkanlarga 5,9 million dollar ajratadi","BMTning ma’lum qilishicha, joriy yilning iyul oyida Xitoyning turli tumanlarida xosilning 16—59 foizi nobud bo‘lgan",RELEVANT,DISASTER,RELEVANT,DISASTER,,,uz_2,UN aid to China drought victims
UZ-D03304,,UZ,Kun.uz,https://kun.uz/ru/news/2022/11/12/na-zdanii-kabineta-ministrov-ustanovlena-solnechnaya-fotoelektricheskaya-stansiya-moshchnostyu-630-kvt,,На здании Кабинета Министров установлена солнечная фотоэлектрическая станция мощностью 630 кВт,"Солнечная фотоэлектрическая станция способна вырабатывать более 1,1 млн кВтч электроэнергии в год.",RELEVANT,ENERGY,RELEVANT,ENERGY,,,uz_2,solar PV station on ministry building
UZ-D00505,,UZ,Daryo.uz,https://daryo.uz/uz/2022/12/21/solar-nature-kompaniyasi-quyosh-elektr-stansiyalarini-korish-bilan-bogliq-bolgan-yechimlarni-taqdim-etadi/,2022-12-21,Solar Nature компанияси – қуёш электр станцияларини қуриш билан боғлиқ бўлган ечимларни тақдим этади,/>Бугун бутун Республика бўйлаб электр энергияси танқислиги юзага келгани сир эмас. Бунинг учун бошқа муқобил энергия турларидан фойдаланиш юзага келади. Шундай энергия етказиб берувчи қуёш электр станцияларини ишлаб чиқариш ва ўрнатиш билан шуғулланувчи Solar Nature компан�,RELEVANT,ENERGY,RELEVANT,ENERGY,,1,uz_2,Solar power plant solutions company
UZ-D03778,,UZ,Daryo.uz,https://daryo.uz/2023/02/09/muzliklar-erishi-oqibatida-tortta-davlat-aholisi-suv-ostida-qolishi-mumkin/,2023-02-09,Muzliklar erishi oqibatida to‘rtta davlat aholisi suv ostida qolishi mumkin,Britaniyalik olimlar iqlim o‘zgarishi oqibatida 15 million odam suv ostida qolishi mumkinligini aytmoqda,RELEVANT,WATER_CRYO,RELEVANT,WATER_CRYO,,,gold,IAA adjudicated gold
UZ-D01696,,UZ,Kun.uz,https://kun.uz/news/2022/06/29/2035-yildan-boshlab-yevroittifoqdagi-barcha-yangi-avtomobillar-iqlimga-zarar-yetkazmaydigan-boladi,,2035 yildan boshlab Yevroittifoqdagi barcha yangi avtomobillar iqlimga zarar yetkazmaydigan bo‘ladi,Yevropa ittifoqi davlatlari 2035 yildan boshlab yangi avtomobillardan chiqadigan zararli moddalar darajasini nolga tushirishni istamoqda. Yevroparlament esa o‘sha yilga qadar ichki yonuv dvigatelli avtomobillar ishlab chiqarishni butunlay taqiqlamoqchi.,RELEVANT,POLICY,RELEVANT,POLICY,,,uz_1,EU bans ICE cars by 2035
UZ-C01329,,UZ,Daryo.uz,https://daryo.uz/2023/02/08/ozbekgidroenergo-aj-maclec-suv-yuzasida-suzib-turuvchi-kinetik-turbinali-innovatsion-gidroagregatlarni-yetkazish-boyicha-shartnoma-imzolandi/,2023-02-08,“Oʻzbekgidroenergo” AJ – “MACLEC”: suv yuzasida suzib turuvchi kinetik turbinali innovatsion gidroagregatlarni yetkazish boʻyicha shartnoma imzolandi,Bugun 8-fevral kuni Hindiston poytaxti Nyu-Dehli shahrida ikki tomonlama hamkorlik doirasida navbatdagi tadbir oʻtkazildi,RELEVANT,ENERGY,RELEVANT,ENERGY,,,uz_1,Floating hydro turbine agreement
UZ-D05563,,UZ,Daryo.uz,https://daryo.uz/uz/2018/04/25/markaziy-osiyo-mamlakatlari-qirgizistonni-orol-dengizini-qutqarish-boyicha-muzokaralardagi-ishtirokini-yana-yolga-qoyishga-kondirmoqda/,2018-04-25,Марказий Осиё мамлакатлари Қирғизистонни Орол денгизини қутқариш бўйича музокаралардаги иштирокини яна йўлга қўйишга кўндирмоқда,Қирғизистон Орол денгизини қутқариш бўйича фонд мажлисларидаги иштирокини музлатиб қўйган эди,RELEVANT,POLICY,RELEVANT,WATER_CRYO,,,uz_1,Aral rescue fund negotiations
UZ-C00846,,UZ,Kun.uz,https://kun.uz/ru/news/2025/11/25/mintrans-prizval-jiteley-tashkenta-perexodit-na-nizkouglerodnyy-transport,,Минтранс призвал жителей Ташкента переходить на низкоуглеродный транспорт,"Министерство транспорта Узбекистана призвало жителей Ташкента активнее пользоваться низкоуглеродными видами городского транспорта, чтобы внести личный вклад в улучшение качества воздуха в столице. Об этом сообщили в пресс-службе ведомства.",RELEVANT,ENERGY,RELEVANT,ENERGY,1,1,uz_1,low-carbon transport for air quality
UZ-C01683,,UZ,Kun.uz,https://kun.uz/news/2024/09/30/italiya-va-shveytsariya-muzliklar-erishi-tufayli-chegaralarini-ozgartirdi,,Italiya va Shveytsariya muzliklar erishi tufayli chegaralarini o‘zgartirdi,Chegarani qayta ko‘rib chiqish Matterxorn tog‘i yonbag‘rida joylashgan mashhur Tsermatt tog‘-chang‘i kurortiga ta’sir ko‘rsatdi.,RELEVANT,WATER_CRYO,RELEVANT,WATER_CRYO,,,uz_1,glacier melt shifts borders
UZ-D05100,,UZ,Kun.uz,https://kun.uz/news/2022/07/23/amina-muhammad-orol-dengizidagi-iqlim-falokati-milliy-yoki-mintaqaviy-chegaralardan-chiqib-ketgan,,Amina Muhammad: Orol dengizidagi iqlim falokati milliy yoki mintaqaviy chegaralardan chiqib ketgan,"BMT rasmiy saytida tashkilot bosh kotibi birinchi o‘rinbosari Amina Muhammadning iyun oyi birinchi yarmida Markaziy Osiyo mintaqasiga tashrifi yakunlari bo‘yicha tayyorlangan “Markaziy Osiyodagi qiyinchiliklar fonida umid bor” sarlavhali maqolasi e’lon qilindi, deb xabar qilmoqda “Dunyo”.",RELEVANT,POLICY,RELEVANT,WATER_CRYO,,,uz_1,Aral Sea climate disaster
UZ-C01292,,UZ,Daryo.uz,https://daryo.uz/uz/2020/03/12/ozbekistonda-yashil-orol-dengizi-tashabbusiga-start-berildi/,2020-03-12,Ўзбекистонда «Яшил Орол денгизи» ташаббусига старт берилди,Ташаббус Орол денгизи ҳудудидаги муаммоларни ҳал этиш бўйича кенг миқёсли дастурларнинг бир қисми ҳисобланади,RELEVANT,WATER_CRYO,RELEVANT,AGRI_LAND,,1,uz_1,Green Aral Sea greening initiative
UZ-D04361,,UZ,Daryo.uz,https://daryo.uz/uz/2016/02/17/fiji-respublikasi-iqlim-boyicha-parij-kelishuvini-ratifikatsiya-qilgan-birinchi-davlat-boldi/,2016-02-17,Фижи Республикаси иқлим бўйича Париж келишувини ратификация қилган биринчи давлат бўлди,Ҳужжат Фижи парламенти муҳокамасига бош прокурор ва адлия вазири Айёз Сайид-Ҳаюм томонидан киритилган,RELEVANT,POLICY,RELEVANT,POLICY,,,gold,IAA adjudicated gold
UZ-D04150,,UZ,Daryo.uz,https://daryo.uz/uz/2015/10/21/fransua-olland-islom-karimovni-iqlim-ozgarishi-boyicha-anjumanga-taklif-etdi/,2015-10-21,Франсуа Олланд Ислом Каримовни иқлим ўзгариши бўйича анжуманга таклиф этди,Иқлим ўзгариши бўйича 21-анжуман Францияда 30 ноябрдан 11 декабрга қадар бўлиб ўтади,RELEVANT,POLICY,RELEVANT,POLICY,,,uz_1,Climate summit (COP21) invitation
UZ-D01805,,UZ,Kun.uz,https://kun.uz/news/2018/12/16/bmt-iqlim-boyicha-kelishuvni-amalga-oshirish-qoidalarini-qabul-qildi,,Global isishga qarshi har yili 100 mlrd dollar sarflanadigan bo‘ldi,Polshada 16 dekabrda BMTning iqlim bo‘yicha anjumanida Deklaratsiya 24 (COP 24) qabul qilindi. Deklaratsiya anjuman o‘tgan shahar nomiga Katovitse pakti deb nomlandi.,RELEVANT,POLICY,RELEVANT,POLICY,,,uz_1,COP24 Katowice climate finance
UZ-D00226,,UZ,Kun.uz,https://kun.uz/ru/news/2026/05/04/doxody-uzbekistansev-ot-prodaji-solnechnoy-elektroenergii-vyrosli-v-9-raz,,Доходы узбекистанцев от продажи солнечной электроэнергии выросли в 9 раз,"В первом квартале 2026 года 45,2 тысячи физических лиц продали в сеть электроэнергию, произведённую с помощью солнечных панелей, и получили более 73,9 млрд сумов дохода. По сравнению с аналогичным периодом прошлого года число получателей субсидий выросло в 3,5 раза, а сумма выплат — в 9 раз.",RELEVANT,ENERGY,RELEVANT,ENERGY,,,uz_1,solar electricity sales income
UZ-C01928,,UZ,Kun.uz,https://kun.uz/ru/news/2026/04/22/shavkat-mirziyoyev-predlojil-sozdat-regionalnyye-mexanizmy-borby-s-zagryazneniyem-i-opustynivaniyem,,Шавкат Мирзиёев предложил создать региональные механизмы борьбы с загрязнением и опустыниванием,"Президент Узбекистана Шавкат Мирзиёев в ходе рабочего визита в Казахстан, выступая на Региональном экологическом саммите в Астане, заявил, что страны Центральной Азии должны объединить усилия перед лицом климатических и экологических вызовов, превращая существующие риски в новые точки роста.",RELEVANT,POLICY,RELEVANT,POLICY,,,uz_2,regional desertification/climate mechanisms summit
UZ-D02330,,UZ,Daryo.uz,https://daryo.uz/uz/2020/11/26/ozbekistonda-quyosh-energiyasidan-foydalanish-uchun-ruxsatnoma-shart-emas-buning-uchun-soliq-tolanmaydi-energetika-vazirligi/,2020-11-26,"Ўзбекистонда қуёш энергиясидан фойдаланиш учун рухсатнома шарт эмас, бунинг учун солиқ тўланмайди — Энергетика вазирлиги","Агар аҳоли фақат қайта тикланувчи энергиядан фойдаланса, улар мол-мулк ва ер солиғидан уч йил муддатга озод қилинади",RELEVANT,ENERGY,RELEVANT,ENERGY,,,uz_1,Solar energy incentives
UZ-D03325,,UZ,Kun.uz,https://kun.uz/ru/news/2019/01/04/kazaxstan-planiruyet-ozelenit-saksaulom-10-tys-gektarov-vysoxshego-dna-arala,,Казахстан планирует озеленить саксаулом 10 тыс. гектаров высохшего дна Арала,Мораторий на вырубку саксаула на участках государственного лесного фонда Казахстана продлён ещё на пять лет,RELEVANT,WATER_CRYO,RELEVANT,AGRI_LAND,,,uz_2,greening dried Aral seabed with saxaul
UZ-00041,,UZ,Kun.uz,https://kun.uz/news/2025/03/19/global-isish-nafas-olish-tizimi-salomatligiga-salbiy-tasir-korsatmoqda,2025-03-19,Global isish nafas olish tizimi salomatligiga salbiy ta’sir ko‘rsatmoqda,"Olimlar nafaqat havoning tozaligiga, balki uning namligiga ham e’tibor berishga chaqirmoqda. Namlik pasayishi nafas yo‘llarining yallig‘lanishi xavfini oshiradi.",RELEVANT,HEALTH_SOCIETY,RELEVANT,HEALTH_SOCIETY,,,uz_2,global warming harms respiratory health
UZ-C02188,,UZ,Kun.uz,https://kun.uz/en/news/2024/04/12/karakalpakstan-to-host-aral-sea-eco-race,,Karakalpakstan to host Aral Sea Eco Race,"On April 18, the Aral Sea Eco Race will be held in the city of Muynak, designed to encourage the desire to protect the environment and restore the Aral Sea by planting trees to create a park, the Ministry of Ecology, Environmental Protection and Climate Change reported.",RELEVANT,WATER_CRYO,NOT_RELEVANT,,,,uz_2,
UZ-D00471,,UZ,Daryo.uz,https://daryo.uz/uz/2016/04/27/venesuela-qurgoqchilik-oqibatlarini-bartaraf-etishda-xalqaro-yordamga-muhtoj-ekanligi-bildirildi/,2016-04-27,Венесуэла қурғоқчилик оқибатларини бартараф этишда халқаро ёрдамга муҳтож эканлиги билдирилди,Ёмғирлар танқислиги Венесуэла сув омборларида сув сатҳининг камайиши ва электр энергияси ишлаб чиқариш ҳажмининг пасайишига олиб келган,RELEVANT,WATER_CRYO,RELEVANT,DISASTER,,,uz_1,Drought aid needed
UZ-D05464,,UZ,Kun.uz,https://kun.uz/news/2022/04/24/qurgoqchilik-xavotiri-2022-yilgi-yoz-qanday-boladi-ekspert-bilan-suhbat,,Qurg‘oqchilik xavotiri: 2022 yilgi yoz qanday bo‘ladi? - Ekspert bilan suhbat,"Markaziy Osiyoda asosiy suv zaxirasi qor va muz holida shakllanadi. Qishda qorning yildan yilga kam yog‘ishi esa suv taqchilligiga olib keladi. O‘zbekiston ana shu yangi sharoitlarga moslashishi kerak, deydi suv resurslari bo‘yicha xalqaro ekspert Abror G‘afurov. U bu yil yozdagi suv miqdori bo‘yicha prognozlar haqida ham ma’lumot berdi.",RELEVANT,WATER_CRYO,RELEVANT,WATER_CRYO,,,uz_2,"declining snow, water shortage"
UZ-C01105,,UZ,Daryo.uz,https://daryo.uz/uz/2021/03/10/greta-tunberg-aqsh-prezidentining-iqlim-inqiroziga-oid-harakatlarini-tanqid-qildi/,2021-03-10,Грета Тунберг АҚШ президентининг иқлим инқирозига оид ҳаракатларини танқид қилди,"Унинг фикрига кўра, Байден бу масаладан атроф-муҳитга чинакам ёрдам бериш учун эмас, балки сиёсий манипуляция учун фойдаланмоқда",RELEVANT,POLICY,RELEVANT,HEALTH_SOCIETY,,,uz_2,Greta criticizes US climate action
UZ-C02110,,UZ,Kun.uz,https://kun.uz/news/2024/11/12/shell-co2-chiqarishni-kamaytirish-boyicha-sud-qarori-ustidan-kiritgan-apellyatsiyani-yutib-chiqdi,,Shell CO2 chiqarishni kamaytirish bo‘yicha sud qarori ustidan kiritgan apellyatsiyani yutib chiqdi,"Haaga sudiga ko‘ra, mazkur neft va gaz kompaniyasi xalqaro iqlim himoyasiga o‘z hissasini qo‘shishi kerak, ammo u chiqarilayotgan zararli gazni aynan «45 foiz yoki boshqa qanchadir foizga qisqartirishga majbur emas».",RELEVANT,POLICY,RELEVANT,POLICY,,,uz_1,Shell CO2 climate litigation
UZ-D04165,,UZ,Kun.uz,https://kun.uz/en/news/2023/09/26/prc-company-plans-to-build-500-mw-solar-power-plant-in-fergana,,PRC company plans to build 500 MW solar power plant in Fergana,Investors also discussed a plan to create a recreation area and the construction of hotels on Lake Kirguli.,RELEVANT,ENERGY,RELEVANT,ENERGY,,,uz_1,500 MW solar plant plan
UZ-C00504,,UZ,Daryo.uz,https://daryo.uz/uz/2021/04/14/dunyoning-eng-boy-odamlari-iqlim-inqiroziga-sabab-boldi-oav/,2021-04-14,Дунёнинг энг бой одамлари иқлим инқирозига сабаб бўлди — ОАВ,Кўп миқдорда ёқилғи талаб қилувчи йўлтанламас автомобиллар ва самолётларнинг узлуксиз парвози асосий муаммога айланди,RELEVANT,OTHER_CLIMATE,RELEVANT,HEALTH_SOCIETY,,,uz_1,Rich blamed for climate crisis
UZ-D02056,,UZ,Kun.uz,https://kun.uz/ru/news/2023/11/16/problema-peschanyx-i-pylnyx-bur-dlya-uzbekistana-aktualna-kak-nikogda-glava-minekologii,,«Проблема песчаных и пыльных бурь для Узбекистана актуальна как никогда» — глава Минэкологии,Сегодня Центральная Азия и Китай занимают второе место в мире по выбросам пыли в атмосферу.,RELEVANT,AGRI_LAND,RELEVANT,AGRI_LAND,,,uz_2,sand and dust storms problem
UZ-C01942,,UZ,Daryo.uz,https://daryo.uz/2023/12/18/shimoliy-yarim-shardagi-gigant-sovuq-antitsiklon-sayyora-haroratini-biroz-pasaytira-oldi-iqlimshunos-olim/,2023-12-18,“Shimoliy yarim shardagi gigant sovuq antisiklon sayyora haroratini biroz pasaytira oldi” — iqlimshunos olim,Sayyorada o‘rtacha sutkalik havo harorati sanoatgacha bo‘lgan davrga nisbatan 1.5 darajadan pastga “sho‘ng‘igan”,RELEVANT,SCIENCE_GEN,RELEVANT,SCIENCE_GEN,,,uz_2,Anticyclone lowered global temperature
UZ-D00435,,UZ,Daryo.uz,https://daryo.uz/2015/11/29/greenpeace-parijda-iqlim-sammiti-arafasidagi-qatiy-xavfsizlik-choralarini-tanqid-qildi/,2015-11-29,Greenpeace Parijda iqlim sammiti arafasidagi qat’iy xavfsizlik choralarini tanqid qildi,"“Odamlarni erkinlikdan va asosiy huquqlardan mahrum qilish yo‘li bilan iqlim isishiga qarshi kurashib bo‘lmaydi”, — deyiladi ularning bayonotida",RELEVANT,POLICY,RELEVANT,POLICY,,1,uz_2,Greenpeace criticizes Paris climate summit security
UZ-D00224,,UZ,Kun.uz,https://kun.uz/ru/news/2022/05/25/v-uzbekistan-prixodit-standart-leed-gold-trilliant-v-pervyye-v-uzbekistane-sozdayot-ekologicheski-chistyye-zdaniya,,В Узбекистан приходит стандарт «Leed Gold» «Trilliant» в первые в Узбекистане создаёт экологически чистые здания,"«Trilliant» первый бизнес-парк класса А+ в Узбекистане, проект по международным стандартам, с системой сертификации экологически чистых зданий, олицетворяет лидерство в области энергетики и экологически чистого дизайна, готовится к получению международного сертификата «Leed Gold».",RELEVANT,ENERGY,NOT_RELEVANT,,,1,uz_2,
UZ-D04397,,UZ,Daryo.uz,https://daryo.uz/uz/2026/04/28/xitoyda-komirda-ishlaydigan-va-emissiya-chiqarmaydigan-batareya-yaratildi/,2026-04-28,Хитойда кўмирда ишлайдиган ва эмиссия чиқармайдиган батарея яратилди,"Кўмирни ёқмасдан, ундан тўғридан тўғри электр энергияси олиш усули ишлаб чиқилди. Технология атмосферага карбонат ангидрид чиқармаслик имконини беради.",RELEVANT,ENERGY,RELEVANT,ENERGY,,,uz_2,coal-to-electricity without CO2 emissions
UZ-C00251,,UZ,Kun.uz,https://kun.uz/en/news/2024/10/10/northern-aral-sea-sees-significant-water-supply-growth-boosting-fishing-industry,,"Northern Aral Sea sees significant water supply growth, boosting fishing industry","For the first time in five years, the plan to supply water to the northern part of the Aral Sea during the irrigation period has been nearly fully accomplished, reaching almost 100%, according to Zeynolla Kaztoghanov, Deputy Head of the Aral-Syr Darya Basin Inspectorate of Kazakhstan.",RELEVANT,WATER_CRYO,NOT_RELEVANT,,,1,uz_1,"Aral water/fishing yield, no scarcity frame"
UZ-D04113,,UZ,Daryo.uz,https://daryo.uz/2025/10/11/iqlim-ozgarishining-ayanchli-oqibatlari-aydarkol-ham-quriydimi/,2025-10-11,Iqlim o‘zgarishining ayanchli oqibatlari: Aydarko‘l ham quriydimi?,"So‘nggi yillarda iqlim o‘zgarishlari tabiatga keskin zarar yetkaza boshladi. Cho‘llanish kuchaymoqda, ko‘llar qurimoqda, ayrim joylarda kuchli yog‘ingarchiliklar sodir bo‘lmoqda. Boshqa hududlar yomg‘ir va qor kutib yashamoqda. Bularning barchasi insoniyat uchun muammolar keltirib chiqarmoqda. Jumladan, O‘zbekiston aholisi uchun ham.",RELEVANT,WATER_CRYO,RELEVANT,WATER_CRYO,,,uz_1,"Climate change, lake drying"
UZ-D00232,,UZ,Kun.uz,https://kun.uz/news/2021/06/13/g7-iqlim-ozgarishi-bilan-kurashga-ajratiladigan-yordam-pulini-100-milliardgacha-oshirmoqchi,,G7 iqlim o‘zgarishi bilan kurashga ajratiladigan yordam pulini 100 milliard dollargacha oshirmoqchi,"«Katta yettilik» davlatlari – AQSh, Britaniya, Kanada, Fransiya, Germaniya, Italiya va Yaponiya yetakchilari kam rivojlangan davlatlarga uglerod chiqindilarini qisqartirish va global isishga qarshi kurash uchun ajratadigan har yillik yordam puli miqdorini 2025 yilgacha 100 mlrd dollargacha oshirishga kelishib oldilar.",RELEVANT,POLICY,RELEVANT,POLICY,,,uz_2,G7 climate aid increase
UZ-D02473,,UZ,Daryo.uz,https://daryo.uz/2019/01/16/orol-dengizining-qurigan-tubidagi-53-ming-gektar-maydonga-saksovul-ekildi/,2019-01-16,Orol dengizining qurigan tubidagi 53 ming gektar maydonga saksovul ekildi,Bugungi kunda ushbu ishda mingdan ortiq kishi qatnashmoqda,RELEVANT,WATER_CRYO,RELEVANT,AGRI_LAND,,1,uz_1,Aral seabed afforestation
UZ-D00407,,UZ,Daryo.uz,https://daryo.uz/2024/01/22/bu-keyingi-yil-uchun-yomon-iqlimshunos-fevral-oyida-havo-sovishining-oqibatlari-haqida/,2024-01-22,“Bu keyingi yil uchun yomon” — iqlimshunos fevral oyida havo sovishining oqibatlari haqida,Keyingi oyda birdaniga sovuq bo‘lishining xavfli jihatlari aytildi,RELEVANT,SCIENCE_GEN,RELEVANT,SCIENCE_GEN,,1,uz_1,Climatologist on cold spell
UZ-D00391,,UZ,Daryo.uz,https://daryo.uz/uz/2023/06/02/tabiat-resurslari-vazirligi-ekologiya-atrof-muhitni-muhofaza-qilish-va-iqlim-ozgarishi-vazirligi-deb-qayta-nomlandi/,2023-06-02,"Табиат ресурслари вазирлиги Экология, атроф-муҳитни муҳофаза қилиш ва иқлим ўзгариши вазирлиги деб қайта номланди",Вазирликда алоҳида юридик шахс мақомига эга бўлмаган Давлатекология назорат инспекцияси ташкил этилди,RELEVANT,POLICY,RELEVANT,POLICY,,,uz_2,Ministry renamed to include climate change
UZ-D03475,,UZ,Daryo.uz,https://daryo.uz/uz/2024/10/21/endi-har-bir-viloyatda-markaziy-osiyo-atrof-muhit-va-iqlim-ozgarishini-organish-universiteti-texnikumi-ochiladi/,2024-10-21,Энди ҳар бир вилоятда Марказий Осиё атроф-муҳит ва иқлим ўзгаришини ўрганиш университети техникуми очилади,Президент раислигида “Яшил макон” умуммиллий лойиҳаси доирасида амалга оширилган ишлар натижадорлиги ва келгусидаги устувор вазифалар юзасидан видеоселектор йиғилиши бошланди,RELEVANT,POLICY,RELEVANT,POLICY,,,gold,IAA adjudicated gold
UZ-D03377,,UZ,Kun.uz,https://kun.uz/news/2021/11/02/zelenskiy-qrim-va-donbassni-yevropa-markazidagi-ekologik-bombalar-deb-atadi,,Zelenskiy Qrim va Donbassni «Yevropa markazidagi ekologik bombalar» deb atadi,Ukraina prezidenti Rossiyani iqlim bo‘yicha Parij kelishuvini bajarmaslikda aybladi.,RELEVANT,POLICY,RELEVANT,POLICY,,,gold,IAA adjudicated gold
UZ-C01392,,UZ,Kun.uz,https://kun.uz/ru/news/2024/06/21/uzbekistan-poluchil-75-mln-dollarov-ot-vb-za-sokrashcheniye-vybrosov,,"Узбекистан получил 7,5 млн долларов от ВБ за сокращение выбросов","Узбекистан стал первой страной мира, получившей выплату от Всемирного банка за достижения результатов в рамках программы, поддерживающей реализацию государственной политики в области снижения выбросов в энергетическом секторе.",RELEVANT,ENERGY,RELEVANT,POLICY,,,uz_2,WB payment for emission reduction
UZ-D00613,,UZ,Kun.uz,https://kun.uz/ru/news/2024/10/09/minenergo-uvelichilo-kolichestvo-nomerov-dlya-priyema-obrashcheniy-o-solnechnyx-batareyax,,Минэнерго увеличило количество номеров для приема обращений о солнечных батареях,"С 23:00 7 октября до 8:00 8 октября на номер телефона в вестибюле министра энергетики поступило 173 звонка, ни на один из которых не ответили.",RELEVANT,ENERGY,RELEVANT,ENERGY,,1,uz_1,solar panel program hotline
UZ-D00132,,UZ,Kun.uz,https://kun.uz/en/news/2022/01/21/govt-to-plant-forests-on-the-aral-seas-dried-bottom,,Gov’t to plant forests on the Aral Sea’s dried bottom,A resolution of the Cabinet of Ministers “On additional measures to create a “green cover” – protective forests on the dried bottom of the Aral Sea and the Aral Sea region” was adopted.,RELEVANT,WATER_CRYO,RELEVANT,AGRI_LAND,,1,uz_1,protective forests on dried Aral seabed
UZ-C02217,,UZ,Daryo.uz,https://daryo.uz/uz/2019/02/08/olimlar-yerda-iqlim-bilan-bogliq-tartibsizlik-bolishi-haqida-ogohlantirdi/,2019-02-08,Олимлар Ерда «иқлим билан боғлиқ тартибсизлик» бўлиши ҳақида огоҳлантирди,Арктика ва Антарктикада эриётган музлар об-ҳавода экстремал ўзгаришларни келтириб чиқармоқда,RELEVANT,WATER_CRYO,RELEVANT,SCIENCE_GEN,,,uz_2,"Warning of climate-related disorder, ice melt"
UZ-D05264,,UZ,Daryo.uz,https://daryo.uz/2017/11/01/iordaniyada-kuchli-qurgoqchilik-tufayli-suv-zaxiralari-tugamoqda/,2017-11-01,Iordaniyada kuchli qurg‘oqchilik tufayli suv zaxiralari tugamoqda,Iordan daryosining irmog‘i Yarmuk ham sayozlashgan,RELEVANT,WATER_CRYO,RELEVANT,DISASTER,,,uz_1,Jordan drought depletes water
UZ-D02740,,UZ,Daryo.uz,https://daryo.uz/uz/2017/04/14/orol-dengizining-qurigan-tubida-germaniya-va-yaponiya-nomli-kemalar-paydo-boladi/,2017-04-14,Орол денгизининг қуриган тубида «Германия» ва «Япония» номли кемалар пайдо бўлади,Мўйноқ марказидаги «Буйний» номли кемани кўпчиликнинг таклифига биноан «Ўзбекистон» деб қайта номлаш режалаштирилган,RELEVANT,WATER_CRYO,NOT_RELEVANT,,,1,uz_1,"Aral ship-graveyard renaming, no change frame"
UZ-C01321,,UZ,Daryo.uz,https://daryo.uz/2021/11/04/muzliklarimiz-tez-erib-ketmoqda-emomali-rahmon-bmt-sammitida-tojikistondagi-iqlim-ozgarishi-muammolarini-sanab-otdi/,2021-11-04,“Muzliklarimiz tez erib ketmoqda”. Emomali Rahmon BMT sammitida Tojikistondagi iqlim o‘zgarishi muammolarini sanab o‘tdi,"“Shu kungacha Tojikistondagi 14 ming muzlikdan mingdan ortig‘i to‘liq erib ketgan”, — dedi Tojikiston rahbari",RELEVANT,WATER_CRYO,RELEVANT,WATER_CRYO,,,uz_1,Tajik glaciers melting
UZ-D02716,,UZ,Kun.uz,https://kun.uz/news/2022/08/09/ozbekistondagi-suv-taqchilligi-ehtimoliy-qurgoqchilik-va-keskinlashayotgan-ekologik-muammolar,,O‘zbekistondagi suv taqchilligi: ehtimoliy qurg‘oqchilik va keskinlashayotgan ekologik muammolar,"Tadqiqotlarga ko‘ra, yaqin 20 yil ichida O‘zbekistonda suvga bo‘lgan talab sezilarli oshadi va mavjud suv resurslari keskin kamayadi, bu esa joriy suv tanqisligini besh barobargacha oshiradi. Bu davrga borib O‘zbekiston suv tanqisligi bo‘yicha qizil hududlar qatoriga kiradi. Suvsizlikning ehtimoliy ssenariylari qanday bo‘ladi?",RELEVANT,WATER_CRYO,RELEVANT,WATER_CRYO,,,uz_1,Uzbekistan water scarcity
UZ-D00642,,UZ,Daryo.uz,https://daryo.uz/2023/10/19/ozbekgidroenergo-aj-xitoy-xalq-respublikasi-hukumatining-granti-hisobiga-shamol-elektr-stansiyasini-quradi/,2023-10-19,“O‘zbekgidroenergo” AJ Xitoy Xalq Respublikasi Hukumatining granti hisobiga shamol elektr stansiyasini quradi,"“Daryo” internet-nashrining (O‘zbekiston matbuot va axborot agentligi (O‘zMAA, hozirgi O‘zbekiston Respublikasi Prezidenti Administratsiyasi huzuridagi Axborot va ommaviy kommunikatsiyalar agentligi) tomonidan 13.03.2015 yil sanasida 0944-sonli guvohnoma bilan ommaviy axborot vositasi sifatida ro‘yxatga olingan. Matnli materiallarni to‘liq ko‘chirish yoki qisman iqtibos keltirishga, shuningdek, fotografik, grafik, audio va/yoki videomateriallaridan foydalanishga “daryo.uz” saytiga giperhavola mavjud bo‘lgan va/yoki “Daryo” internet-nashrining muallifligini ko‘rsatuvchi yozuv ilova qilingan taqdirda yo‘l qo‘yiladi.",RELEVANT,ENERGY,RELEVANT,ENERGY,,,uz_2,Wind power plant to be built
UZ-D02321,,UZ,Kun.uz,https://kun.uz/news/2025/12/05/ozbekiston-2035-yilga-qadar-zararli-gazlar-emissiyasini-50-foizga-qisqartirish-majburiyatini-oldi,,O‘zbekiston 2035 yilga qadar zararli gazlar emissiyasini 50 foizga qisqartirish majburiyatini oldi,Prezident Shavkat Mirziyoyev yaqinda Braziliyada o‘tgan COP-30 iqlim konferensiyasida O‘zbekistonning Parij bitimi doirasidagi yangi majburiyatlarini e’lon qilganini eslab o‘tdi.,RELEVANT,POLICY,RELEVANT,POLICY,,,uz_2,"50% emissions cut pledge, COP30"
UZ-D05079,,UZ,Daryo.uz,https://daryo.uz/uz/2019/02/20/2019-yil-orol-dengizidagi-kokalamzorlashtirish-ishlariga-100-mlrd-som-ajratiladi/,2019-02-20,2019 йил Орол денгизидаги кўкаламзорлаштириш ишларига 100 млрд сўм ажратилади,Ҳозирда қуриб қолган денгиз ўрнида Оролқум чўли пайдо бўлган,RELEVANT,AGRI_LAND,RELEVANT,AGRI_LAND,,,uz_1,Aral greening funds; Aralkum desert
UZ-C01702,,UZ,Daryo.uz,https://daryo.uz/uz/2019/09/06/olimlar-yarim-asrlik-plyonkadagi-tasvirlar-orqali-antarktidadagi-muzliklar-erish-tezligini-hisobladi/,2019-09-06,Олимлар ярим асрлик плёнкадаги тасвирлар орқали Антарктидадаги музликлар эриш тезлигини ҳисоблади,Ушбу маълумотлар асосида ҳатто ўтмишда Антарктидада отилган вулқонлардан қолган кул қатламлари ва шелф остида яширинган сув сизиб чиқадиган жойларни ҳам топишган,RELEVANT,WATER_CRYO,RELEVANT,WATER_CRYO,,,uz_1,Antarctic glacier melt research
UZ-D00272,,UZ,Kun.uz,https://kun.uz/news/2024/06/11/samarqandda-ekologik-muammolar-mavzusida-inson-huquqlari-boyicha-xalqaro-forum-otkaziladi,,Samarqandda ekologik muammolar mavzusida inson huquqlari bo‘yicha xalqaro forum o‘tkaziladi,Forumda asosiy e’tibor iqlim o‘zgarishlarining inson huquqlariga ko‘rsatadigan salbiy ta’sirini yumshatishga oid aniq tavsiya va yechimlar tayyorlashga qaratiladi.,RELEVANT,HEALTH_SOCIETY,RELEVANT,HEALTH_SOCIETY,,,uz_2,climate impact on human rights forum
UZ-D02201,,UZ,Daryo.uz,https://daryo.uz/uz/2024/06/12/orol-dengizining-qurigan-tubiga-yangi-turdagi-osimlik-ekilmoqda/,2024-06-12,Орол денгизининг қуриган тубига янги турдаги ўсимлик экилмоқда,"Ушбу ўсимлик тузли шамолларнинг олдини олади, унинг поясидан қурилиш, тўқимачиликда фойдаланилади",RELEVANT,WATER_CRYO,RELEVANT,AGRI_LAND,,1,uz_2,New plant on Aral bed vs salt winds
UZ-D01753,,UZ,Kun.uz,https://kun.uz/en/news/2019/05/22/shavkat-mirziyoyev-signs-law-on-the-use-of-renewable-energy-sources,,Shavkat Mirziyoyev signs law on the use of renewable energy sources,President of Uzbekistan Shavkat Mirziyoyev signed a law on the use of renewable energy sources (RES).,RELEVANT,ENERGY,RELEVANT,ENERGY,,,uz_1,renewable energy law signed
UZ-D00364,,UZ,Daryo.uz,https://daryo.uz/uz/2024/06/14/tarixdagi-eng-issiq-davrga-kirib-boryapmiz-iqlimshunos-ozbekistonda-havo-haroratining-kotarilib-borishi-haqida/,2024-06-14,“Ҳаво ҳарорати энг иссиқ даврга кириб боряпмиз” — иқлимшунос Ўзбекистон ва дунёдаги иқлим ўзгариши ҳақида,"“2050 йилга бориб Тошкент шаҳрида 50 даражагача иссиқ кузатилади”, — дейди Эркин Абдулаҳатов",RELEVANT,SCIENCE_GEN,RELEVANT,SCIENCE_GEN,,,uz_1,"Warming, hottest period Uzbekistan"
UZ-00828,,UZ,Kun.uz,https://kun.uz/ru/news/2025/02/24/farrux-sattarov-vozglavil-natsionalnyy-sentr-po-izmeneniyu-klimata,2025-02-24,Фаррух Саттаров возглавил Национальный центр по изменению климата,На должность директора Национального центра по изменению климата Узбекистана назначен Фаррух Саттаров. Об этом сообщает пресс-служба Министерства экологии.,RELEVANT,POLICY,RELEVANT,POLICY,,,gold,IAA adjudicated gold
UZ-D04622,,UZ,Kun.uz,https://kun.uz/en/news/2023/06/20/chinese-tongwei-solar-to-supply-300-mw-photo-panels-to-uzbekistan,,Chinese Tongwei Solar to supply 300 MW photo panels to Uzbekistan,The modules are planned to be installed on the roofs of buildings of social facilities and government agencies.,RELEVANT,ENERGY,RELEVANT,ENERGY,,,uz_1,Tongwei solar panels supply
UZ-C01103,,UZ,Daryo.uz,https://daryo.uz/uz/2023/03/20/tojikistonda-muzliklar-erishi-tezlashdi-bu-muzliklar-deyarli-butun-markaziy-osiyoni-chuchuk-suv-bilan-taminlaydi/,2023-03-20,Тожикистонда музликлар эриши тезлашди. Бу музликлар деярли бутун Марказий Осиёни чучук сув билан таъминлайди,Тожикистон Атроф-муҳит қўмитаси музликлар эришининг асосий сабабини маълум қилди,RELEVANT,WATER_CRYO,RELEVANT,WATER_CRYO,,,uz_2,Tajikistan glaciers melting faster
UZ-D04500,,UZ,Kun.uz,https://kun.uz/en/news/2023/09/21/japanese-hanwa-to-install-solar-panels-in-uzbekistan,,Japanese Hanwa to install solar panels in Uzbekistan,The company received $200 thousand subsidies for the introduction of alternative energy in the country.,RELEVANT,ENERGY,RELEVANT,ENERGY,,,uz_1,Hanwa solar panels
UZ-C00382,,UZ,Daryo.uz,https://daryo.uz/uz/2019/06/15/shamolmi-atommi-yana-aeslar-va-ekologik-energiya-haqida/,2019-06-15,"Шамолми, атомми? Яна АЭСлар ва экологик энергия ҳақида","Нега Қуёш ёки шамол эмас, атом станцияси? «Дарё» колумнисти бу борада ўз мулоҳазаларини ўртоқлашади",RELEVANT,ENERGY,RELEVANT,ENERGY,,1,uz_1,Nuclear vs renewable energy column
UZ-D03194,,UZ,Kun.uz,https://kun.uz/news/2019/04/27/insoniyat-uchun-dahshatli-saboq-rossiyalik-jurnalistlar-orol-dengizi-haqida-lavha-tayyorlashdi,,«Insoniyat uchun dahshatli saboq» – rossiyalik jurnalistlar Orol dengizi haqida lavha tayyorlashdi,7-8 may kunlari Orol dengizini qutqarish xalqaro fondi ijroiya qo‘mitasi ushbu suv havzasi bilan chegaradosh mamlakatlarga yordam berish dasturini muhokama qiladi.,RELEVANT,WATER_CRYO,RELEVANT,WATER_CRYO,,,uz_2,Aral Sea disaster documentary
UZ-D01584,,UZ,Daryo.uz,https://daryo.uz/uz/2019/01/03/olimlar-antarktika-muzliklari-ostidagi-merser-koligacha-yetib-bordi/,2019-01-03,Олимлар Антарктика музликлари остидаги Мерсер кўлигача етиб борди,Майдони 140 квадрат километр бўлган муз ости кўлининг тадқиқ этилиши Ернинг номаълум экотизимларини ўрганиш имконини беради,RELEVANT,WATER_CRYO,NOT_RELEVANT,,,1,uz_2,"Subglacial lake exploration, no climate frame"
UZ-D04809,,UZ,Daryo.uz,https://daryo.uz/uz/2016/09/30/grenlandiya-muzliklari-erishi-natijasida-dunyo-okeani-sathi-5-metrga-kotarildi/,2016-09-30,Гренландия музликлари эриши натижасида Дунё океани сатҳи 5 метрга кўтарилди,"Агар оролнинг мавжуд музликларининг барчаси эритилса, Дунё океани сатҳи яна 7,5 метрга кўтарилади",RELEVANT,WATER_CRYO,RELEVANT,WATER_CRYO,,,gold,IAA adjudicated gold
UZ-C01283,,UZ,Daryo.uz,https://daryo.uz/2024/10/21/endi-har-bir-viloyatda-markaziy-osiyo-atrof-muhit-va-iqlim-ozgarishini-organish-universiteti-texnikumi-ochiladi/,2024-10-21,Endi har bir viloyatda Markaziy Osiyo atrof-muhit va iqlim o‘zgarishini o‘rganish universiteti texnikumi ochiladi,Prezident raisligida “Yashil makon” umummilliy loyihasi doirasida amalga oshirilgan ishlar natijadorligi va kelgusidagi ustuvor vazifalar yuzasidan videoselektor yig‘ilishi boshlandi,RELEVANT,POLICY,RELEVANT,POLICY,,1,uz_1,Climate-study institutions each province
UZ-C01276,,UZ,Daryo.uz,https://daryo.uz/2026/01/24/shimoliy-orol-dengizidagi-suv-hajmi-besh-yil-ichida-34-milliard-kub-metrgacha-ortishi-mumkin/,2026-01-24,Shimoliy Orol dengizidagi suv hajmi besh yil ichida 34 milliard kub metrgacha ortishi mumkin,"Hozirda dengizdagi suv hajmi taxminan 23 milliard kub metrni tashkil etmoqda. 2023-yilning boshida bu ko‘rsatkich atigi 18,4 milliard kub metr edi.",RELEVANT,WATER_CRYO,RELEVANT,WATER_CRYO,,,gold,IAA adjudicated gold
UZ-D02651,,UZ,Daryo.uz,https://daryo.uz/uz/2017/03/01/suvsiz-hayot-braziliyadagi-qurgoqchilik-asoratlari-foto/,2017-03-01,Сувсиз ҳаёт: Бразилиядаги қурғоқчилик асоратлари (фото),Бразилиянинг шимоли-шарқий қисмида яшовчи аҳоли сўнгги 30 йилдаги энг кучли қурғоқчиликдан қийналмоқда,RELEVANT,WATER_CRYO,RELEVANT,DISASTER,,,uz_2,Brazil severe drought consequences
UZ-C02025,,UZ,Daryo.uz,https://daryo.uz/2024/11/19/ozbekiston-iqlim-ozgarishiga-qarshi-kurashish-uchun-2060-yilgacha-400-mlrd-dollar-ajratishi-kerak-boladi/,2024-11-19,O‘zbekiston iqlim o‘zgarishiga qarshi kurashish uchun 2060-yilgacha 400 mlrd dollar ajratishi kerak bo‘ladi,"Mamlakat suv resurslarini oqilona boshqarish bo‘yicha muammolarga duch kelmoqda, ayni paytda Afg‘onistonda Qo‘shtepa kanali qurilishi mintaqaning biologik xavfsizligiga tahdid solmoqda. Jahon banki ma’lumotlariga ko‘ra, 2060-yilgacha O‘zbekistonga iqlim o‘zgarishi oqibatlariga qarshi kurashish uchun 60 milliard dollar, energetika infratuzilmasini modernizatsiya qilish uchun esa 340 milliard dollar kerak bo‘ladi",RELEVANT,POLICY,RELEVANT,POLICY,,,uz_1,Uzbekistan $400bn climate finance
UZ-D01552,,UZ,Daryo.uz,https://daryo.uz/uz/2023/04/19/ozbekistonda-yiliga-1-mlrd-kub-metr-sel-suvlari-behuda-oqib-ketmoqda/,2023-04-19,Ўзбекистонда йилига 1 млрд куб метр сел сувлари беҳуда оқиб кетмоқда,Уларни кичик манбаларда жамғариш лойиҳалари учун 100 млн доллар жалб қилинади,RELEVANT,WATER_CRYO,RELEVANT,WATER_CRYO,,1,uz_2,"Sel water wasted, collection projects"
UZ-D00688,,UZ,Daryo.uz,https://daryo.uz/2022/11/14/iqlim-ozgarishiga-qarshi-kurashish-uchun-dunyoga-1-trln-dollar-kerak-boladi-bmt/,2022-11-14,Iqlim o‘zgarishiga qarshi kurashish uchun dunyoga 1 trln dollar kerak bo‘ladi — BMT,"Ta’kidlanishicha, yer yuzi aholisining yarmidan ko‘pi iqlim o‘zgarishi xavfini umuman sezmaydi",RELEVANT,POLICY,RELEVANT,POLICY,,,uz_2,UN: $1trn needed for climate
UZ-C01435,,UZ,Kun.uz,https://kun.uz/ru/news/2024/11/19/mirovoy-opyt-adaptatsii-k-izmeneniyu-klimata-i-upravleniya-vodnymi-resursami,,Мировой опыт адаптации к изменению климата и управления водными ресурсами,"В Узбекистане реализуются последовательные реформы в сфере адаптации к изменению климата, эффективного использования водных ресурсов, совершенствования системы управления и модернизации водного хозяйства.",RELEVANT,WATER_CRYO,RELEVANT,POLICY,,1,uz_2,climate adaptation and water reforms
UZ-C00852,,UZ,Kun.uz,https://kun.uz/en/news/2024/10/09/energy-ministry-addresses-surge-in-public-complaints-over-mandatory-solar-panel-installations,,Energy Ministry addresses surge in public complaints over mandatory solar panel installations,Uzbekistan’s Ministry of Energy has increased the number of phone lines dedicated to handling public inquiries about solar panel installations. The move comes after an overwhelming number of unanswered calls to the Ministry’s hotline.,RELEVANT,ENERGY,RELEVANT,ENERGY,,,uz_2,solar panel installation complaints
UZ-D00267,,UZ,Kun.uz,https://kun.uz/news/2025/07/03/yei-2040-yilga-borib-co2-tashlamalarini-90-foizga-qisqartiradi,,YeI 2040 yilga borib CO2 tashlamalarini 90 foizga qisqartiradi,"Yevropa Komissiyasi 2040 yilga borib Yevropada parnik gazlar tashlamalarini 1990 yilga nisbatan 90 foizga kamaytirish niyatida. Reja, shuningdek, uchinchi mamlakatlarda tashlamalarni kamaytirishni hisobga olish uchun moslashuvchanlik qoidalarini o‘z ichiga oladi.",RELEVANT,POLICY,RELEVANT,POLICY,,,uz_2,EU 90% emissions cut target
UZ-D01717,,UZ,Kun.uz,https://kun.uz/ru/news/2023/05/30/pri-naznachenii-novogo-xokima-oblasti-tam-budet-proveden-ekologicheskiy-audit-prezident,,При назначении нового хокима области там будет проведен экологический аудит – президент,В Узбекистане к 2030 году необходимо полностью перевести обрабатываемые площади на водосберегающие технологии. Об этом сообщил кандидат в президенты Шавкат Мирзиёев.,RELEVANT,AGRI_LAND,NOT_RELEVANT,,,1,uz_1,ecological audit + water-saving goal
UZ-D02634,,UZ,Kun.uz,https://kun.uz/ru/news/2023/02/17/s-1-maya-na-kryshax-novostroyek-obyazatelno-ustanavlivayutsya-solnechnyye-paneli,,С 1 мая на крышах новостроек обязательно устанавливаются солнечные панели,Президент подписал постановление «О мерах по ускорению внедрения возобновляемых источников энергии и энергосберегающих технологий в 2023 году».,RELEVANT,ENERGY,RELEVANT,ENERGY,,,gold,IAA adjudicated gold
UZ-C01455,,UZ,Daryo.uz,https://daryo.uz/2022/09/09/yevropada-qurgoqchilik-ispaniya-fermerlari-1-mlrd-yevro-yoqotishi-kutilmoqda/,2022-09-09,Yevropada qurg‘oqchilik: Ispaniya fermerlari 1 mlrd yevro yo‘qotishi kutilmoqda,Mintaqa qurg‘oqchilikdan aziyat chekmoqda va hosil past bo‘lishi kutilyapti,RELEVANT,AGRI_LAND,RELEVANT,DISASTER,,,uz_2,"Europe drought, Spanish farmer losses"
UZ-C01340,,UZ,Daryo.uz,https://daryo.uz/uz/2021/08/04/anomal-issiq-isroilga-ham-yetib-bordi-mamlakatda-ham-issiq-iqlim-yonginlarni-keltirib-chiqardi-video/,2021-08-04,Аномал иссиқ Исроилга ҳам етиб борди: мамлакатда ҳам иссиқ иқлим ёнғинларни келтириб чиқарди (видео),Ўрмон ёнғинлари туфайли Қуддус ва Тель-Авивни ўзаро боғлаб турувчи автомобиль йўли вақтинча ёпиб қўйилган,RELEVANT,DISASTER,RELEVANT,DISASTER,,,uz_1,Heatwave sparks wildfires Israel
UZ-C01562,,UZ,Daryo.uz,https://daryo.uz/2021/09/21/markaziy-osiyoda-qariyb-25-mln-odam-iqlim-muhojiriga-aylanishi-mumkin/,2021-09-21,"Markaziy Osiyoda qariyb 2,5 mln odam iqlim muhojiriga aylanishi mumkin",Butun dunyoda esa iqlim o‘zgarishi tufayli 216 million kishi o‘zi yashayotgan mamlakat ichidagi boshqa hududlarga ko‘chishga majbur bo‘lishi mumkin,RELEVANT,HEALTH_SOCIETY,RELEVANT,HEALTH_SOCIETY,,,uz_2,Climate migrants in Central Asia
UZ-C01716,,UZ,Daryo.uz,https://daryo.uz/uz/2024/03/26/aqsh-benzinli-avtomobillar-uchun-emissiya-standartlarini-kuchaytiradi/,2024-03-26,АҚШ бензинда юрадиган автомобиллар учун зарарли чиқинди газлар бўйича стандартларни қатъийлаштирди,Шу йўл билан Америка расмийлари аҳолини электр ва гибрид автомобилларга ўтишини рағбатлантиришга умид қилмоқда,RELEVANT,ENERGY,RELEVANT,ENERGY,1,1,uz_2,US tightens car emission standards
UZ-D01321,,UZ,Daryo.uz,https://daryo.uz/2022/11/26/greta-tunberg-va-yuzlab-ekofaollar-shvetsiyani-iqlim-boyicha-siyosati-tufayli-sudga-berdi/,2022-11-26,Greta Tunberg va yuzlab ekofaollar Shvetsiyani iqlim bo‘yicha siyosati tufayli sudga berdi,"Da’voda aytilishicha, Shvetsiyaning iqlim bo‘yicha siyosati uning konstitutsiyasiga, shuningdek, Inson huquqlari bo‘yicha Yevropa konvensiyasiga ziddir",RELEVANT,OTHER_CLIMATE,RELEVANT,HEALTH_SOCIETY,,1,uz_2,Activists sue Sweden over climate policy
UZ-D04124,,UZ,Daryo.uz,https://daryo.uz/2025/11/11/ozbekistonda-2025-yilning-oktyabri-qurgoqchil-boldi/,2025-11-11,O‘zbekistonda 2025-yilning oktyabri qurg‘oqchil bo‘ldi,"Tahlillarga ko‘ra, joriy yil oktyabri boshqa yillardagi oktyabr oyiga nisbatan eng issiq oylardan biri bo‘ldi. Yomg‘ir odatdagidan ancha kam bo‘ldi.",RELEVANT,WATER_CRYO,RELEVANT,SCIENCE_GEN,,1,uz_2,October 2025 record-hot and dry
UZ-D02888,,UZ,Kun.uz,https://kun.uz/news/2022/12/19/solar-nature-kompaniyasi-quyosh-elektr-stansiyalarini-qurish-bilan-bogliq-bolgan-yechimlarni-takdim-etadi,,SOLAR NATURE kompaniyasi – quyosh elektr stansiyalarini qurish bilan bog‘liq yechimlarni taqdim etadi!,Bugun butun respublika bo‘ylab elektr energiyasi tanqisligi yuzaga kelgani sir emas. Bu esa boshqa muqobil energiya turlaridan foydalanishga olib keladi. Quyosh elektr stansiyalarini ishlab chiqarish va o‘rnatish bilan shug‘ullanuvchi SOLAR NATURE kompaniyasi rahbari Farrux Asralxo‘jayev shu haqda gapirib berdi.,RELEVANT,ENERGY,RELEVANT,ENERGY,,,uz_1,solar power plant company
UZ-D04411,,UZ,Kun.uz,https://kun.uz/news/2022/09/29/ekspertlar-shimoliy-oqimdagi-sizib-chiqishlar-ekologiyaga-katta-zarar-yetkazadi,,Ekspertlar: «Shimoliy oqim»dagi sizib chiqishlar ekologiyaga katta zarar yetkazadi,"Mutaxassislarning fikricha, sizib chiqishi deyarli 7,5 million tonna karbonat angidrid ekvivalenti emissiyasiga olib keladi. Bu Germaniyaning yillik CO2 tashlamasining taxminan bir foiziga to‘g‘ri keladi.",RELEVANT,ENERGY,RELEVANT,SCIENCE_GEN,,1,uz_2,Nord Stream leak CO2 emissions
UZ-D03546,,UZ,Daryo.uz,https://daryo.uz/uz/2019/02/22/orol-dengizining-363-ming-gektar-qurigan-maydoniga-saksovul-ekildi/,2019-02-22,Орол денгизининг 363 минг гектар қуриган майдонига саксовул экилди,"Яна 917,2 минг гектар ер экишга тайёрланган",RELEVANT,WATER_CRYO,RELEVANT,AGRI_LAND,,1,uz_1,Aral seabed saxaul planting
UZ-D01571,,UZ,Kun.uz,https://kun.uz/ru/news/2022/08/05/yaponiya-xochet-realizovat-proyekt-po-ustanovke-ekonomichnyx-generatorov-i-solnechnyx-batarey-v-uzbekistane,,Япония планируетреализовать проект по установке экономичных генераторов и солнечных батарей в Узбекистане,"В посольстве Узбекистана в Токио состоялась встреча с Дайгоро Фукудзава, менеджером японской компании Hanwa Co., Ltd.",RELEVANT,ENERGY,RELEVANT,ENERGY,,,uz_1,Japan solar panels project
UZ-D04491,,UZ,Daryo.uz,https://daryo.uz/2022/08/06/songgi-37-yil-ichida-alyaska-muzliklarining-68-foizi-qisqargan/,2022-08-06,So‘nggi 37 yil ichida Alyaska muzliklarining 68 foizi qisqargan,"Bu nafaqat havo haroratining oshishi, balki qishki yomg‘irning ko‘payishi bilan ham bog‘liq",RELEVANT,WATER_CRYO,RELEVANT,WATER_CRYO,,,gold,IAA adjudicated gold
UZ-D05418,,UZ,Kun.uz,https://kun.uz/en/news/2019/07/15/al-jazeera-produces-a-short-documentary-about-the-aral-sea-says-uzbekistan-and-un-are-trying-to-bring-the-region-back-to-life,,"Al Jazeera produces a short documentary about the Aral Sea, says Uzbekistan and UN are trying to bring the region back to life","Al Jazeera news organization has produced a short documentary on the Aral Sea, which speaks about “one of the world’s largest man-made environmental disasters”.",RELEVANT,WATER_CRYO,RELEVANT,WATER_CRYO,,,uz_1,Aral Sea documentary disaster
UZ-C00430,,UZ,Daryo.uz,https://daryo.uz/2021/06/18/qirgizistonda-fermerlar-suv-tanqisligi-tufayli-namoyishga-chiqdi-qurgoqchilik-ozbekiston-va-qozogistonga-suv-berilayotgani-bilan-boglanmoqda/,2021-06-18,Qirg‘izistonda fermerlar suv tanqisligi tufayli namoyishga chiqdi. Qurg‘oqchilik O‘zbekiston va Qozog‘istonga suv berilayotgani bilan bog‘lanmoqda,Namoyishda 300 dan ortiq qishloq aholisi qatnashgan,RELEVANT,WATER_CRYO,RELEVANT,WATER_CRYO,,,gold,IAA adjudicated gold
UZ-D04280,,UZ,Daryo.uz,https://daryo.uz/2016/04/24/jon-kerri-iqlim-boyicha-parij-kelishuvini-nabirasi-izabel-bilan-birga-imzoladi/,2016-04-24,Jon Kerri iqlim bo‘yicha Parij kelishuvini nabirasi Izabel bilan birga imzoladi,Parijdagi iqlim bo‘yicha anjumanda qabul qilingan kelishuv bugungi kungacha 175 mamlakat tomonidan imzolandi,RELEVANT,POLICY,RELEVANT,POLICY,,,gold,IAA adjudicated gold
UZ-D05600,,UZ,Kun.uz,https://kun.uz/en/news/2024/10/21/uzbekistan-to-boost-green-energy-capacity-reducing-emissions-by-21-million-tons-annually,,"Uzbekistan to boost green energy capacity, reducing emissions by 21 million tons annually","The Ministry of Energy of Uzbekistan has announced ambitious plans to enhance the capacity of ""green"" power stations in the country, aiming to increase output by over 20 gigawatts in the next six years. This initiative is projected to generate 50 billion kilowatt-hours of electricity, leading to significant natural gas savings of nearly 15 billion cubic meters annually.",RELEVANT,ENERGY,RELEVANT,ENERGY,,,uz_2,green energy cuts emissions
UZ-C00939,,UZ,Daryo.uz,https://daryo.uz/uz/2020/03/06/yevropada-vodorodli-avtomobillar-ommalashmoqda-ekologik-toza-yoqilgi-haqida-nimalarni-bilamiz/,2020-03-06,Европада водородли автомобиллар оммалашмоқда. Экологик тоза ёқилғи ҳақида нималарни биламиз?,Mercedes келгуси беш йил ичида водород технологияларини ишлаб чиқариш учун 20 миллиард евро миқдорида маблағ ажратган,RELEVANT,ENERGY,RELEVANT,ENERGY,,,uz_1,"Hydrogen cars, clean fuel"
UZ-D00475,,UZ,Daryo.uz,https://daryo.uz/2021/03/23/iqlim-ozgarishining-ayanchli-oqibatlarini-ozida-mujassam-etgan-suratlar/,2021-03-23,Iqlim o‘zgarishining ayanchli oqibatlarini o‘zida mujassam etgan suratlar,Iqlim tufayli tabiat mislsiz o‘zgarishlarga duch kelmoqda,RELEVANT,OTHER_CLIMATE,RELEVANT,SCIENCE_GEN,,,uz_2,Photos of climate change consequences
UZ-D00952,,UZ,Kun.uz,https://kun.uz/news/2024/11/14/cop29-iqlimni-muhofaza-qilish-uchun-yiliga-13-trln-dollar,,"COP29: iqlimni muhofaza qilish uchun yiliga 1,3 trln dollar","Iqlimni moliyalashtirish bo‘yicha xalqaro bitimning birinchi loyihasi rivojlanayotgan mamlakatlar tomonidan rad etildi. Yangi variant ushbu maqsadlar uchun yiliga kamida 1,3 trillion dollar ajratishni nazarda tutadi.",RELEVANT,POLICY,RELEVANT,POLICY,,,uz_1,COP29 climate finance
UZ-C00980,,UZ,Daryo.uz,https://daryo.uz/2021/07/16/moskva-va-sankt-peterburgda-jazirama-kanadada-harorat-deyarli-50-kuvaytda-esa-taxminan-70-nimalar-bolyapti-endi-doim-shunday-boladimi-rossiyalik-iqlimshunos-ushbu-savollarga-j/,2021-07-16,"Moskva va Sankt-Peterburgda jazirama, Kanadada harorat deyarli +50, Kuvaytda esa taxminan +70. Nimalar bo‘lyapti? Endi doim shunday bo‘ladimi? Rossiyalik iqlimshunos ushbu savollarga javob berdi","Iqlimshunosning ta’kidlashicha, buyog‘iga kuchsiz sovish davri boshlanadi",RELEVANT,SCIENCE_GEN,RELEVANT,DISASTER,,1,uz_2,Global heatwaves explained by climatologist
UZ-D04801,,UZ,Daryo.uz,https://daryo.uz/2024/01/18/gretsiyada-sayyohlarga-iqlim-soligi-joriy-etiladi/,2024-01-18,Gretsiyada sayyohlarga iqlim solig‘i joriy etiladi,"Yangi qoidalarga ko‘ra, sayyohlar mehmonxonadagi bir kecha uchun qo‘shimcha 1,5 yevro to‘lashlari kerak",RELEVANT,POLICY,RELEVANT,POLICY,,,gold,IAA adjudicated gold
UZ-C01127,,UZ,Daryo.uz,https://daryo.uz/2022/11/22/har-yili-ikkita-toshkent-maydoniga-teng-hudud-chollashmoqda-iqlimshunos-ozbekistonda-ekologik-xavf-ortib-borayotganidan-ogohlantirdi/,2022-11-22,“Har yili ikkita Toshkent maydoniga teng hudud cho‘llashmoqda” — iqlimshunos O‘zbekistonda ekologik xavf ortib borayotganidan ogohlantirdi,“Chang ko‘tarilishi va qurg‘oqchilik yuzaga kelishi 2000-yillarda boshlangan” — deydi Erkin Abdulahatov,RELEVANT,AGRI_LAND,RELEVANT,AGRI_LAND,,,uz_1,Desertification warning Uzbekistan
UZ-D04787,,UZ,Daryo.uz,https://daryo.uz/2023/03/24/saida-mirziyoyev-bmtda-orol-dengizi-fojiasining-oqibatlari-haqida-nutq-sozladi/,2023-03-24,Saida Mirziyoyeva BMTda Orol dengizi fojiasining oqibatlari haqida nutq so‘zladi,U xalqaro hamjamiyatni global suv masalalarida O‘zbekistonning saʼy-harakatlarini qo‘llab-quvvatlashni davom ettirishga chaqirgan,RELEVANT,WATER_CRYO,RELEVANT,WATER_CRYO,,,uz_1,UN speech on Aral tragedy
UZ-D02665,,UZ,Kun.uz,https://kun.uz/news/2022/08/25/yevropaga-oxirgi-500-yillikdagi-eng-yomon-qurgoqchilik-xavf-solmoqda,,Yevropaga oxirgi 500 yillikdagi eng yomon qurg‘oqchilik xavf solmoqda,"Yevropa qurg‘oqchilik observatoriyasining avgustdagi hisobotiga ko‘ra, qit’aning 47 foizi tuproq namligi tanqisligi bilan ogohlantirish, 17 foiz hududi esa favqulodda holatga tushib qolgan.",RELEVANT,WATER_CRYO,RELEVANT,DISASTER,,,uz_2,worst drought in 500 years Europe
UZ-D03110,,UZ,Kun.uz,https://kun.uz/news/2024/10/07/2023-yilgi-qurgoqchilik-dunyo-daryolarining-50-foizini-sayozlashtirdi,,2023 yilgi qurg‘oqchilik dunyo daryolarining 50 foizini sayozlashtirdi,"Shuningdek, yuqori harorat muzliklarning so‘nggi 50 yildagi eng ko‘p erishini ham keltirib chiqardi.",RELEVANT,WATER_CRYO,RELEVANT,WATER_CRYO,,1,uz_1,"drought shallows rivers, glaciers melt"
UZ-D00587,,UZ,Daryo.uz,https://daryo.uz/uz/2023/10/19/ozbekgidroenergo-aj-xitoy-xalq-respublikasi-hukumatining-granti-hisobiga-shamol-elektr-stansiyasini-quradi/,2023-10-19,“Ўзбекгидроэнерго” АЖ Хитой Халқ Республикаси Ҳукуматининг гранти ҳисобига шамол электр станциясини қуради,"“Дарё” интернет-нашрининг (Ўзбекистон матбуот ва ахборот агентлиги (ЎзМАА, ҳозирги Ўзбекистон Республикаси Президенти Администрацияси ҳузуридаги Ахборот ва оммавий коммуникациялар агентлиги) томонидан 13.03.2015 йил санада 0944-сонли гувоҳнома билан оммавий ахборот воситаси сифатида рўйхатга олинган. Матнли материалларни тўлиқ кўчириш ёки қисман иқтибос келтиришга, шунингдек, фотографик, график, аудио ва/ёки видеоматериалларидан фойдаланишга “daryo.uz” сайтига гиперхавола мавжуд бўлган ва/ёки “Дарё” интернет-нашрининг муаллифлигини кўрсатувчи ёзув илова қилинган тақдирда йўл қўйилади.",RELEVANT,ENERGY,RELEVANT,ENERGY,,,gold,IAA adjudicated gold
UZ-D02727,,UZ,Daryo.uz,https://daryo.uz/uz/2015/09/01/obama-iqlim-boyicha-bitimni-imzolashni-tezlashtirishga-chaqirdi/,2015-09-01,Обама иқлим бўйича битимни имзолашни тезлаштиришга чақирди,Обама ҳозирча ҳеч қайси мамлакат иқлим муаммоси ечимига қараб зарур тезликда бормаётганини таъкидлади,RELEVANT,POLICY,RELEVANT,POLICY,,,uz_2,Obama urges signing climate agreement
UZ-C00975,,UZ,Daryo.uz,https://daryo.uz/2021/02/02/ozbekiston-2050-yilgacha-uglerod-neytral-energetikaga-otishni-rejalashtiryapti/,2021-02-02,O‘zbekiston 2050-yilgacha uglerod-neytral energetikaga o‘tishni rejalashtiryapti,Bu borada “yo‘l xaritasi”ni ishlab chiqish uchun xalqaro ekspertlar konsorsiumi jalb etilgan,RELEVANT,ENERGY,RELEVANT,ENERGY,,,uz_1,Carbon-neutral energy by 2050
UZ-D04352,,UZ,Kun.uz,https://kun.uz/ru/news/2020/12/26/v-trastovom-fonde-pri-oon-utverdili-finansirovaniye-proyektov-v-priarale-na-6-mln,,В трастовом фонде при ООН утвердили финансирование проектов в Приаралье на $6 млн,"Руководящий комитет многопартнерского трастового фонда по человеческой безопасности для региона Приаралья (МПТФЧБ), созданного под эгидой ООН, в рамках второго приема заявок утвердил финансирование 3 проектов на общую сумму более 6 млн долларов США по направлениям «Молодежь, инновации и здравоохранение».",RELEVANT,WATER_CRYO,NOT_RELEVANT,,,1,uz_2,
UZ-D05127,,UZ,Kun.uz,https://kun.uz/news/2020/01/16/ilk-bor-beshta-global-xavfning-barchasi-ekologiya-bilan-boglandi,,Ilk bor beshta global xavfning barchasi ekologiya bilan bog‘landi,Ilk bor keyingi 10 yillik uchun beshta asosiy global xavfning barchasi ekologik omillar bilan bog‘landi. Bu haqda Butunjahon iqtisodiy forumining “Global xavflar” hisobotida aytilgan. Hisobot Marsh & McLennan va Zurich Insurance Group kompaniyalarining hamkorligida tuzilgan.,RELEVANT,SCIENCE_GEN,RELEVANT,SCIENCE_GEN,,,gold,IAA adjudicated gold
UZ-D02951,,UZ,Kun.uz,https://kun.uz/en/news/2024/05/21/masdar-secures-159-million-for-solar-power-plant-construction-in-bukhara-region,,Masdar secures $159 million for solar power plant construction in Bukhara region,"The 250 MW power plant and storage project is financed by IFC, ADB, the Netherlands, and Japan.",RELEVANT,ENERGY,RELEVANT,ENERGY,,,gold,IAA adjudicated gold
UZ-D04770,,UZ,Daryo.uz,https://daryo.uz/uz/2017/06/11/ozbekistonning-quyosh-energiyasi-salohiyati-yiliga-51-mlrd-tonna-neft-ekvivalentiga-teng/,2017-06-11,Ўзбекистоннинг қуёш энергияси салоҳияти йилига 51 млрд тонна нефть эквивалентига тенг,Соф энергия олиш учун 11 миллион гектардан ортиқ ердан фойдаланиш мумкин,RELEVANT,ENERGY,RELEVANT,ENERGY,,,uz_2,Uzbekistan solar energy potential
UZ-00007,,UZ,Kun.uz,https://kun.uz/news/2026/01/27/aqsh-rasman-parij-iqlim-kelishuvidan-chiqdi,2026-01-27,AQSh rasman Parij iqlim kelishuvidan chiqdi,"AQSh chiqib ketgandan so‘ng, mamlakat endi kelishuvni, jumladan, issiqxona gazlari chiqindilarini kamaytirish va xalqaro iqlim uchrashuvlarida ishtirok etish majburiyatlarini bajarmaydi.",RELEVANT,POLICY,RELEVANT,POLICY,,,uz_1,US exits Paris Agreement
UZ-D02191,,UZ,Daryo.uz,https://daryo.uz/2020/12/05/hukumat-qarori-bilan-orol-dengizi-va-orolboyi-hududlarida-ormonzor-barpo-etiladigan-maydon-belgilandi/,2020-12-05,Hukumat qarori bilan Orol dengizi va Orolbo‘yi hududlarida o‘rmonzor barpo etiladigan maydon belgilandi,"Vazirlar Mahkamasining “Respublika hududlarida o‘rmonzorlar, shuningdek, Orol dengizi va Orolbo‘yi hududlarida ‘yashil qoplamalar’ barpo etish bo‘yicha qo‘shimcha chora-tadbirlar to‘g‘risida”gi qarori qabul qilindi",RELEVANT,WATER_CRYO,RELEVANT,AGRI_LAND,,1,uz_1,Aral region afforestation decree
UZ-C01251,,UZ,Daryo.uz,https://daryo.uz/uz/2020/01/17/avstraliyada-boshlangan-yomgirlar-ormon-yonginlarini-ochirmoqda-biroq-endi-qitada-yangi-xavf-paydo-bolgan-bu-sel-va-toshqinlar-video/,2020-01-17,"Австралияда бошланган ёмғирлар ўрмон ёнғинларини ўчирмоқда, бироқ энди қитъада янги хавф пайдо бўлган бу – сел ва тошқинлар (видео)",Олимларни ёнғинлар оқибатида 13 камёб ҳайвонлар турининг йўқ бўлиш хавфи ташвишга солмоқда,RELEVANT,DISASTER,RELEVANT,DISASTER,,,uz_1,"Australia wildfires, then floods"
UZ-D01363,,UZ,Kun.uz,https://kun.uz/news/2018/01/11/ajtadi-am-kajtadi-am-tramp-aks-iklim-bujica-kelisuvga-kajtisi-mumkinligini-bildirdi,,"Aytadi ham, qaytadi ham. Tramp AQSh iqlim bo‘yicha kelishuvga qaytishi mumkinligini bildirdi","AQSh prezidenti Donald Trampning ma'lum qilishicha, mamlakat yana iqlim bo‘yicha Parij kelishuviga qo‘shilishi mumkin",RELEVANT,POLICY,RELEVANT,POLICY,,,uz_2,Trump may rejoin Paris agreement
UZ-C01441,,UZ,Kun.uz,https://kun.uz/en/news/2024/10/09/uzbekistan-un-to-enhance-human-security-efforts-in-aral-sea-region,,"Uzbekistan, UN to enhance human security efforts in Aral Sea region","The Ministry of Foreign Affairs held a meeting on October 8 with the UN Resident Coordinator in Uzbekistan, Sabine Machl, to discuss key aspects of cooperation between the country and the organization.",RELEVANT,WATER_CRYO,RELEVANT,WATER_CRYO,,1,uz_2,Aral region human security cooperation
UZ-D03770,,UZ,Kun.uz,https://kun.uz/news/2021/06/30/qurgoqchilikka-qarshi-kurashishning-yangi-usuli-topildi,,Qurg‘oqchilikka qarshi kurashishning yangi usuli topildi,"Dubaydagi suv fermasida yiliga 1,5 million litrga yaqin suv olinadi.",RELEVANT,WATER_CRYO,RELEVANT,WATER_CRYO,,,gold,IAA adjudicated gold
UZ-D05429,,UZ,Daryo.uz,https://daryo.uz/2017/06/04/eron-aqshning-iqlim-boyicha-parij-kelishuvidan-chiqishini-masuliyatsizlik-deb-atadi/,2017-06-04,Eron AQShning iqlim bo‘yicha Parij kelishuvidan chiqishini “mas’uliyatsizlik” deb atadi,Dunyo hamjamiyati AQSh Parij kelishuvi bo‘yicha xalqaro majburiyatlarini so‘zsiz bajarishiga erishishi lozim,RELEVANT,POLICY,RELEVANT,POLICY,,,gold,IAA adjudicated gold
UZ-00290,,UZ,Kun.uz,https://kun.uz/news/2025/03/19/yaqin-75-yil-ichida-dengiz-sathi-uch-metrga-kotarilishi-mumkin-olimlar,2025-03-19,Yaqin 75 yil ichida dengiz sathi uch metrga ko‘tarilishi mumkin - olimlar,"Mazkur holat Daniya uchun jiddiy tahdid tug‘diradi, chunki uning qirg‘oq hududlarini katta qismi dengiz sathiga nisbatan past joylashgan.",RELEVANT,SCIENCE_GEN,RELEVANT,SCIENCE_GEN,,,uz_1,sea level rise projection
UZ-D00027,,UZ,Daryo.uz,https://daryo.uz/2016/05/24/baykal-koli-orol-dengizi-kabi-yoqolib-ketishi-mumkin/,2016-05-24,Baykal ko‘li Orol dengizi kabi yo‘qolib ketishi mumkin,Selenga daryosi va uning irmoqlarida uchta gidroelektr stansiyasi qurilishi Baykal ko‘lining qurishiga olib kelishi mumkin,RELEVANT,WATER_CRYO,RELEVANT,WATER_CRYO,,1,uz_1,Lake drying like Aral; dam-caused
UZ-D04260,,UZ,Daryo.uz,https://daryo.uz/uz/2021/11/04/muzliklarimiz-tez-erib-ketmoqda-emomali-rahmon-bmt-sammitida-tojikistondagi-iqlim-ozgarishi-muammolarini-sanab-otdi/,2021-11-04,«Музликларимиз тез эриб кетмоқда». Эмомали Раҳмон БМТ саммитида Тожикистондаги иқлим ўзгариши муаммоларини санаб ўтди,"«Шу кунгача Тожикистондаги 14 минг музликдан мингдан ортиғи тўлиқ эриб кетган», — деди Тожикистон раҳбари",RELEVANT,WATER_CRYO,RELEVANT,WATER_CRYO,,1,uz_2,Rahmon: Tajikistan glaciers melting
UZ-D00095,,UZ,Daryo.uz,https://daryo.uz/2023/02/01/ijtimoiy-soha-obyektlarida-quyosh-energiyasidan-foydalanish-uchun-alohida-kompaniya-tashkil-etiladi/,2023-02-01,Ijtimoiy soha obyektlarida “quyosh energiyasi”dan foydalanish uchun alohida kompaniya tashkil etiladi,Shavkat Mirziyoyev yirik korxonalarda ham qayta tiklanuvchi energiya manbalari oʻrnatilishini aytdi,RELEVANT,ENERGY,RELEVANT,ENERGY,,,uz_1,Solar energy for social sector
UZ-D01693,,UZ,Daryo.uz,https://daryo.uz/uz/2020/01/31/guardian-iqlim-bilan-bogliq-favqulodda-holat-tufayli-neft-kompaniyalarini-reklama-qilishdan-bosh-tortdi/,2020-01-31,Guardian иқлим билан боғлиқ фавқулодда ҳолат туфайли нефть компанияларини реклама қилишдан бош тортди,Guardian Media Group даромадининг 40 фоизи реклама ортидан келади,RELEVANT,POLICY,RELEVANT,HEALTH_SOCIETY,,,gold,IAA adjudicated gold
UZ-C02229,,UZ,Kun.uz,https://kun.uz/news/2024/09/03/iqlim-ozgarishi-afrikadagi-qariyb-120-mln-kishiga-xavf-tugdirmoqda,,Iqlim o‘zgarishi Afrikadagi qariyb 120 mln kishiga xavf tug‘dirmoqda,"Xalqaro meteorologiya tashkilotiga ko‘ra, Sahroi Kabirdan janubda joylashgan Afrika davlatlari keyingi o‘n yillikda iqlimga moslashish uchun yiliga 30-50 milliard dollar yoki YaIMning 2-3 foizini sarflaydi.",RELEVANT,HEALTH_SOCIETY,RELEVANT,SCIENCE_GEN,,,uz_1,climate change threatens Africans
UZ-D04557,,UZ,Kun.uz,https://kun.uz/ru/news/2024/02/06/obshchestvennaya-podderjka-dayet-nam-sily-ministr-zayavil-chto-predlojyeniya-po-ekologii-teper-prinimayutsya-bystro,,"«Общественная поддержка дает нам силы» – министр заявил, что предложения по экологии теперь принимаются быстро","Министр экологии Азиз Абдухакимов сказал, что переход на уголь был вынужденным из-за ситуации в январе 2023 года, но как министр отрасли он обязан потребовать запрета на уголь и мазут.",RELEVANT,ENERGY,RELEVANT,ENERGY,,,uz_2,coal/mazut phase-out demand
UZ-C01197,,UZ,Kun.uz,https://kun.uz/en/news/2024/07/11/president-launches-construction-of-500-mw-solar-power-plant-in-fergana-region,,President launches construction of 500 MW solar power plant in Fergana region,Shavkat Mirziyoyev participated in the ceremony marking the start of several industrial and energy projects in the Fergana region.,RELEVANT,ENERGY,RELEVANT,ENERGY,,,uz_1,500 MW solar plant
UZ-C00080,,UZ,Daryo.uz,https://daryo.uz/2021/07/01/bmt-taraqqiyot-dasturi-va-glogal-ekologiya-jamgarmasi-toshkentda-elektrobuslar-sotib-olishga-39-mln-dollar-ajratadi/,2021-07-01,"BMT Taraqqiyot dasturi va Global ekologiya jamg‘armasi Toshkentda elektrobuslar sotib olishga 3,9 mln dollar ajratadi",Pilot loyiha shaharda “yashil transport yo‘lagini” joriy etishni nazarda tutadi,RELEVANT,ENERGY,RELEVANT,ENERGY,,,uz_1,Funds for electric buses
UZ-D01075,,UZ,Kun.uz,https://kun.uz/news/2022/11/28/2050-yilgacha-markaziy-osiyoda-5-million-iqlim-muhojiri-paydo-boladi,,2050 yilgacha Markaziy Osiyoda 5 million iqlim muhojiri paydo bo‘ladi,Iqlim o‘zgarishlari sabab Yer yuzi mintaqalarida paydo bo‘ladigan iqlim muhojirlari haqida Jahon banki hisob-kitoblari haqida ma’lumot berildi.,RELEVANT,HEALTH_SOCIETY,RELEVANT,HEALTH_SOCIETY,,,gold,IAA adjudicated gold
UZ-D03129,,UZ,Kun.uz,https://kun.uz/en/news/2020/08/04/farmers-in-kushkupir-district-suffer-from-drought,,Farmers in Kushkupir district suffer from drought,"Residents and farmers in the Kushkupir district, Katagan village, have complained that the water problem has not been resolved for several years. Agricultural lands, fish ponds, people’s backyards have dried up from drought.",RELEVANT,AGRI_LAND,RELEVANT,DISASTER,,,gold,IAA adjudicated gold
UZ-D04189,,UZ,Daryo.uz,https://daryo.uz/uz/2020/01/25/jorj-soros-avtoritar-hukumatlar-va-iqlim-ozgarishlariga-qarshi-kurash-uchun-1-mlrd-dollar-ajratadi/,2020-01-25,Жорж Сорос авторитар ҳукуматлар ва иқлим ўзгаришларига қарши кураш учун 1 млрд доллар ажратади,"80 ёшли миллиардерга кўра, айнан шу икки муаммо цивилизациянинг омон қолишига таҳдид туғдиради",RELEVANT,POLICY,RELEVANT,POLICY,,,gold,IAA adjudicated gold
UZ-D00561,,UZ,Kun.uz,https://kun.uz/en/news/2025/03/17/govt-mandates-solar-panels-and-energy-efficient-heating-in-new-buildings,,Gov’t mandates solar panels and energy-efficient heating in new buildings,"Starting from June 1, 2025, Uzbekistan will introduce new heating supply requirements. All new and renovated buildings will be required to install solar panels, water heaters, and heat pumps. Additionally, centralized heating systems will transition to a closed-loop system.",RELEVANT,ENERGY,RELEVANT,ENERGY,,,uz_1,solar panels mandate new buildings
UZ-D02483,,UZ,Kun.uz,https://kun.uz/ru/news/2022/07/28/v-tashkente-startovala-vystavka-vozobnovlyayemoy-energetiki,,В Ташкенте стартовала выставка возобновляемой энергетики,"С 28 по 29 июля в Ташкенте проходит выставка, цель которой является популяризация развития возобновляемых источников энергии и доведения до широкой публики продукции местных производственных предприятий.",RELEVANT,ENERGY,RELEVANT,ENERGY,,,uz_2,renewable energy exhibition Tashkent
UZ-C00487,,UZ,Daryo.uz,https://daryo.uz/uz/2023/11/25/toqayev-qozogiston-2060-yilgacha-uglerod-neytralligiga-erishishni-maqsad-qilgan/,2023-11-25,Тўқаев: “Қозоғистон 2060 йилгача углерод нейтраллигига эришишни мақсад қилган”,У МО давлатлари раҳбарларини муқобил энергия манбаларига ўтиш бўйича биргаликдаги саъй-ҳаракатларни фаоллаштиришга чақирди,RELEVANT,POLICY,RELEVANT,POLICY,,,uz_1,Kazakhstan carbon neutrality 2060
UZ-C00562,,UZ,Kun.uz,https://kun.uz/ru/news/2025/09/18/trevojnyy-prognoz-cherez-15-let-situatsiya-s-lednikami-v-regione-dostignet-kriticheskoy-tochki,,Тревожный прогноз: через 15 лет ситуация с ледниками в регионе достигнет критической точки,"К 2040 году ледники Центральной Азии начнут стремительно таять, предупреждают учёные. Эти прогнозы прозвучали 16–17 сентября на научной конференции «Инновационные методы мониторинга горных ледников в условиях изменения климата и актуальные проблемы гляциологии».",RELEVANT,WATER_CRYO,RELEVANT,WATER_CRYO,,,uz_2,glaciers critical point projection
UZ-C01261,,UZ,Daryo.uz,https://daryo.uz/2022/08/24/yevrokomissiya-yevropa-500-yil-ichidagi-eng-yomon-qurgoqchilikdan-aziyat-chekmoqda/,2022-08-24,Yevrokomissiya: Yevropa 500 yil ichidagi eng yomon qurg‘oqchilikdan aziyat chekmoqda,"Yevropa hududining 47 foizi tuproq namligining tanqisligi tufayli inqiroz holatida, yana 17 foizi esa o‘simliklar va ekinlar zarar ko‘radigan xavotirli ahvolda",RELEVANT,WATER_CRYO,RELEVANT,DISASTER,,,uz_2,Europe worst drought in 500 years
UZ-D01413,,UZ,Kun.uz,https://kun.uz/en/news/2020/01/05/uzhydromet-the-average-annual-air-temperature-in-uzbekistan-exceeded-the-climatic-norm-in-2019,,Uzhydromet: The average annual air temperature in Uzbekistan exceeded the climatic norm in 2019,"In recent decades, global warming, caused by anthropogenic emissions of greenhouse gases into the atmosphere, as well as due to other climate-forming factors, has been observed, Uzhydromet reports.",RELEVANT,SCIENCE_GEN,RELEVANT,SCIENCE_GEN,,,uz_1,"temp above norm, global warming"
UZ-D01134,,UZ,Daryo.uz,https://daryo.uz/2024/11/21/ekologiyani-tiklash-kerak-paynet-aj-birlashgan-millatlar-tashkiloti-taraqqiyot-dasturi-undp-bilan-birgalikda-orol-dengizi-tubini-kokalamzorlashtirish-dasturidagi-ishtiroki-haqida/,2024-11-21,Ekologiyani tiklash kerak: Paynet AJ Birlashgan Millatlar Tashkiloti Taraqqiyot dasturi (UNDP) bilan birgalikda Orol dengizi tubini ko‘kalamzorlashtirish dasturidagi ishtiroki haqida,"“Daryo” internet-nashrining (O‘zbekiston matbuot va axborot agentligi (O‘zMAA, hozirgi O‘zbekiston Respublikasi Prezidenti Administratsiyasi huzuridagi Axborot va ommaviy kommunikatsiyalar agentligi) tomonidan 13.03.2015 yil sanasida 0944-sonli guvohnoma bilan ommaviy axborot vositasi sifatida ro‘yxatga olingan. Matnli materiallarni to‘liq ko‘chirish yoki qisman iqtibos keltirishga, shuningdek, fotografik, grafik, audio va/yoki videomateriallaridan foydalanishga “daryo.uz” saytiga giperhavola mavjud bo‘lgan va/yoki “Daryo” internet-nashrining muallifligini ko‘rsatuvchi yozuv ilova qilingan taqdirda yo‘l qo‘yiladi.",RELEVANT,WATER_CRYO,RELEVANT,AGRI_LAND,,1,uz_2,Aral seabed greening program
UZ-00023,,UZ,Kun.uz,https://kun.uz/news/2025/01/13/orol-vodiysi-iqlim-texnologiyalari-ekspo-habi-tashkil-etiladi,2025-01-13,“Orol vodiysi” iqlim texnologiyalari ekspo-habi tashkil etiladi,"Mo‘ynoq shahri atrofidagi orol tubi tiklanadi, iqlim texnologiyalari va zarar ko‘rgan ekotizimlarni tiklashga ixtisoslashgan kompaniyalar klasteri tashkil etiladi.",RELEVANT,WATER_CRYO,RELEVANT,WATER_CRYO,,,uz_2,"Aral climate tech hub, seabed restoration"
UZ-D03790,,UZ,Kun.uz,https://kun.uz/news/2020/05/26/energetika-vazirligi-quyosh-energiyasidan-shaxsiy-manfaatlarda-foydalanish-uchun-shartnoma-tuzish-talab-etilmasligini-bildirdi,,Energetika vazirligi quyosh energiyasidan shaxsiy manfaatlarda foydalanish uchun shartnoma tuzish talab etilmasligini bildirdi,"Agar aholi faqat qayta tiklanuvchi energiyadan foydalangan holda, ya'ni mavjud energiya tarmoqlaridan to‘liq uzilgan taqdirda, ularga jismoniy shaxslarning mol-mulk solig‘idan va yer solig‘idan uch yil muddatga ozod qilinadi.",RELEVANT,ENERGY,RELEVANT,ENERGY,,,uz_1,solar energy use policy
UZ-C00471,,UZ,Daryo.uz,https://daryo.uz/uz/2023/10/11/royal-quyosh-kollektorlari-qanday-qilib-mamlakatda-ekologik-xavfsizlikni-taminlaydi/,2023-10-11,ROYAL қуёш коллекторлари қандай қилиб мамлакатда экологик хавфсизликни таъминлайди?,"“Дарё” интернет-нашрининг (Ўзбекистон матбуот ва ахборот агентлиги (ЎзМАА, ҳозирги Ўзбекистон Республикаси Президенти Администрацияси ҳузуридаги Ахборот ва оммавий коммуникациялар агентлиги) томонидан 13.03.2015 йил санада 0944-сонли гувоҳнома билан оммавий ахборот воситаси сифатида рўйхатга олинган. Матнли материалларни тўлиқ кўчириш ёки қисман иқтибос келтиришга, шунингдек, фотографик, график, аудио ва/ёки видеоматериалларидан фойдаланишга “daryo.uz” сайтига гиперхавола мавжуд бўлган ва/ёки “Дарё” интернет-нашрининг муаллифлигини кўрсатувчи ёзув илова қилинган тақдирда йўл қўйилади.",RELEVANT,ENERGY,RELEVANT,ENERGY,,,uz_1,Solar collectors company
UZ-D02138,,UZ,Daryo.uz,https://daryo.uz/2025/04/07/yevropa-ittifoqi-moliyaviy-va-texnologik-yordamni-oshiradi-jahon-banki-mintaqada-yirik-loyiha-boshlaydi-samarqand-xalqaro-iqlim-forumining-ikkinchi-kuni-qanday-otdi/,2025-04-07,"Yevropa Ittifoqi moliyaviy va texnologik yordamni oshiradi, Jahon banki mintaqada yirik loyiha boshlaydi. Samarqand xalqaro iqlim forumining ikkinchi kuni qanday o‘tdi?",Joriy yilning 4–5-aprel kunlari Samarqand yana bir xalqaro tadbirga mezbonlik qildi. Mintaqa taqdiriga daxldor forumda “Daryo” muxbiri ham qatnashdi,RELEVANT,POLICY,RELEVANT,POLICY,,,uz_1,"Samarkand climate forum, EU finance"
UZ-D01795,,UZ,Daryo.uz,https://daryo.uz/uz/2022/05/31/ozbekistonda-endi-qor-yogmasligi-qurgoqchilik-avj-olishi-iqlim-migrantlari-kopayishi-rostmi-iqlimshunos-bilan-suhbat/,2022-05-31,"Ўзбекистонда энди қор ёғмаслиги, қурғоқчилик авж олиши, иқлим мигрантлари кўпайиши ростми? Иқлимшунос билан суҳбат","«Охирги пайтларда исиш жараёни бутун дунёда тезлашиб бормоқда», — дейди Эркин Абдулаҳатов",RELEVANT,SCIENCE_GEN,RELEVANT,SCIENCE_GEN,,,uz_1,Climatologist on warming Uzbekistan
UZ-D03574,,UZ,Kun.uz,https://kun.uz/ru/news/2021/11/10/uzbekistan-vystupil-s-natsionalnym-zayavleniyem-na-klimaticheskom-sammite-oon-v-glazgo,,Узбекистан выступил с национальным заявлением на климатическом саммите ООН в Глазго,9 ноября в рамках участия в 26-ой сессии Конференции стран-участниц рамочной Конвенции ООН об изменении климата в Глазго заместитель премьер-министра Республики Узбекистан А.Абдухакимов озвучил национальное заявление от имени нашей стране.,RELEVANT,POLICY,RELEVANT,POLICY,,,uz_2,national statement at Glasgow COP26
UZ-C01985,,UZ,Daryo.uz,https://daryo.uz/uz/2021/07/16/moskva-va-sankt-peterburgda-jazirama-kanadada-harorat-deyarli-50-kuvaytda-esa-taxminan-70-nimalar-bolyapti-endi-doim-shunday-boladimi-rossiyalik-iqlimshunos-ushbu-savollarga-j/,2021-07-16,"Москва ва Санкт-Петербургда жазирама, Канадада ҳарорат деярли +50, Кувайтда эса тахминан +70. Нималар бўляпти? Энди доим шундай бўладими? Россиялик иқлимшунос ушбу саволларга жавоб берди","Иқлимшуноснинг таъкидлашича, буёғига кучсиз совиш даври бошланади",RELEVANT,SCIENCE_GEN,RELEVANT,SCIENCE_GEN,,,uz_1,Climatologist explains global heatwaves
UZ-D02787,,UZ,Daryo.uz,https://daryo.uz/uz/2022/08/11/bmt-taraqqiyot-dasturi-fargona-vodiysida-iqlim-ozgarishi-boyicha-tadqiqot-otkazdi/,2022-08-11,БМТ Тараққиёт дастури Фарғона водийсида иқлим ўзгариши бўйича тадқиқот ўтказди,"Сўровномада иштирок этган 92 фоиз респондент иқлим ўзгариши инсон саломатлигига, айниқса, аёллар турмуш даражасига салбий таъсир кўрсатишини айтиб ўтган",RELEVANT,HEALTH_SOCIETY,RELEVANT,HEALTH_SOCIETY,,,uz_1,Climate health-impact study Fergana
UZ-D02247,,UZ,Daryo.uz,https://daryo.uz/uz/2018/12/01/nukus-pedagogika-instituti-orol-dengiziga-ekspetsiyalarda-rossiya-fanlar-akademiyasi-bilan-hamkorlik-qiladi/,2018-12-01,Нукус педагогика институти Орол денгизига экспецияларда Россия фанлар академияси билан ҳамкорлик қилади,"Экспециялага институтнинг профессор-ўқитувчиларини ва ёш илмий тадқиқотчиларини жалб қилиш ҳамда илмий монографиялар, ўқув қўлланмаларини ёзиш бўйича икки томонлама ҳамкорлик шартномаси имзоланди",RELEVANT,WATER_CRYO,RELEVANT,WATER_CRYO,,,gold,IAA adjudicated gold
UZ-D00662,,UZ,Kun.uz,https://kun.uz/news/2019/10/07/elektromobillar-gibrid-dvigatelli-va-ekologik-yaxshilangan-avtomobillar-ozbekistonda-transport-sohasida-jiddiy-ozgarishlar-kutilyapti,,"Elektromobillar, gibrid dvigatelli va ekologik yaxshilangan avtomobillar: O‘zbekistonda transport sohasida jiddiy o‘zgarishlar kutilyapti",O‘zbekistonda ekologik jihatdan yaxshilangan motor yoqilg‘isi va avtomobillar ishlab chiqarish va ulardan foydalanish kengaytiriladi.,RELEVANT,ENERGY,NOT_RELEVANT,,,1,uz_2,
UZ-C01793,,UZ,Kun.uz,https://kun.uz/en/news/2024/08/01/aral-sea-tragedy-causes-impacts-and-possible-solutions,,"Aral Sea tragedy: Causes, impacts, and possible solutions","The Aral Sea, once the fourth-largest inland body of water in the world, has become one of the most striking examples of ecological devastation. Straddling the border between Kazakhstan and Uzbekistan, the sea has suffered severe depletion over the past six decades, leading to profound environmental,",RELEVANT,WATER_CRYO,RELEVANT,WATER_CRYO,,,uz_1,Aral Sea depletion
UZ-C02037,,UZ,Kun.uz,https://kun.uz/en/news/2024/11/16/glacier-meltdown-threatens-central-asias-water-and-energy-security,,Glacier meltdown threatens Central Asia’s water and energy security,"By 2050, Central Asia may lose one-third of its glaciers, posing significant risks to the region's water, food, and energy security. This stark warning was voiced by Bahodir Sheralizoda, Chairman of Tajikistan’s Environmental Protection Committee, during a climate panel at COP29.",RELEVANT,WATER_CRYO,RELEVANT,WATER_CRYO,,,uz_2,glacier loss threatens water security
UZ-D03692,,UZ,Kun.uz,https://kun.uz/news/2022/03/29/ozgidromet-iqlim-ozgarishining-salbiy-oqibatlarini-kamaytirish-maqsadida-24-mlrd-som-ajratdi,,"«O‘zgidromet» iqlim o‘zgarishining salbiy oqibatlarini kamaytirish maqsadida 2,4 mlrd so‘m ajratdi","2021 yilda iqlim o‘zgarishining salbiy ta’sirini kamaytirish va uning oqibatlarini yumshatishga yo‘naltirilgan Gidrometeorologiya ilmiy-tadqiqot instituti tomonidan 2,4 mlrd so‘m bo‘lgan 3 ta loyiha moliyalashtirildi. Bu haqda AOKAda ""O‘zgidromet"" mutasaddilari ma’lum qildi.",RELEVANT,POLICY,RELEVANT,POLICY,,,uz_1,Uzhydromet climate mitigation funds
UZ-C01106,,UZ,Daryo.uz,https://daryo.uz/2019/11/29/messenjerlardagi-rahmat-ok-kabi-keraksiz-xabarlar-ekologiyaga-zarar-yetkazishi-malum-qilindi/,2019-11-29,"Messenjerlardagi “Rahmat”, “Ok” kabi keraksiz xabarlar ekologiyaga zarar yetkazishi ma’lum qilindi",Xabarlar jo‘natish jarayonida ularni yetkazib beruvchi serverlar ishlaydi va ular uglerod oksidi gazlarini ishlab chiqaradi,RELEVANT,OTHER_CLIMATE,RELEVANT,SCIENCE_GEN,,1,uz_2,Digital messages' carbon emissions
UZ-C01781,,UZ,Daryo.uz,https://daryo.uz/2022/10/27/bmttd-fargona-vodiysida-iqlimga-chidamli-suv-resurslarini-boshqarish-boyicha-bir-qator-seminarlar-otkazmoqda/,2022-10-27,BMTTD Farg‘ona vodiysida iqlimga chidamli suv resurslarini boshqarish bo‘yicha bir qator seminarlar o‘tkazmoqda,"Unda 40 nafar davlat mutasaddilari, havza tashkilotlari, mahalliy va milliy suv mutaxassislari va ekspertlari bilan birgalikda Farg‘ona vodiysidagi 3 ta pilot (milliy) daryo havzasi tanlab olindi",RELEVANT,WATER_CRYO,RELEVANT,WATER_CRYO,,1,uz_2,Climate-resilient water management seminars
UZ-D02054,,UZ,Kun.uz,https://kun.uz/news/2023/01/17/bir-necha-marta-uzaygan-tatil-talim-iqlim-ozgarishi-hodisalaridan-zarbaga-uchramasligi-zarur,,Bir necha marta uzaygan ta’til – ta’lim iqlim o‘zgarishi hodisalaridan zarbaga uchramasligi zarur,"Anomal sovuq sabab ta’lim muassasalarida ta’til bir uzaytirilib, so‘ng yana qisqartirildi, so‘ng yana uzaytirildi. Sovuq havo o‘quvchilarning, talabalarning ta’lim olishiga xalaqit bermoqda. Iqlim o‘zgarishi sabab anomal hodisalar ko‘payyapti. Ularga vaqtida tayyorgarlik ko‘rilmasa, ta’limda uzilishlar ham ko‘payishi mumkin.",RELEVANT,HEALTH_SOCIETY,RELEVANT,HEALTH_SOCIETY,,1,uz_1,climate anomalies disrupt education
UZ-C01083,,UZ,Daryo.uz,https://daryo.uz/2023/08/04/yevropa-ittifoqi-ozbekistonning-qishloq-xojaligi-va-oziq-ovqat-sohasida-iqlim-ozgarishi-oqibatlarini-yumshatish-va-unga-moslashishini-qanday-qollab-quvvatlamoqda/,2023-08-04,Yevropa Ittifoqi O‘zbekistonning qishloq xo‘jaligi va oziq-ovqat sohasida iqlim o‘zgarishi oqibatlarini yumshatish va unga moslashishini qanday qo‘llab-quvvatlamoqda,"“Daryo” internet-nashrining (O‘zbekiston matbuot va axborot agentligi (O‘zMAA, hozirgi O‘zbekiston Respublikasi Prezidenti Administratsiyasi huzuridagi Axborot va ommaviy kommunikatsiyalar agentligi) tomonidan 13.03.2015 yil sanasida 0944-sonli guvohnoma bilan ommaviy axborot vositasi sifatida ro‘yxatga olingan. Matnli materiallarni to‘liq ko‘chirish yoki qisman iqtibos keltirishga, shuningdek, fotografik, grafik, audio va/yoki videomateriallaridan foydalanishga “daryo.uz” saytiga giperhavola mavjud bo‘lgan va/yoki “Daryo” internet-nashrining muallifligini ko‘rsatuvchi yozuv ilova qilingan taqdirda yo‘l qo‘yiladi.",RELEVANT,AGRI_LAND,RELEVANT,AGRI_LAND,,,uz_1,EU supports agri climate adaptation
UZ-D05430,,UZ,Kun.uz,https://kun.uz/ru/news/2023/12/06/globalnoye-izmeneniye-klimata-stanovitsya-prichinoy-okolo-250-000-smertey-v-god-voz,,Глобальное изменение климата становится причиной около 250 000 смертей в год – ВОЗ,За последние 20 лет уровень смертности от жары среди людей старше 65 лет увеличился на 70 %.,RELEVANT,HEALTH_SOCIETY,RELEVANT,HEALTH_SOCIETY,,,uz_1,"climate change deaths, WHO"
UZ-D04337,,UZ,Daryo.uz,https://daryo.uz/uz/2023/02/01/bayden-iqlim-ozgarishini-yadro-urushidan-ham-xavfliroq-deb-atadi/,2023-02-01,Байден иқлим ўзгаришини ядро урушидан ҳам хавфлироқ деб атади,У глобал исиш инсониятнинг мавжудлиги учун шу пайтгача дуч келинган энг жиддий таҳдид эканини қайд этди,RELEVANT,OTHER_CLIMATE,RELEVANT,SCIENCE_GEN,,1,uz_2,Biden: climate more dangerous than nuclear
UZ-D01819,,UZ,Kun.uz,https://kun.uz/ru/news/2019/11/29/raxmona-izbrali-prezidentom-mejdunarodnogo-fonda-spaseniya-arala,,Рахмона избрали президентом Международного фонда спасения Арала,"Президента Таджикистана Эмомали Рахмона на три года назначили президентом международного фонда спасения Арала (МФСА), сообщает пресс-служба главы государства.",RELEVANT,POLICY,NOT_RELEVANT,,,1,uz_2,
UZ-D01538,,UZ,Daryo.uz,https://daryo.uz/2017/09/20/ozbekistonlik-yosh-olimlar-orol-dengizi-boyida-tadqiqotlar-olib-bormoqda/,2017-09-20,O‘zbekistonlik yosh olimlar Orol dengizi bo‘yida tadqiqotlar olib bormoqda,Orol ekspeditsiyasi O‘zbekiston Yoshlar ittifoqi tomonidan tashkil etilgan,RELEVANT,WATER_CRYO,NOT_RELEVANT,,,1,uz_1,"Aral youth expedition, no scarcity frame"
UZ-D03922,,UZ,Kun.uz,https://kun.uz/ru/news/2024/06/21/opros-oon-80-respondentov-xotyat-usileniya-zashchity-klimata,,Опрос ООН: 80% респондентов хотят усиления защиты климата,"Около 86 процентов участников опроса программы развития ООН хотят, чтобы власти их стран отложили геополитические разногласия и объединили усилия ради защиты климата.",RELEVANT,POLICY,RELEVANT,SCIENCE_GEN,,,uz_1,UN survey wants climate protection
UZ-D04359,,UZ,Daryo.uz,https://daryo.uz/uz/2018/12/12/nasa-antarktidadagi-muzliklarning-erish-jarayoni-aks-etgan-xaritani-chop-etdi/,2018-12-12,NASA Антарктидадаги музликларнинг эриш жараёни акс этган харитани чоп этди,Музликларнинг қитъанинг эриши Уэддел денгизи ҳамда Росса денгизи қирғоқларида кузатилмоқда,RELEVANT,WATER_CRYO,RELEVANT,WATER_CRYO,,,gold,IAA adjudicated gold
UZ-D00929,,UZ,Kun.uz,https://kun.uz/news/2022/09/09/tojikistondagi-muzliklar-erib-ketishining-oldini-olish-mumkinligi-malum-qilindi,,Tojikistondagi muzliklar erib ketishining oldini olish mumkinligi ma’lum qilindi,Tojikistonlik professor Abdulhamid Qayumov suv havzalari va o‘rmonzorlar barpo etish orqali o‘rtacha haroratni 5 darajaga tushirishga muvaffaq bo‘lingan Vaxsh tajribasidan foydalanishni taklif qildi.,RELEVANT,WATER_CRYO,RELEVANT,WATER_CRYO,,,uz_2,preventing glacier melt Tajikistan
UZ-D03452,,UZ,Kun.uz,https://kun.uz/news/2023/03/03/orol-dengizi-sathi-yarim-metrga-kotarilgani-aytildi,,Orol dengizi sathi yarim metrga ko‘tarilgani aytildi,Qozog‘istondagi Shimoliy Orol dengiziga quyilayotgan suv hajmi oshdi.,RELEVANT,WATER_CRYO,RELEVANT,WATER_CRYO,,,uz_1,Aral Sea level rose
UZ-D04261,,UZ,Kun.uz,https://kun.uz/ru/news/2021/09/17/stalo-izvestno-kakoy-region-v-uzbekistane-stanet-vozmojnoy-zonoy-pritoka-klimaticheskix-migrantov,,"Стало известно, какой регион в Узбекистане станет возможной зоной притока «климатических» мигрантов","К 2050 году в Восточной Европе и Центральной Азии может появиться до 5,1 миллиона «климатических» мигрантов или 2,3 процента от общей прогнозируемой численности населения в верхней части пессимистического базового сценария. Из них до 2,4 миллиона «климатических» мигрантов будут жить в Центральной Азии.",RELEVANT,HEALTH_SOCIETY,RELEVANT,HEALTH_SOCIETY,,,uz_2,climate migrants influx zone
UZ-D00328,,UZ,Daryo.uz,https://daryo.uz/uz/2021/10/08/turkiya-iqlim-boyicha-parij-bitimini-ratifikatsiya-qildi/,2021-10-08,Туркия иқлим бўйича Париж битимини ратификация қилди,Қонун лойиҳаси Туркия парламентидаги барча сиёсий партиялар томонидан бир овоздан қўллаб-қувватланган,RELEVANT,POLICY,RELEVANT,POLICY,,,uz_1,Turkey ratifies Paris
UZ-D02652,,UZ,Kun.uz,https://kun.uz/en/news/2024/09/20/nmmc-to-invest-450-million-in-renewable-energy,,"NMMC expands renewable energy usage, targeting 40% of Uzbekistan’s power generation from renewables by 2030",The Navoi Mining and Metallurgical Company is implementing a three-year roadmap toward the expanded use of renewable energy to power its operations. The $450 million program is in line with efforts by the government of Uzbekistan to boost the share of renewable energy to 40% of the country’s total power generation by the year 2030.,RELEVANT,ENERGY,RELEVANT,ENERGY,,,uz_1,NMMC renewable energy 40%
UZ-C02072,,UZ,Kun.uz,https://kun.uz/ru/news/2025/11/19/ukraina-potrebuyet-ot-rossii-43-mlrd-dollarov-reparatsiy-za-klimaticheskiy-ushcherb,,Украина потребует от России 43 млрд долларов репараций за климатический ущерб,"Украина намерена потребовать от России 43 млрд долларов (37 млрд евро) в качестве компенсации за ущерб, нанесенный окружающей среде в результате войны. Об этом говорится в пресс-релизе украинской делегации на Конференции ООН по вопросам изменения климата (COP30), опубликованном 18 ноября.",RELEVANT,POLICY,RELEVANT,POLICY,,,uz_1,climate damage reparations COP30
UZ-D00607,,UZ,Daryo.uz,https://daryo.uz/2022/12/21/solar-nature-kompaniyasi-quyosh-elektr-stansiyalarini-korish-bilan-bogliq-bolgan-yechimlarni-taqdim-etadi/,2022-12-21,Solar Nature kompaniyasi – quyosh elektr stansiyalarini qurish bilan bog‘liq bo‘lgan yechimlarni taqdim etadi,"/>Bugun butun Respublika bo‘ylab elektr energiyasi tanqisligi yuzaga kelgani sir emas. Buning uchun boshqa muqobil energiya turlaridan foydalanish yuzaga keladi. Shunday energiya yetkazib beruvchi quyosh elektr stansiyalarini ishlab chiqarish va o‘rnatish bilan shug‘ullanuvchi Solar Nature kompaniyasi rahbari Farrux Asralxo‘jayev shu haqida gapirib berdi.[video id=""X0J6kbmVof0"" type=""youtube"" start=""""]Quyosh elektr stansiyalari o‘rnatib beruvchi Solar Nature kompaniyasi qayta tiklanuv",RELEVANT,ENERGY,RELEVANT,ENERGY,,,uz_1,Solar power station company
UZ-D03880,,UZ,Kun.uz,https://kun.uz/ru/news/2019/06/27/dlya-fermerov-ferganskoy-doliny-zapustili-proyekt-po-adaptatsii-k-riskam-izmeneniya-klimata,,Для фермеров Ферганской долины запустили проект по адаптации к рискам изменения климата,"25 июня состоялось торжественное открытие проекта Программы развития ООН «Повышение устойчивости и адаптация фермеров Ферганской долины к рискам изменения климата», который реализуется совместно с Торгово-промышленной палатой при финансовой поддержке Трастового фонда «Российская Федерация – ПРООН в целях развития».",RELEVANT,AGRI_LAND,RELEVANT,AGRI_LAND,,,uz_2,farmers climate adaptation project
UZ-C00941,,UZ,Daryo.uz,https://daryo.uz/uz/2021/12/14/butun-dunyo-yoshlari-iqlim-ozgarishi-sabab-insoniyat-kelajagini-pessimistik-baholadi/,2021-12-14,Бутун дунё ёшлари иқлим ўзгариши сабаб инсоният келажагини пессимистик баҳолади,Ёшлар ўз ҳукуматлари ушбу муаммони ҳал этиш учун етарлича чора кўрмаяпти деб ҳисобламоқда,RELEVANT,HEALTH_SOCIETY,RELEVANT,HEALTH_SOCIETY,,1,uz_2,Youth pessimistic about climate future
UZ-D05308,,UZ,Kun.uz,https://kun.uz/ru/news/2019/05/31/uzbekistan-podderjivayet-initsiativu-turkmenistana-prinyat-spetsprogrammu-oon-dlya-basseyna-aralskogo-morya,,Узбекистан поддерживает инициативу Туркменистана принять спецпрограмму ООН для бассейна Аральского моря,"Посол Узбекистана Акмалжон Кучкаров выступил на брифинге в МИД Туркменистана, посвященном принятию 28 мая резолюции Генеральной Ассамблеи ООН о сотрудничестве между Международным фондом спасения Арала и ООН, сообщает пресс-служба МИД республики.",RELEVANT,POLICY,RELEVANT,WATER_CRYO,,,uz_2,UN program for Aral Sea basin
UZ-D00548,,UZ,Kun.uz,https://kun.uz/en/news/2023/06/17/info-about-payment-for-electricity-from-home-solar-panels-provided,,Info about payment for electricity from “home” solar panels provided,Electricity suppliers will be able to sell it directly through their own grids.,RELEVANT,ENERGY,RELEVANT,ENERGY,,,uz_2,home solar panel electricity payment
UZ-D03978,,UZ,Daryo.uz,https://daryo.uz/2018/09/14/ozbekiston-delegatsiyasi-mogulistondagi-iqlim-ozgarishlariga-bagishlangan-haftalikda-qatnashmoqda/,2018-09-14,O‘zbekiston delegatsiyasi Mo‘g‘ulistondagi iqlim o‘zgarishlariga bag‘ishlangan haftalikda qatnashmoqda,Ulan-Batorda “Iqlim o‘zgarishiga moslashish vositasi sifatida o‘rmonlar va o‘rmon daraxtlarining mahalliy ekotiplari manbalarini rivojlantirish istiqbollari” mavzusida haftalik o‘tkazilmoqda,RELEVANT,AGRI_LAND,RELEVANT,POLICY,,1,uz_2,Delegation at Mongolia climate week
UZ-D01476,,UZ,Daryo.uz,https://daryo.uz/uz/2022/07/04/italiyada-muzlik-sinib-tushishi-oqibatida-6-kishi-halok-boldi-video/,2022-07-04,Италияда музлик синиб тушиши оқибатида 6 киши ҳалок бўлди (видео),"Музлик чўққиси Мармолададан синиб тушиб, қор ва тош аралаш кўчки билан бирга тепага чиқаётган сайёҳлар устига қулади",RELEVANT,DISASTER,RELEVANT,DISASTER,,1,uz_1,Italy glacier collapse kills six
UZ-D00205,,UZ,Daryo.uz,https://daryo.uz/2020/03/12/ozbekistonda-yashil-orol-dengizi-tashabbusiga-start-berildi/,2020-03-12,O‘zbekistonda “Yashil Orol dengizi” tashabbusiga start berildi,Tashabbus Orol dengizi hududidagi muammolarni hal etish bo‘yicha keng miqyosli dasturlarning bir qismi hisoblanadi,RELEVANT,WATER_CRYO,RELEVANT,WATER_CRYO,,1,uz_2,Green Aral Sea initiative launched
UZ-D05192,,UZ,Kun.uz,https://kun.uz/ru/news/2019/07/26/razvitiye-priaralya-mojyet-osushchestvlyatsya-sovmestno-s-fondami-billa-geytsa-i-coca-cola,,Развитие Приаралья может осуществляться совместно с фондами Билла Гейтса и Coca-Cola,"24 июля Министерство иностранных дел отчиталось перед комитетом Сената Олий Мажлиса Республики Узбекистан по вопросам международных отношений, внешнеэкономических связей, иностранных инвестиций и туризма о проделанной работе за первое полугодие 2019 года. На мероприятии, в том числе, говорилось о развитии территории Приаралья.",RELEVANT,POLICY,NOT_RELEVANT,,,1,uz_2,
UZ-C00907,,UZ,Daryo.uz,https://daryo.uz/2023/07/26/markaziy-osiyo-davlatlari-iqlim-ozgarishi-sababli-tabiiy-ofatlarga-tayyormi/,2023-07-26,Markaziy Osiyo davlatlari iqlim o‘zgarishi sababli tabiiy ofatlarga tayyormi?,"Mintaqada har yili 3 milliondan ortiq odam bo‘ron, suv toshqini, ko‘chki va zilzilalardan aziyat chekadi. Kelgusida bu xavflar ortishi kutilmoqda",RELEVANT,DISASTER,RELEVANT,DISASTER,,1,uz_2,Central Asia readiness for climate disasters
UZ-C00513,,UZ,Daryo.uz,https://daryo.uz/2024/04/17/mutaxassislar-qozogiston-suv-toshqinlaridan-keyin-qurgoqchilikka-duch-kelishi-mumkin/,2024-04-17,Mutaxassislar: “Qozog‘iston suv toshqinlaridan keyin qurg‘oqchilikka duch kelishi mumkin”,"Tahlilchilar, shuningdek, toshqin tuproqning unumdor qatlamini yuvib ketganidan xavotir bildirmoqda",RELEVANT,WATER_CRYO,RELEVANT,DISASTER,,1,uz_2,Kazakhstan floods then possible drought
UZ-D00268,,UZ,Kun.uz,https://kun.uz/news/2021/01/21/bayden-aqshni-jsst-va-iqlim-boyicha-kelishuvga-qaytardi,,Bayden AQShni JSST va iqlim bo‘yicha kelishuvga qaytardi,AQShning yangi prezidenti Jo Bayden o‘z lavozimini bajarishga kirishishi bilanoq AQShni Jahon sog‘liqni saqlash tashkilotiga va Iqlim bo‘yicha Parij kelishuviga qaytaruvchi farmonlarni imzoladi.,RELEVANT,POLICY,RELEVANT,POLICY,,,uz_1,US rejoins Paris Agreement
UZ-00072,,UZ,Kun.uz,https://kun.uz/news/2026/04/01/xarita-suv-tanqisligi-eng-yuqori-bolgan-davlatlar,2026-04-01,Xarita: suv tanqisligi eng yuqori bo‘lgan davlatlar,Dunyoning qator hududlarida suv iste’moli allaqachon tabiat qayta to‘ldirishga qodir bo‘lgan hajmdan ancha oshib ketgan.,RELEVANT,WATER_CRYO,RELEVANT,WATER_CRYO,,,uz_2,"water scarcity map, overuse"
UZ-D04450,,UZ,Kun.uz,https://kun.uz/en/news/2026/06/17/uzbekistan-nears-30-renewable-power-capacity-targets-over-50-by-2030-228ad3,,"Uzbekistan nears 30% renewable power capacity, targets over 50% by 2030","A delegation of Uzbekistan showcased the country's progress in fulfilling national climate commitments, expanding renewable energy infrastructure, and cutting greenhouse gas emissions during an international summit in Germany. The presentation took place at the third session of the Working Group on the Multilateral Assessment process held in Bonn.",RELEVANT,ENERGY,RELEVANT,ENERGY,,,uz_1,"renewable capacity, climate commitments"
UZ-D00323,,UZ,Kun.uz,https://kun.uz/news/2024/03/11/qozogiston-orol-dengizi-atrofida-saksovul-ekiladigan-maydonlarni-kopaytirmoqchi,,Qozog‘iston Orol dengizi atrofida saksovul ekiladigan maydonlarni ko‘paytirmoqchi,"Qozog‘iston hukumati yaqin kunlarda Orol dengizida saksovul ekiladigan maydonni 1,5 million gektarga yetkazmoqchi. Shu maqsadda o‘rmon xo‘jaligiga katta mablag‘ ajratish ko‘zda tutilgan.",RELEVANT,WATER_CRYO,RELEVANT,AGRI_LAND,,,uz_2,saxaul planting around Aral
UZ-D01596,,UZ,Daryo.uz,https://daryo.uz/uz/2023/03/05/orol-dengizi-sathi-qariyb-yarim-metrga-kotarildi/,2023-03-05,Орол денгизи сатҳи қарийб ярим метрга кўтарилди,Сув сатҳи Шимолий Орол — Қозоғистон ҳудудида жойлашган қисмида кўтарилган,RELEVANT,WATER_CRYO,RELEVANT,WATER_CRYO,,,uz_1,Aral Sea level rose
UZ-D01163,,UZ,Kun.uz,https://kun.uz/news/2023/04/11/ozbekistonda-kichik-quyosh-energetikasini-rivojlantirishning-yangi-bosqichi,,O‘zbekistonda kichik quyosh energetikasini rivojlantirishning yangi bosqichi,"O‘zbekiston Respublikasi Prezidentining 2023 yil 16 fevraldagi PP-57-son qarori bilan kichik quvvatli qayta tiklanuvchi energetika rivojlanishiga katta rag‘bat berildi, xususan, ijtimoiy soha va davlat tashkilotlarida kichik quvvatli quyosh elektr stansiyalarini qurish rejasi tasdiqlandi.",RELEVANT,ENERGY,RELEVANT,ENERGY,,,uz_1,small solar energy development
UZ-D02902,,UZ,Daryo.uz,https://daryo.uz/uz/2018/10/09/iqtisodiyot-boyicha-nobel-mukofoti-innovatsiyalar-va-iqlimning-iqtisodiy-osishga-tasiri-haqidagi-tadqiqot-uchun-berildi/,2018-10-09,Иқтисодиёт бўйича Нобель мукофоти инновациялар ва иқлимнинг иқтисодий ўсишга таъсири ҳақидаги тадқиқот учун берилди,Мукофот америкаликлар Уильям Нордхаус ва Пол Ромерга берилди,RELEVANT,SCIENCE_GEN,RELEVANT,SCIENCE_GEN,,,uz_1,Nobel for climate economics
UZ-00182,,UZ,Kun.uz,https://kun.uz/en/news/2026/03/13/renewable-energy-growth-accelerates-as-uzbekistan-records-sharp-rise-in-output,2026-03-13,Renewable energy growth accelerates as Uzbekistan records sharp rise in output,Electricity generated by solar and wind power plants in Uzbekistan increased by 203 percent in February 2026 compared with the same period last year.,RELEVANT,ENERGY,RELEVANT,ENERGY,,,uz_2,solar/wind output sharp rise
UZ-C02131,,UZ,Kun.uz,https://kun.uz/en/news/2024/03/01/construction-of-a-solar-power-plant-kicks-off-in-tuprakkala,,Construction of a solar power plant kicks off in Tuprakkala,"During Shavkat Mirziyoyev’s visit to the Khorezm region on February 29, a ceremony was held to launch the construction of a photovoltaic station with a capacity of 100 megawatts by Voltalia. The station will save 76 million cubic meters of natural gas and prevent the release of 106 thousand tons of harmful substances into the atmosphere.",RELEVANT,ENERGY,RELEVANT,ENERGY,,,uz_2,solar plant construction saves gas
UZ-00073,,UZ,Kun.uz,https://kun.uz/news/2025/02/08/200-million-tup-daraxt-orolda-yuz-ming-gektar-yashil-maydon-va-salomatlik-yolaklari-2025-yil-uchun-yashil-rejalar,2025-02-08,"200 million tup daraxt, Orolda yuz ming gektar «yashil maydon» va salomatlik yo‘laklari – 2025 yil uchun «yashil rejalar»","O‘zbekistonning ekologik qiyofasini yaxshilashda asosiy urg‘u yashil maydon va o‘rmonzorlarni ko‘paytirish, sog‘lomlashtirish yo‘laklari qurishga qaratiladi. Shuningdek, ekofaollar va biznes vakillarining tabiatni muhofaza qilish bo‘yicha tashabbuslari qo‘llab-quvvatlanadi. Ijro uchun bosh mas’ullar bosh vazir o‘rinbosari Jamshid Xo‘jayev va ekologiya vaziri Aziz Abduhakimov.",RELEVANT,POLICY,NOT_RELEVANT,,,1,uz_1,mixed generic greening plans
UZ-D00004,,UZ,Kun.uz,https://kun.uz/en/news/2018/12/22/experts-of-gggi-to-visit-uzbekistan-to-study-the-aral-crisis,,Experts of GGGI to visit Uzbekistan to study the Aral crisis,"In accordance with the instructions of the head of state, a delegation of the Republic of Uzbekistan led by First Deputy Foreign Minister Ilhom Nematov visited the Republic of Korea on December 21-22, 2018 to discuss cooperation",RELEVANT,WATER_CRYO,RELEVANT,WATER_CRYO,,,uz_2,experts to study Aral crisis
UZ-D03643,,UZ,Kun.uz,https://kun.uz/ru/news/2025/06/09/v-uzbekistane-proydet-viii-assambleya-globalnogo-ekologicheskogo-fonda,,В Узбекистане пройдет VIII ассамблея Глобального экологического фонда,"На 69-м заседании Совета Глобального экологического фонда (ГЭФ), прошедшем в Вашингтоне (США), ведущим донорским странам мира представлены реформы в области экологии, охраны окружающей среды и борьбы с изменением климата, проводимые под руководством президента Узбекистана Шавката Мирзиёева, а также их эффективные результаты.",RELEVANT,POLICY,RELEVANT,POLICY,,1,uz_1,"GEF assembly, climate reforms"
UZ-D05278,,UZ,Daryo.uz,https://daryo.uz/2019/07/10/rossiya24-telekanalida-orol-dengiziga-bagishlangan-maxsus-reportaj-efirga-uzatildi-video/,2019-07-10,“Rossiya24” telekanalida Orol dengiziga bag‘ishlangan maxsus reportaj efirga uzatildi (video),Jurnalist Olga Kurlayeva “Orol to‘lqinlari” nomli maxsus reportaj tayyorladi,RELEVANT,WATER_CRYO,NOT_RELEVANT,,,1,uz_1,"TV reportage about Aral, meta-media"
UZ-C00515,,UZ,Daryo.uz,https://daryo.uz/uz/2022/05/11/yevropa-rossiya-gaziga-qaramlikni-kamaytirish-uchun-tezroq-quyosh-energiyasini-rivojlantirishga-qaror-qildi/,2022-05-11,Европа Россия газига қарамликни камайтириш учун тезроқ қуёш энергиясини ривожлантиришга қарор қилди,Европа Комиссияси ушбу ўн йилликнинг ўрталаригача 300 гигаваттдан ортиқ фотоволтаикларни ўрнатмоқчи,RELEVANT,ENERGY,RELEVANT,ENERGY,,,uz_1,Europe accelerates solar buildout
UZ-D03850,,UZ,Daryo.uz,https://daryo.uz/2016/08/03/qozogiston-iqlim-boyicha-parij-kelishuvini-imzoladi/,2016-08-03,Qozog‘iston iqlim bo‘yicha Parij kelishuvini imzoladi,Iqlim bo‘yicha Parij kelishuvi 2015-yilning oxirida global iqlim o‘zgarishi muammolariga bag‘ishlab o‘tkazilgan BMT anjumanida qabul qilingan edi,RELEVANT,POLICY,RELEVANT,POLICY,,,uz_1,Kazakhstan signs Paris Agreement
UZ-D05009,,UZ,Kun.uz,https://kun.uz/news/2019/05/03/orol-dengizi-tufayli-ozbekistondagi-yer-maydonlari-qurgoqchilikka-yuz-tutmoqda-qomita-raisi,,Orol dengizi tufayli O‘zbekistondagi yer maydonlari qurg‘oqchilikka yuz tutmoqda - Qo‘mita raisi,Senatning 19-yalpi majlisida O‘zbekiston O‘rmon xo‘jaligi davlat qo‘mitasi raisi Nizomiddin Bakirov respublikada tuproq samaradorligini oshirishda amalga oshirilayotgan chora-tadbirlar haqida axborot berdi.,RELEVANT,AGRI_LAND,RELEVANT,AGRI_LAND,,,uz_2,Aral-driven land drought/desertification
UZ-D00128,,UZ,Kun.uz,https://kun.uz/news/2022/11/08/germaniya-iqlim-ozgarishidan-yetkazilgan-zarar-uchun-170-mln-yevro-ajratadi,,Germaniya iqlim o‘zgarishidan yetkazilgan zarar uchun 170 mln yevro ajratadi,"Qazib olinuvchi energiya manbalari uchun hech qanday uyg‘onish davri bo‘lmasligi kerak, dedi Shols Sharm ash-Shayxdagi iqlim o‘zgarishi bo‘yicha konferensiyada.",RELEVANT,POLICY,RELEVANT,POLICY,,,gold,IAA adjudicated gold
UZ-D03649,,UZ,Daryo.uz,https://daryo.uz/uz/2019/09/27/ozbekiston-delegatsiyasi-bmtning-iqlim-harakatlari-boyicha-sammitida-ishtirok-etdi/,2019-09-27,Ўзбекистон делегацияси БМТнинг Иқлим ҳаракатлари бўйича саммитида иштирок этди,Ўзбекистон делегациясини Олий Мажлис Қонунчилик палатаси спикер ўринбосари Бори Алихонов бошқарди,RELEVANT,POLICY,RELEVANT,POLICY,,,uz_2,Uzbekistan at UN Climate Action Summit
UZ-C00153,,UZ,Kun.uz,https://kun.uz/ru/news/2024/01/03/v-uzbekistane-vedutsya-raboty-po-stroitelstvu-22-solnechnyx-i-vetryanyx-elektrostansiy,,В Узбекистане ведутся работы по строительству 22 солнечных и ветряных электростанций,Агентство «Казинформ» сообщило о запуске шести «зеленых» электростанций в Узбекистане.,RELEVANT,ENERGY,RELEVANT,ENERGY,,,uz_1,solar and wind plants build-out
UZ-D01935,,UZ,Kun.uz,https://kun.uz/news/2023/05/22/quriyotgan-kollar-insonlar-iqlim-ozgarishi-va-xojasizlarcha-foydalanish-oqibatida-trillionlab-litr-suv-yoqotilmoqda,,"Quriyotgan ko‘llar: insonlar, iqlim o‘zgarishi va xo‘jasizlarcha foydalanish oqibatida trillionlab litr suv yo‘qotilmoqda",Iqlim o‘zgarishi tufayli sayyoramiz haroratining oshib borayotgani va 1990-yillar boshidan buyon insonlar tomonidan suv taqsimotiga kuchli ta’sir o‘tkazilishi jahondagi ko‘llar suvining yiliga millionlab gallonga kamayayotganiga olib keldi.,RELEVANT,WATER_CRYO,RELEVANT,WATER_CRYO,,,uz_1,"lakes drying, climate change"
UZ-D03385,,UZ,Daryo.uz,https://daryo.uz/uz/2023/12/01/ozbekiston-iqlim-ozgarishiga-qarshi-kurash-boyicha-umumbashariy-goyalarga-doimo-sodiqdir-shavkat-mirziyoyev/,2023-12-01,"""Ўзбекистон иқлим ўзгаришига қарши кураш бўйича умумбашарий ғояларга доимо содиқдир"" – Шавкат Мирзиёев","Президент бугун, 1 декабрь куни Дубайда Бирлашган Миллатлар Ташкилотининг Иқлим ўзгариши бўйича конференциясида иштирок этиб, нутқ сўзлади",RELEVANT,POLICY,RELEVANT,POLICY,,,uz_2,Mirziyoyev speech at UN COP Dubai
UZ-D00039,,UZ,Daryo.uz,https://daryo.uz/2024/07/05/moskvada-rekord-harorat-kuchli-chaqmoqlar-va-momaqaldiroqlar-bosqini-mazkur-tabiat-hodisasi-yuzasidan-iqlimshunos-tushuntirish-berdi/,2024-07-05,"Moskvada rekord harorat, kuchli chaqmoqlar va momaqaldiroqlar “bosqini”: mazkur tabiat hodisasi yuzasidan iqlimshunos tushuntirish berdi",O‘tgan uch kunda Rossiyaning 40 ga yaqin kuzatuv stansiyalarida kuzatuvlar tarixidagi rekord darajada issiq harorat ro‘yxatga olingan,RELEVANT,SCIENCE_GEN,RELEVANT,SCIENCE_GEN,,1,uz_1,Record heat explained by climatologist
UZ-D02863,,UZ,Daryo.uz,https://daryo.uz/2022/02/24/shavkat-mirziyoyev-orol-dengizining-qurigan-tubini-borib-kordi/,2022-02-24,Shavkat Mirziyoyev Orol dengizining qurigan tubini borib ko‘rdi,"“Biz shu murakkab sharoitda ekish bo‘yicha katta tajriba orttirdik. Bu yerga o‘zim kelishimdan maqsad — endi bu ishlarni ilmiy asoslangan tarzda davom ettiramiz”, — deydi prezident",RELEVANT,WATER_CRYO,RELEVANT,WATER_CRYO,,1,uz_2,President visits dried Aral seabed
UZ-C00603,,UZ,Kun.uz,https://kun.uz/en/news/2024/08/05/customs-duty-on-solar-panel-components-creates-hurdles-for-energy-projects-in-uzbekistan,,Customs duty on solar panel components creates hurdles for energy projects in Uzbekistan,"At a roundtable discussion with officials, an entrepreneur noted that his company is importing 6 megawatts of solar panels for use, but the duty-free regime only applies to the panels themselves. When importing the panels along with components such as cables and inverters, a 5% duty is charged.",RELEVANT,ENERGY,RELEVANT,ENERGY,,,uz_1,solar panel import duty
UZ-D04430,,UZ,Daryo.uz,https://daryo.uz/2016/01/29/toshkentdagi-gafur-gulom-bogi-quyosh-energiyasi-yordamida-yoritiladi/,2016-01-29,Toshkentdagi G‘afur G‘ulom bog‘i Quyosh energiyasi yordamida yoritiladi,Loyiha Toshkent shahar tabiatni muhofaza qilish qo‘mitasining joriy yildagi tadbirlar rejasiga kiritilgan,RELEVANT,ENERGY,RELEVANT,ENERGY,,1,uz_2,Park lit with solar energy
UZ-C01684,,UZ,Daryo.uz,https://daryo.uz/uz/2022/07/27/amsterdamdagi-xalqaro-aeroport-ekologiya-foydasiga-reyslar-sonini-qisqartirmoqda/,2022-07-27,Амстердамдаги халқаро аэропорт экология фойдасига рейслар сонини қисқартирмоқда,"Нидерландия расмийлари иқлим ўзгариши, шовқин ва ҳаво ифлосланишига қарши кураш мақсадида шундай қарорга келди",RELEVANT,POLICY,RELEVANT,POLICY,1,1,uz_1,Airport cuts flights for climate
UZ-D03115,,UZ,Daryo.uz,https://daryo.uz/2025/11/23/yetti-olchab-bir-kesish-kerak-rasmiylar-va-ekspertlar-sibir-daryolarini-orol-dengiziga-burish-haqida/,2025-11-23,"“Yetti o‘lchab, bir kesish kerak”. Rasmiylar va ekspertlar Sibir daryolarini Orol dengiziga burish haqida","Maqolada Sibir suvlarini Markaziy Osiyo, jumladan, O‘zbekistonga burish loyihasining nafaqat texnik va iqtisodiy jihatlari, balki uning ortida yotgan yashirin siyosiy manfaatlar haqida batafsil so‘z yuritiladi.",RELEVANT,WATER_CRYO,RELEVANT,WATER_CRYO,,,uz_2,Diverting Siberian rivers to Aral
UZ-C00921,,UZ,Kun.uz,https://kun.uz/news/2024/08/19/issiqlik-nasoslari-yozda-ham-qishda-ham-kamxarajat-xavfsiz-va-samarali-yechim,,"Issiqlik nasoslari – yozda ham, qishda ham kamxarajat, xavfsiz va samarali yechim","Gaz ta’minoti bo‘lmaganda kam energiya bilan uyni isitish, markazlashmagan holatda ham issiq suv bilan ta’minlangan xonadonda yashash mumkin. Issiqlik nasoslari isitish, sovitish, issiq suvni yetkazib berishni o‘z zimmasiga oladi. BMTTDning “O‘zbekistonda energiya tejamkor qishloq uy-joylari qurilishini rivojlantirishga ko‘maklashish” loyihasi orqali bu nasoslarni o‘rnatish va foydalanishni boshlash mumkin.",RELEVANT,ENERGY,RELEVANT,ENERGY,,1,uz_1,heat pumps energy efficiency
UZ-D03820,,UZ,Kun.uz,https://kun.uz/ru/news/2022/11/11/usaid-vydelit-uzbekistanu-16-mln-na-ozeleneniye-osushennogo-dna-aralskogo-morya,,"USAID выделит Узбекистану $1,6 млн на озеленение осушенного дна Аральского моря",Агентство США по международному развитию (USAID) объявило о запуске второго проекта по восстановлению экосистемы на осушенном дне Аральского моря (ERAS II).,RELEVANT,WATER_CRYO,RELEVANT,AGRI_LAND,,1,uz_1,USAID greening dried Aral seabed
UZ-C00384,,UZ,Kun.uz,https://kun.uz/news/2024/03/06/otgan-qish-iqlimiy-meyordan-15-26-daraja-yuqori-boldi-ozgidromet,,"O‘tgan qish iqlimiy me’yordan 1,5-2,6 daraja yuqori bo‘ldi – O‘zgidromet",2023/2024 yillar qishidagi eng sovuq harorat dekabrda kuzatilgan. Yanvar oyi meteorologik kuzatuvlar tarixidagi eng iliq yanvar oylari uchligiga kirdi. Fevraldagi harorat tartibi o‘rtacha ko‘p yillik qiymatlarga mos bo‘ldi.,RELEVANT,SCIENCE_GEN,RELEVANT,SCIENCE_GEN,,,uz_1,winter above climatic norm
UZ-D03056,,UZ,Daryo.uz,https://daryo.uz/uz/2021/02/28/rossiya-iqlimni-monitoring-qiluvchi-suniy-yoldoshni-koinotga-uchirdi-video/,2021-02-28,Россия иқлимни мониторинг қилувчи сунъий йўлдошни коинотга учирди (видео),28 февраль куни эрталаб Бойқўнғир космодромидан «Союз-2.1б» ташувчи ракетаси Арктика минтақасида иқлим ва атроф-муҳитни мониторинг қилиш учун мўлжалланган «Арктика-М» космик қурилмаси билан бирга учирилди,RELEVANT,SCIENCE_GEN,RELEVANT,SCIENCE_GEN,,,uz_1,Climate-monitoring satellite launched
UZ-C01133,,UZ,Kun.uz,https://kun.uz/news/2024/11/27/qozogiston-orol-dengiziga-yana-16-milliard-kub-metr-suv-quyadi,,"Qozog‘iston Orol dengiziga yana 1,6 milliard kub metr suv quyadi","2023 yil oktyabridan 2024 yil apreligacha Orol dengiziga qariyb 1,3 milliard kub metr, yil boshidan esa jami 2 milliard kub metr suv yuborilgan.",RELEVANT,WATER_CRYO,RELEVANT,WATER_CRYO,,,uz_1,Kazakhstan water inflow to Aral
UZ-D02063,,UZ,Kun.uz,https://kun.uz/news/2019/11/19/dunyo-brendlari-iqlim-ozgarishi-sababli-qora-jumaga-boykot-elon-qildi,,Dunyo brendlari iqlim o‘zgarishi sababli «qora juma»ga boykot e'lon qildi,"Dunyoning 300 dan ko‘proq brendi Make Friday Green Again (Jumani yana yashil qilaylik) harakati doirasida birlashib, butun dunyoda «qora juma» nomi bilan ma'lum bo‘lgan chegirmalar kunini boykot qilishga chaqirishmoqda. Bu haqda BBC News telekanali xabar berdi.",RELEVANT,POLICY,RELEVANT,HEALTH_SOCIETY,,,uz_2,brands boycott Black Friday for climate
UZ-D03467,,UZ,Daryo.uz,https://daryo.uz/2019/01/24/olimlar-quyosh-sababli-iqlim-ozgarishi-sodir-bolishi-haqidagi-afsonani-rad-etdi/,2019-01-24,Olimlar Quyosh sababli iqlim o‘zgarishi sodir bo‘lishi haqidagi afsonani rad etdi,"Ularning ta’kidlashicha, bunga kosmik hodisalar emas, Yer atmosferasi sababchi",RELEVANT,SCIENCE_GEN,RELEVANT,SCIENCE_GEN,,,uz_1,Refutes Sun-causes-warming myth
UZ-D04473,,UZ,Kun.uz,https://kun.uz/news/2021/12/16/aydar-arnasoy-kollar-tizimi-ekologik-fojia-yoqasida-hukumatga-parlament-sorovi-yuborildi,,Aydar-Arnasoy ko‘llar tizimi ekologik fojia yoqasida. Hukumatga parlament so‘rovi yuborildi,"Senat majlisida hukumatga sho‘rlanish, baliqlarning kamayib ketayotgani va boshqa muammolarni hal qilish bo‘yicha parlament so‘rovi yuborildi.",RELEVANT,WATER_CRYO,NOT_RELEVANT,,,1,uz_2,
UZ-D00687,,UZ,Kun.uz,https://kun.uz/news/2022/08/25/global-iqlim-isishidan-qaysi-jonzotlar-va-osimliklar-omon-chiqadi,,Global iqlim isishidan qaysi jonzotlar va o‘simliklar omon chiqadi?,"Global iqlim isishi kabi hodisaning paydo bo‘lishida antropogen (insoniy) ta’sir bosh sabab bo‘lgani allaqachon barchaga ma’lum. Oddiyroq qilib aytganda, sayyoramiz sekin-asta qizib borayotganida inson aybdor.",RELEVANT,SCIENCE_GEN,RELEVANT,SCIENCE_GEN,,,gold,IAA adjudicated gold
UZ-D04231,,UZ,Kun.uz,https://kun.uz/ru/news/2020/06/04/finlyandiya-vneset-1-mln-yevro-v-fond-oon-dlya-priaralya,,Финляндия внесет 1 млн евро в фонд ООН для Приаралья,Правительство Финляндия и Многопартнерский трастовый фонд по человеческой безопасности для региона Приаралья подписали стандартное административное соглашение о внесении финской стороной вклада в фонд в объеме 1 млн евро.,RELEVANT,WATER_CRYO,RELEVANT,WATER_CRYO,,1,uz_2,Finland funds Aral region
UZ-D01501,,UZ,Daryo.uz,https://daryo.uz/2017/06/03/aqsh-iqlim-ozgarishi-boyicha-parij-bitimidan-chiqdi-nimaga-bu-shunchalik-muhimmi/,2017-06-03,AQSh iqlim o‘zgarishi bo‘yicha Parij bitimidan chiqdi. Nimaga? Bu shunchalik muhimmi?,O‘zbekiston mazkur bitimga 2017-yilning 19-aprel kuni qo‘shilgan edi,RELEVANT,POLICY,RELEVANT,POLICY,,,uz_1,US Paris exit explainer
UZ-D03581,,UZ,Kun.uz,https://kun.uz/news/2022/04/20/yoz-yana-ham-isimasligiga-hali-umid-bor-saralanmagan-chiqindining-iqlimga-tasiri,,Yoz yana ham isimasligiga hali umid bor. Saralanmagan chiqindining iqlimga ta’siri,"Dunyo bo‘yicha 2021 yil iyulidagi harorat 150 yillik issiq rekordini yangiladi. 2022 yil ham rekord yana yangilanadimi yoki yo‘q, bu so‘roq ostida. Xo‘sh, bunga qarshi oddiy odamlarning (siyosatchilar o‘z yo‘liga) qo‘lidan nima keladi? Javob oddiy: organik chiqindilarni boshqalari bilan aralashtirib yubormaslik.",RELEVANT,OTHER_CLIMATE,RELEVANT,SCIENCE_GEN,,1,uz_1,"heat records, waste climate impact"
UZ-D05544,,UZ,Daryo.uz,https://daryo.uz/2023/03/05/orol-dengizi-sathi-qariyb-yarim-metrga-kotarildi/,2023-03-05,Orol dengizi sathi qariyb yarim metrga ko‘tarildi,Suv sathi Shimoliy Orol — Qozog‘iston hududida joylashgan qismida ko‘tarilgan,RELEVANT,WATER_CRYO,RELEVANT,WATER_CRYO,,,uz_2,Aral Sea level rose half meter
UZ-D02933,,UZ,Kun.uz,https://kun.uz/ru/news/2022/02/05/kitay-predlojil-ssha-otmenit-poshliny-na-solnechnyye-paneli-radi-borby-s-izmeneniyem-klimata,,Китай предложил США отменить пошлины на солнечные панели ради борьбы с изменением климата,"В заявлении уточняется, что 4 февраля власти США объявили о продлении истекающего срока действия повышенных пошлин на солнечные батареи китайского производства еще на 4 года.",RELEVANT,POLICY,RELEVANT,ENERGY,,,uz_2,solar tariff removal for climate
UZ-D01893,,UZ,Daryo.uz,https://daryo.uz/2020/04/25/arktika-muzliklari-qachon-toliq-yoqolib-ketishi-malum-qilindi/,2020-04-25,Arktika muzliklari qachon to‘liq yo‘qolib ketishi ma’lum qilindi,Mazkur prognozlar eng “optimistik ssenariy” bo‘yicha qilingan,RELEVANT,WATER_CRYO,RELEVANT,WATER_CRYO,,,uz_1,Arctic ice disappearance forecast
UZ-C00438,,UZ,Daryo.uz,https://daryo.uz/uz/2025/12/26/ozbekistonda-2026-yilda-ekologiya-sohasiga-qancha-mablag-yonaltirilishi-malum-qilindi/,2025-12-26,Ўзбекистонда 2026-йилда экология соҳасига қанча маблағ йўналтирилиши маълум қилинди,Чанг-тўзон олдини олиш учун Сурхондарёда 10 минг гектарда “яшил макон” ва Сирдарёда 84 километрли “яшил девор” барпо этилади.,RELEVANT,AGRI_LAND,RELEVANT,AGRI_LAND,,1,uz_1,Anti-dust green wall funding
UZ-C01032,,UZ,Daryo.uz,https://daryo.uz/2022/09/14/shht-samarqand-sammiti-kun-tartibida-iqlim-ozgarishi-masalasi-muhokama-qilinadi/,2022-09-14,SHHT Samarqand sammiti kun tartibida iqlim o‘zgarishi masalasi muhokama qilinadi,Bu tashkilotning mintaqaviy va global iqlim muammolarini shakllantirish va amalga oshirishda faol ishtirokchi bo‘lish istagi va tayyorligini ko‘rsatadi,RELEVANT,POLICY,RELEVANT,POLICY,,,gold,IAA adjudicated gold
UZ-D05080,,UZ,Daryo.uz,https://daryo.uz/2016/01/20/grenlandiyadagi-muzliklarning-erishi-dunyo-okeani-sathi-kotarilishiga-sabab-bolmoqda/,2016-01-20,Grenlandiyadagi muzliklarning erishi dunyo okeani sathi ko‘tarilishiga sabab bo‘lmoqda,Mazkur holat iqlim modellari tuzuvchilari tomonidan hisobga olinmagan va insoniyat iqlim isishini kutilganidan ertaroq his etishi mumkinligini anglatadi,RELEVANT,WATER_CRYO,RELEVANT,WATER_CRYO,,,gold,IAA adjudicated gold
UZ-D05152,,UZ,Kun.uz,https://kun.uz/news/2022/09/26/finlandiya-orol-dengizi-qurishi-oqibatlarini-yumshatishda-ozbekistonga-yordam-beradi,,Finlandiya Orol dengizi qurishi oqibatlarini yumshatishda O‘zbekistonga yordam beradi,O‘zbekiston tashqi ishlar vaziri Vladimir Norov BMT Bosh assambleyasi 77-sessiyasida ishtirok etish doirasida Finlandiya tashqi ishlar vaziri Pekka Haavisto bilan uchrashuv o‘tkazdi.,RELEVANT,POLICY,RELEVANT,WATER_CRYO,,,uz_1,Finland helps Aral drying
UZ-D02176,,UZ,Kun.uz,https://kun.uz/en/news/2019/05/31/uzbekistan-supports-the-initiative-of-turkmenistan-to-adopt-a-special-un-program-for-the-aral-sea-basin,,Uzbekistan supports the initiative of Turkmenistan to adopt a special UN program for the Aral Sea Basin,"On May 28, at the Foreign Ministry of Turkmenistan, Uzbek Ambassador Akmaljon Kuchkarov delivered a speech at the briefing devoted to the adoption of the UN General Assembly resolution on cooperation between the International Foundation for Saving the Aral Sea and the UN, the press service of the MFA reports.",RELEVANT,WATER_CRYO,RELEVANT,WATER_CRYO,,,uz_2,UN program for Aral Sea basin
UZ-C01437,,UZ,Daryo.uz,https://daryo.uz/2019/12/11/orol-dengizining-700-ming-gektar-qurigan-maydonida-ormonzorlar-barpo-qilish-boshlandi/,2019-12-11,Orol dengizining 700 ming gektar qurigan maydonida o‘rmonzorlar barpo qilish boshlandi,Ekish ishlari mart oyiga qadar davom etadi,RELEVANT,WATER_CRYO,RELEVANT,AGRI_LAND,,1,uz_1,Aral seabed afforestation begins
UZ-D00423,,UZ,Kun.uz,https://kun.uz/en/news/2019/10/19/european-investment-bank-to-help-uzbekistan-develop-renewable-energy-sources,,European Investment Bank to help Uzbekistan develop renewable energy sources,"On the sidelines of the IMF/World Bank Annual Meeting, the Minister of Investments and Foreign Trade Sardor Umurzakov held talks with the Vice President of the European Investment Bank (EIB) Vazil Hudák.",RELEVANT,ENERGY,RELEVANT,ENERGY,,,uz_1,EIB renewable energy help
UZ-D04903,,UZ,Daryo.uz,https://daryo.uz/2021/03/10/aqshning-12-ta-shtati-iqlim-haqidagi-farmon-tufayli-jo-bayden-ustidan-sudga-davo-kiritdi/,2021-03-10,AQShning 12 ta shtati iqlim haqidagi farmon tufayli Jo Bayden ustidan sudga da’vo kiritdi,Da’voni Missuri shtati bosh prokurori Erik Shmitt bergan,RELEVANT,POLICY,RELEVANT,POLICY,,,uz_1,States sue over climate order
UZ-D01612,,UZ,Daryo.uz,https://daryo.uz/uz/2019/01/27/orol-dengizining-qurigan-tubidan-chuchuk-suv-topildi-video/,2019-01-27,Орол денгизининг қуриган тубидан чучук сув топилди (видео),"Ушбу чучук сув Жанубий Орололди артезиан бассейнининг Бор даври ётқизиқларидан, яъни 260-280 метр теранликдан топилди",RELEVANT,WATER_CRYO,RELEVANT,WATER_CRYO,,1,uz_1,Freshwater found under dried Aral
UZ-D02013,,UZ,Kun.uz,https://kun.uz/en/news/2024/10/22/president-mirziyoyev-unveils-50-million-grant-plan-to-address-desertification-and-enhance-greening-efforts,,President Mirziyoyev unveils $50 million grant plan to address desertification and enhance greening efforts,"On October 21, President Shavkat Mirziyoyev conducted a video conference to evaluate the effectiveness of ongoing initiatives and outline future priorities within the framework of the national project ""Green Space.""",RELEVANT,AGRI_LAND,RELEVANT,AGRI_LAND,,,uz_2,"grant against desertification, greening"
UZ-C01977,,UZ,Kun.uz,https://kun.uz/en/news/2025/04/08/samarkand-climate-forum-sets-stage-for-global-climate-action,,Samarkand Climate Forum sets stage for global climate action,"On April 4–5, Uzbekistan once again hosted a prestigious international event — the Samarkand Climate Forum.",RELEVANT,POLICY,RELEVANT,POLICY,,,uz_1,Samarkand Climate Forum
UZ-D05048,,UZ,Kun.uz,https://kun.uz/news/2022/07/11/italiyada-songgi-70-yildagi-eng-kuchli-qurgoqchilik-kuzatilyapti-eng-katta-daryo-qurimoqda-beshta-mintaqada-favqulodda-holat-elon-qilindi,,"Italiyada so‘nggi 70 yildagi eng kuchli qurg‘oqchilik kuzatilyapti. Eng katta daryo qurimoqda, beshta mintaqada favqulodda holat e’lon qilindi",Italiyaning eng muhim daryosi jazirama tufayli qisman qurib qoldi. Yuz minglab odamlar azob chekyapti.,RELEVANT,DISASTER,RELEVANT,DISASTER,,,uz_2,worst drought 70 years Italy
UZ-D01456,,UZ,Daryo.uz,https://daryo.uz/2022/08/11/bmt-taraqqiyot-dasturi-fargona-vodiysida-iqlim-ozgarishi-boyicha-tadqiqot-otkazdi/,2022-08-11,BMT Taraqqiyot dasturi Farg‘ona vodiysida iqlim o‘zgarishi bo‘yicha tadqiqot o‘tkazdi,"So‘rovnomada ishtirok etgan 92 foiz respondent iqlim o‘zgarishi inson salomatligiga, ayniqsa, ayollar turmush darajasiga salbiy ta’sir ko‘rsatishini aytib o‘tgan",RELEVANT,HEALTH_SOCIETY,RELEVANT,HEALTH_SOCIETY,,1,uz_2,"Climate change harms health, survey"
UZ-C01705,,UZ,Daryo.uz,https://daryo.uz/uz/2022/08/28/global-iqlim-ozgarishiga-qarshi-kurash-elektromobil-bozorining-umumiy-korinishi-kelajagi-va-ozbekistondagi-vaziyati-qanday/,2022-08-28,"Глобал иқлим ўзгаришига қарши кураш: электромобиль бозорининг умумий кўриниши, келажаги ва Ўзбекистондаги вазияти қандай?",Жаҳон бозорида 2012—2021 йилларда электр транспорт воситаларини сотилиши 50 баравардан ошди,RELEVANT,ENERGY,RELEVANT,ENERGY,,,uz_2,EV market vs climate change
UZ-C00948,,UZ,Daryo.uz,https://daryo.uz/2021/02/28/rossiya-iqlimni-monitoring-qiluvchi-suniy-yoldoshni-koinotga-uchirdi-video/,2021-02-28,Rossiya iqlimni monitoring qiluvchi sun’iy yo‘ldoshni koinotga uchirdi (video),28-fevral kuni ertalab Boyqo‘ng‘ir kosmodromidan “Soyuz-2.1b” tashuvchi raketasi Arktika mintaqasida iqlim va atrof-muhitni monitoring qilish uchun mo‘ljallangan “Arktika-M” kosmik qurilmasi bilan birga uchirildi,RELEVANT,SCIENCE_GEN,RELEVANT,SCIENCE_GEN,,,uz_2,Climate-monitoring satellite launched
UZ-D03785,,UZ,Daryo.uz,https://daryo.uz/uz/2022/08/17/boshab-qolayotgan-maktablar-qurgoqchilik-va-chigirtkalar-hujumi-nega-sharqiy-afrika-dahshatli-ocharchilikka-duch-kelmoqda/,2022-08-17,"Бўшаб қолаётган мактаблар, қурғоқчилик ва чигирткалар ҳужуми: нега Шарқий Африка даҳшатли очарчиликка дуч келмоқда?",Минтақада Эфиопия 1980 йилларда бошидан кечирган очарчилик билан тенг ёки ундан ҳам баттарроқ бўлган очлик хавфи бор. Ўша йилларда танқислик тахминан 1 миллион кишининг ҳаётига зомин бўлган,RELEVANT,DISASTER,RELEVANT,AGRI_LAND,,,uz_1,"East Africa famine, drought, locusts"
UZ-C00092,,UZ,Daryo.uz,https://daryo.uz/2025/10/05/prezident-poytaxtni-kochirishni-taklif-qildi-tehron-qurgoqchilik-muammosiga-yechim-izlamoqda/,2025-10-05,Tehron qurg‘oqchilik muammosiga yechim izlamoqda: prezident poytaxtni ko‘chirishni taklif qildi,"Eron poytaxtini Fors ko‘rfazi bo‘yiga ko‘chirishi mumkin. Prezidentning fikricha, bu suv tanqisligi muammosini bartaraf etish bilan birga, savdo va iqtisodiy munosabatlarni rivojlantirish imkonini ham beradi.",RELEVANT,WATER_CRYO,RELEVANT,WATER_CRYO,,1,uz_2,"Tehran water scarcity, capital move"
UZ-D05006,,UZ,Daryo.uz,https://daryo.uz/2015/08/26/leonardo-di-kaprio-orol-dengizi-haqida-yozdi/,2015-08-26,Leonardo Di Kaprio Orol dengizi haqida yozdi,Uning Instagram’ dagi sahifasida dengizdan olingan surat va unga sharh paydo bo‘ldi,RELEVANT,WATER_CRYO,NOT_RELEVANT,,,,gold,IAA adjudicated gold
UZ-D04310,,UZ,Kun.uz,https://kun.uz/news/2021/04/22/iqlim-boyicha-xalqaro-sammit-oz-ishini-boshladi,,Iqlim bo‘yicha xalqaro sammit o‘z ishini boshladi,AQSh prezidenti Jo Bayden iqlim o‘zgarishiga qarshi kurash masalalari bo‘yicha sammitni ochib berdi. Bu AQShning yangi ma'muriyati tomonidan tashkillashtirilgan birinchi yirik xalqaro tadbir hisoblanadi.,RELEVANT,POLICY,RELEVANT,POLICY,,,uz_1,international climate summit
UZ-D00372,,UZ,Daryo.uz,https://daryo.uz/2022/08/03/fransiyada-1961-yildan-beri-ilk-bor-rekord-darajadagi-qurgoqchilik-kuzatilib-ekinlarni-nobud-qilmoqda/,2022-08-03,"Fransiyada 1961-yildan beri ilk bor rekord darajadagi qurg‘oqchilik kuzatilib, ekinlarni nobud qilmoqda",Jazirama harorat va quruqlik Fransiyaning g‘arbiy qirg‘og‘idagi o‘rmon yong‘inlariga ham sabab bo‘ldi,RELEVANT,AGRI_LAND,RELEVANT,DISASTER,,,uz_1,"France record drought, crops die"
UZ-C00435,,UZ,Daryo.uz,https://daryo.uz/uz/2021/04/09/tayvanlik-erkak-qurgoqchilik-sabab-kol-tubidagi-telefonini-topib-oldi-u-smartfonni-bir-yil-oldin-tushirib-yuborgan-edi/,2021-04-09,Тайванлик эркак қурғоқчилик сабаб кўл тубидаги телефонини топиб олди. У смартфонни бир йил олдин тушириб юборган эди,Кўлидаги сув сатҳи сўнгги 50-60 йил ичида биринчи бор бу қадар камайиб кетган,RELEVANT,WATER_CRYO,RELEVANT,DISASTER,,1,uz_2,Record-low lake from drought
UZ-C01474,,UZ,Daryo.uz,https://daryo.uz/2026/04/28/xitoyda-komirda-ishlaydigan-va-emissiya-chiqarmaydigan-batareya-yaratildi/,2026-04-28,Xitoyda ko‘mirda ishlaydigan va emissiya chiqarmaydigan batareya yaratildi,"Ko‘mirni yoqmasdan, undan to‘g‘ridan to‘g‘ri elektr energiyasi olish usuli ishlab chiqildi. Texnologiya atmosferaga karbonat angidrid chiqarmaslik imkonini beradi.",RELEVANT,ENERGY,RELEVANT,ENERGY,,,uz_1,emission-free coal-to-electricity tech
UZ-D01806,,UZ,Daryo.uz,https://daryo.uz/2023/10/02/markaziy-osiyo-mamlakatlarida-iqlim-va-atrof-muhitning-bolalarga-xavfli-tasiri-yuqori-yunisef/,2023-10-02,“Markaziy Osiyo mamlakatlarida iqlim va atrof-muhitning bolalarga xavfli ta’siri yuqori” — YUNISEF eksperti,"Mintaqa bolalari, asosan, haddan tashqari issiqlik davrlari va suv tanqisligi kabi muammolarning xavfi ostida turadi",RELEVANT,HEALTH_SOCIETY,RELEVANT,HEALTH_SOCIETY,,,uz_1,Climate risks to children
UZ-D04790,,UZ,Daryo.uz,https://daryo.uz/uz/2023/01/12/ozbekistonda-oxirgi-20-yillikdagi-eng-sovuq-harorat-kuzatilmoqda-iqlimshunos-erkin-abdulahatov-bilan-suhbat-video/,2023-01-12,«Ўзбекистонда охирги 20 йилликдаги энг совуқ ҳарорат кузатилмоқда» — иқлимшунос Эркин Абдулаҳатов билан суҳбат (видео),"«Аномал совуқнинг икки баравар кучли даврида турибмиз», — дейди мутахассис",RELEVANT,SCIENCE_GEN,RELEVANT,SCIENCE_GEN,,1,uz_1,"Anomalous cold, climatologist interview"
UZ-D02562,,UZ,Kun.uz,https://kun.uz/en/news/2025/11/18/uzbekistan-aims-to-cut-greenhouse-gas-emissions-by-50-percent,,Uzbekistan aims to cut greenhouse gas emissions by 50 percent,"Uzbekistan has set a goal to reduce greenhouse gas emissions per unit of GDP by 50 percent by 2035 compared to 2010 levels, Ecology Minister Aziz Abduhakimov announced.",RELEVANT,POLICY,RELEVANT,POLICY,,,uz_2,50% GHG emissions cut goal
UZ-D00081,,UZ,Kun.uz,https://kun.uz/news/2019/01/16/ozbekiston-quyosh-energiyasini-ishlab-chiqarishdan-naf-bormi,,O‘zbekistonda quyosh energiyasini ishlab chiqarishdan naf bormi?,"Energetik-muhandis Zafar Safoyev Markaziy Osiyoda quyosh energiyasini ishlab chiqarish, ushbu yo‘nalishda ish boshlash O‘zbekiston uchun foyda berishini ta'kidlamoqda. Uning aytishicha, ishni stansiya qurish uchun kerak bo‘ladigan komponentlarni ishlab chiqarishdan boshlash zarur. Bu haqda mutaxassis Kun.uz'ga bergan intervyusida ma'lum qilgan.",RELEVANT,ENERGY,RELEVANT,ENERGY,,,uz_2,solar energy for Uzbekistan
UZ-D01065,,UZ,Kun.uz,https://kun.uz/en/news/2019/06/14/sco-summit-shavkat-mirziyoyev-proposes-to-strengthen-cooperation-in-the-fight-against-climate-change,,SCO Summit: Shavkat Mirziyoyev proposes to strengthen cooperation in the fight against climate change,"Today, on June 14, in Bishkek, extended talks were held between the SCO Heads of states, the presidential press service reports.",RELEVANT,OTHER_CLIMATE,RELEVANT,POLICY,,,uz_2,SCO climate change cooperation proposal
UZ-D04864,,UZ,Kun.uz,https://kun.uz/ru/news/2023/02/16/naznachen-novyy-rukovoditel-mejdunarodnogo-innovatsionnogo-sentra-priaralya,,Назначен новый руководитель международного инновационного центра Приаралья,Бахитжан Хабибуллаев назначен на должность директора международного инновационного центра Приаралья при президенте Республики Узбекистан.,RELEVANT,WATER_CRYO,NOT_RELEVANT,,,1,uz_2,
UZ-D00274,,UZ,Kun.uz,https://kun.uz/news/2023/04/18/sel-suvlarini-kichik-manbalarda-jamgarish-loyihasiga-100-million-dollar-jalb-qilinadi,,Sel suvlarini kichik manbalarda jamg‘arish loyihasiga 100 million dollar jalb qilinadi,"Shuningdek, yerlarni lazerli texnologiyada tekislash orqali 900 million kub metr suv tejaladi, qo‘shimcha 200 ming gektarda suv ta’minoti yaxshilanadi.",RELEVANT,WATER_CRYO,RELEVANT,WATER_CRYO,,1,uz_1,"sel water harvesting, water saving"
UZ-C02104,,UZ,Daryo.uz,https://daryo.uz/2022/10/02/ozbekiston-va-yaponiya-orol-dengizining-qurigan-hududida-tadqiqotlar-olib-borish-uchun-ilmiy-stansiya-yaratishi-mumkin/,2022-10-02,O‘zbekiston va Yaponiya Orol dengizining qurigan hududida tadqiqotlar olib borish uchun ilmiy stansiya yaratishi mumkin,"Shuningdek, Orolbo‘yi hududini iqtisodiy rivojlantirish, yoshlarni ish bilan ta’minlash maqsadida Yaponiyaning kichik innovatsion texnologiyalari jalb qilinishi kutilmoqda",RELEVANT,WATER_CRYO,RELEVANT,WATER_CRYO,,1,uz_1,"Aral research station, also economic dev"
UZ-00022,,UZ,Kun.uz,https://kun.uz/news/2025/01/11/internetdagi-botlar-iqlim-inqirozini-kuchaytirmoqda-olimlar,2025-01-11,Internetdagi botlar iqlim inqirozini kuchaytirmoqda - olimlar,"Mutaxassislarning ta’kidlashicha, internet-trafik juda ko‘p miqdorda chiqindilar ajratadi. Bunda botlarning hissasi katta.",RELEVANT,SCIENCE_GEN,RELEVANT,SCIENCE_GEN,,,uz_1,"internet bots emissions, climate crisis"
UZ-C00327,,UZ,Daryo.uz,https://daryo.uz/2023/05/31/yevropaga-bu-yil-qurgoqchilik-xavf-solmoqda/,2023-05-31,Yevropaga bu yil qurg‘oqchilik xavf solmoqda,Yomg‘ir tanqisligidan eng ko‘p Ispaniya va Portugaliya zarar ko‘rmoqda. Boltiqbo‘yi va Skandinaviya mamlakatlarida tuproq namligi odatdagidan pasaygan,RELEVANT,WATER_CRYO,RELEVANT,DISASTER,,,uz_2,Drought threatens Europe this year
UZ-D05489,,UZ,Kun.uz,https://kun.uz/news/2020/10/29/muzliklar-erishini-qanday-jilovlash-mumkinligi-aytildi,,Muzliklar erishini qanday jilovlash mumkinligi aytildi,"Germaniyadagi Potsdam iqlim ta'sirini o‘rganish instituti xodimlari tog‘ muzliklari, Grenlandiya, G‘arbiy Antarktida va Arktika muzlari erishining iqlimga ta'sirini o‘rgandilar.",RELEVANT,WATER_CRYO,RELEVANT,WATER_CRYO,,,uz_2,curbing glacier melt research
UZ-C01786,,UZ,Daryo.uz,https://daryo.uz/2021/08/04/anomal-issiq-isroilga-ham-yetib-bordi-mamlakatda-ham-issiq-iqlim-yonginlarni-keltirib-chiqardi-video/,2021-08-04,Anomal issiq Isroilga ham yetib bordi: mamlakatda ham issiq iqlim yong‘inlarni keltirib chiqardi (video),O‘rmon yong‘inlari tufayli Quddus va Tel-Avivni o‘zaro bog‘lab turuvchi avtomobil yo‘li vaqtincha yopib qo‘yilgan,RELEVANT,DISASTER,RELEVANT,DISASTER,,,uz_2,Heat causes wildfires in Israel
UZ-D01818,,UZ,Daryo.uz,https://daryo.uz/uz/2023/01/23/2024-yilda-rekord-darajada-issiq-havo-va-qurgoqchilik-kutilmoqda-the-guardian/,2023-01-23,2024 йилда рекорд даражада иссиқ ҳаво ва қурғоқчилик кутилмоқда — The Guardian,"Глобал ҳарорат Цельсий бўйича 1,5 даражадан кўпроқ ошиши мумкин",RELEVANT,SCIENCE_GEN,RELEVANT,SCIENCE_GEN,,,uz_2,"Record heat, drought projected 2024"
UZ-D02371,,UZ,Kun.uz,https://kun.uz/en/news/2019/09/20/young-climate-champion-from-uzbekistan-awarded-green-ticket-to-attend-first-ever-un-youth-climate-summit,,Young climate champion from Uzbekistan awarded “Green Ticket” to attend first ever UN Youth Climate Summit,"On September 21, the United Nations will host the first ever UN Youth Climate Summit. In this regard",RELEVANT,POLICY,RELEVANT,HEALTH_SOCIETY,,,uz_2,young climate activist UN summit
UZ-C00446,,UZ,Kun.uz,https://kun.uz/ru/news/2025/07/10/uzbekistan-uvelichit-vklad-v-sokrashcheniye-vybrosov-parnikovyx-gazov,,Узбекистан увеличит вклад в сокращение выбросов парниковых газов,Указом президента определены меры по усилению вклада республики в глобальное снижение эмиссии парниковых газов.,RELEVANT,POLICY,RELEVANT,POLICY,,,uz_1,greenhouse gas reduction decree
UZ-D04769,,UZ,Daryo.uz,https://daryo.uz/2017/12/22/avstraliyada-quyosh-energiyasida-harakatlanadigan-dunyodagi-birinchi-poyezdni-ishga-tushirishdi/,2017-12-22,Avstraliyada quyosh energiyasida harakatlanadigan dunyodagi birinchi poyezdni ishga tushirishdi,"Egiluvchan quyosh panellari vagon tomiga va oraliq to‘xtash joylariga o‘rnatilgan, u yerda poyezd qo‘shimcha quvvat olishi mumkin",RELEVANT,ENERGY,RELEVANT,ENERGY,,,gold,IAA adjudicated gold
UZ-D04717,,UZ,Daryo.uz,https://daryo.uz/uz/2024/12/27/paxta-siyosati-samarasiz-sugorish-tizimi-markaziy-osiyoni-tasirda-ushlash-omili-orol-dengizi-qurishiga-olib-kelgan-sabablar/,2024-12-27,"Пахта сиёсати, самарасиз суғориш тизими, Марказий Осиёни таъсирда ушлаш омили — Орол денгизи қуришига олиб келган сабаблар","Орол катта қисми Ўзбекистон ҳудудидаги улкан денгиз эди. 1960 йилларда йўл қўйилган хатолар сабаб бугун унинг 90 фоизи қуриб битди. Афсуски, эндиликда Амударё 20 йил давомида Оролга тўлиқлигича қуйилган тақдирда ҳам денгизни ўз ҳолига қайтариш имконсиз",RELEVANT,WATER_CRYO,RELEVANT,WATER_CRYO,,,uz_2,Causes of Aral Sea drying
UZ-D01960,,UZ,Kun.uz,https://kun.uz/ru/news/2023/02/27/mirziyoyev-poruchil-uskorit-razvitiye-i-ispolzovaniye-vozobnovlyayemoy-energetiki,,Мирзиёев поручил ускорить развитие и использование возобновляемой энергетики,"Сегодня, 27 февраля, Шавкат Мирзиёев провел совещание по мерам расширения использования возобновляемых источников энергии.",RELEVANT,ENERGY,RELEVANT,ENERGY,,,uz_1,accelerate renewable energy
UZ-C01644,,UZ,Daryo.uz,https://daryo.uz/uz/2025/06/02/afgonistondagi-qurgoqchilikka-qaramay-hol-meva-hosildorligi-otgan-yilga-nisbatan-ikki-baravar-oshdi/,2025-06-02,"Афғонистондаги қурғоқчиликка қарамай, ҳўл мева ҳосилдорлиги ўтган йилга нисбатан икки баравар ошди","“Дарё” мухбири Балх вилоятидаги мева бозорларида бўлиб, сотувчи ва харидорлар билан суҳбатлашди",RELEVANT,AGRI_LAND,RELEVANT,AGRI_LAND,,1,uz_2,Fruit harvest up despite drought
UZ-C00927,,UZ,Daryo.uz,https://daryo.uz/uz/2021/01/05/markaziy-osiyo-va-yevropa-davlatlari-ekologik-toza-va-qulay-transport-tizimiga-muhtoj-unece/,2021-01-05,«Марказий Осиё ва Европа давлатлари экологик тоза ва қулай транспорт тизимига муҳтож» — UNECE,"БМТ мутахассислари аҳоли соғлиғи учун электротранспортни йўлга қўйиш, велосипедда ҳаракатланиш инфраструктурасини ривожлантиришни тавсия этмоқда",RELEVANT,ENERGY,NOT_RELEVANT,,,1,uz_2,"Clean transport framed as health, not climate"
UZ-D02235,,UZ,Daryo.uz,https://daryo.uz/uz/2018/08/10/orol-dengizi-muammosini-organish-uchun-20-kunlik-xalqaro-ekspeditsiya-tuzildi/,2018-08-10,Орол денгизи муаммосини ўрганиш учун 20 кунлик халқаро экспедиция тузилди,Экспедицияга тайёргарлик ишлари февраль ойидан бошланган. Йўналишнинг узунлиги — 4000 километр,RELEVANT,WATER_CRYO,RELEVANT,WATER_CRYO,,1,uz_2,Expedition to study Aral Sea problem
UZ-D00295,,UZ,Daryo.uz,https://daryo.uz/uz/2023/06/11/aziz-abduhakimov-ekologiya-atrof-muhitni-muhofaza-qilish-va-iqlim-ozgarishi-vaziri-lavozimiga-maqullandi/,2023-06-11,"Азиз Абдуҳакимов экология, атроф-муҳитни муҳофаза қилиш ва иқлим ўзгариши вазири лавозимига маъқулланди","Табиат ресурслари вазирлиги Экология, атроф-муҳитни муҳофаза қилиш ва иқлим ўзгариши вазирлиги деб қайта номланганди",RELEVANT,POLICY,RELEVANT,POLICY,,1,uz_1,Climate change minister appointed
UZ-D03948,,UZ,Daryo.uz,https://daryo.uz/uz/2019/01/14/orol-dengizi-suvi-kaspiyga-oqib-ketganmi/,2019-01-14,Орол денгизи суви Каспийга оқиб кетганми?,"Мақолада таъкидланишича, Орол билан Каспийнинг ўртасида боғловчи ер ости дарёси мавжуд, лекин бу далил негадир ҳамон сир тутиб келинмоқда",RELEVANT,WATER_CRYO,RELEVANT,WATER_CRYO,,1,uz_2,Where did Aral Sea water go
UZ-C02253,,UZ,Daryo.uz,https://daryo.uz/uz/2021/05/19/bmt-bosh-assambleyasi-orol-dengizi-mintaqasi-boyicha-maxsus-rezolyutsiya-qabul-qildi/,2021-05-19,БМТ Бош Ассамблеяси Орол денгизи минтақаси бўйича махсус резолюция қабул қилди,"Ҳужжатда атроф-муҳитни тиклаш, табиий ресурсларни тежаш ва минтақа аҳолисининг ҳаёт сифатини яхшилаш бўйича илмий-тадқиқот маслаҳат ишларини тарғиб қилиш ҳақида сўз боради",RELEVANT,WATER_CRYO,RELEVANT,POLICY,,,uz_1,UN resolution on Aral region
UZ-D00696,,UZ,Daryo.uz,https://daryo.uz/2021/12/07/bezos-iqlim-ozgarishiga-qarshi-kurashish-uchun-443-mln-dollar-ajratadi/,2021-12-07,Bezos iqlim o‘zgarishiga qarshi kurashish uchun 443 mln dollar ajratadi,"Bezos fondi iqlim muvozanati, tabiatni muhofaza qilish va iqlim masalalarini yechish bilan shug‘ullanadigan tashkilotlarga 44 ta grant ajratadi",RELEVANT,OTHER_CLIMATE,RELEVANT,POLICY,,,uz_1,Bezos climate funding grants
UZ-D01300,,UZ,Kun.uz,https://kun.uz/ru/news/2023/12/04/na-cop28-predlojyeno-sozdat-mejdunarodnyy-klimaticheskiy-sud-i-finansovyye-pakety-dlya-podderjki-klimata,,На COP28 предложено создать Международный климатический суд и финансовые пакеты для поддержки климата,"В ходе саммита в Дубае Великобритания, Италия, Франция и Германия объявили о выделении климатического пакета на сумму до $100 миллионов.",RELEVANT,POLICY,RELEVANT,POLICY,,,uz_2,"COP28 climate court, finance packages"
UZ-D00443,,UZ,Daryo.uz,https://daryo.uz/uz/2021/07/17/yevroittifoq-iqlim-ozgarishiga-qarshi-kurash-uchun-yirik-reja-ishlab-chiqdi-14-yildan-keyin-yevropada-benzin-bilan-ishlaydigan-avtomobillar-sotilmaydi/,2021-07-17,Евроиттифоқ иқлим ўзгаришига қарши кураш учун йирик режа ишлаб чиқди. 14 йилдан кейин Европада бензинда юрадиган автомобиллар сотилмайди,Режа кучга кириши учун уни Европа парламенти ва Европа Иттифоқига аъзо давлатларнинг барчаси тасдиқлаши керак,RELEVANT,POLICY,RELEVANT,POLICY,,,uz_2,"EU climate plan, petrol car ban"
UZ-D00290,,UZ,Daryo.uz,https://daryo.uz/uz/2017/02/21/antarktidadagi-muzlikdan-katta-aysberg-ajralib-chiqdi-foto/,2017-02-21,Антарктидадаги музликдан катта айсберг ажралиб чиқди (фото),"Пайн-Айленд музлигидан кенглиги бир километр, узунлиги тахминан саккиз километр бўлган айсбер ажралиб чиқди",RELEVANT,WATER_CRYO,RELEVANT,WATER_CRYO,,1,uz_1,Antarctic iceberg calving
UZ-D02225,,UZ,Daryo.uz,https://daryo.uz/2021/05/19/bmt-bosh-assambleyasi-orol-dengizi-mintaqasi-boyicha-maxsus-rezolyutsiya-qabul-qildi/,2021-05-19,BMT Bosh Assambleyasi Orol dengizi mintaqasi bo‘yicha maxsus rezolyutsiya qabul qildi,"Hujjatda atrof-muhitni tiklash, tabiiy resurslarni tejash va mintaqa aholisining hayot sifatini yaxshilash bo‘yicha ilmiy-tadqiqot maslahat ishlarini targ‘ib qilish haqida so‘z boradi",RELEVANT,WATER_CRYO,RELEVANT,POLICY,,,uz_2,UN resolution on Aral Sea region
UZ-D04528,,UZ,Kun.uz,https://kun.uz/ru/news/2019/04/06/yes-mojyet-stat-donorom-trastovogo-fonda-oon-dlya-regiona-priaralya,,ЕС может стать донором трастового фонда ООН для региона Приаралья,Европейский союз рассматривает возможность внести свой вклад в многопартнерский трастовый фонд ООН по человеческой безопасности для региона Приаралья в Узбекистане.,RELEVANT,WATER_CRYO,RELEVANT,WATER_CRYO,,1,uz_2,EU donor to Aral fund
UZ-D00251,,UZ,Kun.uz,https://kun.uz/en/news/2023/05/15/adb-indorama-sign-sustainability-linked-loan-to-support-farmer-climate-resilience-in-uzbekistan,,"ADB, Indorama sign sustainability linked-loan to support farmer climate resilience in Uzbekistan","The Asian Development Bank (ADB) and Foreign Enterprise Indorama Agro LLC, a wholly owned subsidiary of Indorama Corporation (IRC) signed a $15 million loan to support the livelihoods of farmers in Uzbekistan, enhance their climate resilience, and support ongoing recovery from the COVID-19 pandemic.",RELEVANT,AGRI_LAND,RELEVANT,AGRI_LAND,,,uz_1,farmer climate resilience loan
UZ-D03763,,UZ,Kun.uz,https://kun.uz/ru/news/2021/01/06/masdar-pristupila-k-stroitelstvu-solnechnoy-elektrostansii-v-navoiyskoy-oblasti,,Masdar приступила к строительству солнечной электростанции в Навоийской области,"Компания Masdar (ОАЭ) приступила к строительству солнечной фотоэлектрической станции в Карманинском районе Навоийской области, сообщает Минэнрего.",RELEVANT,ENERGY,RELEVANT,ENERGY,,,uz_2,Masdar solar station Navoi
UZ-C02211,,UZ,Daryo.uz,https://daryo.uz/2023/09/30/ozbekiston-bolalari-va-yoshlarini-iqlim-kun-tartibiga-jalb-qilish-boyicha-milliy-strategiya-imzolandi/,2023-09-30,O‘zbekiston yoshlarini iqlim kun tartibiga jalb qilish bo‘yicha milliy strategiya imzolandi,Strategiya YUNISEF va YUNESKO xalqaro ekspertlari ko‘magida ishlab chiqilgan,RELEVANT,POLICY,RELEVANT,POLICY,,,uz_2,National youth climate strategy signed
UZ-C02157,,UZ,Kun.uz,https://kun.uz/en/news/2024/05/30/hit-initiates-creation-of-an-international-working-group-to-study-problems-of-the-aral-caspian-and-dead-seas,,"HIT initiates creation of an international working group to study problems of the Aral, Caspian and Dead Seas","Representatives of the Embassy of Uzbekistan took part in the Third Euro-Asian seminar and round table on the implementation of new technologies, held at the Holon Institute of Technology (HIT) in Israel.",RELEVANT,WATER_CRYO,RELEVANT,WATER_CRYO,,1,uz_1,working group on Aral/Caspian seas
UZ-D04367,,UZ,Kun.uz,https://kun.uz/en/news/2019/04/05/we-must-assist-the-region-affected-by-the-aral-sea-crisis-shakhnoza-mirziyoyeva,,We must assist the region affected by the Aral Sea crisis – Shakhnoza Mirziyoyeva,"On April 4, a grand opening of the first specialized pre-school educational institution in Uzbekistan with a rehabilitation center took place in Nukus city.",RELEVANT,HEALTH_SOCIETY,NOT_RELEVANT,,,1,uz_1,"Aral crisis backdrop, preschool opening"
UZ-D00412,,UZ,Kun.uz,https://kun.uz/news/2022/02/06/iqlim-ozgarishi-sabab-dunyo-iqtisodiyoti-keyingi-30-yilda-8-trillion-dollar-yoqotishi-mumkin,,Iqlim o‘zgarishi sabab dunyo iqtisodiyoti keyingi 30 yilda 8 trillion dollar yo‘qotishi mumkin,"BMTga ko‘ra, oxirgi 20 yilda dunyo bo‘yicha tabiiy halokatlar sabab 1,2 million odam halok bo‘lgan, iqtisodiyotga 3 milliard dollar zarar yetgan.",RELEVANT,OTHER_CLIMATE,RELEVANT,SCIENCE_GEN,,,uz_2,climate change economic loss projection
UZ-C01108,,UZ,Kun.uz,https://kun.uz/en/news/2024/10/23/strengthening-trade-relations-fostering-ties-in-education-and-co-op-on-climate-change-interview-with-british-ambassador,,"Strengthening trade relations, fostering ties in education and co-op on climate change – Interview with British Ambassador","In the first episode of the Conversation project by Kun.uz, Timothy Smart, the British Ambassador to Uzbekistan, provided a comprehensive overview of the evolving diplomatic relations between the UK and Uzbekistan.",RELEVANT,POLICY,RELEVANT,POLICY,,1,uz_1,interview incl climate cooperation
UZ-D05573,,UZ,Kun.uz,https://kun.uz/news/2026/04/23/oxirgi-on-yilliklarda-markaziy-osiyo-muzliklar-hajmining-30-foizigacha-qismini-yoqotdi-va-bu-jarayon-tezlashyapti-aziz-abduhakimov,,Oxirgi o‘n yilliklarda Markaziy Osiyo muzliklar hajmining 30 foizigacha qismini yo‘qotdi va bu jarayon tezlashyapti – Aziz Abduhakimov,Tog‘lardagi muzliklarning erishi tezlashib borayotgani fonida O‘zbekiston hukumati mintaqaviy hamkorlikni kuchaytirishga urg‘u beryapti.,RELEVANT,WATER_CRYO,RELEVANT,WATER_CRYO,,,uz_1,Central Asia glacier loss accelerating
UZ-D01585,,UZ,Daryo.uz,https://daryo.uz/2016/11/18/buyuk-britaniya-iqlim-boyicha-parij-kelishuvini-imzoladi/,2016-11-18,Buyuk Britaniya iqlim bo‘yicha Parij kelishuvini imzoladi,Parij kelishuvini imzolash uchun BMTning Nyu-Yorkdagi shtab-kvartirasida joriy yil 22-aprelidan beri ochiq,RELEVANT,POLICY,RELEVANT,POLICY,,,uz_2,UK signs Paris climate agreement
UZ-D01593,,UZ,Daryo.uz,https://daryo.uz/2021/09/22/orol-dengizi-qurishidan-zarar-korgan-moynoq-aholisiga-5-mln-somdan-pul-tarqatilmoqda-foto/,2021-09-22,Orol dengizi qurishidan zarar ko‘rgan Mo‘ynoq aholisiga 5 mln so‘mdan pul tarqatilmoqda (foto),Bir martalik pul yordami qishloq fuqarolar yig‘inlari kesimida sayyor kassalar orqali tarqatilyapti,RELEVANT,WATER_CRYO,RELEVANT,WATER_CRYO,,1,uz_2,Aid to Aral-drying-affected Mo'ynoq
UZ-D05607,,UZ,Kun.uz,https://kun.uz/en/news/2022/03/28/uzhydromet-allocates-almost-25-billion-soums-to-reduce-negative-effects-of-climate-change,,Uzhydromet allocates almost 2.5 billion soums to reduce negative effects of climate change,Uzhydromet allocates almost 2.5 billion soums to reduce negative effects of climate change,RELEVANT,POLICY,RELEVANT,POLICY,,,uz_1,Uzhydromet climate mitigation funds
UZ-D04167,,UZ,Kun.uz,https://kun.uz/en/news/2024/08/02/japan-to-aid-central-asia-with-new-trade-corridor-and-decarbonization-initiatives,,Japan to aid Central Asia with new trade corridor and decarbonization initiatives,"An alternative to transportation through Russia will strengthen the region's economic position, according to Tokyo.",RELEVANT,ENERGY,RELEVANT,POLICY,,,gold,IAA adjudicated gold
UZ-D02694,,UZ,Daryo.uz,https://daryo.uz/uz/2021/11/05/bmtning-iqlim-sammitida-40-dan-ortiq-davlat-komirdan-foydalanishni-kamaytirish-togrisida-shartnoma-imzoladi/,2021-11-05,БМТнинг иқлим саммитида 40 дан ортиқ давлат кўмирдан фойдаланишни камайтириш тўғрисида шартнома имзолади,"Шартномада, жумладан, мавжуд кўмир электростанцияларини — ривожланган мамлакатларда 2030 йилларда, ривожланаётган мамлакатларда эса 2040 йилларда ёпиш кўзда тутилган",RELEVANT,POLICY,RELEVANT,POLICY,,1,uz_1,Climate summit coal phase-out pact
UZ-D04256,,UZ,Kun.uz,https://kun.uz/news/2018/06/14/video-antarktikadagi-muzliklar-rekord-tezlikda-erimokda,,Video: Antarktikadagi muzliklar rekord tezlikda erimoqda,"Antarktikada muz rekord tezlikda erimoqda, buni ikkita yangi tadqiqot ma'lumotlari ko‘rsatdi. Keyinchalik dengiz ko‘tarilishi butun dunyodagi shaharlar uchun fojiali oqibatlarga olib kelishi mumkin",RELEVANT,WATER_CRYO,RELEVANT,WATER_CRYO,,,uz_1,Antarctic glaciers melting fast
UZ-D02185,,UZ,Daryo.uz,https://daryo.uz/2019/06/09/dunyodagi-eng-maxfiy-hududlardan-biri-orol-dengizining-qoq-markazidagi-vozrojdeniye-oroli-qayta-uygonadimi-foto/,2019-06-09,Dunyodagi eng maxfiy hududlardan biri — Orol dengizining qoq markazidagi Vozrojdeniye oroli qayta uyg‘onadimi? (foto),"Hozirning o‘zida Vozrojdeniyega yaqin joyda, Shag‘ala massivida quduqlar qazilib yashil oazis barpo qilinmoqda",RELEVANT,WATER_CRYO,NOT_RELEVANT,,,1,uz_2,"Island oasis development, no scarcity frame"
UZ-C01148,,UZ,Daryo.uz,https://daryo.uz/uz/2021/04/24/dunyo-yetakchilari-iqlim-boyicha-virtual-sammitda-nutq-sozladi/,2021-04-24,Дунё етакчилари иқлим бўйича виртуал саммитда нутқ сўзлади,Ҳиндистон бош вазири Нарендра Моди «иқлим ўзгаришига қарши курашнинг ўн йиллиги»ни эълон қилишни таклиф қилди,RELEVANT,POLICY,RELEVANT,POLICY,,,gold,IAA adjudicated gold
UZ-D01762,,UZ,Kun.uz,https://kun.uz/news/2023/12/04/iqlim-ishonch-sogliq-va-tinchlik-deklaratsiyasi-tuziladi-iqlim-sammitining-4-kuni,,"""Iqlim, Ishonch, Sog‘liq va Tinchlik deklaratsiyasi"" tuziladi – Iqlim sammitining 4-kuni",Dubayda o‘tayotgan COP28ning 4-kuni sog‘liq mavzusiga bag‘ishlandi. 70ga yaqin davlat va 39ta tashkilot urush va global isish halokatga olib kelgan joylarda iqlimga moslashishga qaratilgan moliyaviy yordam paketi bo‘yicha deklaratsiyani qo‘llab-quvvatladi.,RELEVANT,POLICY,RELEVANT,POLICY,,1,uz_2,COP28 health/climate declaration
UZ-D05465,,UZ,Kun.uz,https://kun.uz/ru/news/2020/02/13/v-uzbekistane-budet-realizovan-proyekt-moy-sad-v-aralskom-more,,В Узбекистане будет реализован проект «Мой сад в Аральском море»,Шавкат Мирзиёев подписал постановление «О дополнительных мерах по повышению эффективности деятельности Международного инновационного центра Приаралья при Президенте Республики Узбекистан».,RELEVANT,POLICY,RELEVANT,AGRI_LAND,,1,uz_1,My garden in Aral project
UZ-C01857,,UZ,Daryo.uz,https://daryo.uz/uz/2021/10/29/aqshning-chikago-shahri-iqlim-ozgarishi-tufayli-yoq-bolib-ketish-xavfi-ostida/,2021-10-29,АҚШнинг Чикаго шаҳри иқлим ўзгариши туфайли йўқ бўлиб кетиш хавфи остида,"«Иқлим ўзгариши сув даражасига таъсир қилмоқда, шаҳар инфратузилмаси, қирғоқлари ва бинолари бунга ортиқ дош беролмайди», — деди мутахассис",RELEVANT,WATER_CRYO,RELEVANT,SCIENCE_GEN,,1,uz_2,Chicago at risk from climate change
UZ-D02012,,UZ,Daryo.uz,https://daryo.uz/2023/12/01/germaniya-yangi-iqlim-fondiga-100-million-dollar-ajratadi/,2023-12-01,Germaniya yangi iqlim fondiga 100 million dollar ajratadi,Iqlim o‘zgarishiga qarshi kurash fondini yaratish to‘g‘risidagi qaror o‘tgan yili Sharm ash-Shayxda bo‘lib o‘tgan COP27 sammitidan so‘ng qabul qilingan,RELEVANT,POLICY,RELEVANT,POLICY,,,gold,IAA adjudicated gold
UZ-C00260,,UZ,Daryo.uz,https://daryo.uz/uz/2019/04/04/toshkentda-markaziy-osiyoda-iqlim-ozgarishi-muhokama-etildi/,2019-04-04,Тошкентда Марказий Осиёда иқлим ўзгариши муҳокама этилди,Дунё миқёсида ҳаво ҳароратининг 4°C га кўтарилиши суғориш сувларига бўлган талабнинг тахминан 30% га ошишига олиб келади,RELEVANT,WATER_CRYO,RELEVANT,POLICY,,,uz_2,Central Asia climate change discussion
UZ-D02258,,UZ,Daryo.uz,https://daryo.uz/2018/04/25/markaziy-osiyo-mamlakatlari-qirgizistonni-orol-dengizini-qutqarish-boyicha-muzokaralardagi-ishtirokini-yana-yolga-qoyishga-kondirmoqda/,2018-04-25,Markaziy Osiyo mamlakatlari Qirg‘izistonni Orol dengizini qutqarish bo‘yicha muzokaralardagi ishtirokini yana yo‘lga qo‘yishga ko‘ndirmoqda,Qirg‘iziston Orol dengizini qutqarish bo‘yicha fond majlislaridagi ishtirokini muzlatib qo‘ygan edi,RELEVANT,WATER_CRYO,RELEVANT,WATER_CRYO,,,uz_2,Aral Sea rescue negotiations
UZ-D02555,,UZ,Daryo.uz,https://daryo.uz/uz/2023/10/30/saudiya-arabistoni-orol-dengizi-mintaqasi-aholisi-uchun-moliyaviy-yordam-ajratishi-mumkin/,2023-10-30,Саудия Арабистони Орол денгизи минтақаси аҳолиси учун молиявий ёрдам ажратиши мумкин,Ўзбекистон элчиси Бутунжаҳон ислом уюшмаси минтақавий директори билан ҳамкорлик истиқболларини муҳокама қилди,RELEVANT,WATER_CRYO,RELEVANT,POLICY,,1,uz_2,Saudi aid for Aral region population
UZ-D00217,,UZ,Kun.uz,https://kun.uz/ru/news/2021/08/27/pervyy-shag-k-perexodu-k-zelenoy-energetike-zapusk-solnechnoy-fotoelektricheskoy-stansii-v-karmaninskom-rayone,,Первый шаг к переходу к «зеленой энергетике» - запуск солнечной фотоэлектрической станции в Карманинском районе,"«Накануне 30-летия независимости нашей Родины мы собрались с вами на важное мероприятие. Сегодня в Карманинском районе запускается современная солнечная фотоэлектрическая установка мощностью 100 мегаватт, что является первым шагом на пути перехода к «зеленой энергетике». Сердечно поздравляю всех вас с этим радостным событием.",RELEVANT,ENERGY,RELEVANT,ENERGY,,,gold,IAA adjudicated gold
UZ-D03416,,UZ,Daryo.uz,https://daryo.uz/uz/2024/02/15/global-ekologik-fond-mo-mamlakatlari-ortasida-ekotizimlarni-tiklash-sohasida-hamkorlikni-mustahkamlash-uchun-26-mln-dollar-grant-ajratadi/,2024-02-15,Глобал экологик фонд МО мамлакатлари ўртасида экотизимларни тиклаш соҳасида ҳамкорликни мустаҳкамлаш учун 26 млн доллар грант ажратади,"Бу лойиҳаларга Марказий Осиёнинг заиф экотизимларида ерларни тиклаш, Амударё, Зарафшон, Панж, Сирдарё ва Норин дарёлари ҳавзаларида сув ресурсларини комплекс бошқаришни кучайтириш кабилар киради",RELEVANT,WATER_CRYO,RELEVANT,WATER_CRYO,,1,uz_2,Grant for river basin water management
UZ-D01731,,UZ,Kun.uz,https://kun.uz/news/2024/02/04/jamoatchilik-qollovi-bizga-kuch-beryapti-vazir-ekologiya-boyicha-takliflar-tez-qabul-qilinayotgani-haqida-gapirdi,,«Jamoatchilik qo‘llovi bizga kuch beryapti» – vazir ekologiya bo‘yicha takliflar tez qabul qilinayotgani haqida gapirdi,"Ekologiya vaziri Aziz Abduhakimov 2023 yil yanvaridagi vaziyat tufayli ko‘mirga o‘tishga majbur bo‘linganini, lekin soha vaziri sifatida ko‘mir va mazutni taqiqlashni talab qilish vazifasi ekanini aytgan.",RELEVANT,ENERGY,RELEVANT,ENERGY,,,uz_2,coal/mazut phase-out debate
UZ-D02274,,UZ,Kun.uz,https://kun.uz/en/news/2022/01/24/uzbekistan-takes-part-in-oic-senior-officials-meeting-in-jeddah-proposes-improving-aral-sea-region,,"Uzbekistan takes part in OIC Senior Officials Meeting in Jeddah, proposes improving Aral Sea region","The delegation of Uzbekistan, headed by Ambassador Ulugbek Maksudov, is taking part in the OIC Senior Officials Meeting in Jeddah (Saudi Arabia).",RELEVANT,WATER_CRYO,RELEVANT,WATER_CRYO,,1,uz_2,proposes improving Aral region
UZ-D01178,,UZ,Kun.uz,https://kun.uz/news/2024/11/13/ziroat-mirziyoyeva-cop29da-ozbekiston-milliy-pavilioni-bilan-tanishdi,,Ziroat Mirziyoyeva COP29'da O‘zbekiston milliy pavilioni bilan tanishdi,"O‘zbekistonning birinchi xonimi, Zamin xalqaro jamoat fondi vasiylik kengashi raisi Ziroat Mirziyoyeva Bokuda o‘tayotgan Global iqlim sammitidagi ishtiroki davomida ekofaollar bilan birgalikda COP29'da tashkil etilgan O‘zbekiston milliy pavilioni bilan tanishdi.",RELEVANT,POLICY,RELEVANT,POLICY,,,uz_2,COP29 Uzbekistan pavilion visit
UZ-C00127,,UZ,Daryo.uz,https://daryo.uz/2020/01/25/jorj-soros-avtoritar-hukumatlar-va-iqlim-ozgarishlariga-qarshi-kurash-uchun-1-mlrd-dollar-ajratadi/,2020-01-25,Jorj Soros avtoritar hukumatlar va iqlim o‘zgarishlariga qarshi kurash uchun 1 mlrd dollar ajratadi,"80 yoshli milliarderga ko‘ra, aynan shu ikki muammo sivilizatsiyaning omon qolishiga tahdid tug‘diradi",RELEVANT,POLICY,RELEVANT,POLICY,,1,uz_2,Soros funds climate change fight
UZ-D01912,,UZ,Kun.uz,https://kun.uz/news/2022/08/16/yevropadagi-yana-bir-inqiroz-issiqlik-va-qurgoqchilik-yevropa-ittifoqi-iqtisodiyotini-sekinlashtirmoqda,,Yevropadagi yana bir inqiroz. Issiqlik va qurg‘oqchilik Yevropa Ittifoqi iqtisodiyotini sekinlashtirmoqda,"Yevropa uchta inqiroz avj olayotgan bir paytda yangisiga yo‘liqdi. Yozning issiq kelishi yangilik emas, ammo Rossiyaning Ukrainaga tajovuzi, Kremlning Yevroittifoq bilan energetika urushi va koviddan keyingi inflatsiya ortidan hozirgi iqlim kataklizmi Yevropa iqtisodiyoti tiklanishiga to‘sqinlik qilmoqda. Vaholanki, Yevroittifoq iqtisodiyoti Amerikadan keyin dunyoda ikkinchi o‘rinda turadi.",RELEVANT,DISASTER,RELEVANT,DISASTER,,,uz_2,heat and drought hit EU economy
UZ-D05413,,UZ,Kun.uz,https://kun.uz/ru/news/2022/11/07/o-pervom-uspexe-zayavili-na-klimaticheskoy-konferensii-oon,,О первом успехе заявили на климатической конференции ООН,"Развивающиеся и островные государства просят финансовой помощи, чтобы справиться с ущербом. Впервые этот вопрос был включен в повестку переговоров как отдельный пункт.",RELEVANT,POLICY,RELEVANT,POLICY,,,uz_2,UN climate conference loss and damage
UZ-D00234,,UZ,Kun.uz,https://kun.uz/ru/news/2023/06/15/budet-postroyeno-neskolko-solnechnyx-fotoelektrostansiy,,Будет построено несколько солнечных фотоэлектростанций,"Постановления о возведении солнечных фотоэлектрических станций в Ташкентской, Бухарской и Кашкадарьинской областях подписал президент Мирзиёев.",RELEVANT,ENERGY,RELEVANT,ENERGY,,,uz_1,solar PV plants
UZ-D02198,,UZ,Daryo.uz,https://daryo.uz/2018/07/24/olimlar-odamning-iqlimga-tasirini-isbotladi/,2018-07-24,Olimlar odamning iqlimga ta’sirini isbotladi,O‘rta kengliklarda antropogen omillar tufayli yillik harorat amplitudasining jiddiy oshishini kuzatish mumkin,RELEVANT,SCIENCE_GEN,RELEVANT,SCIENCE_GEN,,,uz_2,Scientists prove human impact on climate
UZ-D02777,,UZ,Daryo.uz,https://daryo.uz/uz/2025/04/07/yevropa-ittifoqi-moliyaviy-va-texnologik-yordamni-oshiradi-jahon-banki-mintaqada-yirik-loyiha-boshlaydi-samarqand-xalqaro-iqlim-forumining-ikkinchi-kuni-qanday-otdi/,2025-04-07,"Европа Иттифоқи молиявий ва технологик ёрдамни оширади, Жаҳон банки минтақада йирик лойиҳа бошлайди. Самарқанд халқаро иқлим форумининг иккинчи куни қандай ўтди?",Жорий йилнинг 4–5 апрель кунлари Самарқанд яна бир халқаро тадбирга мезбонлик қилди. Минтақа тақдирига дахлдор форумда “Дарё” мухбири ҳам қатнашди,RELEVANT,POLICY,RELEVANT,POLICY,,,uz_2,Samarqand international climate forum
UZ-C00776,,UZ,Kun.uz,https://kun.uz/news/2024/12/29/xitoy-tibet-janubida-dunyodagi-eng-yirik-gesni-qurmoqchi-aholi-hindiston-va-ekologlar-qarshi,,"Xitoy Tibet janubida dunyodagi eng yirik GESni qurmoqchi. Aholi, Hindiston va ekologlar qarshi","Mahalliy tibetliklar esa mazkur loyiha oqibatida ko‘chirib yuborilish xavfiga duch kelmoqda. Ular uchun bu nafaqat uy-joy yo‘qotish, balki ko‘p asrlik madaniy va tarixiy merosidan ayrilishni anglatadi.",RELEVANT,ENERGY,NOT_RELEVANT,,,1,uz_1,mega-dam displacement/opposition frame
UZ-D01387,,UZ,Kun.uz,https://kun.uz/news/2020/09/24/sanjar-valiyev-iqlim-ozgarishi-30-yil-ichida-jahon-iqtisodiyotiga-8-trln-dollarga-tushadi,,Sanjar Valiyev: iqlim o‘zgarishi 30 yil ichida jahon iqtisodiyotiga 8 trln dollarga tushadi,O‘zbekiston prezidenti Shavkat Mirziyoyev BMT Bosh Assambleyasining 75-sessiyasida «Xalqaro ekologik tizimlarni himoya qilish va tiklash kuni»ni ta'sis etishni taklif qildi.,RELEVANT,OTHER_CLIMATE,RELEVANT,POLICY,,,gold,IAA adjudicated gold
UZ-D02857,,UZ,Daryo.uz,https://daryo.uz/uz/2015/12/03/hindistonga-iqlim-ozgarishi-oqibatlariga-qarshi-kurashish-uchun-2030-yilgacha-1-trln-dollar-kerak-boladi/,2015-12-03,Ҳиндистонга иқлим ўзгариши оқибатларига қарши курашиш учун 2030 йилгача 1 трлн доллар керак бўлади,Ўртача йиллик ҳароратнинг Цельсий ўлчами билан икки даражага ошишини 800 миллион ҳиндистонлик сезиб улгурди,RELEVANT,OTHER_CLIMATE,RELEVANT,POLICY,,,gold,IAA adjudicated gold
UZ-C00391,,UZ,Daryo.uz,https://daryo.uz/2019/08/23/toshkentda-iqlim-ozgarishiga-moslashish-choralariga-bagishlangan-seminar-trening-otkazildi/,2019-08-23,Qoraqalpog‘istonda iqlim o‘zgarishiga moslashish choralariga bag‘ishlangan seminar-trening o‘tkazildi,Seminar-trening Birlashgan Millatlar Tashkilotining Taraqqiyot Dasturi ko‘magida o‘tkazilgan,RELEVANT,POLICY,RELEVANT,POLICY,,,uz_1,Climate adaptation training seminar
UZ-00035,,UZ,Kun.uz,https://kun.uz/news/2025/02/17/muzliklarning-erishi-nomalum-viruslar-tarqalishiga-sabab-bolishi-mumkin,2025-02-17,Muzliklarning erishi noma’lum viruslar tarqalishiga sabab bo‘lishi mumkin,Nobel mukofoti sovrindori insoniyat uchun potensial xavflar haqida ogohlantirdi.,RELEVANT,WATER_CRYO,RELEVANT,WATER_CRYO,,1,uz_1,glacier melt releases viruses
UZ-D02115,,UZ,Kun.uz,https://kun.uz/news/2022/07/05/italiya-songgi-70-yil-ichidagi-eng-kuchli-qurgoqchilik-iskanjasida-qoldi-mamlakat-shimolida-favqulodda-vaziyat-elon-qilindi,,Italiya so‘nggi 70 yil ichidagi eng kuchli qurg‘oqchilik iskanjasida qoldi. Mamlakat shimolida favqulodda vaziyat e’lon qilindi,Italiya shimolidagi beshta regionda oxirgi 70 yil ichidagi eng kuchli qurg‘oqchilik sababli favqulodda vaziyat rejimi e’lon qilindi.,RELEVANT,WATER_CRYO,RELEVANT,DISASTER,,,uz_1,Italy worst drought 70 years
UZ-C00440,,UZ,Daryo.uz,https://daryo.uz/uz/2024/08/26/toshkent-viloyatidagi-eng-katta-muzlik-shiddat-bilan-erimoqda/,2024-08-26,Тошкент вилоятидаги энг катта музлик шиддат билан эримоқда — Гидрометеорология илмий тадқиқот институти,"Гидрометеорология илмий тадқиқот институти, Германия ер тадқиқотлари илмий маркази ва Яшил Марказий Осиё ташаббуси лойиҳалари асосида Тошкент вилоятидаги энг катта музликка экспедиция уюштирилди",RELEVANT,WATER_CRYO,RELEVANT,WATER_CRYO,,,uz_2,Tashkent region largest glacier melting
UZ-C00503,,UZ,Daryo.uz,https://daryo.uz/uz/2025/05/16/orol-dengizi-tubida-yuqori-darajadagi-shorlanishga-chidamli-osimlik-sinovdan-otkazildi/,2025-05-16,Орол денгизи тубида юқори даражадаги шўрланишга чидамли ўсимлик синовдан ўтказилди,Илмий гуруҳ томонидан ноёб кўчат экиш технологияси ишлаб чиқилган,RELEVANT,WATER_CRYO,RELEVANT,AGRI_LAND,,1,uz_1,Salt-tolerant plant on Aral bed
UZ-D00374,,UZ,Kun.uz,https://kun.uz/news/2023/09/12/ozbekistonda-iqlimiy-yoz-davom-etmoqda-ozgidromet,,O‘zbekistonda «iqlimiy yoz» davom etmoqda - «O‘zgidromet»,O‘zbekistonda kuzning boshlanishi iqlim sharoitiga ko‘ra taqvim sanalariga mos kelmaydi.,RELEVANT,SCIENCE_GEN,NOT_RELEVANT,,,1,uz_1,"climatic-summer note, no change link"
UZ-D03644,,UZ,Daryo.uz,https://daryo.uz/2016/03/11/ozbekistonning-togli-va-tog-oldi-hududlarida-sel-kelishi-xavfi-elon-qilindi/,2016-03-11,O‘zbekistonning tog‘li va tog‘ oldi hududlarida sel kelishi xavfi e’lon qilindi,"Avvlaroq O‘zbekistonning 2,5 ming metrdan yuqori tog‘li hududlarida 16-martga qadar qor ko‘chishi xavfi borligi haqida xabar berilgan edi",NOT_RELEVANT,,NOT_RELEVANT,,,,uz_2,
UZ-D00643,,UZ,Kun.uz,https://kun.uz/ru/news/2023/01/06/teplichniki-i-sadovody-uzbekistana-vstrevojyeny-gryadushchimi-anomalnymi-xolodami,,Тепличники и садоводы Узбекистана встревожены грядущими аномальными холодами,Садоводы и представители тепличного бизнеса Узбекистана встревожены прогнозами погоды на ближайшие дни.,NOT_RELEVANT,,NOT_RELEVANT,,,,gold,IAA adjudicated gold
UZ-D04873,,UZ,Kun.uz,https://kun.uz/news/2018/01/20/kozogiston-donbass-bujica-muzokaralarni-utkazisga-tajerligini-bildirdi,,Qozog‘iston Donbass bo‘yicha muzokaralarni o‘tkazishga tayyorligini bildirdi,"Qozog‘iston Donbassdagi ixtilof tomonlari rozi bo‘lsa, Ostonada Donbass bo‘yicha muzokaralar o‘tkazishga tayyor. Bu haqda 19 yanvarda Qozog‘istonning BMTdagi doimiy vakili Qayrat Umarov TASS axborot agentligining Ukrainadagi vaziyatni hal qilish bo‘yicha kelishuvlarni Minskdan boshqa yerga o‘tkazish imkoniyatiga izoh berish iltimosiga javoban aytdi",NOT_RELEVANT,,NOT_RELEVANT,,,,uz_2,
UZ-D01886,,UZ,Daryo.uz,https://daryo.uz/uz/2016/06/19/test-mamlakatni-uning-chegaralari-chizmasi-boyicha-taniy-olasizmi/,2016-06-19,Тест: Мамлакатни унинг чегаралари чизмаси бўйича таний оласизми?,Италия жаҳон харитасида этиксимон бўлиб кўриниши ҳаммага маълум. Бироқ қолган мамлакатлар-чи?,NOT_RELEVANT,,NOT_RELEVANT,,,,uz_2,
UZ-D03662,,UZ,Daryo.uz,https://daryo.uz/uz/2020/01/18/turkmanistonda-chegaralar-yopilganidan-song-erondan-kirib-keladigan-coca-cola-va-tamaki-mahsulotlari-yoqolib-qoldi/,2020-01-18,Туркманистонда чегаралар ёпилганидан сўнг Эрондан кириб келадиган Coca-Cola ва тамаки маҳсулотлари йўқолиб қолди,Ашхабод аҳолиси эса қўшни мамлакат билан чегаралар ёпиб қўйилганидан норози,NOT_RELEVANT,,NOT_RELEVANT,,,,uz_2,
UZ-D02007,,UZ,Daryo.uz,https://daryo.uz/2022/02/04/yangi-zelandiya-oz-chegaralari-bosqichma-bosqich-ochilishini-elon-qildi/,2022-02-04,Yangi Zelandiya o‘z chegaralari bosqichma-bosqich ochilishini e’lon qildi,Mamlakatga kelayotgan barcha fuqarolar mustaqil ravishda o‘zini 10 kunga yakkalashi kerak bo‘ladi,NOT_RELEVANT,,NOT_RELEVANT,,,,uz_1,
UZ-D05499,,UZ,Daryo.uz,https://daryo.uz/uz/2018/07/16/jch-2018-yakunlari-harri-keyn-topurar-grizmann-eng-samarali-oyinchi-manjukich-kuchli-uchlikda/,2018-07-16,"ЖЧ—2018 якунлари: Ҳарри Кейн тўпурар, Гризманн энг самарали ўйинчи, Манжукич кучли учликда","Кеча, 15 июль санасида футбол бўйича XXI Жаҳон Чемпионати якунига етди",NOT_RELEVANT,,NOT_RELEVANT,,,,uz_1,
UZ-D03784,,UZ,Daryo.uz,https://daryo.uz/2020/05/06/jizzaxda-sel-kelishi-oqibatida-10-yoshli-qizcha-suvda-oqib-halok-boldi/,2020-05-06,Jizzaxda sel kelishi oqibatida 10 yoshli qizcha suvda oqib halok bo‘ldi,Qiz dala maydonidan mollarini uyiga haydab kelish uchun soydan o‘tayotgan vaqtida sel toshqini oqibatida suvda oqqan,NOT_RELEVANT,,NOT_RELEVANT,,,,uz_2,
UZ-C00444,,UZ,Daryo.uz,https://daryo.uz/2026/01/18/ozbekistonliklar-uchun-aqsh-vizasini-soddalashtirish-boyicha-muzokaralar-boshlangan-elchi-furqat-siddiqov/,2026-01-18,“Oʻzbekistonliklar uchun AQSH vizasini soddalashtirish boʻyicha muzokaralar boshlangan” — elchi Furqat Siddiqov,"Oʻzbekistonning Amerikadagi elchisi kelishuvga erishish oson emasligi, biroq natija uchun tinimsiz harakat qilinayotganini aytdi.",NOT_RELEVANT,,NOT_RELEVANT,,,,gold,IAA adjudicated gold
UZ-C02251,,UZ,Daryo.uz,https://daryo.uz/uz/2025/12/13/saida-mirziyoyeva-rimda-insoniy-birodarlik-mukofoti-sovrindorlarini-saralash-jarayonida-qatnashdi/,2025-12-13,Саида Мирзиёева Римда “Инсоний биродарлик” мукофоти совриндорларини саралаш жараёнида қатнашди,"“Ҳурматли ҳайъат аъзолари билан биргаликда мукофот совриндорларини саралаш жараёнида қатнашганимдан хурсандман”, деган Президент администрацияси раҳбари.",NOT_RELEVANT,,NOT_RELEVANT,,,,uz_2,
UZ-D02195,,UZ,Daryo.uz,https://daryo.uz/2019/01/24/toshkentda-fevral-boshida-ozbekiston-va-yevroittifoq-ortasidagi-hamkorlik-togrisidagi-bitim-boyicha-muzokaralarning-birinchi-raundi-bolib-o/,2019-01-24,Toshkentda fevral boshida O‘zbekiston va Yevroittifoq o‘rtasidagi hamkorlik to‘g‘risidagi bitim bo‘yicha muzokaralarning birinchi raundi bo‘lib o‘tadi,Tashqi ishlar vaziri o‘rinbosari Dilshod Axatov Yevropa Ittifoqining Markaziy Osiyo bo‘yicha maxsus vakili Piter Burian bilan uchrashdi,NOT_RELEVANT,,NOT_RELEVANT,,,,uz_2,
UZ-D00977,,UZ,Kun.uz,https://kun.uz/news/2019/11/01/ekologiya-qomitasi-chiqindilarni-belgilangan-joyga-tashlash-boyicha-ogohlantirish-bilan-chiqdi,,Ekologiya qo‘mitasi chiqindilarni belgilangan joyga tashlash bo‘yicha ogohlantirish bilan chiqdi,Chiqindilarni belgilanmagan joylarga tashlash chiqindilarni kompleks boshqarish sohasidagi qonunchilik talablarining buzilishiga hamda O‘zbekiston Respublikasi MJTKning 91-moddasiga muvofiq jarima qo‘llanilishiga sabab bo‘ladi.,NOT_RELEVANT,,NOT_RELEVANT,,,,uz_2,
UZ-D02930,,UZ,Daryo.uz,https://daryo.uz/2018/08/14/aqsh-tehronning-bayonotlariga-qaramay-eron-bilan-muzokaralarga-tayyorligini-malum-qildi/,2018-08-14,"AQSh Tehronning bayonotlariga qaramay, Eron bilan muzokaralarga tayyorligini ma’lum qildi",Milliy xavfsizlik borasidagi shoshilinch muammolar yechimini topish uchun prezident Donald Tramp Eron bilan muloqot olib borishga tayyor,NOT_RELEVANT,,NOT_RELEVANT,,,,uz_1,
UZ-C01171,,UZ,Kun.uz,https://kun.uz/en/news/2024/08/28/the-olympics-were-literally-full-of-records-and-unparalleled-achievements-for-us-shavkat-mirziyoyev,,“The Olympics were literally full of records and unparalleled achievements for us” – Shavkat Mirziyoyev,"The meeting of President Shavkat Mirziyoyev with the athletes who participated in the Paris Olympics, their parents and coaches began at the Kuksaroy residence.",NOT_RELEVANT,,NOT_RELEVANT,,,,gold,IAA adjudicated gold
UZ-C02048,,UZ,Daryo.uz,https://daryo.uz/2023/03/08/ozbekiston-ekologiyasi-eng-yomon-dunyodagi-6-ta-davlat-qatoriga-kiritildi/,2023-03-08,O‘zbekiston ekologiyasi eng yomon dunyodagi 6 ta davlat qatoriga kiritildi,Legatum Institute tomonidan har yili tuziladigan farovonlik indeksi e’lon qilindi,NOT_RELEVANT,,NOT_RELEVANT,,,1,uz_1,"Generic ecology ranking, no climate"
UZ-D00089,,UZ,Kun.uz,https://kun.uz/news/2023/09/06/osiyo-kubogi-u23-saralashi-ozbekiston-olimpiada-2024-sari-yolni-81-hisobidagi-galaba-bilan-boshladi,,Osiyo kubogi U23 saralashi. O‘zbekiston Olimpiada-2024 sari yo‘lni 8:1 hisobidagi g‘alaba bilan boshladi,O‘zbekiston olimpiya jamoasi Osiyo kubogi U23 saralash o‘yinlari «Ye» guruhi bahslarini yirik g‘alaba bilan boshladi.,NOT_RELEVANT,,NOT_RELEVANT,,,,uz_1,
UZ-D03005,,UZ,Kun.uz,https://kun.uz/en/news/2025/11/19/ecology-ministry-removed-from-government-structure-and-turned-into-an-independent-committee,,Ecology Ministry removed from government structure and turned into an independent committee,"Uzbekistan has overhauled its environmental governance system, separating the Ecology Ministry from the Cabinet of Ministers and transforming it into an independent national committee. The changes are set out in a presidential decree and resolution.",NOT_RELEVANT,,NOT_RELEVANT,,,,uz_1,
UZ-D01852,,UZ,Daryo.uz,https://daryo.uz/uz/2025/11/25/fargonada-hokim-orinbosari-ekologiya-inspektoriga-kuch-ishlatgani-aytilmoqda/,2025-11-25,Фарғонада ҳоким ўринбосари экология инспекторига куч ишлатгани айтилмоқда,"Бувайда тумани ҳокими ўринбосари Саидали Хидиров ноқонуний дарахт кесиш ҳолатини расмийлаштирмоқчи бўлган Экология қўмитаси инспектори Аҳроржон Ниёзовга куч ишлатиб, Миллий гвардия ходимлари ёрдамида туман ИИБга олиб кетди.",NOT_RELEVANT,,NOT_RELEVANT,,,,uz_1,
UZ-C01513,,UZ,Daryo.uz,https://daryo.uz/2023/06/13/2025-yildan-toshkent-xiva-jaloliddin-manguberdi-tezyurar-poyezdi-qatnovi-yolga-qoyiladi/,2023-06-13,2025-yildan Toshkent-Xiva “Jaloliddin Manguberdi” tezyurar poyezdi qatnovi yo‘lga qo‘yiladi,"Kelgusi yetti yilda Xorazmda turizm uchun, yo‘l, elektr va suv infratuzilmasiga 200 million dollar sarflanadi",NOT_RELEVANT,,NOT_RELEVANT,,,,uz_2,
UZ-D01716,,UZ,Kun.uz,https://kun.uz/en/news/2019/10/24/epsilon-together-with-uzbekneftegaz-increases-hydrocarbon-production,,Epsilon together with Uzbekneftegaz increases hydrocarbon production,Epsilon together with Uzbekneftegaz JSC increased hydrocarbon production.,NOT_RELEVANT,,NOT_RELEVANT,,,,gold,IAA adjudicated gold
UZ-D00495,,UZ,Daryo.uz,https://daryo.uz/uz/2020/09/21/tibbiyot-xodimlari-bolalar-sonini-chegaralamagan-ssv-vakili-andijonda-tugilgan-11-farzand-haqida-izoh-berdi/,2020-09-21,«Тиббиёт ходимлари болалар сонини чегараламаган». ССВ вакили Андижонда туғилган 11-фарзанд ҳақида изоҳ берди,"Шифокор Барно Абдусаматованинг таъкидлашича, туғруқнинг оралиқ масофасини сақлаш ҳар бир аёлнинг индивидуал организмига боғлиқ",NOT_RELEVANT,,NOT_RELEVANT,,,,uz_2,
UZ-C01753,,UZ,Daryo.uz,https://daryo.uz/uz/2024/04/13/ozbekistonning-qator-hududlaridakuchli-yogingarchilik-oqibatida-sel-hodisalari-kuzatilmoqda/,2024-04-13,Ўзбекистоннинг қатор ҳудудларида кучли ёғингарчилик оқибатида сел ҳодисалари кузатилмоқда,Аввалроқ Ўзбекистоннинг 9 та вилоятида сел-сув тошқини хавфи эълон қилинганди,NOT_RELEVANT,,RELEVANT,DISASTER,,1,uz_1,"Rain-driven sel events, weak climate frame"
UZ-D01988,,UZ,Kun.uz,https://kun.uz/news/2021/08/11/sizda-bel-boyin-sohalaringizda-doimiy-ogriq-bormi-ogriqlardan-oson-va-samarali-xolos-bolishingiz-uchun-maxsus-trenajyer,,"Sizda bel, bo‘yin sohalaringizda doimiy og‘riq bormi? Og‘riqlardan oson va samarali xalos bo‘lishingiz uchun maxsus trenajyer!","Statistik ma'lumotlarga ko‘ra, sayyoramiz aholisining katta qismi umurtqa pog‘onasining turli kasalliklari bilan og‘riydilar.",NOT_RELEVANT,,NOT_RELEVANT,,,,gold,IAA adjudicated gold
UZ-D04976,,UZ,Daryo.uz,https://daryo.uz/2015/08/20/yechl-4-saralash-bosqichining-dastlabki-oyinlari-yakunlandi/,2015-08-20,YeChL 4-saralash bosqichining dastlabki o‘yinlari yakunlandi,Ukrainaning “Shaxtyor” klubi safarda “Rapid”ni kichik hisobda yengdi. “Valensiya” o‘z maydonida “Monako”ni 3:1 hisobida taslim etdi,NOT_RELEVANT,,NOT_RELEVANT,,,,uz_1,
UZ-C01918,,UZ,Daryo.uz,https://daryo.uz/2022/05/15/hech-kimni-ragbatsiz-qoldirmaydigan-bozatov-festning-saralash-bosqichi-oz-nihoyasiga-yetdi/,2022-05-15,Hech kimni rag‘batsiz qoldirmaydigan “Bo‘zatov fest”ning saralash bosqichi o‘z nihoyasiga yetdi,Qoraqalpog‘istonda bo‘lib o‘tayotgan “Yoshlar ovozi” tanlovining saralash bosqichi tugatildi. O‘rin olmaganlarga ham 10 million so‘m pul mokofoti beriladi,NOT_RELEVANT,,NOT_RELEVANT,,,,uz_2,
UZ-C00817,,UZ,Kun.uz,https://kun.uz/en/news/2024/07/03/major-water-pipeline-burst-in-tashkents-yunusabad-leads-to-widespread-flooding-and-water-outages,,Major water pipeline burst in Tashkent’s Yunusabad leads to widespread flooding and water outages,"Due to a malfunction in a large water conduit network in the Yunusabad district of the capital, the streets have filled with water. A significant part of the area has been cut off from the water supply.",NOT_RELEVANT,,NOT_RELEVANT,,,,uz_2,
UZ-D00847,,UZ,Daryo.uz,https://daryo.uz/uz/2016/08/31/gazprom-turk-oqimi-borasidagi-muzokaralarni-31-avgustdan-qayta-tiklaydi/,2016-08-31,«Газпром» «Турк оқими» борасидаги музокараларни 31 августдан қайта тиклайди,Лойиҳа устидаги ишлар қайтадан бошлаб юборилиши ҳақида бир муддат илгари Путин маълум қилган эди,NOT_RELEVANT,,NOT_RELEVANT,,,,uz_1,
UZ-D04341,,UZ,Kun.uz,https://kun.uz/en/news/2021/01/10/carbon-monoxide-poisoning-kills-a-couple-in-syrdarya,,Carbon monoxide poisoning kills a couple in Syrdarya,"A 33-year-old man and his 26-year-old wife died as a result of carbon monoxide poisoning in the Syrdarya region. Their 2-year-old daughter was admitted to the hospital’s intensive care unit, Kun.uz correspondent reports with reference to the regional prosecutor’s office.",NOT_RELEVANT,,NOT_RELEVANT,,,,uz_1,
UZ-D00703,,UZ,Daryo.uz,https://daryo.uz/uz/2025/07/11/quyosh-energiyasi-yevropa-ittifoqida-ilk-bor-asosiy-energiya-manbai-boldi/,2025-07-11,Қуёш энергияси Европа Иттифоқида илк бор асосий энергия манбаи бўлди,Францияда шу сабабли электр энергияси нархи арзонлашди,NOT_RELEVANT,,RELEVANT,ENERGY,,,uz_1,Solar became EU main source
UZ-D00332,,UZ,Daryo.uz,https://daryo.uz/uz/2022/08/07/chilonzorda-yol-kengaytirish-ishlarida-101-tup-daraxt-ildizi-shikastlangan-davlat-ekologiya-qomitasi/,2022-08-07,Чилонзорда йўл кенгайтириш ишларида 101 туп дарахт илдизи шикастланган — Давлат экология қўмитаси,Аввалроқ пойтахт ҳокимлиги 7 туп дарахт илдизига қисман зарар етказилганини маълум қилганди,NOT_RELEVANT,,NOT_RELEVANT,,,,uz_1,
UZ-C00510,,UZ,Kun.uz,https://kun.uz/news/2025/09/22/ozbekistonga-olib-kiriladigan-mashinalarni-ekologik-sertifikatlash-bekor-qilinadi,,O‘zbekistonga olib kiriladigan mashinalarni ekologik sertifikatlash bekor qilinadi,“Respublikada g‘ildirakli transport vositalarining ekologik toifa talablariga muvofiqligini baholash tizimini yanada takomillashtirish chora-tadbirlari to‘g‘risida”gi hukumat qarori qabul qilindi.,NOT_RELEVANT,,NOT_RELEVANT,,,1,uz_1,vehicle eco-certification deregulation
UZ-D02427,,UZ,Kun.uz,https://kun.uz/en/news/2023/05/24/masdar-wins-a-tender-for-construction-of-solar-power-plant-in-kashkadarya,,Masdar wins a tender for construction of solar power plant in Kashkadarya,"The company offered 3 cents per kilowatt-hour, and estimated the entire project at about $249.5 million.",NOT_RELEVANT,,RELEVANT,ENERGY,,,uz_1,Masdar solar plant tender
UZ-D02877,,UZ,Daryo.uz,https://daryo.uz/uz/2026/05/01/instagram-yulduz-usmonovaga-konsertda-non-sovga-qilishdi-tohir-sodiqov-nevarali-boldi-munisa-rizayevadan-onalarga-tavsiyalar/,2026-05-01,"Instagram: Юлдуз Усмоновага концертда нон совға қилишди, Тоҳир Содиқов неварали бўлди, Муниса Ризаевадан оналарга тавсиялар",Ижтимоий тармоқдаги қизиқарли фото ва видеолар.,NOT_RELEVANT,,NOT_RELEVANT,,,,uz_2,
UZ-D02582,,UZ,Daryo.uz,https://daryo.uz/uz/2022/07/13/dorilarsiz-davolanamiz-shamollashni-yengishning-vaqt-sinovidan-otgan-samarali-usullari/,2022-07-13,"Дориларсиз даволанамиз: шамоллашни енгишнинг вақт синовидан ўтган, самарали усуллари","Агар шамоллаш бурун битиши билан келса, бурунни илиқ шўр сув билан ювиш ёрдам бериши мумкин",NOT_RELEVANT,,NOT_RELEVANT,,,,gold,IAA adjudicated gold
UZ-C01141,,UZ,Daryo.uz,https://daryo.uz/uz/2023/03/03/ozbekistonning-toqqizta-viloyatida-sel-suv-toshqini-yuzaga-kelishi-mumkin/,2023-03-03,Ўзбекистоннинг тўққизта вилоятида сел-сув тошқини юзага келиши мумкин,"Республика бўйича вақти-вақти билан ёмғир ёғиши, тоғли ҳудудларда ёғингарчилик кучли бўлиши кутилмоқда",NOT_RELEVANT,,NOT_RELEVANT,,,,uz_2,
UZ-D03852,,UZ,Daryo.uz,https://daryo.uz/uz/2020/11/15/yangi-zelandiyada-firibgarlar-yil-qushi-saylovlari-aralashishga-urinib-kichkina-dogdor-kiviga-15-ming-ovoz-berdi/,2020-11-15,"Янги Зеландияда фирибгарлар «йил қуши» сайловларига аралашишга уриниб, кичкина доғдор кивига 1,5 мингта овоз берди",Бу каби сохта овозларни сайловнинг расмий кузатувчилари пайқаб қолган ва шундан сўнг уларни ўчириб ташлаган,NOT_RELEVANT,,NOT_RELEVANT,,,,uz_2,
UZ-D00575,,UZ,Kun.uz,https://kun.uz/news/2025/03/17/the-independent-kiyev-muzokaralarning-qizil-chiziqlarini-belgilab-oldi,,The Independent: Kiyev muzokaralarning «qizil chiziqlari»ni belgilab oldi,"Kiyev qo‘shimcha hududiy yon berishlarga tayyor emas va olib chiqib ketilgan bolalar va tinch aholini qaytarishni, shuningdek, xalqaro xavfsizlik kafolatlarini talab qilmoqda, deb yozadi The Independent.",NOT_RELEVANT,,NOT_RELEVANT,,,,uz_2,
UZ-D01638,,UZ,Kun.uz,https://kun.uz/news/2022/05/19/ekologiyaning-ifloslanishi-dunyodagi-har-oltinchi-olimning-sababi-ekani-malum-boldi,,Ekologiyaning ifloslanishi dunyodagi har oltinchi o‘limning sababi ekani ma’lum bo‘ldi,"Atrof-muhit ifloslanishining maishiy turlaridan o‘lim darajasi kamayganiga qaramay, sanoat ifloslanishidan o‘limlar soni bir yarim baravar oshdi.",NOT_RELEVANT,,NOT_RELEVANT,,1,,uz_2,
UZ-C00634,,UZ,Daryo.uz,https://daryo.uz/uz/2023/01/13/rossiya-tiv-ukraina-bilan-vositachilarsiz-muzokaralar-olib-borishni-yoqlab-chiqdi/,2023-01-13,Россия ТИВ Украина билан воситачиларсиз музокаралар олиб боришни ёқлаб чиқди,"Россия ва Украина ўртасида музокаралар қайта бошланган тақдирда, улар, катта эҳтимол билан, бевосита бўлади",NOT_RELEVANT,,NOT_RELEVANT,,,,gold,IAA adjudicated gold
UZ-C01193,,UZ,Daryo.uz,https://daryo.uz/uz/2026/01/15/ozbekiston-chegaralarini-bayraktar-dronlari-himoya-qiladi/,2026-01-15,Ўзбекистон чегараларини Bayraktar дронлари ҳимоя қилади,ДХХ раиси Баҳодир Қурбонов Bayraktar дронлари билан бутланган янги махсус бўлинманинг жанговар навбатчилиги йўлга қўйилганини маълум қилди.,NOT_RELEVANT,,NOT_RELEVANT,,,,uz_2,
UZ-C00023,,UZ,Daryo.uz,https://daryo.uz/uz/2020/08/18/yangi-poyabzal-oyoqni-urganda-yarani-davolashning-7-ta-samarali-usuli/,2020-08-18,"Янги пойабзал оёқни урганда, ярани даволашнинг 7 та самарали усули",Қадоқ яраларни даволашда бирон бир крем ёки малҳам дори суриш мумкин эмас,NOT_RELEVANT,,NOT_RELEVANT,,,,uz_2,
UZ-C01685,,UZ,Daryo.uz,https://daryo.uz/uz/2022/09/09/samarali-va-amalda-ishlaydigan-tadbirkorlikka-oid-qonun-qabul-qilishda-nimalarga-etibor-berish-kerak/,2022-09-09,Самарали ва амалда ишлайдиган. Тадбиркорликка оид қонун қабул қилишда нималарга эътибор бериш керак?,Бешта асосий саволга ижобий жавоб берадиган қонунни қабул қилиш кўзланган самарани бериши мумкин,NOT_RELEVANT,,NOT_RELEVANT,,,,uz_1,
UZ-D05095,,UZ,Kun.uz,https://kun.uz/news/2018/04/23/savkat-mirzieev-gurbanguli-berdimuamedov-bilan-ucrasdi-kuksarojda-olij-darazadagi-muzokaralar-boslandi,,Shavkat Mirziyoyev Gurbanguli Berdimuhamedov bilan uchrashdi,Turkmaniston Prezidenti Gurbanguli Berdimuhamedovning davlat tashrifi doirasidagi asosiy tadbirlar Ko‘ksaroy qarorgohida bo‘lib o‘tmoqda.,NOT_RELEVANT,,NOT_RELEVANT,,,,uz_2,
UZ-C01016,,UZ,Kun.uz,https://kun.uz/news/2025/07/30/play-mobile-sms-xabarlari-biznes-uchun-qulay-va-samarali-vositadir,,Play Mobile SMS-xabarlari biznes uchun qulay va samarali vositadir,"Arzon narx, yuqori ishonchlilik va keng funksionallik uyg‘unligi tufayli SMS-jo‘natmalar kompaniyalar o‘z mijozlariga axborotni tez va aniq yetkazish uchun qulay yechimga aylandi.",NOT_RELEVANT,,NOT_RELEVANT,,,,uz_2,
UZ-D05244,,UZ,Daryo.uz,https://daryo.uz/uz/2024/09/04/isroil-gazodagi-muzokaralarni-toxtatishga-harakat-qilmoqda/,2024-09-04,Исроил Ғазодаги музокараларни тўхтатишга ҳаракат қилмоқда,"“Олти нафар фуқароси гаровга олинган ҳолда ўлдирилган давлат қотиллар билан музокаралар олиб бормайди, балки музокараларни тўхтатади” дейди Исроил миллий хавфсизлик вазири",NOT_RELEVANT,,NOT_RELEVANT,,,,gold,IAA adjudicated gold
UZ-C00799,,UZ,Daryo.uz,https://daryo.uz/uz/2020/05/03/ozbekiston-biz-tomonga-bir-tomchi-suv-ham-oqmayotganini-aytgandi-maxtaral-tuman-hokimi-qozogistondagi-yana-bir-qishloqni-suv-bosgani-haqida/,2020-05-03,«Ўзбекистон биз томонга бир томчи сув ҳам оқмаётганини айтганди». Туркистон вилояти ҳокими ўринбосари Қозоғистондаги яна бир қишлоқни сув босгани ҳақида,Қозоғистонга сув ҳали ҳам келишда давом этаётгани айтилмоқда,NOT_RELEVANT,,NOT_RELEVANT,,,1,uz_1,"Village flooding/water dispute, no climate frame"
UZ-D02232,,UZ,Daryo.uz,https://daryo.uz/uz/2024/08/27/foto-tongdagi-samarqand-manzaralari/,2024-08-27,Фото: Тонгги Самарқанд манзаралари,“Дарё” фотомухбири Мадина Нурман Самарқанд шаҳридаги тонгги сайр вақтида ушбу кўҳна ва қадим масканнинг ўзига хос манзараларини кадрларга муҳрлади,NOT_RELEVANT,,NOT_RELEVANT,,,,uz_1,
UZ-C00197,,UZ,Daryo.uz,https://daryo.uz/2025/03/06/ukraina-va-aqsh-rossiya-bilan-bolajak-muzokaralar-sanasi-va-joyini-muhokama-qildi/,2025-03-06,Ukraina va AQSH Rossiya bilan bo‘lajak muzokaralar sanasi va joyini muhokama qildi,Trampning Ukrainaga harbiy yordamni qachon tiklashi ma’lum qilindi,NOT_RELEVANT,,NOT_RELEVANT,,,,uz_1,
UZ-C01986,,UZ,Daryo.uz,https://daryo.uz/2019/02/24/fotogalereya-betakror-baykal-muzliklari/,2019-02-24,Fotogalereya: Betakror Baykal muzliklari,Muz g‘orlar ichidagi harorat tashqaridan ancha iliq,NOT_RELEVANT,,NOT_RELEVANT,,,,uz_2,
UZ-D01574,,UZ,Daryo.uz,https://daryo.uz/uz/2020/01/19/trampning-yuristlari-impichmentni-aqshdagi-bolajak-prezidentlik-saylovlariga-aralashish-sifatida-baholadi/,2020-01-19,Трампнинг юристлари импичментни АҚШдаги бўлажак президентлик сайловларига аралашиш сифатида баҳолади,АҚШ президентининг юристлари гуруҳи мамлакат Сенатига давлат раҳбарига нисбатан эълон қилинган ҳокимиятни суиистеъмол қилиш ва Конгрессга тўсқинлик қилиш бўйича айбловларга жавоб йўллади,NOT_RELEVANT,,NOT_RELEVANT,,,,uz_1,
UZ-D03893,,UZ,Daryo.uz,https://daryo.uz/2016/11/01/oq-uy-fqbning-klinton-yozishmalari-haqidagi-ishni-qayta-boshlash-haqidagi-qaroriga-aralashmaydi/,2016-11-01,Oq uy FQBning Klinton yozishmalari haqidagi ishni qayta boshlash haqidagi qaroriga aralashmaydi,Qarorlar Oq uy bilan kelishilmagan va Oq uy xodimlaridan hech biri “ularning asl mohiyatini bilmaydi”,NOT_RELEVANT,,NOT_RELEVANT,,,,uz_1,
UZ-D02284,,UZ,Daryo.uz,https://daryo.uz/2017/06/02/ozbekiston-tojikiston-ortasida-chegarani-delimitatsiya-qilish-boyicha-muzokaralar-bolib-otdi/,2017-06-02,O‘zbekiston — Tojikiston o‘rtasida chegarani delimitatsiya qilish bo‘yicha muzokaralar bo‘lib o‘tdi,Uchrashuvda davlat chegarasini kelishilmagan ayrim uchrastkalaridan o‘tadigan chegara chizig‘ining huquqiy masalalari muhokama qilindi,NOT_RELEVANT,,NOT_RELEVANT,,,,uz_2,
UZ-C01078,,UZ,Daryo.uz,https://daryo.uz/2020/10/07/putin-nevaralarim-bor-ular-juda-shirin-bolachalar/,2020-10-07,"Vladimir Putin: “Nevaralarim bor, ular juda shirin bolachalar”",Putin bilan bo‘lgan katta intervyu 7-oktabr — uning tug‘ilgan kunida e’lon qilindi,NOT_RELEVANT,,NOT_RELEVANT,,,,gold,IAA adjudicated gold
UZ-D02994,,UZ,Daryo.uz,https://daryo.uz/uz/2018/01/01/fotogalereya-irlandiyaning-sehrli-manzaralari-5/,2018-01-01,Фотогалерея: Ирландиянинг сеҳрли манзаралари,"Ирландия фақатгина бетакрор табиати билан машҳур эмас. У ўзига хос тарих, маданият ва мифологияга ҳам эгадир",NOT_RELEVANT,,NOT_RELEVANT,,,,uz_2,
UZ-D05084,,UZ,Kun.uz,https://kun.uz/news/2023/03/17/kreml-gaz-shantaji-orqali-moldova-siyosatiga-aralashadi-putin-mamuriyatining-maxfiy-strategiyasi,,Kreml gaz shantaji orqali Moldova siyosatiga aralashadi: Putin ma’muriyatining maxfiy strategiyasi,"Rossiya FXX yillar davomida Moldovaga o‘z ofitserlarini diplomatlar ko‘rinishida jo‘natib, ular orqali prezidentgacha bo‘lgan mahalliy siyosatchilar hamda butun bir ayirmachi hudud - Dnestrbo‘yini boshqargan. Maqsad - mamlakatni to‘liq Rossiya izmiga qaytarish.",NOT_RELEVANT,,NOT_RELEVANT,,,,uz_1,
UZ-C02204,,UZ,Daryo.uz,https://daryo.uz/uz/2024/08/30/paralimpiyapara-suzuvchi-muslima-odilova-bronza-medali-sohibasi/,2024-08-30,Паралимпия. Пара сузувчи Муслима Одилова — бронза медали соҳибаси,Ўзбекистон делегацияси илк медални қўлга киритди,NOT_RELEVANT,,NOT_RELEVANT,,,,uz_2,
UZ-D00997,,UZ,Kun.uz,https://kun.uz/en/news/2019/12/18/annular-solar-eclipse-expected-on-december-26,,Annular solar eclipse expected on December 26,"On December 26, people in Uzbekistan will be able to witness a solar eclipse, the Academy of Sciences said.",NOT_RELEVANT,,NOT_RELEVANT,,,,uz_1,
UZ-D02319,,UZ,Kun.uz,https://kun.uz/ru/news/2020/05/05/kazaxstan-napravit-notu-uzbekistanu-iz-za-navodneniy-v-turkestanskoy-oblasti,,Казахстан направит ноту Узбекистану из-за наводнений в Туркестанской области,"Казахстан направит ноту в Узбекистан в связи с затопленными населенными пунктами в Туркестанской области из-за прорыва дамбы Сардобинского водохранилища. Об этом вице-министр экологии, геологии и природных ресурсов Сергей Громов сообщил в интервью телеканалу Atameken Business.",NOT_RELEVANT,,NOT_RELEVANT,,,,gold,IAA adjudicated gold
UZ-D04835,,UZ,Daryo.uz,https://daryo.uz/2016/08/29/bryussel-kriminologiya-institutida-portlash-sodir-boldi/,2016-08-29,Bryussel Kriminologiya institutida portlash sodir bo‘ldi,"Binoda hech kim bo‘lmagani sababli, portlash natijasida institut xodimlaridan hech biri zarar ko‘rmadi",NOT_RELEVANT,,NOT_RELEVANT,,,,uz_2,
UZ-D01078,,UZ,Daryo.uz,https://daryo.uz/uz/2018/06/15/davlat-chegarasini-delimitatsiya-qilish-boyicha-ozbekiston-qirgiziston-muzokaralari-bolib-otdi/,2018-06-15,Давлат чегарасини делимитация қилиш бўйича Ўзбекистон — Қирғизистон музокаралари бўлиб ўтди,Қўшма фаолият конструктив асосда ва дўстона руҳда ўтди,NOT_RELEVANT,,NOT_RELEVANT,,,,uz_2,
UZ-C00181,,UZ,Daryo.uz,https://daryo.uz/uz/2024/05/08/ozbekistonlik-hakamlar-jamoasi-jch2026-saralash-uchrashuviga-tayinlov-oldi/,2024-05-08,Ўзбекистонлик ҳакамлар жамоаси ЖЧ—2026 саралаш учрашувига тайинлов олди,Ўзбекистонлик ҳакамлар саралашнинг иккинчи босқичида ишлайди,NOT_RELEVANT,,NOT_RELEVANT,,,,uz_1,
UZ-D05596,,UZ,Daryo.uz,https://daryo.uz/2026/02/24/isroil-hizbulloh-aqsh-eron-urushiga-aralashsa-livan-fuqarolik-infratuzilmasiga-zarba-berish-bilan-tahdid-qildi/,2026-02-24,"Isroil “Hizbulloh” AQSH-Eron urushiga aralashsa, Livan fuqarolik infratuzilmasiga zarba berish bilan tahdid qildi",Yahudiy davlati Bayrut xalqaro aeroporti va boshqa hayotiy muhim obyektlar nishonga olinishidan ogohlantirdi. Sababi livanlik guruh Tehron va Vashington o‘rtasidagi yuzaga kelishi mumkin bo‘lgan urushda neytral qolmasligini bildirgan edi.,NOT_RELEVANT,,NOT_RELEVANT,,,,uz_1,
UZ-D04582,,UZ,Daryo.uz,https://daryo.uz/uz/2016/08/24/rossiya-tiv-rossiya-termasining-riodagi-paralimpiadadan-chetlashtirilishi-jinoyatdir/,2016-08-24,Россия ТИВ: Россия термасининг Риодаги Паралимпиададан четлаштирилиши жиноятдир,"«Ушбу исм-шарифлар шубҳасиз тарихга, шармандали тарихга битилади. Чунки бугун жиноят содир бўлди», — деди Захарова",NOT_RELEVANT,,NOT_RELEVANT,,,,uz_1,
UZ-C00124,,UZ,Kun.uz,https://kun.uz/news/2026/01/16/yei-chegaralarini-noqonuniy-kesib-otishlar-soni-26-foizga-kamaydi,,YeI chegaralarini noqonuniy kesib o‘tishlar soni 26 foizga kamaydi,"2025 yilda Yevropa Ittifoqi chegaralarini noqonuniy kesib o‘tish holatlari soni 26 foizga kamayib, 178 000 taga tushdi. Bu 2021 yildan beri eng past ko‘rsatkich hisoblanadi. Bu haqda payshanba kuni, 15 yanvarda Varshavada joylashgan Yevropa Ittifoqining chegara nazorati agentligi Frontex taqdim etgan ma’lumotlarda aytilgan.",NOT_RELEVANT,,NOT_RELEVANT,,,,uz_2,
UZ-D03947,,UZ,Daryo.uz,https://daryo.uz/uz/2026/02/16/ozbekistonning-9-ta-viloyatida-sel-xavfi-elon-qilindi/,2026-02-16,Ўзбекистоннинг 9 та вилоятида сел хавфи эълон қилинди,"Республиканинг айрим ҳудудларида 16—17 февраль кунлари ёмғир сувлари тўпланиши эҳтимоли бор, бу эса ҳудудларни сув босишига олиб келиши мумкин.",NOT_RELEVANT,,NOT_RELEVANT,,,1,uz_1,"Sel/flood forecast, weather warning"
UZ-D01274,,UZ,Kun.uz,https://kun.uz/news/2019/06/18/yei-anqara-bilan-bojxona-ittifoqi-togrisidagi-kelishuv-boyicha-muzokaralarni-toxtatib-qoyishi-mumkin,,YeI Anqara bilan bojxona ittifoqi to‘g‘risidagi kelishuv bo‘yicha muzokaralarni to‘xtatib qo‘yishi mumkin,"Agarda Turkiya Kipr yaqinidagi bahsli suvlarda uglevodorod konlarini qazish ishlarini to‘xtatmasa, Yevroittifoq Anqara bilan bojxona ittifoqi to‘g‘risidagi kelishuvni yangishlash bo‘yicha muzokaralarni to‘xtatib qo‘yishi mumkin.",NOT_RELEVANT,,NOT_RELEVANT,,,,uz_1,
UZ-D01973,,UZ,Daryo.uz,https://daryo.uz/2017/11/29/mdh-aksilterror-markazi-ishid-faoliyati-hamdostlik-chegaralariga-yaqinlashishi-haqida-ogohlantirdi/,2017-11-29,MDH aksilterror markazi IShID faoliyati hamdo‘stlik chegaralariga yaqinlashishi haqida ogohlantirdi,"Shuningdek, internet tarmog‘i orqali radikal fikrlarning keng tarqalish muammosi keskinligicha turibdi",NOT_RELEVANT,,NOT_RELEVANT,,,,uz_1,
UZ-D00524,,UZ,Daryo.uz,https://daryo.uz/2017/10/04/suriyada-rossiya-aviatsiyasi-jabhat-nusra-guruhi-yetakchisini-yaraladi-video/,2017-10-04,Suriyada Rossiya aviatsiyasi “Jabhat an-Nusra” guruhi yetakchisini yaraladi (video),"Abu Muhammad al-Jo‘loniy snaryad parchalaridan ko‘plab jarohat oldi, qo‘lidan ajraldi va og‘ir holatda bo‘lib turibdi",NOT_RELEVANT,,NOT_RELEVANT,,,,uz_1,
UZ-D02811,,UZ,Kun.uz,https://kun.uz/news/2024/01/17/ekologiya-vaziri-toshkent-shahridagi-vaziyat-yuzasidan-parlamentda-hisob-beradi,,Ekologiya vaziri havo ifloslanishi bo‘yicha hisob berish uchun parlamentga chaqirildi,Deputatlar poytaxtda havo ifloslanishi bilan bog‘liq vaziyat yuzasidan ekologiya vaziri Aziz Abduhakimovni chaqirtirishga qaror qildi. Ular bu eshituv «ko‘rgazma uchun» bo‘lmasligini alohida ta’kidlashdi.,NOT_RELEVANT,,NOT_RELEVANT,,1,,uz_2,
UZ-D03511,,UZ,Kun.uz,https://kun.uz/news/2023/07/17/ozbekistonda-ielsga-til-bilish-darajasini-emas-bilimni-baholash-sifatida-qaralyapti-ekspertlar-ielsmaniya-haqida,,"“O‘zbekistonda IELTS'ga til bilish darajasini emas, bilimni baholash sifatida qaralyapti” - ekspertlar «IELTS'maniya» haqida","“IELTS'siz o‘qishga kirolmayman, ishga joylasholmayman, sertifikatsiz oyligim kam bo‘ladi yoki oshmaydi” - ingliz tilini o‘rganayotgan ko‘pchilik yoshlarda shunday o‘y-fikr hukmron. Bu o‘zi ijobiy holatmi? Yoki buning salbiy jihatlari bormi? Kun.uz mavzu yuzasidan soha mutaxassislari bilan suhbat tashkil etdi.",NOT_RELEVANT,,NOT_RELEVANT,,,,uz_2,
UZ-C00798,,UZ,Daryo.uz,https://daryo.uz/2024/01/18/tolibon-pokiston-bilan-chegaralarini-abadiy-yopishdan-ogohlantirdi/,2024-01-18,“Tolibon” Pokiston bilan chegaralarini abadiy yopishdan ogohlantirdi,"Pokiston chegaradan o‘tishda afg‘onlardan viza talab qilmoqda, “Tolibon” holat yuzasidan Pokiston hukumatiga keskin norozilik bildirdi",NOT_RELEVANT,,NOT_RELEVANT,,,,uz_2,
UZ-D05045,,UZ,Daryo.uz,https://daryo.uz/uz/2018/04/13/yevropa-ligasi-zalsburgdan-superkambek-marsel-leypsigni-sharmanda-qildi-arsenal-va-atletiko-madrid-kutilgan/,2018-04-13,"Европа Лигаси. «Зальцбург»дан суперкамбэк, «Марсель» «Лейпциг»ни шарманда қилди, «Арсенал» ва «Атлетико Мадрид» кутилганидек ярим финалда",Европа Лигаси ¼ финалининг жавоб учрашувлари бўлиб ўтди,NOT_RELEVANT,,NOT_RELEVANT,,,,uz_1,
UZ-D00881,,UZ,Daryo.uz,https://daryo.uz/uz/2020/09/30/ozarbayjon-qorabogda-armanistonning-ikki-mingdan-ortiq-askarlari-oldirilgani-va-yaralanganini-malum-qildi-yerevan-bu-bokuning-bir-kunlik-yoqotishlari-deb-javob-qay/,2020-09-30,Озарбайжон Қорабоғда Арманистоннинг икки мингдан ортиқ аскарлари ўлдирилгани ва яраланганини маълум қилди. Ереван бу Бокунинг бир кунлик йўқотишлари деб жавоб қайтарди,"Арманистон мудофаа вазирлиги матбуот котиби Озарбайжон ҳарбийлари ўзларининг сўнгги 24 соат ичида йўқотишларини арманларнинг йўқотишларига қўшиб ҳисоблаган, деб айтган",NOT_RELEVANT,,NOT_RELEVANT,,,,uz_2,
UZ-D04438,,UZ,Kun.uz,https://kun.uz/ru/news/2018/05/02/real-vysel-v-final-ligi-cempionov-v-tretij-raz-podrad,,«Реал» вышел в финал Лиги чемпионов в третий раз подряд,Мадридский «Реал» сыграл вничью с мюнхенской «Баварией» в ответном матче 1/2 финала Лиги чемпионов и стал первым финалистом турнира.,NOT_RELEVANT,,NOT_RELEVANT,,,,uz_2,
UZ-D02329,,UZ,Daryo.uz,https://daryo.uz/2021/05/18/ozbekiston-terma-jamoasining-jch-2022-saralashidan-oldingi-yiginiga-jalb-qilingan-futbolchilar-royxati-malum-boldi/,2021-05-18,O‘zbekiston terma jamoasining JCh—2022 saralashidan oldingi yig‘iniga jalb qilingan futbolchilar ro‘yxati ma’lum bo‘ldi,Qaydnomaga 39 nafar futbolchi jalb qilindi,NOT_RELEVANT,,NOT_RELEVANT,,,,uz_2,
UZ-D01891,,UZ,Kun.uz,https://kun.uz/news/2022/11/04/samarqandda-otayotgan-ii-ozbekiston-iqtisodiy-forumi-doirasida-ozbekneftgaz-aj-va-yirik-xalqaro-kompaniyalar-rahbarlari-bilan-muzokaralar-otkazildi,,Samarqandda o‘tayotgan II O‘zbekiston iqtisodiy forumi doirasida “O‘zbekneftgaz” AJ va yirik xalqaro kompaniyalar rahbarlari bilan muzokaralar o‘tkazildi,"Xalqaro darajadagi yetakchi iqtisodchilar va xalqaro ekspertlarni jamlagan II O‘zbekiston iqtisodiy forumida O‘zbekistonning kelgusi besh yillik taraqqiyot strategiyasi, iqtisodiy imkoniyatlari, xalqaro hamkorlik masalalari muhokama qilinmoqda.",NOT_RELEVANT,,NOT_RELEVANT,,,,uz_1,
UZ-C00028,,UZ,Daryo.uz,https://daryo.uz/2025/03/20/tbc-bank-ozbekistonda-birinchi-bor-ekologik-devoriy-tasvirni-taqdim-etdi/,2025-03-20,TBC Bank O‘zbekistonda birinchi bor ekologik devoriy tasvirni taqdim etdi,250 m² maydonni qoplagan bunday qoplama kuniga 50 ta avtomobildan chiqadigan zararli moddalarni neytrallash imkoniyatiga ega,NOT_RELEVANT,,NOT_RELEVANT,,1,,uz_2,
UZ-C00666,,UZ,Daryo.uz,https://daryo.uz/uz/2023/11/09/iht-davlatlari-birgalikda-hamjihat-bolib-harakat-qilishi-xavf-xatarlarga-qarshi-samarali-yechimlar-topishi-muhimdir-shavkat-mirziyoyev/,2023-11-09,"“ИҲТ давлатлари биргаликда ҳамжиҳат бўлиб ҳаракат қилиши, хавф-хатарларга қарши самарали ечимлар топиши муҳимдир” — Шавкат Мирзиёев",Президент Иқтисодий ҳамкорлик ташкилотининг 16-саммитида нутқ сўзлади,NOT_RELEVANT,,NOT_RELEVANT,,,,uz_1,
UZ-C00294,,UZ,Daryo.uz,https://daryo.uz/uz/2019/12/22/polat-bobojonov-saylov-kuni-ozbekiston-chegaralari-yopilgani-yoq/,2019-12-22,Пўлат Бобожонов: Сайлов куни Ўзбекистон чегаралари ёпилгани йўқ,"«Дарё» мухбири сайловнинг тинч ва хавфсиз ўтишини таъминлаш мақсадида Ўзбекистоннинг қўшни мамлакатлар билан чегаралари ёпилдими, дея савол билан мурожаат қилди",NOT_RELEVANT,,NOT_RELEVANT,,,,uz_2,
UZ-C00632,,UZ,Daryo.uz,https://daryo.uz/uz/2022/10/31/ozbekistonda-havosi-toshkentnikidan-ham-iflosroq-shaharlar-bor-iqlimshunos-olim/,2022-10-31,«Ўзбекистонда ҳавоси Тошкентникидан ҳам ифлосроқ шаҳарлар бор» – иқлимшунос олим,«Пойтахт ҳавоси ифлосланиш бўйича республикда бешинчи ўринда туради» – дейди Эркин Абдулаҳатов,NOT_RELEVANT,,NOT_RELEVANT,,1,,uz_1,Air pollution ranking of cities
UZ-D03551,,UZ,Kun.uz,https://kun.uz/news/2020/04/08/tanqidga-javob-boysun-oqqapchigay-sel-yolini-tuzatish-uchun-2-mlrd-170-mln-som-ajratiladi,,Tanqidga javob: «Boysun – Oqqapchig‘ay» sel yo‘lini tuzatish uchun 2 mlrd 170 mln so‘m ajratiladi,Kun.uz saytida 2020 yilning 6 aprelida e'lon qilingan «Qumqo‘rg‘ondagi jar yamlayotgan qishloq: uylar vayron bo‘lishda davom etmoqda» sarlavhali maqola yuzasidan Qumqo‘rg‘on tumani hokimligi o‘z munosabatini taqdim etdi.,NOT_RELEVANT,,NOT_RELEVANT,,,1,uz_1,local sel/erosion road repair
UZ-D02754,,UZ,Kun.uz,https://kun.uz/news/2021/10/09/chiqindi-urnalari-va-konteynerlari-yetishmasligi-muammoning-sabab-va-yechimlari-haqida-ekologiya-qomitasi-rasmiysi-bilan-suhbat,,Chiqindi urnalari va konteynerlari yetishmasligi - muammoning sabab va yechimlari haqida Ekologiya qo‘mitasi rasmiysi bilan suhbat,8 oktabr kuni AOKA majlislar zalida Ekologiya va atrof muhitni muhofaza qilish davlat qo‘mitasi «O‘zbekistonda qattiq va maishiy chiqindilar bilan bog‘liq ishlarni amalga oshirish» mavzusida matbuot anjumani tashkil qildi.,NOT_RELEVANT,,NOT_RELEVANT,,,,uz_1,
UZ-D00532,,UZ,Kun.uz,https://kun.uz/news/2018/03/13/uzbekiston-afgoniston-ukumati-va-toliblar-urtasida-tinc-muzokaralar-ucun-angi-imkoniatlar-aratmokci,,«O‘zbekiston Afg‘oniston hukumati va toliblar o‘rtasida tinch muzokaralar uchun yangi imkoniyatlar yaratmoqchi»,"Forumning kutilayotgan ishtirokchilari orasida BMT Bosh kotibi Antoniu Guterrish, uning Afg‘oniston bo‘yicha maxsus vakili Tadamiti Yamamoto, Yevropa Ittifoqi, Xitoy, Rossiya, AQSh va boshqa ko‘plab davlatlar tashqi siyosat idoralari rahbarlari bor",NOT_RELEVANT,,NOT_RELEVANT,,,,uz_1,
UZ-D01491,,UZ,Daryo.uz,https://daryo.uz/2017/10/01/aqsh-shimoliy-koreya-muzokaralarni-istamasligidan-nolidi/,2017-10-01,AQSh Shimoliy Koreya muzokaralarni istamasligidan nolidi,"Davlat departamenti rasmiy vakiliga ko‘ra, AQSh va KXDR diplomatlari o‘rtasida aloqa kanallari ochiq va ular orqali muloqotni boshlash mumkin",NOT_RELEVANT,,NOT_RELEVANT,,,,uz_2,
UZ-C00255,,UZ,Daryo.uz,https://daryo.uz/uz/2024/07/09/ozbekistonda-bosh-yer-uchastkalaridan-samarali-foydalanish-boyicha-qaror-qabul-qilindi/,2024-07-09,Ўзбекистонда бўш ер участкаларидан самарали фойдаланиш бўйича қарор қабул қилинди,Аҳоли ва сайёҳлар учун барча қулайликларга эга туризм масканларини ташкил этишга қаратилган мастер-режалар ишлаб чиқиладиган туманлар ва шаҳарлар рўйхати тасдиқланди,NOT_RELEVANT,,NOT_RELEVANT,,,,uz_2,
UZ-D01325,,UZ,Kun.uz,https://kun.uz/en/news/2024/07/04/uzbekistan-sends-humanitarian-aid-to-flood-affected-areas-of-kyrgyzstan,,Uzbekistan sends humanitarian aid to flood-affected areas of Kyrgyzstan,"The 95-ton humanitarian aid shipment includes flour, sugar, vegetable oil, and other food products.",NOT_RELEVANT,,NOT_RELEVANT,,,1,uz_1,"flood aid, humanitarian frame"
UZ-C01489,,UZ,Daryo.uz,https://daryo.uz/2024/01/11/atmosferaga-tashlanayotgan-karbonat-angidrid-gazi-uglevodorodlar-uglerod-va-azot-oksidi-havoni-bogayotgan-benzin/,2024-01-11,"Atmosferaga chiqarilayotgan karbonat angidrid gazi, uglevodorodlar, uglerod va azot oksidi — havoni “bo‘g‘ayotgan” benzin","Toshkent havosining ifloslanish darajasi dunyo bo‘yicha 1-o‘ringa chiqqaniga qum bo‘ronlari, qurilishlarning ortgani, zavodlardan chiqayotgan tutunlar kabi omillar sabab qilib ko‘rsatilmoqda. Bularning qatoriga benzin natijasida avtomobillardan chiqayotgan zararli moddalarni ham bemalol qo‘shish mumkin.",NOT_RELEVANT,,NOT_RELEVANT,,,,gold,IAA adjudicated gold
UZ-D03174,,UZ,Daryo.uz,https://daryo.uz/uz/2018/11/30/urganchda-jaloliddin-manguberdi-memorial-bogi-quriladi/,2018-11-30,Урганчда Жалолиддин Мангуберди мемориал боғи қурилади,"Давлати раҳбари 30 ноябрь куни Ал-Хоразмий ва Паҳлавон Маҳмуд кўчалари кесишмасидаги ушбу майдонга ташриф буюриб, қурилиш лойиҳалари билан танишди",NOT_RELEVANT,,NOT_RELEVANT,,,,uz_1,
UZ-D01367,,UZ,Daryo.uz,https://daryo.uz/2024/06/10/shahza-diana-keyt-midrton-va-megan-markl-uylaridagi-interierlar-monaral-xalq-qanday-usllarni-tanladi/,2024-06-10,"Malika Diana, Keyt Middlton va Megan Markl uylaridagi interyerlar: Qirollik malikalari qanday uslublarni xush ko‘radi?","Uyiga sayohat uyushtiruvchi mashhurlardan farqli o‘laroq, qirollik oilasi shaxsiy hayotini ehtiyotkorlik bilan himoya qiladi",NOT_RELEVANT,,NOT_RELEVANT,,,,uz_1,
UZ-C01545,,UZ,Daryo.uz,https://daryo.uz/uz/2022/09/23/barselona-messi-bilan-muzokaralarga-oid-hujjatlarni-tarqatgan-nashrga-qarshi-ish-ochmoqchi/,2022-09-23,«Барселона» Месси билан музокараларга оид ҳужжатларни тарқатган нашрга қарши иш очмоқчи,Нашр аргентиналик футболчининг 2020 йилда «кўк-анорранглилар» билан музокаралари тафсилотини эълон қилганди,NOT_RELEVANT,,NOT_RELEVANT,,,,gold,IAA adjudicated gold
UZ-C00175,,UZ,Daryo.uz,https://daryo.uz/2023/12/16/bizni-kelayotgan-ikki-yillikda-faol-geomagnit-qozgalishlar-davri-kutib-turibdi-iqlimshunos-erkin-abdulahatov/,2023-12-16,“Bizni kelayotgan ikki yillikda faol geomagnit qo‘zg‘alishlar davri kutib turibdi” – iqlimshunos Erkin Abdulahatov,Zamonaviy geomagnit bo‘roni prognoz modellari 16—17-dekabr kunlari Yerda 5 ballik geomagnit bo‘ronlar bo‘lishini prognoz qilmoqda,NOT_RELEVANT,,NOT_RELEVANT,,,1,uz_1,"Geomagnetic storms, space weather not climate"
UZ-C01439,,UZ,Kun.uz,https://kun.uz/ru/news/2024/07/04/uzbekistan-otpravil-gumpomoshch-postradavshim-ot-navodneniya-v-kyrgyzstane,,Узбекистан отправил гумпомощь пострадавшим от наводнения в Кыргызстане,"По поручению президента Узбекистана Шавката Мирзиёева в Кыргызстан направлена гуманитарная помощь, адресованная жителям Ошского и Баткенского районов, пострадавших от разрушительного селя, сообщает «Дунё».",NOT_RELEVANT,,NOT_RELEVANT,,,1,uz_1,"flood/sel aid, humanitarian frame"
UZ-D01362,,UZ,Daryo.uz,https://daryo.uz/uz/2017/02/10/ozbekiston-bosh-vazirining-orinbosari-zoyir-mirzayev-xanoyda-vyetnam-prezidenti-chan-day-kuang-bilan-muzokaralar-otkazdi/,2017-02-10,Ўзбекистон Бош вазирининг ўринбосари Зойир Мирзаев Ханойда Вьетнам президенти Чан Дай Куанг билан музокаралар ўтказди,Зойир Мирзаев Чан Дай Куангга Ўзбекистон Республикаси Президенти Шавкат Мирзиёевнинг мамлакатга ташриф буюриш таклиф этилган мактубини топширди,NOT_RELEVANT,,NOT_RELEVANT,,,,uz_2,
UZ-D03156,,UZ,Daryo.uz,https://daryo.uz/2017/11/23/peruda-hukumat-futbolga-aralasha-boshladi-36-yil-deganda-mundialga-chiqqan-mamlakat-jchdan-chetda-qolishi-mumkin/,2017-11-23,Peruda hukumat futbolga aralasha boshladi. 36 yil deganda mundialga chiqqan mamlakat JChdan chetda qolishi mumkin,1-dekabr kuni FIFA JCh—2018 uchun qur’a tashlash marosimini o‘tkazadi. Katta ehtimol bilan Peru masalasi ungacha hal etiladi,NOT_RELEVANT,,NOT_RELEVANT,,,,uz_2,
UZ-D04618,,UZ,Daryo.uz,https://daryo.uz/2022/08/30/atigi-ikki-mahsulot-kifoya-sargaygan-vannani-oqartirishning-eng-samarali-usuli/,2022-08-30,Atigi ikki mahsulot kifoya: sarg‘aygan vannani oqartirishning eng samarali usuli,"Vannani tozalash uchun ko‘pchilik qimmatbaho kimyoviy vositalarni sotib oladi, lekin uni oddiygina usul bilan oqartirish mumkin",NOT_RELEVANT,,NOT_RELEVANT,,,,uz_1,
UZ-C01375,,UZ,Kun.uz,https://kun.uz/news/2024/11/02/fermer-xojaligi-382-mln-somlik-qum-shagal-aralashmasini-qazib-olgani-aniqlandi,,Fermer xo‘jaligi 382 mln so‘mlik qum-shag‘al aralashmasini qazib olgani aniqlandi,Qashqadaryo va Samarqand viloyatlarida foydali qazilmalarni o‘zboshimchalik bilan qazib olish holatlari fosh etildi.,NOT_RELEVANT,,NOT_RELEVANT,,,,uz_2,
UZ-C00793,,UZ,Daryo.uz,https://daryo.uz/uz/2020/08/04/turkiyalik-taniqli-aktyor-emre-kiviljim-jaloliddin-manguberdi-serialida-bosh-rolni-ijro-etmoqda/,2020-08-04,Туркиялик таниқли актёр Эмре Кивилжим «Жалолиддин Мангуберди» сериалида бош ролни ижро этмоқда,Сериалнинг илк мавсуми 13-қисмдан иборат,NOT_RELEVANT,,NOT_RELEVANT,,,,uz_1,
UZ-D00448,,UZ,Daryo.uz,https://daryo.uz/uz/2019/05/14/xitoy-bojxona-mamuriyati-delegatsiyasi-toshkentga-keldi-muzokaralarda-ozbekiston-avto-yuk-tashuvchilarining-xitoyga-kirib-chiqishida-qulaylik-tugdirish-masalasi-muhokama-qi/,2019-05-14,Хитой божхона маъмурияти делегацияси Тошкентга келди. Музокараларда Ўзбекистон юк ташувчиларининг Хитойга кириб-чиқишида қулайлик туғдириш муҳокама қилинди,"Шунингдек, божхона органлари учун кадрлар тайёрлаш ва ходимларнинг малакасини оширишда икки томонлама ҳамкорлик истиқболлари кўриб чиқилди",NOT_RELEVANT,,NOT_RELEVANT,,,,uz_2,
UZ-D02709,,UZ,Daryo.uz,https://daryo.uz/uz/2017/01/25/ostonada-suriyadagi-vaziyatni-tartibga-solish-boyicha-muzokaralar-yakunlandi/,2017-01-25,Остонада Суриядаги вазиятни тартибга солиш бўйича музокаралар якунланди,"Россия, Эрон ва Туркия Сурияда ўт очишни тўхтатиш режимига риоя қилиниши устидан назорат механизмини яратишга келишиб олди",NOT_RELEVANT,,NOT_RELEVANT,,,,uz_2,
UZ-D01204,,UZ,Daryo.uz,https://daryo.uz/uz/2016/02/23/bill-geyts-dunyo-zika-bezgagiga-ebola-virusidan-kora-samaraliroq-tarzda-etibor-qarata-oldi/,2016-02-23,Билл Гейтс: дунё Зика безгагига Эбола вирусидан кўра самаралироқ тарзда эътибор қарата олди,"Унинг фикрича, Зика безгаги тезкорлик билан тарқалиши дунёни гангитиб қўйган",NOT_RELEVANT,,NOT_RELEVANT,,,,uz_1,
UZ-D03036,,UZ,Daryo.uz,https://daryo.uz/2022/11/01/qanday-qilib-bolalarni-oqishga-orgatish-kerak-muhim-qoidalar-va-samarali-usullar/,2022-11-01,Qanday qilib bolalarni o‘qishga o‘rgatish kerak: muhim qoidalar va samarali usullar,"Farzandingizga ovoz chiqarib o‘qib bering, so‘ngra rasmlarni birgalikda ko‘rib chiqing",NOT_RELEVANT,,NOT_RELEVANT,,,,gold,IAA adjudicated gold
UZ-C00347,,UZ,Kun.uz,https://kun.uz/ru/news/2024/09/05/baysunskiy-vybros-naskolko-gotov-uzbekistan-k-krupnym-texnogennym-katastrofam,,Байсунский выброс: насколько готов Узбекистан к крупным техногенным катастрофам?,Техногенная катастрофа на скважине под Байсуном стала серьезным испытанием для соответствующих структур: ядовитый газ распространился по окрестным селам и даже достиг райцентра. Отсутствие официальной информации (почти полное) усиливает обеспокоенность.,NOT_RELEVANT,,NOT_RELEVANT,,,,uz_2,
UZ-D04176,,UZ,Daryo.uz,https://daryo.uz/2019/08/28/ekologiya-qomitasi-toshkentda-archa-daraxtlari-ommaviy-kesib-tashlanganiga-izoh-berdi/,2019-08-28,Ekologiya qo‘mitasi Toshkentda archa daraxtlari ommaviy kesib tashlanganiga izoh berdi,Daraxtlar bo‘yi elektr tarmog‘idan foydalanish hamda atrofdagi odamlar uchun xavfli darajaga yetgani uchun kesilgan,NOT_RELEVANT,,NOT_RELEVANT,,,,uz_1,
UZ-C01208,,UZ,Daryo.uz,https://daryo.uz/uz/2024/11/22/fifa-jahon-chempionati-saralashida-porlayotgan-abbosbek-fayzullayevni-etirof-etdi/,2024-11-22,FIFA Жаҳон чемпионати саралашида порлаётган Аббосбек Файзуллаевни эътироф этди,Расмий сайт саралаш доирасидаги 6-тур учрашувида ишончли ўйнаган 6 футболчига эътибор қаратди,NOT_RELEVANT,,NOT_RELEVANT,,,,uz_1,
UZ-C01126,,UZ,Daryo.uz,https://daryo.uz/2022/03/02/zelenskiy-putin-bilan-muzokaralar-boshlash-shartini-elon-qildi/,2022-03-02,Zelenskiy Putin bilan muzokaralar boshlash shartini e’lon qildi,"Zelenskiy, shuningdek, NATOga a’zo davlatlarni Ukrainaning harbiy alyansga qabul qilinish istiqboli bor yoki yo‘qligi bo‘yicha aniq javob berishga chaqirgan",NOT_RELEVANT,,NOT_RELEVANT,,,,uz_1,
UZ-D05199,,UZ,Kun.uz,https://kun.uz/ru/news/2018/07/19/v-biznes-centre-taskenta-proizosel-pozar,,В бизнес-центре Ташкента произошел пожар,"19 июля в бизнес-центре Sigma, расположенном в Мирабадском районе Ташкента, произошел пожар",NOT_RELEVANT,,NOT_RELEVANT,,,,uz_1,
UZ-C01920,,UZ,Daryo.uz,https://daryo.uz/uz/2025/05/21/ukraina-atrofidagi-vaziyatni-diplomatiya-va-muzokaralar-yoli-bilan-hal-etishga-qaratilgan-amaliy-say-harakatlarni-qollab-quvvatlaymiz-shavkat-mirziyoyev/,2025-05-21,“Украина атрофидаги вазиятни дипломатия ва музокаралар йўли билан ҳал этишга қаратилган амалий саъй-ҳаракатларни қўллаб-қувватлаймиз” — Шавкат Мирзиёев,Ўзбекистон президенти Туркия президенти Ражаб Тоййиб Эрдўғоннинг бу борадаги муносиб ҳиссасини алоҳида эътироф этди,NOT_RELEVANT,,NOT_RELEVANT,,,,uz_2,
UZ-C02016,,UZ,Daryo.uz,https://daryo.uz/2023/10/12/isroil-elchisi-hizbullohning-mojaroga-aralashish-xavfi-haqida-gapirdi/,2023-10-12,"“Agar ‘Hizbulloh’ urushga aralashadigan bo‘lsa, javob zarbasi qattiq bo‘ladi” — elchi Aleksandr Ben Svi","“Umid qilamanki, ‘Hizbulloh’ ham, hududida ‘Hizbulloh’ joylashgan Livan hukumati ham urushga aralashishning oqibatlari haqida yaxshi bilishadi”, — deya fikr bildirdi Isroilning Rossiyadagi elchisi",NOT_RELEVANT,,NOT_RELEVANT,,,,uz_2,
UZ-C02161,,UZ,Daryo.uz,https://daryo.uz/2020/10/10/jch-2022-saralashi-braziliya-terma-jamoasi-5-ta-gol-urib-galaba-qozondi-kolumbiyada-ham-yirik-galaba/,2020-10-10,"JCh—2022 saralashi. Braziliya terma jamoasi 5 ta gol urib g‘alaba qozondi, Kolumbiyada ham yirik g‘alaba","Firminodan dubl, Neymardan ikkita assist",NOT_RELEVANT,,NOT_RELEVANT,,,,uz_1,
UZ-C01856,,UZ,Daryo.uz,https://daryo.uz/2025/11/21/braziliyada-bmtning-iqlim-boyicha-konferensiyasida-yongin-chiqdi-video/,2025-11-21,Braziliyada BMTning iqlim bo‘yicha konferensiyasida yong‘in chiqdi (video),"Olov devor va shiftga tezlikda tarqalgan, 13 kishi tutundan zaharlangan. Odamlar binodan evakuatsiya qilingach, yig‘ilish vaqtincha to‘xtatilgan.",NOT_RELEVANT,,NOT_RELEVANT,,,,gold,IAA adjudicated gold
UZ-D01522,,UZ,Daryo.uz,https://daryo.uz/uz/2019/07/24/mangu-aktivlari-kriptobirjalarga-chiqa-oladimi/,2019-07-24,«Mangu» активлари криптобиржаларга чиқа оладими?,"Бугунги замонавий рақамли бизнеслар, турли «коин»ларнинг виртуал биржалардаги олди-сотди жараёнлари, улардаги курс тенденсияси исталган интернет фойдаланувчисини инвесторга айлантириб, маълум вақт мобайнида миллионерга айлантириб юбориши ҳам мумкин",NOT_RELEVANT,,NOT_RELEVANT,,,,uz_2,
UZ-D02593,,UZ,Kun.uz,https://kun.uz/news/2019/07/03/ekologik-masuliyat-lukoyl-uchun-ustuvor-omildir,,Ekologik mas'uliyat LUKOYL uchun ustuvor omildir,"LUKOYL xodimlarning va jamiyatning xavfsizligini va sog‘lig‘ini ta'minlash, tabiiy resurslardan oqilona foydalanish va ijobiy ekologik vaziyatni saqlash yo‘lida javobgarlik darajasini tushungan holda o‘z ishida sanoat xavfsizligi, mehnat va atrof-muhitni muhofaza qilish sohasidagi eng yuqori standartlarga asoslanadi.",NOT_RELEVANT,,NOT_RELEVANT,,,,uz_1,
UZ-D04631,,UZ,Daryo.uz,https://daryo.uz/2016/07/25/yunker-anqara-olim-jazosini-tiklagudek-bolsa-turkiyaning-yevroittifoqqa-kirishi-yuzasidan-muzokaralar-toxtatiladi/,2016-07-25,"Yunker: Anqara o‘lim jazosini tiklagudek bo‘lsa, Turkiyaning Yevroittifoqqa kirishi yuzasidan muzokaralar to‘xtatiladi",Turkiyada Yevroittifoq me’yorlariga mutanosib bo‘lish uchun 2004-yili o‘lim jazosini bekor qilingan. Mamlakatda 1984-yildan beri oliy jazo ijro etilmaydi,NOT_RELEVANT,,NOT_RELEVANT,,,,gold,IAA adjudicated gold
UZ-D03858,,UZ,Kun.uz,https://kun.uz/news/2018/07/28/khdrda-aponia-bilan-muzokaralar-bujica-mahsus-guru-tuzilgan,,KXDRda Yaponiya bilan muzokaralar bo‘yicha maxsus guruh tuzilgan,"KXDR hukumati Yaponiya bilan muzokaralar olib borish masalasi bo‘yicha maxsus guruh tuzdi, deya xabar beradi «Kiodo» diplomatik doiralardagi manbalarga asoslanib.",NOT_RELEVANT,,NOT_RELEVANT,,,,gold,IAA adjudicated gold
UZ-D02218,,UZ,Kun.uz,https://kun.uz/news/2021/09/14/sanat-asarlari-sabrdan-yaraladi-sangtarosh-usta,,“San'at asarlari sabrdan yaraladi” – sangtarosh usta,Navoiy viloyatining G‘ozg‘on shahri marmarlari bilan bir qatorda sangtarosh ustalari bilan ham mashhur. Ulardan biri O‘zbekistondagi ko‘plab tarixiy obidalarni ta'mirlashga o‘z hissasini qo‘shgan Tohir Rahimovdir. Bugun uning ishini farzand va shogirdlari davom ettirib kelyapti.,NOT_RELEVANT,,NOT_RELEVANT,,,,uz_1,
UZ-D03757,,UZ,Kun.uz,https://kun.uz/news/2018/06/18/uzbekiston-tolibon-bilan-muzokaralar-utkazgan,,O‘zbekiston «Tolibon» bilan muzokaralar o‘tkazgan,"O‘zbekiston 27 mart kuni Toshkentda o‘tkazilgan Afg‘oniston bo‘yicha xalqaro konferensiyada erishilgan kelishuvlarga muvofiq, ushbu qo‘shni mamlakatdagi vaziyatni barqarorlashtirish, uni ijtimoiy-iqtisodiy rivojlantirishga ko‘maklashishga qaratilgan xatti-harakatlarini davom ettiradi.",NOT_RELEVANT,,NOT_RELEVANT,,,,uz_1,
UZ-C01207,,UZ,Daryo.uz,https://daryo.uz/uz/2019/03/11/huawei-kompaniyasi-bryussel-shahrida-axborot-xavfsizligi-markazini-yaratdi/,2019-03-11,Huawei компанияси Брюссель шаҳрида Ахборот хавфсизлиги марказини яратди,Компания концепцияси — «Хавфсизлик ёки ҳеч нарса»,NOT_RELEVANT,,NOT_RELEVANT,,,,uz_1,
UZ-C00835,,UZ,Daryo.uz,https://daryo.uz/uz/2023/10/19/instagram-madonnaning-konsertiga-tushgan-lola-nevarali-bolgan-rano-zokirova/,2023-10-19,"Instagram: Мадоннанинг концертига тушган Лола, неварали бўлган Раъно Зокирова, янги машина харид қилган “Уммон”чи Шоҳрух",Ижтимоий тармоқдаги қизиқарли фото ва видеолар,NOT_RELEVANT,,NOT_RELEVANT,,,,uz_1,
UZ-D04284,,UZ,Daryo.uz,https://daryo.uz/uz/2024/09/14/noruda-materiallarni-qazib-olish-boyicha-moratoriy-tatbiq-etilgan-hududlarning-chegaralari-belgilandi/,2024-09-14,Норуда материалларни қазиб олиш бўйича мораторий татбиқ этилган ҳудудларнинг чегаралари белгиланди,"Мораторий татбиқ этиладиган дарёлар ҳудуди чегараларига дарё ўзанлари, уларнинг соҳилбўйи минтақалари ва сувни муҳофаза қилиш зоналари киради",NOT_RELEVANT,,NOT_RELEVANT,,,,uz_2,
UZ-D02814,,UZ,Kun.uz,https://kun.uz/news/2024/09/16/ekologiya-sohasida-ixtisoslashgan-sudlarni-tashkil-etish-zarur-ekopartiya,,“Ekologiya sohasida ixtisoslashgan sudlarni tashkil etish zarur” - ekopartiya,O‘zbekiston Ekologik partiyasi ekologiya sohasidagi huquqbuzarliklar va jinoiy ishlar bo‘yicha ixtisoslashgan sudlarni tashkil etish tashabbusi bilan chiqdi.,NOT_RELEVANT,,NOT_RELEVANT,,,,uz_1,
UZ-D02180,,UZ,Daryo.uz,https://daryo.uz/2018/11/19/avstraliyalik-marafonchi-orol-dengiziga-yetib-keldi/,2018-11-19,Avstraliyalik marafonchi Orol dengiziga yetib keldi,"Stokgolmdagi Global suv hamkorligi tashkiloti hamda BMTning Taraqqiyot dasturi hamkorligida o‘tkazilayotgan “Yuz marafon, Yuz kun, Bitta sabab: Suv” sport-targ‘ibot aksiyasi butun dunyo bo‘ylab o‘tkazilmoqda",NOT_RELEVANT,,NOT_RELEVANT,,,,uz_2,
UZ-D00064,,UZ,Kun.uz,https://kun.uz/news/2021/01/25/1-apreldan-boshlab-toshkent-shahri-va-toshkent-viloyatida-ekologik-nazorat-boyicha-yangi-tizim-joriy-etiladi,,1 apreldan boshlab Toshkent shahri va Toshkent viloyatida ekologik nazorat bo‘yicha yangi tizim joriy etiladi,Vazirlar Mahkamasining “Ekologiya va atrof-muhitni muhofaza qilish sohasida nazoratning zamonaviy mexanizmlarini joriy etish chora-tadbirlari to‘g‘risida”gi qarori loyihasi e'lon qilindi.,NOT_RELEVANT,,NOT_RELEVANT,,,,uz_1,
UZ-C01913,,UZ,Daryo.uz,https://daryo.uz/2023/06/21/yevro2024-saralashi-portugaliya-ronalduning-goli-evaziga-songgi-daqiqalarda-galabani-ilib-ketdi-belgiyada-yirik-galaba-polsha-esa-yutqazib-qoydi/,2023-06-21,"Yevro—2024 saralashi. Portugaliya Ronalduning goli evaziga so‘nggi daqiqalarda g‘alabani ilib ketdi. Belgiyada yirik g‘alaba, Polsha esa yutqazib qo‘ydi (video)",4-tur doirasidagi qator uchrashuvlar yakunlandi,NOT_RELEVANT,,NOT_RELEVANT,,,,uz_1,
UZ-C01366,,UZ,Kun.uz,https://kun.uz/news/2024/12/02/koshta-ukrainani-yeiga-qabul-qilish-boyicha-muzokaralar-2025-yilda-boshlanadi,,Koshta: Ukrainani YeIga qabul qilish bo‘yicha muzokaralar 2025 yilda boshlanadi,"Yevropa Kengashining yangi rahbari Ukrainaga Yevropa Ittifoqiga qo‘shilish bo‘yicha muzokaralarda tezkor o‘zgarishlar haqida va’da berdi. Shuningdek, u Kiyevga Rossiya aktivlari hisobidan milliardlab yevro ajratilishini ma’lum qildi.",NOT_RELEVANT,,NOT_RELEVANT,,,,gold,IAA adjudicated gold
UZ-D03756,,UZ,Kun.uz,https://kun.uz/news/2020/08/06/xtv-bu-yilgi-xalqaro-matematika-olimpiadasi-ishtirokchilari-qay-tarzda-saralanishini-malum-qildi,,XTV bu yilgi Xalqaro matematika olimpiadasi ishtirokchilari qay tarzda saralanishini ma'lum qildi,Saralash imtihonlari avgust oyining ikkinchi o‘nkunligida masofaviy tarzda o‘tkaziladi. Ishtirokchilari Zoom platformasi orqali video kuzatuvda bo‘lishlari lozim.,NOT_RELEVANT,,NOT_RELEVANT,,,,uz_2,
UZ-D05646,,UZ,Daryo.uz,https://daryo.uz/2016/08/06/aqsh-razvedkachi-samolyoti-yana-rossiya-chegaralariga-yaqinlashdi/,2016-08-06,AQSh razvedkachi samolyoti yana Rossiya chegaralariga yaqinlashdi,Oxirgi paytlarda AQSh harbiy-havo kuchlari Rossiya chegaralariga yaqin hududda razvedka parvozlarini ko‘plab amalga oshirmoqda,NOT_RELEVANT,,NOT_RELEVANT,,,,uz_2,
UZ-D02919,,UZ,Daryo.uz,https://daryo.uz/2016/06/17/yevro-2016-chempionlik-uchun-asosiy-davogar-sifatida-qaralgan-germaniya-polshani-maglub-eta-olmadi/,2016-06-17,Yevro—2016. Chempionlik uchun asosiy da’vogar sifatida qaralgan Germaniya Polshani mag‘lub eta olmadi,2-turdan keyin Germaniya va Polsha hisobida 4 tadan ochko bor. Ukrainani mag‘lub etishga muvaffaq bo‘lgan Shimoliy Irlandiya 3 ochko bilan 3-o‘rinda qayd etilgan,NOT_RELEVANT,,NOT_RELEVANT,,,,uz_1,
UZ-D00357,,UZ,Kun.uz,https://kun.uz/news/2022/11/28/bmt-iqlim-konferensiyasida-ozbekiston-olgan-majburiyat-haqida-malumot-berildi,,BMT iqlim konferensiyasida O‘zbekiston olgan majburiyat haqida ma’lumot berildi,13-18 noyabr kunlari Misrning Sharm al Shayx shahridagi COP27ʼda O‘zbekiston delegatsiyasi Senat raisi Tanzila Norboyeva rahbarligida ishtirok etgan.,NOT_RELEVANT,,RELEVANT,POLICY,,,gold,IAA adjudicated gold
UZ-D00241,,UZ,Kun.uz,https://kun.uz/news/2019/06/05/aql-bovar-qilmas-shanxay-boshni-aylantirib-yuboruvchi-manzaralar,,Aql bovar qilmas Shanxay: boshni aylantirib yuboruvchi manzaralar,"Butun dunyodagi minglab fotograflar Shanxaydagi hayot sur'ati, gorizont chizig‘i, millionlab chiroqlar va betakror dinamikadan ilhomlanib, uni suratga olishadi.",NOT_RELEVANT,,NOT_RELEVANT,,,,uz_2,
UZ-D00462,,UZ,Kun.uz,https://kun.uz/ru/news/2023/02/17/mirziyoyev-nazval-konechnuyu-tsel-vsex-reform,,Мирзиёев назвал конечную цель всех реформ,"Сегодня, 17 февраля, в ходе поездки в Бухарскую область президент Шавкат Мирзиёев провел встречу с руководителями кластеров.",NOT_RELEVANT,,NOT_RELEVANT,,,,uz_1,
UZ-D00533,,UZ,Kun.uz,https://kun.uz/news/2026/03/25/pokiston-eron-boyicha-muzokaralar-uchun-maydon-taklif-qildi,,Pokiston Eron bo‘yicha muzokaralar uchun maydon taklif qildi,"AQSh va Eron rozi bo‘lgan taqdirda, Pokiston urushni tugatish bo‘yicha muzokaralar uchun mezbon davlat sifatida maydon taqdim etishga tayyor. Bu haqda Shahboz Sharif ma’lum qildi. Donald Tramp esa Vashington masalani “kerakli odamlar” bilan muhokama qilayotganini aytdi.",NOT_RELEVANT,,NOT_RELEVANT,,,,uz_2,
UZ-D04599,,UZ,Daryo.uz,https://daryo.uz/uz/2019/08/24/tokio-2020-ozbekiston-paralimpiyachilari-uchinchi-yollanmani-qolga-kiritdi/,2019-08-24,Токио—2020. Ўзбекистон паралимпиячилари учинчи йўлланмани қўлга киритди,Венгрияда байдарка ва каноэда эшкак эшиш бўйича жаҳон чемпионати бўлиб ўтмоқда,NOT_RELEVANT,,NOT_RELEVANT,,,,uz_2,
UZ-D03488,,UZ,Daryo.uz,https://daryo.uz/uz/2016/04/07/marsel-futbol-klubi-mashgulotlar-bazasi-yaqinida-ikkita-qolbola-bomba-portlatib-yuborildi/,2016-04-07,«Марсель» футбол клуби машғулотлар базаси яқинида иккита қўлбола бомба портлатиб юборилди,Портлашни содир этганлар «Марсель» президенти Венсан Лябрюн ва клуб раҳбари Маргарита Луи-Дрейфус номига жамоани тарк этишга чақирувчи хабарнома ҳам ташлаб кетган,NOT_RELEVANT,,NOT_RELEVANT,,,,uz_2,
UZ-D02402,,UZ,Daryo.uz,https://daryo.uz/uz/2022/08/06/buxorodagi-bogchada-quvurdagi-nosozlik-sabab-bolalar-badboy-hiddan-aziyat-chekayotgani-malum-qilindi-muammo-hokim-aralashuvi-bilan-hal-etiladigan-boldi/,2022-08-06,Бухородаги боғчада қувурдаги носозлик сабаб болалар бадбўй ҳиддан азият чекаётгани маълум қилинди. Муаммо ҳоким аралашуви билан ҳал этиладиган бўлди,"Шаҳар ҳокимининг айтишича, боғча қувурлари нотўғри ўрнатилган",NOT_RELEVANT,,NOT_RELEVANT,,,,uz_2,
UZ-D04792,,UZ,Kun.uz,https://kun.uz/ru/news/2020/09/30/v-minzdrave-kazaxstana-predlojili-priostanovit-vozobnovleniye-aviasoobshcheniya,,В Минздраве Казахстана предложили приостановить возобновление авиасообщения,"Из-за ухудшения эпидемиологической ситуации в зарубежных странах министр здравоохранения Казахстана Алексей Цой на заседании правительства предложил приостановить возобновление дополнительных авиасообщений с другими странами, сообщает «Курсив».",NOT_RELEVANT,,NOT_RELEVANT,,,,uz_1,
UZ-D00775,,UZ,Daryo.uz,https://daryo.uz/2022/12/29/jahon-tajribasi-ozbekistonda-aralash-moliyalashtirish-istiqbollari-qanday/,2022-12-29,Jahon tajribasi: O‘zbekistonda aralash moliyalashtirish istiqbollari qanday?,Aralash moliyalashtirish — davlat va xususiy fond mablag‘larining umumiy investitsiya dasturi yoki bitimi orqali birlashishini anglatadi va bu jarayonda tomonlar o‘z tajribasidan bir-birini to‘ldirish,NOT_RELEVANT,,NOT_RELEVANT,,,,uz_2,
UZ-D03705,,UZ,Daryo.uz,https://daryo.uz/2019/06/06/yunusobodning-chinobod-kochasidagi-toqqiz-qavatli-uylarga-sel-keldi-songgi-uch-kun-ichida-ikkinchi-marta-video/,2019-06-06,Yunusobodning Chinobod ko‘chasidagi to‘qqiz qavatli uylarga “sel keldi”. So‘nggi uch kun ichida ikkinchi marta (video),"“Muammoni bartaraf etish uchun butun boshli bir sutka bor edi. Mana, uylarimizga yana suv toshdi”",NOT_RELEVANT,,NOT_RELEVANT,,,,uz_1,
UZ-D03613,,UZ,Daryo.uz,https://daryo.uz/2016/04/30/pavel-durov-ozining-google-bilan-muzokaralari-haqidagi-mish-mishlar-manbasini-past-sifatli-blog-deb-atadi/,2016-04-30,Pavel Durov o‘zining Google bilan muzokaralari haqidagi mish-mishlar manbasini “past sifatli blog” deb atadi,Durov messenjerni sotish haqida hech qachon muzokaralar olib bormagani va bunday muzokaralarni boshlash niyati ham yo‘qligini ma’lum qildi,NOT_RELEVANT,,NOT_RELEVANT,,,,uz_2,
UZ-C00208,,UZ,Daryo.uz,https://daryo.uz/uz/2023/06/02/harbiy-masalalardan-ekologik-muammolargacha-xayao-miyazakining-tasavvuringizga-sigmaydigan-voqealar-tasvirlangan-animelari/,2023-06-02,Ҳарбий масалалардан экологик муаммоларгача: Хаяо Миязакининг тасаввурингизга сиғмайдиган воқеалар тасвирланган анимелари,Режиссёрга оламшумул шуҳрат ва “Оскар” тақдим этган “Руҳлар олами” анимеси Япония кинопрокати тарихидаги энг юқори даромад келтирган мултфильм бўлган,NOT_RELEVANT,,NOT_RELEVANT,,,,uz_1,
UZ-D03439,,UZ,Daryo.uz,https://daryo.uz/uz/2020/01/05/ozbekiston-tarixida-ilk-bor-parataekvondo-boyicha-paralimpiya-oyinlariga-yollanma-qolga-kiritildi/,2020-01-05,Ўзбекистон тарихида илк бор Паратаэквондо бўйича Паралимпия ўйинларига йўлланма қўлга киритилди,Гулжаной Наимова Токио—2020 Паралимпия ўйинларига йўлланма қўлга киритди,NOT_RELEVANT,,NOT_RELEVANT,,,,uz_1,
UZ-C02086,,UZ,Daryo.uz,https://daryo.uz/2019/04/21/ozbekiston-delegatsiyasi-vashingtonda-muzokaralar-otkazdi/,2019-04-21,O‘zbekiston delegatsiyasi Vashingtonda muzokaralar o‘tkazdi,Uchrashuvda bir qator muhim qo‘shma tadbirlarga tayyorgarlik masalalari muhokama qilindi,NOT_RELEVANT,,NOT_RELEVANT,,,,uz_1,
UZ-D03816,,UZ,Kun.uz,https://kun.uz/en/news/2019/11/30/epsilon-increasing-production-of-hydrocarbons-and-continuing-construction-of-pipelines-in-cooperation-with-uzbekneftegaz,,EPSILON: Increasing production of hydrocarbons and continuing construction of pipelines in cooperation with Uzbekneftegaz,"On November 30, after fracking at Koratepa-10 well, its flow rate increased from 0 to 100,000 m3 of gas and 5 t of oil per day. In line with the government's decision, all hydrocarbons are routed to the domestic market.",NOT_RELEVANT,,NOT_RELEVANT,,,,uz_2,
UZ-D03006,,UZ,Daryo.uz,https://daryo.uz/2019/01/03/olimlar-antarktika-muzliklari-ostidagi-merser-koligacha-yetib-bordi/,2019-01-03,Olimlar Antarktika muzliklari ostidagi Merser ko‘ligacha yetib bordi,Maydoni 140 kvadrat kilometr bo‘lgan muz osti ko‘lining tadqiq etilishi Yerning noma’lum ekotizimlarini o‘rganish imkonini beradi,NOT_RELEVANT,,NOT_RELEVANT,,,1,uz_1,"Subglacial lake ecosystem study, not climate"
UZ-C01547,,UZ,Kun.uz,https://kun.uz/ru/news/2024/02/17/chto-nam-delat-s-nashey-ekologiyey-multfilm-ot-kunuz,,Что нам делать с нашей экологией? Мультфильм от Kun.uz,Причины загрязнения воздуха и предлагаемые меры по улучшению ситуации (основано на данных официальных органов).,NOT_RELEVANT,,NOT_RELEVANT,,1,,uz_2,
UZ-D00187,,UZ,Kun.uz,https://kun.uz/en/news/2021/06/09/annular-solar-eclipse-expected-on-june-10,,Annular solar eclipse expected on June 10,"On June 10, people in Uzbekistan will be able to witness the first unique astronomical phenomenon in 2021 – a solar eclipse. Astronomical Institute named after Ulugbek reports.",NOT_RELEVANT,,NOT_RELEVANT,,,,gold,IAA adjudicated gold
UZ-D01426,,UZ,Daryo.uz,https://daryo.uz/uz/2016/09/25/bagdodda-roy-bergan-portlash-oqibatida-7-kishi-halok-boldi-28-kishi-yaralandi/,2016-09-25,"Бағдодда рўй берган портлаш оқибатида 7 киши ҳалок бўлди, 28 киши яраланди",Портлаш содир бўлган Искан туманида асосан шиалар истиқомат қилади,NOT_RELEVANT,,NOT_RELEVANT,,,,uz_1,
UZ-C01156,,UZ,Daryo.uz,https://daryo.uz/2024/07/31/peskov-rossiya-tinchlik-muzokaralariga-tayyor-biroq-ukrainadan-hech-qanday-taklif-yoq/,2024-07-31,"Peskov: “Rossiya tinchlik muzokaralariga tayyor, biroq Ukrainadan hech qanday taklif yo‘q”","Avvalroq Mixail Podolyak Rossiya bilan muzokara o‘tkazish zarurligini aytib, harbiy mojaroni faqat Ukrainaning hududiy yaxlitligi va subyektivligi sharti bilan hal qilish mumkinligini ta’kidlagandi",NOT_RELEVANT,,NOT_RELEVANT,,,,uz_1,
UZ-D02577,,UZ,Kun.uz,https://kun.uz/news/2018/10/26/ega-bormi-zizzah-saridagi-urda-ekologik-boginining-aancli-manzarasi,,Ega bormi? Jizzax shahridagi «O‘rda» ekologik bog‘ining ayanchli manzarasi,«Yantoqdan yog‘ chiqmaydi». Ushbu xalq maqoli aynan Jizzax shahri markazidagi «O‘rda» ekologik bog‘iga nisbatan aytilgandek.,NOT_RELEVANT,,NOT_RELEVANT,,,,uz_1,
UZ-D02914,,UZ,Daryo.uz,https://daryo.uz/uz/2016/04/07/ozbekiston-milliy-terma-jamoasi-jch-2018-saralashida-saudiya-bilan-bir-guruhdan-joy-olmaydi/,2016-04-07,Ўзбекистон миллий терма жамоаси ЖЧ—2018 3-саралаш босқичида Саудия билан бир гуруҳдан жой олмайди,"Регламентга кўра, ўн икки терма жамоа 6 тадан икки гуруҳга бўлинади",NOT_RELEVANT,,NOT_RELEVANT,,,,uz_1,
UZ-D05477,,UZ,Kun.uz,https://kun.uz/en/news/2020/05/04/government-allocated-first-100-billion-soums-for-population-affected-by-the-flood-in-sardoba-district,,Government allocated first 100 billion soums for population affected by the flood in Sardoba district,"Flooding after the dam breakthrough of the Sardoba reservoir in the Syrdarya region caused serious damage to residential settlements, real estate objects, social facilities and agricultural crops on the territory of Yurtdosh, Dustlik, Kurgontepa mahallas of the Sardoba district,",NOT_RELEVANT,,NOT_RELEVANT,,,,uz_2,
UZ-C02062,,UZ,Daryo.uz,https://daryo.uz/uz/2026/05/02/boysunda-sel-oqibatida-yana-neft-aralash-suyuqlik-sizib-chiqdi/,2026-05-02,Бойсунда сел оқибатида яна нефть аралаш суюқлик сизиб чиқди,"Ҳандақ бузилиб, нефть аралаш суюқлик ташқарига оқиб чиққан. Мутасаддилар сизиб чиққан модданинг атроф-муҳитга таъсирини ўрганмоқда.",NOT_RELEVANT,,NOT_RELEVANT,,,,gold,IAA adjudicated gold
UZ-D01005,,UZ,Daryo.uz,https://daryo.uz/2022/01/20/samarqand-tumani-tugatiladi-oqdaryo-past-dargom-toyloq-tumanlarining-mamuriy-hududiy-chegaralari-ozgaradi/,2022-01-20,"Samarqand tumani tugatiladi. Oqdaryo, Past Darg‘om, Toyloq tumanlarining ma’muriy-hududiy chegaralari o‘zgaradi","Shuningdek, qator tumanlarning ma’lum bir hududi Samarqand shahri tarkibiga kiritiladi",NOT_RELEVANT,,NOT_RELEVANT,,,,uz_2,
UZ-D01865,,UZ,Daryo.uz,https://daryo.uz/uz/2017/01/01/2016-yilda-farzandli-va-nevarali-bolgan-ozbek-shou-biznesi-vakillari/,2017-01-01,2016 йилда фарзандли ва неварали бўлган ўзбек шоу-бизнеси вакиллари,Севара Назархон ўз қизига Иман Анвар деб исм қўйди,NOT_RELEVANT,,NOT_RELEVANT,,,,uz_1,
UZ-D04739,,UZ,Daryo.uz,https://daryo.uz/uz/2016/05/26/pan-gi-mun-seulni-shimoliy-koreya-bilan-muzokaralarni-tiklashga-chaqirdi/,2016-05-26,Пан Ги Мун Сеулни Шимолий Корея билан музокараларни тиклашга чақирди,"Пхеньян Сеулга бир неча бор музокараларни тиклашни таклиф этган, бироқ Жанубий Корея уларни ядровий қуролсизланишга қаратилган жиддий мақсад намойиши эмас деб ҳисоблаб, рад этиб келмоқда",NOT_RELEVANT,,NOT_RELEVANT,,,,uz_2,
UZ-C00615,,UZ,Daryo.uz,https://daryo.uz/2026/06/09/livan-prezidenti-isroilni-urushni-toxtatib-muzokaralar-stoliga-otirishga-chaqirdi/,2026-06-09,"Livan prezidenti Isroilni urushni to‘xtatib, muzokaralar stoliga o‘tirishga chaqirdi","Jozef Aun Tel Aviv bilan bo‘lajak kelishuv to‘liq tinchlik shartnomasi emas, balki bir-biriga hujum qilmaslik haqidagi pakt bo‘lishini aytdi.",NOT_RELEVANT,,NOT_RELEVANT,,,,uz_1,
UZ-D00885,,UZ,Daryo.uz,https://daryo.uz/uz/2021/10/08/apple-iphonelarni-avtomobillardagi-iqlim-nazorat-va-orindiqlarni-boshqarishga-orgatadi/,2021-10-08,Apple iPhone’ларни автомобиллардаги иқлим-назорат ва ўриндиқларни бошқаришга ўргатади,"Тизим автомобиль ичи ва ташқарисидаги ҳароратни ўлчашга, аудиотизим, ўриндиқлар электр узатмаларини бошқариш имкониятига эга бўлади",NOT_RELEVANT,,NOT_RELEVANT,,,,uz_2,
UZ-C00863,,UZ,Daryo.uz,https://daryo.uz/2020/11/29/buxoroda-tort-yildan-beri-gazsiz-yashayotgan-nogironga-oav-aralashuvi-bilan-bir-kunda-gaz-berildi/,2020-11-29,Buxoroda to‘rt yildan beri gazsiz yashayotgan nogironligi bor shaxsga OAV aralashuvi bilan bir kunda gaz berildi,"Kogon shahrida yashovchi 72 yoshli fuqaro Naim Saidovdan kelgan murojaatga ko‘ra, “Daryo” muxbiri muammoni o‘rganish uchun aytilgan manzilda bo‘ldi",NOT_RELEVANT,,NOT_RELEVANT,,,,uz_2,
UZ-C00087,,UZ,Daryo.uz,https://daryo.uz/uz/2021/02/11/ekologik-partiya-sum-qarshisida-istiqlol-majmuasining-qurilishiga-munosabat-bildirdi/,2021-02-11,Экологик партия «ЦУМ» қаршисида «Истиқлол» мажмуасининг қурилишига муносабат билдирди,Ушбу боғни сақлаб қолиш борасида жамоатчилик эшитувини ташкил этиш режалаштирилди,NOT_RELEVANT,,NOT_RELEVANT,,,,uz_2,
UZ-D05485,,UZ,Kun.uz,https://kun.uz/news/2020/11/20/ekologik-partiyaga-yangi-rais-saylandi,,Ekologik partiyaga yangi rais saylandi,O‘zbekiston Ekologik partiyasi markaziy kengashi ijroiya qo‘mitasi raisi saylandi. Bu haqda “Yuksalish” umummilliy harakati xabar bermoqda.,NOT_RELEVANT,,NOT_RELEVANT,,,,uz_1,
UZ-D03117,,UZ,Daryo.uz,https://daryo.uz/uz/2024/09/11/jch2026-saralashi-ozbekiston-qiyin-kechgan-oyinda-qirgiziston-ustidan-galabaga-erishdi/,2024-09-11,ЖЧ—2026 саралаши. Ўзбекистон қийин кечган ўйинда Қирғизистон устидан ғалабага эришди,Сречко Катанес шогирдлари иккинчи баҳсда ҳам ғалаба қозонди,NOT_RELEVANT,,NOT_RELEVANT,,,,uz_1,
UZ-D05128,,UZ,Kun.uz,https://kun.uz/news/2020/10/02/ichimlik-suvi-taminoti-sohasida-investitsiya-loyihalarini-saralash-boyicha-yangi-tartib-joriy-etiladi,,Ichimlik suvi ta'minoti sohasida investitsiya loyihalarini saralash bo‘yicha yangi tartib joriy etiladi,"Ichimlik suvi va oqava suv tizimi modernizatsiya qilinadi, ushbu sohadagi investitsiya loyihalari samaradorligi oshiriladi.",NOT_RELEVANT,,NOT_RELEVANT,,,,uz_2,
UZ-D01433,,UZ,Daryo.uz,https://daryo.uz/uz/2021/05/10/andijonda-aka-singilning-fojiali-olimiga-sabab-bolgan-sel-qirgiz-kanalining-shagallar-bilan-tolib-qolishi-oqibatida-yuzaga-kelgani-aytilmoqda/,2021-05-10,Андижонда икки боланинг ўлимига сабаб бўлган сел Қирғиз каналининг шағал билан тўлиб қолиши оқибатида юзага келгани айтилмоқда,"Вилоят ҳокимлиги ахборот хизмати раҳбари Элёр Матисаковнинг маълум қилишича, ҳудуддаги фавқулодда вазият қандай юз берганини аниқлаш учун махсус ишчи гуруҳ тузилган. Шунингдек, талафот оқибатларини бартараф этиш учун вилоят бўйича 100 дан ортиқ техникалар ҳамда 1000 га яқин кўнгилли ходимлар жалб этилган",NOT_RELEVANT,,NOT_RELEVANT,,,,uz_1,
UZ-C00587,,UZ,Daryo.uz,https://daryo.uz/uz/2023/07/27/2026-yilgi-jahon-chempionati-va-2027-yilgi-osiyo-kubogi-musobaqalarining-ikkinchi-qoshma-saralash-bosqichiga-qura-tashlandi/,2023-07-27,2026 йилги Жаҳон Чемпионати ва 2027 йилги Осиё Кубоги мусобақаларининг иккинчи қўшма саралаш босқичига қуръа ташланди,Ўзбекистон терма жамоасининг саралаш босқичидаги рақиблари номи аниқ бўлди,NOT_RELEVANT,,NOT_RELEVANT,,,,gold,IAA adjudicated gold
UZ-C01200,,UZ,Daryo.uz,https://daryo.uz/uz/2022/05/05/oila-va-xotin-qizlar-davlat-qomitasi-aralashuvi-bilan-buxorolik-ikki-nafar-ayol-qamoqdan-ozod-qilindi/,2022-05-05,Оила ва хотин-қизлар давлат қўмитаси аралашуви билан бухоролик икки нафар аёл қамоқдан озод қилинди,"«Ҳар икки аёл ҳам улуғ айём — Рамазон ҳайити олди ўз оиласи бағрига қайтди», — дейди вилоят ҳокими ўринбосари, бошқарма бошлиғи Феруза Ибрагимова",NOT_RELEVANT,,NOT_RELEVANT,,,,uz_2,
UZ-D05443,,UZ,Daryo.uz,https://daryo.uz/2024/10/23/shahrisabzda-ozbekiston-ekologik-partiyasining-saylovoldi-ommaviy-tadbiri-otkazildi/,2024-10-23,Shahrisabzda O‘zbekiston Ekologik partiyasining saylovoldi ommaviy tadbiri o‘tkazildi,2030-yilga qadar yirik shaharlarda yo‘lovchilarning velosipedda harakatlanish ulushini 20 foizga yetkazishni o‘z oldiga maqsad qilib qo‘ygani qayd etildi,NOT_RELEVANT,,NOT_RELEVANT,,,,uz_2,
UZ-D04105,,UZ,Daryo.uz,https://daryo.uz/uz/2017/10/10/xitoyda-robot-stomatolog-ilk-marta-inson-aralashuvisiz-jarrohlik-amaliyotini-otkazdi/,2017-10-10,Хитойда робот-стоматолог илк марта инсон аралашувисиз жарроҳлик амалиётини ўтказди,Операция бир соат давом этди,NOT_RELEVANT,,NOT_RELEVANT,,,,uz_2,
UZ-D00508,,UZ,Daryo.uz,https://daryo.uz/uz/2023/04/26/aqsh-kongressi-ukrainani-1991-yilgi-chegaralariga-qaytarishni-talab-qiluvchi-rezolyutsiya-tayyorladi/,2023-04-26,АҚШ Конгресси Украинани 1991 йилги чегараларига қайтаришни талаб қилувчи резолюция тайёрлади,"Ҳужжатда Украинанинг НАТОга қўшилиши, Россиянинг товон тўлаши ҳақида ҳам сўз юритилган",NOT_RELEVANT,,NOT_RELEVANT,,,,uz_1,
UZ-C01779,,UZ,Kun.uz,https://kun.uz/en/news/2024/11/20/uzbekistan-faces-alarming-rise-in-carbon-monoxide-deaths,,Uzbekistan faces alarming rise in carbon monoxide deaths,Tragic incidents involving carbon monoxide poisoning have resulted in multiple fatalities in Namangan’s Pop district and Bukhara’s Kogon city. The source of the toxic gas in both cases was homemade stoves burning natural gas.,NOT_RELEVANT,,NOT_RELEVANT,,,,uz_2,
UZ-D04251,,UZ,Daryo.uz,https://daryo.uz/uz/2021/11/28/koronavirusning-jarda-topilgan-omikron-shtammi-avstraliyaga-yetib-bordi-isroil-oz-chegaralarini-2-haftaga-yopdi-qaysi-davlatlar-afrika-bilan-parvozlarni-taqiqladi/,2021-11-28,Коронавируснинг ЖАРда топилган «омикрон» штамми Австралияга етиб борди. Исроил ўз чегараларини 2 ҳафтага ёпди,Германияда ҳам «омикрон» штамми билан касалланиш бўйича иккита ҳолат тасдиқланган,NOT_RELEVANT,,NOT_RELEVANT,,,,uz_2,
UZ-D05391,,UZ,Daryo.uz,https://daryo.uz/2025/06/01/ozbekiston-jstga-azo-bolish-boyicha-buyuk-britaniya-bilan-ikki-tomonlama-muzokaralarni-yakunladi/,2025-06-01,O‘zbekiston JSTga a‘zo bo‘lish bo‘yicha Buyuk Britaniya bilan ikki tomonlama muzokaralarni yakunladi,Buyuk Britaniya bozorga kirish bo‘yicha ikki tomonlama muzokaralar muvaffaqiyatli yakunlangan 24-davlat bo‘ldi,NOT_RELEVANT,,NOT_RELEVANT,,,,uz_1,
UZ-D00539,,UZ,Daryo.uz,https://daryo.uz/2017/01/30/donald-tramp-aqsh-mustahkam-chegaralarga-muhtoj/,2017-01-30,Donald Tramp: AQSh mustahkam chegaralarga muhtoj,AQSh prezidenti fuqarolar e’tiborini Yevropa va butun dunyoda sodir bo‘layotgan “dahshatli tartibsizlik”ka qaratdi,NOT_RELEVANT,,NOT_RELEVANT,,,,uz_1,
UZ-D03839,,UZ,Daryo.uz,https://daryo.uz/2016/10/28/ozbekiston-u-19-qizlar-terma-jamoasi-osiyo-chempionati-saralashini-galaba-bilan-boshladi/,2016-10-28,O‘zbekiston U-19 qizlar terma jamoasi Osiyo chempionati saralashini g‘alaba bilan boshladi,O‘zbekiston U-19 qizlar termasining guruhdagi navbatdagi uchrashuvi 31-oktabr kuni Xitoy Taypeyiga qarshi bo‘lib o‘tadi,NOT_RELEVANT,,NOT_RELEVANT,,,,uz_2,
UZ-D02589,,UZ,Kun.uz,https://kun.uz/news/2024/09/10/germaniya-barcha-quruqlik-chegaralarida-vaqtinchalik-nazoratni-joriy-qilyapti,,Germaniya barcha quruqlik chegaralarida vaqtinchalik nazoratni joriy qilyapti,"16 sentabrdan boshlab Germaniyaning Fransiya, Lyuksemburg, Niderlandiya, Belgiya va Daniya bilan quruqlikdagi chegaralarida chegara nazorati joriy etiladi.",NOT_RELEVANT,,NOT_RELEVANT,,,,uz_2,
UZ-D04979,,UZ,Kun.uz,https://kun.uz/en/news/2019/11/09/delegation-of-uzbekistan-in-antalya-informs-turkish-entrepreneurs-about-the-investment-climate-in-the-country,,Delegation of Uzbekistan in Antalya informs Turkish entrepreneurs about the investment climate in the country,"On November 8, 2019, within the framework of participation at the 24th meeting of the OECD Council of Foreign Ministers in Turkey, the delegation of Uzbekistan, headed by the First Deputy Foreign Minister Ilhom Nematov, visited the Antalya industrial zone.",NOT_RELEVANT,,NOT_RELEVANT,,,,uz_1,
UZ-C00392,,UZ,Daryo.uz,https://daryo.uz/uz/2024/06/01/instagram-nevarali-bolgan-hosila-rahimova-toylarini-samarqandda-otkazgan-madina-karimova-va-sardor-torayev-farzandini-xorijda-dunyoga-keltiradigan-munisa-rizayeva/,2024-06-01,"Instagram: Неварали бўлган Ҳосила Раҳимова, тўйларини Самарқандда ўтказган Мадина Каримова ва Сардор Тўраев, фарзандини хорижда дунёга келтирадиган Муниса Ризаева",Ижтимоий тармоқдаги қизиқарли фото ва видеолар,NOT_RELEVANT,,NOT_RELEVANT,,,,uz_2,
UZ-C00408,,UZ,Kun.uz,https://kun.uz/news/2025/09/08/hamas-zudlik-bilan-muzokaralarga-tayyorligini-bildirdi,,HAMAS zudlik bilan muzokaralarga tayyorligini bildirdi,"Trampning aytishicha, Isroil garovga olinganlarni ozod qilish bo‘yicha kelishuv tuzish shartlarini allaqachon qabul qilgan va HAMASdan ham ularni qabul etishni talab qilgan. Shundan so‘ng HAMAS muzokara stoliga o‘tirishga tayyor ekanini ma’lum qildi.",NOT_RELEVANT,,NOT_RELEVANT,,,,uz_2,
UZ-D02491,,UZ,Kun.uz,https://kun.uz/news/2021/11/26/toshkent-viloyati-hokimligi-binosi-panjaralari-olib-tashlandi-orniga-daraxtlar-ekiladi,,Toshkent viloyati hokimligi binosi panjaralari olib tashlandi. O‘rniga daraxtlar ekiladi,Toshkent viloyati hokimligi binosi atrofini o‘rab turgan panjaralar olib tashlandi.,NOT_RELEVANT,,NOT_RELEVANT,,,,uz_1,
UZ-D04250,,UZ,Daryo.uz,https://daryo.uz/2023/04/09/dehqonobodda-loyiha-qimati-66-milliard-som-bolgan-sel-suv-ombori-foydalanishga-topshirildi/,2023-04-09,Dehqonobodda loyiha qiymati 66 mlrd so‘m bo‘lgan sel suv ombori foydalanishga topshirildi,Sel suv ombori hajmi 20 million metr kubni tashkil qiladi,NOT_RELEVANT,,NOT_RELEVANT,,,1,uz_1,"Anti-sel reservoir infrastructure, no climate frame"
UZ-D05545,,UZ,Daryo.uz,https://daryo.uz/uz/2017/07/10/oav-putin-va-tramp-rossiyaning-aqshdagi-saylovlarga-aralashuvi-atrofida-40-daqiqa-tortishdi/,2017-07-10,ОАВ: Путин ва Трамп Россиянинг АҚШдаги сайловларга аралашуви атрофида 40 дақиқа тортишди,"Орадан 40 дақиқа ўтиб, Трамп Россия президентига бошқа масалаларга ўтиш вақти келганини айтган",NOT_RELEVANT,,NOT_RELEVANT,,,,uz_1,
UZ-D00798,,UZ,Daryo.uz,https://daryo.uz/uz/2020/04/28/ozbekistonning-ayrim-hududlaridagi-yomgir-aralash-kuchli-shamol-tufayli-elektr-taminoti-vaqtincha-ochirildi/,2020-04-28,Ўзбекистоннинг айрим ҳудудларидаги ёмғир аралаш кучли шамол туфайли электр таъминоти вақтинча ўчирилди,"Навоий, Бухоро ва Қашқадарё вилоятларида кузатилган электр таъминотининг фавқулодда ўчиш оқибатлари бартараф этилмоқда",NOT_RELEVANT,,NOT_RELEVANT,,,,uz_2,
UZ-01114,,UZ,Daryo.uz,https://daryo.uz/uz/2026/04/22/energetika-vazirligining-atom-energiyasidan-foydalanishdagi-vakolatlari-belgilandi/,2026-04-22,Энергетика вазирлигининг атом энергиясидан фойдаланишдаги ваколатлари белгиланди,Атом энергияси агентлиги соҳадаги ваколатли орган сифатида белгиланди. Энергетика вазирлиги атом электр станциялари ишлаб чиқаришини ҳисобга олиб энергия балансини шакллантириш ва давлат дастурларини ишлаб чиқишда иштирок этади.,NOT_RELEVANT,,NOT_RELEVANT,,,1,uz_1,"Atomic energy regulation, no climate frame"
UZ-00184,,UZ,Daryo.uz,https://daryo.uz/2026/02/16/polsha-prezidenti-mamlakat-yadroviy-qurol-yaratishi-kerakligini-aytdi/,2026-02-16,Polsha prezidenti mamlakat yadroviy qurol yaratishi kerakligini aytdi,Karol Navrotskiy buni Rossiyaning “tajovuzkor va imperiyaviy” harakatlari bilan izohladi. U “hatto yadro salohiyatiga tayanib bo‘lsa ham” xavfsizlikni ta’minlashga chaqirdi.,NOT_RELEVANT,,NOT_RELEVANT,,,,gold,IAA adjudicated gold
UZ-01088,,UZ,Daryo.uz,https://daryo.uz/uz/2026/03/29/ozbekistonda-30-mart-kuni-aksariyat-hududlarda-yomgir-yogishi-kutilmoqda/,2026-03-29,Ўзбекистонда 30 март куни аксарият ҳудудларда ёмғир ёғиши кутилмоқда,Ҳафта бошида республиканинг тоғолди ва тоғли ҳудудларида сел-сув тошқини ҳодисалари юзага келиши мумкин.,NOT_RELEVANT,,NOT_RELEVANT,,,,uz_2,
UZ-00710,,UZ,Daryo.uz,https://daryo.uz/uz/2026/06/14/referendumda-shveysariyaliklar-migratsiyani-cheklash-tashabbusini-qollab-quvvatlamadi/,2026-06-14,Референдумда швейсарияликлар миграцияни чеклаш ташаббусини қўллаб-қувватламади,"Мамлакатдаги энг йирик ўнг консерватив сиёсий партия таклифига кўра, 2050-йилгача Швейцария аҳолиси сони 10 миллион кишидан ошмаслиги керак эди.",NOT_RELEVANT,,NOT_RELEVANT,,,,uz_2,
UZ-00792,,UZ,Kun.uz,https://kun.uz/news/2025/02/17/samarqandda-elektr-va-gaz-taminoti-korxonalarining-7-xodimi-qamoqqa-olindi,2025-02-17,Samarqandda elektr va gaz ta’minoti korxonalarining 7 xodimi qamoqqa olindi,Korrupsiyaviy jinoyatlarni sodir etganlikda ayblanayotgan xodimlar Bosh prokuror o‘rinbosari o‘tkazgan yig‘ilishda qo‘liga kishan taqilgan holda olib chiqib ketilgan. Yig‘ilish o‘tkazilganidan bir kun o‘tib jinoyat ishlari bo‘yicha Kattaqo‘rg‘on tumani sudi “Qoradaryo” elektr ta’minoti korxonasining 4 xodimiga nisbatan qamoqqa olish tarzidagi ehtiyot chorasini qo‘llash haqida ajrim chiqardi.,NOT_RELEVANT,,NOT_RELEVANT,,,,uz_2,
UZ-00675,,UZ,Daryo.uz,https://daryo.uz/2026/06/28/mashhur-filmlarda-kopchilik-sezmagan-xato-va-kamchiliklar/,2026-06-28,Mashhur filmlarda ko‘pchilik sezmagan xato va kamchiliklar,"Ekranda bir lahzada ko‘zdan g‘oyib bo‘lgan buyum, soch turmagi o‘zgarishi yoki mantiqsiz sahnalar — bular tomoshabinning diqqatidan qochmaydi.",NOT_RELEVANT,,NOT_RELEVANT,,,,uz_1,
UZ-01357,,UZ,Kun.uz,https://kun.uz/news/2026/02/09/hafta-davomida-yomgirli-havo-bolishi-kutilmoqda,2026-02-09,Hafta davomida yomg‘irli havo bo‘lishi kutilmoqda,"O‘zbekistonda ish haftasi davomida nam havo kuzatiladi. Aksariyat hududlarda vaqti-vaqti bilan yomg‘ir yog‘adi, shimolda qorga aylanadi. Harorat kunduz kunlari +8…+17, kechalari +3…+10 daraja atrofida o‘zgarib turadi.",NOT_RELEVANT,,NOT_RELEVANT,,,,uz_1,
UZ-01385,,UZ,Kun.uz,https://kun.uz/ru/news/2025/02/05/stroitelstvo-platnyx-avtodorog-tashkent-andijan-i-tashkent-samarkand-nachnyotsya-v-2025-godu,2025-02-05,Строительство платных автодорог Ташкент–Андижан и Ташкент–Самарканд начнётся в 2025 году,Министр транспорта Илхом Махкамов рассказал о строительстве платных автотрасс Ташкент–Андижан и Ташкент–Самарканд.,NOT_RELEVANT,,NOT_RELEVANT,,,,uz_2,
UZ-00131,,UZ,Kun.uz,https://kun.uz/news/2026/03/23/italiyada-sud-tizimi-islohoti-boyicha-hal-qiluvchi-referendum-otmoqda,2026-03-23,Italiyada sud tizimi islohoti bo‘yicha hal qiluvchi referendum o‘tmoqda,"Italiyada sud va tergov tizimini isloh qilish tashabbusini bosh vazir Jorja Meloni ilgari surmoqda. ANSA agentligi xabar berishicha, ovoz berish uchastkalari 22 va 23 mart kunlari ochiq bo‘ladi. Tanqidchilarning fikricha, bu o‘zgarishlar tizimni siyosiylashtirib yuborishi mumkin.",NOT_RELEVANT,,NOT_RELEVANT,,,,uz_1,
UZ-00455,,UZ,Daryo.uz,https://daryo.uz/2026/05/22/migratsiya-agentligi-etos-xorijga-ishga-joylashtirish-agentligining-litsenziyasini-bekor-qildi/,2026-05-22,Migratsiya agentligi Etos xorijga ishga joylashtirish agentligining litsenziyasini bekor qildi,Shu tariqa kompaniya faoliyati rasman to‘xtatildi. Fuqarolardan agentlik faoliyati bilan bog‘liq murojaat hamda shikoyatlarni 20-iyunga qadar taqdim etish so‘raldi.,NOT_RELEVANT,,NOT_RELEVANT,,,,uz_1,
UZ-01167,,UZ,Kun.uz,https://kun.uz/ru/news/2025/01/09/azerbaijan-airlines-priostanovila-polety-iz-baku-v-kazan,2025-01-09,Azerbaijan Airlines приостановила полеты из Баку в Казань,"Авиакомпания Azerbaijan Airlines (AZAL) приостановила рейсы из Баку в Казань для обеспечения безопасности полетов, сообщает пресс-служба авиаперевозчика.",NOT_RELEVANT,,NOT_RELEVANT,,,,uz_2,
UZ-00923,,UZ,Kun.uz,https://kun.uz/news/2025/02/11/turkiya-suriya-mahsulotlari-importiga-qoyilgan-cheklovni-bekor-qildi,2025-02-11,Turkiya Suriya mahsulotlari importiga qo‘yilgan cheklovni bekor qildi,Endi Suriya o‘z tovarlari va oziq-ovqat mahsulotlarini Turkiya bozorlariga eksport qilishi mumkin.,NOT_RELEVANT,,NOT_RELEVANT,,,,uz_1,
UZ-00370,,UZ,Daryo.uz,https://daryo.uz/2026/06/26/volkswagen-100-mingtagacha-xodimni-qisqartirishi-va-germaniyadagi-4-ta-zavodini-yopishi-mumkin/,2026-06-26,Volkswagen 100 mingtagacha xodimni qisqartirishi va Germaniyadagi 4 ta zavodini yopishi mumkin,"Kompaniya Xitoy avtomobil ishlab chiqaruvchilari bilan kuchli raqobat, AQSH boj tariflari va Yevropada talabning pasayishi fonida xarajatlarni keskin qisqartirishni rejalashtirmoqda.",NOT_RELEVANT,,NOT_RELEVANT,,,,uz_2,
UZ-00134,,UZ,Kun.uz,https://kun.uz/news/2026/01/01/chelsi-bosh-murabbiy-enso-mareskani-istefoga-chiqardi,2026-01-01,«Chelsi» bosh murabbiy Enso Mareskani iste’foga chiqardi,Jamoa oxirgi 9 o‘yinda atigi 2 ta g‘alabaga erishdi.,NOT_RELEVANT,,NOT_RELEVANT,,,,uz_2,
UZ-01271,,UZ,Kun.uz,https://kun.uz/ru/news/2026/02/28/iran-nanosit-otvetnyye-udary-po-amerikanskim-bazam-na-blijnem-vostoke,2026-02-28,Иран наносит ответные удары по американским базам на Ближнем Востоке,Иран наносит ответные удары по нескольким американским военным объектам на Ближнем Востоке. Об этом сообщил телеканал NBC со ссылкой на неназванного представителя властей США.,NOT_RELEVANT,,NOT_RELEVANT,,,,uz_1,
UZ-00627,,UZ,Daryo.uz,https://daryo.uz/uz/2026/06/06/toshkentda-avtobus-bosib-ketishi-oqibatida-piyoda-halok-boldi/,2026-06-06,Тошкентда автобус босиб кетиши оқибатида пиёда ҳалок бўлди,“Қўйлиқ” автошоҳбекатида орқага ҳаракатланган Yutong электробуси 35 ёшли пиёдани босиб кетган.,NOT_RELEVANT,,NOT_RELEVANT,,,,uz_2,
UZ-00315,,UZ,Daryo.uz,https://daryo.uz/uz/2026/06/28/ozbekistonda-21-ta-alkogol-va-spirt-ishlab-chiqaruvchi-korxona-jarimaga-tortildi/,2026-06-28,Ўзбекистонда 21 та алкоголь ва спирт ишлаб чиқарувчи корхона жаримага тортилди,"Улар лицензия талабларини бузгани учун жазоланган. Ўтказилган рейдларда истеъмолга яроқсиз 76 млрд сўмлик алкоголь, 89 млрд сўмлик тамаки маҳсулотлари мусодара қилинган.",NOT_RELEVANT,,NOT_RELEVANT,,,,uz_2,
UZ-00611,,UZ,Daryo.uz,https://daryo.uz/2026/05/15/ipoteka-bank-otp-groupning-2026-yilning-i-choragi-boyicha-mhxsga-muvofiq-moliyaviy-natijalari/,2026-05-15,Ipoteka bank OTP Group’ning 2026-yilning I choragi bo‘yicha MHXSga muvofiq moliyaviy natijalari,Jahon va O'zbekistonning eng so'nggi yangiliklar,NOT_RELEVANT,,NOT_RELEVANT,,,,uz_2,
UZ-01390,,UZ,Daryo.uz,https://daryo.uz/uz/2026/02/13/bu-jang-baribir-tashkil-etiladi-murabbiy-topuriya-va-maxachev-toqnashuvi-haqida/,2026-02-13,“Бу жанг барибир ташкил этилади” — мураббий Топурия ва Махачев тўқнашуви ҳақида,Ҳар икки жангчи UFC’нинг иккита вазн тоифасида чемпионлик камарини қўлга киритган.,NOT_RELEVANT,,NOT_RELEVANT,,,,uz_1,
UZ-00714,,UZ,Kun.uz,https://kun.uz/news/2026/01/13/qoraqalpogiston-va-toshkentda-qalbaki-dollar-otkazmoqchi-bolganlar-ushlandi,2026-01-13,Qoraqalpog‘iston va Toshkentda qalbaki dollar o‘tkazmoqchi bo‘lganlar ushlandi,Bosh prokuratura huzuridagi Departament va huquqni muhofaza qiluvchi organlar hamkorligida o‘tkazilgan tezkor tadbirlar davomida Qoraqalpog‘iston Respublikasi hamda Toshkent shahrida qalbaki AQSh dollarlarini o‘tkazmoqchi bo‘lgan bir qator shaxslar ushlangan.,NOT_RELEVANT,,NOT_RELEVANT,,,,uz_2,
UZ-00034,,UZ,Kun.uz,https://kun.uz/news/2025/02/08/yashil-oilaga-elektromobil-yashil-mahallaga-500-million-som-ekologik-turmush-targiboti,2025-02-08,"«Yashil oila»ga elektromobil, «yashil mahalla»ga 500 million so‘m – ekologik turmush targ‘iboti","2025 yilda sog‘lom ovqatlanish, yurish va velosipedda harakatlanish, plastik ishlatish va isrofgarchilikni kamaytirish kabi ekologik turmush tarzi targ‘ibotlari ko‘paytiriladi. «Yashil oila» maqomidagi oilalarga ochiq tanlov orqali 14 ta elektromobil berilishi reja qilingan. AKT va Ekologiya vazirligi 1 iyunga qadar tegishli platformani ishga tushirishi kerak.",NOT_RELEVANT,,NOT_RELEVANT,,,1,uz_2,
UZ-01468,,UZ,Kun.uz,https://kun.uz/news/2025/01/13/goldvisiongroup-kompaniyasi-gold-vision-academy-loyihasini-boshladi,2025-01-13,"GoldVisionGroup kompaniyasi ""Gold Vision Academy"" loyihasini boshladi","O‘zbekistondagi eng yirik konsertlar, turli tomoshalar va boshqa tadbirlarda sifatli va unutilmas tarzda tasvirga muhrlash ishlari bilan tanilgan GoldVisionGroup kompaniyasi o‘z faoliyatini boshlaganiga 27 yil to‘ldi. Shu munosabat bilan kompaniya yangi ta’lim loyihasini boshladi.",NOT_RELEVANT,,NOT_RELEVANT,,,,uz_1,
UZ-00700,,UZ,Daryo.uz,https://daryo.uz/2026/03/19/qisqa-videolar-davri-nima-uchun-yoshlar-film-va-seriallar-kormay-qoydi/,2026-03-19,Qisqa videolar davri: nima uchun yoshlar film va seriallar ko‘rmay qo‘ydi?,Yana bir muammo vaqtning sezilmay o‘tib ketishida. Foydalanuvchi “yana bitta video ko‘raman” deb lentani qarayveradi va rejalashtirilgan boshqa ishlari ortga suriladi.,NOT_RELEVANT,,NOT_RELEVANT,,,,uz_2,
UZ-00480,,UZ,Daryo.uz,https://daryo.uz/uz/2026/05/19/2000-dollarlik-toy-xizmati-narxi-endi-2500-dollar-boladi-yulduz-usmonovaning-turmush-ortogi-soliq-oshishi-va-konsert-uchun-2-mlrd-somdan-ortiq-pul-sarflangani-haqida/,2026-05-19,“2000 долларлик тўй хизмати нархи энди 2500 доллар бўлади”. Юлдуз Усмонованинг турмуш ўртоғи солиқ ошиши ва концерт учун 2 млрд сўмдан ортиқ пул сарфлангани ҳақида,"“Юлдуз Усмонова солиқ тўламайдиган одам эмас. Солиқдан ҳеч ким қоча олмайди”, дейди Мансур Агалиев.",NOT_RELEVANT,,NOT_RELEVANT,,,,uz_2,
UZ-00771,,UZ,Daryo.uz,https://daryo.uz/uz/2026/02/20/neymar-faoliyatini-yakunlashi-mumkin-manba/,2026-02-20,Неймар фаолиятини якунлаши мумкин — манба,Бразилия терма жамоаси ҳамда “Сантос” клуби ҳужумчиси профессионал футбол билан хайрлашиш вақти яқинлашаётганига шама қилди.,NOT_RELEVANT,,NOT_RELEVANT,,,,uz_1,
UZ-01306,,UZ,Daryo.uz,https://daryo.uz/uz/2026/04/05/italiyada-qidiruvdagi-mashhur-mafia-boshligi-ushlandi/,2026-04-05,Италияда қидирувдаги машҳур мафиа бошлиғи ушланди,Унинг оиласи Неаполда контрабанда ва наркотик савдосининг катта қисмини назорат қилган. Роберто Маззарелла одам ўлдиришда айбланган. У рафиқаси ва икки боласи билан турган ҳашаматли виллада қўлга олинган.,NOT_RELEVANT,,NOT_RELEVANT,,,,uz_2,
UZ-01458,,UZ,Daryo.uz,https://daryo.uz/2026/04/15/jch-2026-oldidan-fransiya-terma-jamoasi-jiddiy-yoqotishga-uchradi/,2026-04-15,JCH-2026 oldidan Fransiya terma jamoasi jiddiy yo‘qotishga uchradi,“Liverpul” hujumchisi Ugo Ekitike YCHL o‘yinida olgan jarohati tufayli 9 oyga safdan chiqdi.,NOT_RELEVANT,,NOT_RELEVANT,,,,gold,IAA adjudicated gold
UZ-00900,,UZ,Daryo.uz,https://daryo.uz/2026/02/14/rasman-tottenhem-yangi-murabbiy-nomini-elon-qildi/,2026-02-14,Rasman. “Tottenhem” yangi murabbiy nomini e’lon qildi,“Shporlar” “Yuventus” sobiq ustozi Igor Tudor bilan mavsum oxiriga qadar amal qiladigan shartnoma imzoladi.,NOT_RELEVANT,,NOT_RELEVANT,,,,uz_2,
UZ-00808,,UZ,Daryo.uz,https://daryo.uz/2026/02/26/fargonada-bogchada-tok-urgan-6-yoshli-bola-ishi-yuzasidan-sud-tibbiy-ekspertizasi-tayinlandi/,2026-02-26,Farg‘onada bog‘chada tok urgan 6 yoshli bola ishi yuzasidan sud-tibbiy ekspertizasi tayinlandi,"Bola muassasa hududidagi transformatorlar o‘rnatilgan maxsus yerto‘laning ustki darchasidan yiqilib tushgan. U tok urishi oqibatida jarohat olib, shifoxonaga olib kelingan. Tergovga qadar tekshiruv harakatlari olib borilmoqda.",NOT_RELEVANT,,NOT_RELEVANT,,,,uz_2,
UZ-00740,,UZ,Daryo.uz,https://daryo.uz/2026/04/15/javohir-sindorov-butun-ozbekiston-turnirni-kuzatayotganini-va-qollab-quvvatlayotganini-his-qildim/,2026-04-15,Javohir Sindorov: “Butun O‘zbekiston turnirni kuzatayotganini va qo‘llab-quvvatlayotganini his qildim”,Kiprda o‘tayotgan Nomzodlar turnirida muddatidan avval g‘oliblikni naqd qilgan o‘zbekistonlik grossmeyster Javohir Sindorov g‘alabadan keyingi fikrlari bilan o‘rtoqlashdi.,NOT_RELEVANT,,NOT_RELEVANT,,,,uz_1,
UZ-01050,,UZ,Kun.uz,https://kun.uz/ru/news/2025/02/25/yes-priostanovil-sanksii-protiv-sirii-v-sferax-energetiki-i-transporta,2025-02-25,ЕС приостановил санкции против Сирии в сферах энергетики и транспорта,Евросоюз приостановил санкции против Сирии в сферах энергетики и транспорта после ухода президента Башара Асада.,NOT_RELEVANT,,NOT_RELEVANT,,,,uz_1,
UZ-00413,,UZ,Kun.uz,https://kun.uz/news/2025/01/20/bayden-oz-oilasining-besh-nafar-azosini-afv-etdi,2025-01-21,Bayden o‘z oilasining besh nafar a’zosini afv etdi,"Jo Baydenning prezidentlik lavozimidagi oxirgi qarori oila a’zolarini afv etish bo‘ldi. Uning ta’kidlashicha, oilasi muntazam ravishda hujum va tahdidlarga uchrab kelgan.",NOT_RELEVANT,,NOT_RELEVANT,,,,uz_2,
UZ-00736,,UZ,Kun.uz,https://kun.uz/ru/news/2025/01/16/zakonoproyekt-o-dobrovolnom-zaprete-na-polucheniye-kreditov-napravlen-v-senat,2025-01-16,Законопроект о добровольном запрете на получение кредитов направлен в Сенат,Законодательная палата Олий Мажлиса на заседании 14 января приняла в третьем чтении законопроект о добровольном запрете на получение кредитов.,NOT_RELEVANT,,NOT_RELEVANT,,,,uz_2,
UZ-01234,,UZ,Daryo.uz,https://daryo.uz/uz/2026/02/18/ozbekiston-dekabrda-jstga-azolikni-rasmiylashtirish-bosqichiga-otadi-prezident-farmoni/,2026-02-18,Ўзбекистон декабрда ЖСТга аъзоликни расмийлаштириш босқичига ўтади — президент фармони,Йил давомида мамлакат қонунчилигини ташкилот талабларига мослаштириш ишлари якунланади. Қатор соҳаларга оид янги қонунлар қабул қилинади.,NOT_RELEVANT,,NOT_RELEVANT,,,,uz_1,
UZ-00725,,UZ,Daryo.uz,https://daryo.uz/uz/2026/06/17/jch-2026-germaniya-terma-jamoasi-bazasidan-zaharli-ilon-chiqdi/,2026-06-17,ЖЧ-2026. Германия терма жамоаси базасидан заҳарли илон чиқди,Аввалроқ Англия терма жамоаси базасига ўғри тушгани хабар берилганди.,NOT_RELEVANT,,NOT_RELEVANT,,,,uz_2,
UZ-00598,,UZ,Kun.uz,https://kun.uz/ru/news/2025/02/07/v-uzbekistane-bankam-razreshat-napryamuyu-zakupat-kommercheskuyu-nedvijimost-u-developerov,2025-02-07,В Узбекистане банкам разрешат напрямую закупать коммерческую недвижимость у девелоперов,В Узбекистане банки получат возможность осуществлять прямые покупки коммерческой недвижимости у застройщиков. Об этом сообщалось на совещании у президента Шавката Мирзиеева.,NOT_RELEVANT,,NOT_RELEVANT,,,,uz_2,
UZ-00427,,UZ,Daryo.uz,https://daryo.uz/2026/02/25/dunyoning-50-dan-ortiq-shaharlarida-ozbekistonliklar-uchun-iftorliklar-tashkil-etilmoqda/,2026-02-25,Dunyoning 50 dan ortiq shaharlarida o‘zbekistonliklar uchun iftorliklar tashkil etilmoqda,O‘zbekiston hukumati tashabbusi bilan ramazon oyida xorijdagi vatandoshlar uchun 10 dan ortiq mamlakatda iftorlik tadbirlari hamda taniqli ulamolar va imom-xatiblar ishtirokidagi uchrashuvlar o‘tkazilmoqda.,NOT_RELEVANT,,NOT_RELEVANT,,,,uz_2,
UZ-01086,,UZ,Kun.uz,https://kun.uz/news/2025/03/20/tramp-kiyevga-ukrainadagi-aesni-aqsh-nazorati-ostiga-olishni-taklif-qildi,2025-03-20,Tramp Kiyevga Ukrainadagi AESni AQSh nazorati ostiga olishni taklif qildi,"Atom elektr stansiyalarini AQSh egaligiga o‘tkazish Ukraina energetika infratuzilmasi uchun eng yaxshi himoya bo‘ladi, dedi Tramp Zelenskiyga. Ukraina rahbari Kiyev energetika infratuzilmasiga hujumlarni to‘xtatishga roziligini ta’kidladi.",NOT_RELEVANT,,NOT_RELEVANT,,,,uz_2,
UZ-00712,,UZ,Kun.uz,https://kun.uz/news/2026/01/16/ozbekiston-yashash-uchun-eng-arzon-davlatlar-qatoriga-kirdi,2026-01-16,O‘zbekiston yashash uchun eng arzon davlatlar qatoriga kirdi,"Numbeo portali ma’lumotlariga ko‘ra, O‘zbekistonda xarajatlarning deyarli barcha asosiy toifalari bo‘yicha narxlarning nisbatan past darajasi qayd etilgan.",NOT_RELEVANT,,NOT_RELEVANT,,,,uz_1,
UZ-01435,,UZ,Kun.uz,https://kun.uz/news/2025/01/15/sayyor-tekshiruv-otkazishda-soliq-organlarining-huquqlari-kengaytirildi,2025-01-15,Sayyor tekshiruv o‘tkazishda soliq organlarining huquqlari kengaytirildi,"Vazirlar Mahkamasining ""O‘zbekiston hukumatining ayrim qarorlariga o‘zgartirish va qo‘shimchalar kiritish to‘g‘risida""gi qarori qabul qilindi.",NOT_RELEVANT,,NOT_RELEVANT,,,,uz_1,
UZ-00581,,UZ,Kun.uz,https://kun.uz/ru/news/2025/03/14/v-uzbekistane-v-konse-nedeli-temperatura-povysitsya-do-25-gradusov-tepla,2025-03-14,В Узбекистане в конце недели температура повысится до 25 градусов тепла,"В Узбекистане c 14 по 16 марта постепенно начнет повышаться дневная температура воздуха, ожидается погода без осадков, сообщает Узгидромет.",NOT_RELEVANT,,NOT_RELEVANT,,,,uz_1,
UZ-01008,,UZ,Daryo.uz,https://daryo.uz/uz/2026/03/24/ozbekistonda-harorat-30-darajagacha-kotariladi/,2026-03-24,Ўзбекистонда ҳарорат 30 даражагача кўтарилади,"Прогнозларга кўра, чоршанба ёғингарчиликсиз ўтади. Айрим жойларда чанг-тўзон кузатилиши мумкин.",NOT_RELEVANT,,NOT_RELEVANT,,,,gold,IAA adjudicated gold
UZ-00732,,UZ,Daryo.uz,https://daryo.uz/uz/2026/02/10/ozbekiston-olimlari-ekologik-toza-plyonka-ishlab-chiqarish-yolini-topdi/,2026-02-10,Ўзбекистон олимлари экологик тоза плёнка ишлаб чиқариш йўлини топди,"Ушбу маҳсулот маҳаллий ўсимликларнинг сувда эрувчи полисахаридлари асосида тайёрланади. У тупроқ ва сув муҳитида осон парчаланиб, атроф-муҳитга зарар етказмайди.",NOT_RELEVANT,,NOT_RELEVANT,,,,uz_2,
UZ-00419,,UZ,Kun.uz,https://kun.uz/en/news/2026/01/17/dense-fog-and-snowfall-reduce-visibility-at-kamchik-pass,2026-01-17,Dense fog and snowfall reduce visibility at Kamchik Pass,"Snowfall continues at Kamchik Pass. In some parts of the pass area, dense fog has formed, significantly reducing road visibility.",NOT_RELEVANT,,NOT_RELEVANT,,,,uz_2,
UZ-00751,,UZ,Daryo.uz,https://daryo.uz/uz/2026/02/12/dunyoning-eng-kop-haq-tolanuvchi-modellari-top-3-taligi/,2026-02-12,Дунёнинг энг кўп ҳақ тўланувчи моделлари топ-3 талиги,Бразилиялик машҳур модел Жизел Бюндхен подиумдаги фаолиятини расман якунлаганига бир неча йил бўлган. Бироқ бу унинг ҳамон дунёнинг энг бой моделлари рўйхатида юқори ўринларни банд этишига асло халақит бермайди.,NOT_RELEVANT,,NOT_RELEVANT,,,,uz_1,
UZ-00179,,UZ,Kun.uz,https://kun.uz/news/2026/03/21/farmatsevtik-inspeksiya-xizmatlari-uchun-tolovlar-tartibi-belgilanadi,2026-03-21,Farmatsevtik inspeksiya xizmatlari uchun to‘lovlar tartibi belgilanadi,«Zarur amaliyotlar» talablariga muvofiqlikni baholash bo‘yicha farmatsevtik inspeksiya xizmatlari uchun to‘lovlar miqdorini aniqlash tartibini belgilaydigan vaqtinchalik nizom joriy etiladi.,NOT_RELEVANT,,NOT_RELEVANT,,,,gold,IAA adjudicated gold
UZ-00816,,UZ,Daryo.uz,https://daryo.uz/uz/2026/05/11/surxondaryo-viloyati-hokimiga-yangi-orinbosar-tayinlandi-11-05/,2026-05-11,Сурхондарё вилояти ҳокимига янги ўринбосар тайинланди,"Ойбек Ашуров вилоят раҳбарининг Ёшлар сиёсати, ижтимоий ривожлантириш ва маънавий-маърифий ишлар бўйича ўринбосари лавозимини эгаллади. У бунга қадар ҳокимлик Ижро аппаратида раҳбар бўлган.",NOT_RELEVANT,,NOT_RELEVANT,,,,uz_1,
UZ-01496,,UZ,Kun.uz,https://kun.uz/news/2025/01/16/dunyodagi-eng-qimmat-lamborghini-avtomobili-sotildi,2025-01-16,Dunyodagi eng qimmat Lamborghini avtomobili sotildi,Muzeyda saqlanayotgan Lamborghini Egoista rekord qiymatga sotildi. Uning xaridori o‘zini oshkor qilmadi.,NOT_RELEVANT,,NOT_RELEVANT,,,,gold,IAA adjudicated gold
UZ-00731,,UZ,Daryo.uz,https://daryo.uz/2026/05/09/yozgi-tatil-boshlanishidan-oldin-bolalarda-otkazish-kerak-bolgan-5-ta-muhim-tekshiruv/,2026-05-09,Yozgi ta’til boshlanishidan oldin bolalarda o‘tkazish kerak bo‘lgan 5 ta muhim tekshiruv,Bolaga yozgi oromgohni tanlashdan avval ta’til vaqtida bir nechta mutaxassislar ko‘rigidan o‘tkazish haqida o‘ylash zarur.,NOT_RELEVANT,,NOT_RELEVANT,,,,uz_2,
UZ-00916,,UZ,Kun.uz,https://kun.uz/ru/news/2026/03/24/dvijyeniye-cherez-punkt-propuska-atameken-na-granitse-s-kazaxstanom-vozobnovleno,2026-03-24,Движение через пункт пропуска «Атамекен» на границе с Казахстаном возобновлено,"В Сырдарьинской области после завершения строительных работ на сопредельной стороне возобновлено движение граждан и легковых автомобилей через пункт пропуска «Атамекен» на границе Узбекистана и Казахстана. Для пересекающих границу упрощены процедуры контроля, что должно ускорить прохождение пункта.",NOT_RELEVANT,,NOT_RELEVANT,,,,gold,IAA adjudicated gold
UZ-00153,,UZ,Daryo.uz,https://daryo.uz/2026/02/18/yaponiyada-sanae-takaichi-qayta-bosh-vazir-etib-saylandi/,2026-02-18,Yaponiyada Sanae Takaichi qayta bosh vazir etib saylandi,"Hukmron Liberal-demokratik partiya yetakchisi parlamentdagi ovoz berish natijalariga ko‘ra rasman 105-bosh vazir etib saylandi. Shu tariqa, bir necha oy avval hukumat tepasiga kelgan Takaichi o‘z vakolatlarini qayta tasdiqladi va yangi kabinetni shakllantirishga kirishdi.",NOT_RELEVANT,,NOT_RELEVANT,,,,uz_2,
UZ-00666,,UZ,Daryo.uz,https://daryo.uz/uz/2026/06/08/denovda-iib-xodimi-14-yoshga-tolmagan-qiz-nomusiga-tegishda-gumonlanmoqda/,2026-06-08,Деновда ИИБ ходими 14 ёшга тўлмаган қиз номусига тегишда гумонланмоқда,Вояга етмаганлар масалалари бўйича собиқ инспектор-психолог қизга нисбатан зўрлик ишлатиб уятсиз-бузуқ ҳаракатлар қилишда айбланмоқда. Иш судга оширилди.,NOT_RELEVANT,,NOT_RELEVANT,,,,uz_2,
UZ-01027,,UZ,Daryo.uz,https://daryo.uz/2026/06/06/andijonda-iib-xodimi-osmir-qiz-bilan-jinsiy-aloqa-qilgani-uchun-qamoqqa-olindi/,2026-06-06,Andijonda IIB xodimi o‘smir qiz bilan jinsiy aloqa qilgani uchun qamoqqa olindi,"Qo‘rg‘ontepa tumanida uydan noma’lum tomonga chiqib ketgan qizni ko‘p qavatli uyga olib borib, u bilan jinsiy aloqa qilgan ichki ishlar idorasi xodimi hibsga olindi. Jinoyatda ayblanayotgan shaxs aynan voyaga yetmaganlarga ijtimoiy-huquqiy yordam ko‘rsatish tizimida ishlagani ma’lum bo‘ldi.",NOT_RELEVANT,,NOT_RELEVANT,,,,uz_1,
UZ-00237,,UZ,Kun.uz,https://kun.uz/news/2025/01/01/talimni-ovqatlanish-narxida-olish-mumkinligini-isbotladik-google-amazon-facebook-tajribasida-oqitayotgan-ozbek-dasturchisi,2025-01-03,"“Ta’limni ovqatlanish narxida olish mumkinligini isbotladik” – Google, Amazon, Facebook tajribasida o‘qitayotgan o‘zbek dasturchisi",Azim Po‘lat – Google'da dasturchi injiner. Google'gacha Amazon va Facebook kompaniyalarida dasturchi sifatida ishlagan. Dasturlashda 7 yillik tajribaga ega. “Dasturlashni 42 kunda o‘rganish” g‘oyasi ostidagi “42.uz” loyihasi asoschisi. Jamiyatimizga texnologik yechimlar bilan birgalikda innovativ o‘gatish tizimini ham joriy qilmoqchi,NOT_RELEVANT,,NOT_RELEVANT,,,,uz_1,
UZ-00959,,UZ,Kun.uz,https://kun.uz/news/2025/01/20/ozarboyjonda-qonli-yanvar-voqealariga-35-yil-toldi,2025-01-20,Ozarboyjonda «Qonli yanvar» voqealariga 35 yil to‘ldi,Ozarboyjon xalqiga qarshi amalga oshirilgan 20 yanvar fojiasidan 35 yil o‘tdi. Tarixda «Qonli yanvar» nomi bilan muhrlangan bu voqea ozarboyjon xalqining erkinlik orzusi va intilishlarini bostirish maqsadida amalga oshirilgan eng og‘ir jinoyatlardan biri sifatida qolgan.,NOT_RELEVANT,,NOT_RELEVANT,,,,gold,IAA adjudicated gold
UZ-00527,,UZ,Kun.uz,https://kun.uz/en/news/2026/04/06/uzhydromet-warns-of-potential-mudslides-and-floods-in-nine-regions,2026-04-06,Uzhydromet warns of potential mudslides and floods in nine regions,The Center for Hydrometeorological Services (Uzhydromet) has issued an emergency alert regarding the potential for mudslides and flash floods in several regions of the republic.,NOT_RELEVANT,,RELEVANT,DISASTER,,1,uz_2,mudslide and flood warning
UZ-00546,,UZ,Kun.uz,https://kun.uz/news/2025/01/24/toshkentda-yana-bir-avtosalon-egasi-qamoqqa-olindi,2025-01-24,Toshkentda yana bir avtosalon egasi qamoqqa olindi,"“Bilol’s electric motors” MChJ rahbariga nisbatan jinoyat ishi qo‘zg‘atildi. U juda ko‘p miqdordagi firibgarlikda ayblanmoqda. Kun.uz’dagi ma’lumotlarga ko‘ra, mazkur firmadan jabrlanganlar soni 50 nafarga yaqin.",NOT_RELEVANT,,NOT_RELEVANT,,,,uz_2,
UZ-00430,,UZ,Daryo.uz,https://daryo.uz/2026/03/14/ozbekistondagi-ikkita-universitetga-yangi-rektorlar-tayinlandi/,2026-03-14,O‘zbekistondagi ikkita universitetga yangi rektorlar tayinlandi,"Hukumat qarori bilan Feruza Madrahimova Urganch davlat pedagogika institutiga, Rustambek Tojiyev esa Fargʻona davlat texnika universitetiga rektor etib tayinlandi.",NOT_RELEVANT,,NOT_RELEVANT,,,,uz_2,
UZ-00276,,UZ,Daryo.uz,https://daryo.uz/2026/04/16/ufc-yulduzi-chempionlik-kamarini-yoqotib-qoydi/,2026-04-16,UFC yulduzi chempionlik kamarini yo‘qotib qo‘ydi,Yarim og‘ir vazn toifasining yangi chempioni Karlos Ulberg UFC 327 turniridagi g‘alabasini nishonlash uchun ziyofatlarga berilib ketgani sabab kamarni qayerda qoldirganini eslay olmayapti.,NOT_RELEVANT,,NOT_RELEVANT,,,,uz_2,
UZ-00519,,UZ,Daryo.uz,https://daryo.uz/2026/03/11/trilogiya-revansh-va-yuqori-vaznga-hujum-bivol-kimga-qarshi-jang-qiladi/,2026-03-11,"Trilogiya, revansh va yuqori vaznga hujum: Bivol kimga qarshi jang qiladi",Professional boksning yarim og‘ir vazn toifasida mutlaq Jahon chempioni Dmitriy Bivolning menejeri kelajak rejalari haqida ma’lumot berdi.,NOT_RELEVANT,,NOT_RELEVANT,,,,uz_1,
UZ-01400,,UZ,Kun.uz,https://kun.uz/news/2025/02/13/kaba-atrofida-rasmga-tushishga-taqiqlandimi,2025-02-14,Ka’ba atrofida rasmga tushish taqiqlandimi?,Ijtimoiy tarmoqlarda Ka’ba atrofida suratga olish taqiqlangani haqida xabarlar tarqaldi.,NOT_RELEVANT,,NOT_RELEVANT,,,,uz_2,
UZ-01261,,UZ,Daryo.uz,https://daryo.uz/2026/02/13/toshkentda-2026-yil-yanvarida-ijara-narxlari-otgan-yilga-nisbatan-9-foizga-oshdi/,2026-02-13,Toshkentda 2026-yil yanvarida ijara narxlari o‘tgan yilga nisbatan 9 foizga oshdi,"Yanvarda poytaxtda ijara narxi 1 kvadrat metr uchun o‘rtacha 8,8 dollarni va ayrim markaziy tumanlarda bu ko‘rsatkich 11 dollarni tashkil qiladi. Uy-joy oldi-sotdi bozorida ham faollik yuqoriligicha qolmoqda.",NOT_RELEVANT,,NOT_RELEVANT,,,,uz_2,
UZ-00050,,UZ,Daryo.uz,https://daryo.uz/2026/05/20/toshkentda-ekologik-vaziyatni-barqarorlashtirish-maqsadida-bmtning-atrof-muhit-boyicha-dasturi-hamkorligida-konsepsiyasi-ishlab-chiqilmoqda-ekoqomita/,2026-05-20,Toshkentda ekologik vaziyatni barqarorlashtirish maqsadida BMTning Atrof-muhit bo‘yicha dasturi hamkorligida konsepsiyasi ishlab chiqilmoqda — Ekoqo‘mita,"Toshkent, Samarqand va Termiz shaharlari havosining ifloslanish darajasini o‘rganish bo‘yicha qiymati 5 million dollarlik takliflar ishlab chiqilgan.",NOT_RELEVANT,,NOT_RELEVANT,,1,,uz_2,
UZ-00988,,UZ,Kun.uz,https://kun.uz/en/news/2026/03/06/uzbekistan-to-conduct-exploration-of-promising-uranium-deposits-in-mongolia,2026-03-06,Uzbekistan to conduct exploration of promising uranium deposits in Mongolia,"Uzbekistan plans to begin geological exploration of promising uranium deposits in Mongolia, with the two sides expected to sign a strategic agreement and conclude a service contract in April.",NOT_RELEVANT,,NOT_RELEVANT,,,,uz_1,
UZ-00208,,UZ,Daryo.uz,https://daryo.uz/2026/05/29/jeff-bezosning-new-glenn-raketasi-sinov-vaqti-portlab-ketdi-video/,2026-05-29,Jeff Bezosning New Glenn raketasi sinov vaqti portlab ketdi (video),Portlash sababli uchirish maydonchasi va atrofdagi uskunalarga jiddiy zarar yetgan. Raketani ishlab chiqishga milliardlab dollar va o‘n yilga yaqin vaqt sarflangandi.,NOT_RELEVANT,,NOT_RELEVANT,,,,uz_1,
UZ-00752,,UZ,Kun.uz,https://kun.uz/news/2026/02/23/yer-kodeksiga-qoshimcha-ayrim-yer-uchastkalari-meros-tarkibiga-kiritiladi,2026-02-24,Yer kodeksiga qo‘shimcha: ayrim yer uchastkalari meros tarkibiga kiritiladi,"Mamlakatda mulk huquqini himoya qilish va yer munosabatlarini tartibga solishni yanada takomillashtirish maqsadida qonunchilikka o‘zgartishlar kiritish taklif etilmoqda. Yangi loyihaga ko‘ra, ayrim holatlarda yer uchastkalari meros tarkibiga kiritilishi hamda ularni rasmiylashtirish tartibi aniq belgilab beriladi.",NOT_RELEVANT,,NOT_RELEVANT,,,,gold,IAA adjudicated gold
UZ-01221,,UZ,Daryo.uz,https://daryo.uz/uz/2026/04/23/dronlarni-yoqib-yuboradi-lukashenko-belarusning-yangi-qurolini-maqtadi/,2026-04-23,“Дронларни ёқиб юборади”: Лукашенко Беларусьнинг янги қуролини мақтади,"Беларусь президенти дронларни 1,5 километр масофадан йўқ қила оладиган лазер ишлаб чиқилганини айтди. У ҳеч бир давлат дронларга қарши 100 фоиз кураша олмаслигини таъкидлади.",NOT_RELEVANT,,NOT_RELEVANT,,,,uz_2,
UZ-00162,,UZ,Daryo.uz,https://daryo.uz/2026/03/24/pokiston-eron-urushini-tugatish-uchun-tinchlik-muzokaralariga-mezbonlik-qilishni-taklif-etdi/,2026-03-24,Pokiston Eron urushini tugatish uchun tinchlik muzokaralariga mezbonlik qilishni taklif etdi,"Agar Vashington va Tehron rozi bo‘lsa, muzokaralar bir hafta ichida bo‘lib o‘tishi mumkin.",NOT_RELEVANT,,NOT_RELEVANT,,,,gold,IAA adjudicated gold
UZ-00377,,UZ,Daryo.uz,https://daryo.uz/2026/03/24/mojtaba-xomanaiy-aqsh-bilan-muzokaralarga-rozi-boldi-isroil-oav/,2026-03-24,Mojtaba Xomanaiy AQSH bilan muzokaralarga rozi bo‘ldi — Isroil OAV,Tashqi ishlar vaziri Abbos Aroqchi amerikalik elchiga rahnamoning tasdig‘ini yetkazgani aytilmoqda.,NOT_RELEVANT,,NOT_RELEVANT,,,,uz_2,
UZ-00997,,UZ,Kun.uz,https://kun.uz/news/2025/02/10/hamas-isroilni-tinchlik-sulhini-buzishda-aybladi,2025-02-10,HAMAS Isroilni tinchlik sulhini buzishda aybladi,"HAMAS guruhiga ko‘ra, Isroil tomoni G‘azo sektorining shimoliy qismida yashovchi aholining uyiga qaytishiga to‘sqinlik qilmoqda. Shu bois garovdagi isroilliklarni ozod etish jarayoni bekor qilinadi.",NOT_RELEVANT,,NOT_RELEVANT,,,,gold,IAA adjudicated gold
UZ-01428,,UZ,Kun.uz,https://kun.uz/news/2025/01/06/apple-foydalanuvchilar-suratlarini-ruxsatsiz-skanerlayotgani-malum-boldi,2025-01-06,Apple foydalanuvchilar suratlarini ruxsatsiz skanerlayotgani ma’lum bo‘ldi,Amerika texnologik kompaniyasi o‘z qurilmalariga Enhanced Visual Search funksiyasini joriy etdi. Ushbu funksiya sun’iy intellekt yordamida fotosuratlarni tahlil qiladi va ma’lumotlarni Apple serverlariga uzatadi.,NOT_RELEVANT,,NOT_RELEVANT,,,,uz_1,
UZ-01399,,UZ,Daryo.uz,https://daryo.uz/uz/2026/04/07/turkiya-superligasi-bashakshehir-safarda-durang-durang-oynadi-shomurodovning-golsiz-seriyasi-6-ta-oyinga-yetdi/,2026-04-07,Туркия Суперлигаси. “Башакшеҳир” сафарда дуранг ўйнади. Шомуродовнинг голсиз серияси 6 та ўйинга етди,Истанбул клубининг яна бир ўзбекистонлик аъзоси Аббосбек Файзуллаев эса ушбу учрашув қайдномасига киритилмади.,NOT_RELEVANT,,NOT_RELEVANT,,,,uz_2,
UZ-00713,,UZ,Daryo.uz,https://daryo.uz/2026/02/12/shavkat-mirziyoyev-senator-mir-akbar-rahmonqulov-vafoti-munosabati-bilan-hamdardlik-bildirdi/,2026-02-12,Shavkat Mirziyoyev senator Mir-Akbar Rahmonqulov vafoti munosabati bilan hamdardlik bildirdi,"Hamdardlikda u tajribali siyosatchi, faol va tashabbuskor davlat xizmatchisi, samimiy va kamtarin inson sifatida xotirlangan.",NOT_RELEVANT,,NOT_RELEVANT,,,,uz_2,
UZ-01366,,UZ,Kun.uz,https://kun.uz/news/2026/01/14/arktika-xavfsizligi-germaniya-rossiya-va-xitoy-tahdidlariga-ishora-qildi,2026-01-14,Arktika xavfsizligi: Germaniya Rossiya va Xitoy tahdidlariga ishora qildi,Germaniya Mudofaa vazirligi rahbari Boris Pistorius Rossiya va Xitoy tomonidan kelayotgan tahdidlar fonida bundesver hamda NATOning boshqa yevropalik a’zolari armiyalari Arktikadagi ishtirokini oshirishi mumkinligini aytdi. AQSh aynan shu tahdidlar bilan Grenlandiyani qo‘shib olish zarurligini asoslamoqda.,NOT_RELEVANT,,NOT_RELEVANT,,,,uz_1,
UZ-00397,,UZ,Daryo.uz,https://daryo.uz/2026/02/26/aqsh-dollari-pastladi/,2026-02-26,O‘zbekistonda dollar kursi yana pastladi,Markaziy bank xorijiy valyutalarning o‘zbek so‘miga nisbatan 27-fevralda amalda bo‘ladigan qiymatini eʼlon qildi.,NOT_RELEVANT,,NOT_RELEVANT,,,,uz_1,
UZ-00533,,UZ,Kun.uz,https://kun.uz/ru/news/2025/03/06/eksklyuzivnyye-usloviya-na-pokupku-avtomobiley-kia-tolko-do-konsa-marta,2025-03-06,Эксклюзивные условия на покупку автомобилей Kia только до конца марта,Только до конца марта! Выгода до -15% на Kia. Рассрочка на 2 года.,NOT_RELEVANT,,NOT_RELEVANT,,,,uz_2,
UZ-01160,,UZ,Kun.uz,https://kun.uz/news/2025/03/03/ozbekiston-va-iordaniya-dippasport-egalari-uchun-vizasiz-kirish-togrisida-kelishuv-imzoladi,2025-03-03,O‘zbekiston va Iordaniya dippasport egalari uchun vizasiz kirish to‘g‘risida kelishuv imzoladi,Ammonda O‘zbekiston va Iordaniya o‘rtasida diplomatik pasport egalari uchun vizasiz kirish to‘g‘risidagi kelishuv va 2025-2027 yillarga mo‘ljallangan qo‘shma hamkorlik dasturi imzolandi.,NOT_RELEVANT,,NOT_RELEVANT,,,,uz_2,
UZ-00963,,UZ,Kun.uz,https://kun.uz/ru/news/2025/03/04/smi-tramp-priostanovil-vsyu-voyennuyu-pomoshch-ukraine,2025-03-04,СМИ: Трамп приостановил всю военную помощь Украине,"США приостанавливают всю военную поддержку Украины по распоряжению Дональда Трампа, усиливая давление на Владимира Зеленского после их недавнего спора в Белом доме. Об этом сообщили Bloomberg и CNN.",NOT_RELEVANT,,NOT_RELEVANT,,,,uz_1,
UZ-01304,,UZ,Kun.uz,https://kun.uz/news/2025/01/24/bosh-kotib-mark-ryutte-natoni-ukrainadagi-urush-yonalishini-ozgartirishga-chaqirdi,2025-01-24,Bosh kotib Mark Ryutte NATOni Ukrainadagi urush yo‘nalishini o‘zgartirishga chaqirdi,"Putinning Ukrainadagi g‘alabasi alyansning o‘z dushmanlarini to‘xtatib turish qobiliyatiga putur yetkazadi, deya ogohlantirdi Ryutte. Agar Ukraina yutqazsa, bu NATOga trillionlarga tushadi, deb hisoblaydi u.",NOT_RELEVANT,,NOT_RELEVANT,,,,uz_1,
UZ-01405,,UZ,Kun.uz,https://kun.uz/news/2026/02/16/kia-2025-yil-natijalarini-sarhisob-qildi-va-ozbekistonda-2026-yilga-moljallangan-rivojlanish-strategiyasini-belgilab-berdi,2026-02-16,Kia 2025 yil natijalarini sarhisob qildi va O‘zbekistonda 2026 yilga mo‘ljallangan rivojlanish strategiyasini belgilab berdi,"2026 yil 13 fevral kuni InterContinental Tashkent mehmonxonasining konferensiyalar zalida O‘zbekistonning barcha hududlaridan brend dilerlari, bosh qarorgoh vakillari, xalqaro hamkorlar va Kia Uzbekistan jamoasini birlashtirgan Kia Dealer Conference 2026 yillik dilerlik konferensiyasi o‘tkazildi.",NOT_RELEVANT,,NOT_RELEVANT,,,,uz_2,
UZ-00573,,UZ,Kun.uz,https://kun.uz/en/news/2026/03/24/migration-agency-announces-200-job-vacancies-for-truck-drivers-in-japan,2026-03-24,Migration Agency announces 200 job vacancies for truck drivers in Japan,"The Migration Agency of Uzbekistan, in collaboration with the Japanese company Proud Partners, has announced a recruitment drive for 200 delivery driver positions in Japan. The program offers competitive salaries and comprehensive support for successful candidates.",NOT_RELEVANT,,NOT_RELEVANT,,,,uz_1,
UZ-00962,,UZ,Kun.uz,https://kun.uz/ru/news/2026/01/12/ataka-xamla-lager-jamlok-predlojyeny-uzbekskiye-analogi-terminov-v-sfere-oborony,2026-01-12,"«Атака» — «хамла», «лагерь» — «жамлок»: предложены узбекские аналоги терминов в сфере обороны","Рабочий совет Комиссии по терминологии — ученые Института узбекского языка, литературы и фольклора Академии наук — представил узбекские аналоги военных терминов.",NOT_RELEVANT,,NOT_RELEVANT,,,,uz_2,
UZ-00778,,UZ,Kun.uz,https://kun.uz/news/2025/01/26/2024-yilda-mansabdor-shaxslarning-jinoyat-sodir-etish-holatlari-keskin-kopaydi,2025-02-01,2024 yilda mansabdor shaxslarning jinoyat sodir etish holatlari keskin ko‘paydi,"2023 yilda 3575 nafar mansabdor shaxs jinoiy javobgarlikka tortilgan bo‘lsa, 2024 yilda ularning soni 4 906 nafarga yetgan.",NOT_RELEVANT,,NOT_RELEVANT,,,,uz_2,
UZ-00176,,UZ,Kun.uz,https://kun.uz/news/2025/01/13/samarqand-shahrida-bir-kunda-5-erkak-vafot-etdi-ular-aroqdan-zaharlangani-taxmin-qilinmoqda,2025-01-14,Samarqand shahrida bir kunda 5 erkak vafot etdi. Ular aroqdan zaharlangani taxmin qilinmoqda,"Vafot etganlar shaharning Nurafshon, Shukrona va Madaniyat mahallasida istiqomat qilgan. Ularning eng kichigi 39 va eng kattasi 72 yoshda bo‘lgan. Marhumlarning 4 nafari uyida, biri shifoxonada vafot etgan.",NOT_RELEVANT,,NOT_RELEVANT,,,,uz_2,
UZ-00149,,UZ,Kun.uz,https://kun.uz/news/2025/02/01/moldova-1-fevral-kuni-dnestrboyiga-3-mln-kub-gaz-yetkazib-beradi,2025-02-01,Moldova 1 fevral kuni Dnestrbo‘yiga 3 mln kub gaz yetkazib beradi,1 fevral kuni Moldova shartnomaga ko‘ra Dnestrbo‘yiga 3 million kub metr gaz yetkazib beradi. Tan olinmagan respublika Yevropadan yoki «boshqa vositachilardan» gaz yetkazib berish uchun quvurda bosim yaratish zarurligini ta’kidladi.,NOT_RELEVANT,,NOT_RELEVANT,,,,uz_1,
UZ-00083,,UZ,Kun.uz,https://kun.uz/news/2026/03/05/ozbekiston-prezidentining-iordaniyaga-tashrifi-kutilmoqda,2026-03-05,O‘zbekiston prezidentining Iordaniyaga tashrifi kutilmoqda,O‘zbekiston prezidenti Shavkat Mirziyoyev 4 mart kuni Iordaniya Hoshimiylar podshohligi podshohi Abdulla II ibn al-Husayn bilan telefon orqali muloqot qildi. Suhbat davomida Yaqin Sharqdagi vaziyat hamda ikki davlat o‘rtasidagi hamkorlikning dolzarb masalalari muhokama qilindi.,NOT_RELEVANT,,NOT_RELEVANT,,,,uz_2,
UZ-01005,,UZ,Kun.uz,https://kun.uz/ru/news/2025/03/15/senat-predlagayet-ujyestochit-nakazaniye-za-narusheniya-pdd-s-tyajyelymi-posledstviyami,2025-03-15,Сенат предлагает ужесточить наказание за нарушения ПДД с тяжелыми последствиями,"Комитет Сената по вопросам обороны и безопасности разработал предложения по усилению уголовной ответственности за нарушения правил дорожного движения и эксплуатации транспорта, которые привели к серьезным последствиям. Об этом сообщает пресс-служба парламента.",NOT_RELEVANT,,NOT_RELEVANT,,,,gold,IAA adjudicated gold
UZ-01124,,UZ,Kun.uz,https://kun.uz/news/2026/01/07/fargona-va-samarqandda-rezina-plastmassa-ishlab-chiqarish-1-trln-somdan-oshdi,2026-01-07,Farg‘ona va Samarqandda rezina-plastmassa ishlab chiqarish 1 trln so‘mdan oshdi,"Milliy statistika qo‘mitasi ma’lumotlariga ko‘ra, 2025 yilning yanvar–noyabr oylarida O‘zbekistonda yirik korxonalar tomonidan qiymati 18,5 trln so‘mlik rezina va plastmassa buyumlar ishlab chiqarilgan. Ushbu ko‘rsatkich 2024 yilning mos davriga nisbatan 16,1 foizga oshgan.",NOT_RELEVANT,,NOT_RELEVANT,,,,uz_2,
UZ-00779,,UZ,Kun.uz,https://kun.uz/en/news/2025/02/27/uzbekistan-repatriates-two-children-left-without-parental-care-in-russia,2025-02-27,Uzbekistan repatriates two children left without parental care in Russia,Two children left without parental care in Russia have been repatriated to Uzbekistan with the assistance of the Temporary Detention Center for Juvenile Offenders in Moscow. They were placed in the center following a police raid.,NOT_RELEVANT,,NOT_RELEVANT,,,,uz_1,
UZ-01300,,UZ,Daryo.uz,https://daryo.uz/2026/07/03/xalq-bankining-xalqaro-reytinglari-kotarildi/,2026-07-03,Xalq bankining xalqaro reytinglari koʻtarildi,"Dunyoning eng nufuzli reyting agentliklari – Moody’s va Fitch Xalq bankining moliyaviy barqarorlik reytinglarini yaxshiladi. Bu bank tarixidagi muhim ijobiy oʻzgarishlardan biridir. Xoʻsh, yangi koʻrsatkichlar nimasi bilan ahamiyatli?",NOT_RELEVANT,,NOT_RELEVANT,,,,uz_2,
UZ-00635,,UZ,Daryo.uz,https://daryo.uz/uz/2026/04/24/tennisda-navbatdagi-legioner-ukrainalik-17-yoshli-tennischi-ozbekiston-sharafini-himoya-qiladi/,2026-04-24,Теннисда навбатдаги легионер — украиналик 17 ёшли теннисчи Ўзбекистон шарафини ҳимоя қилади,Айни вақтда Белозерцев ATP рейтингида 776-ўринни эгаллаб турибди. Унинг ҳисобида 36 очко мавжуд.,NOT_RELEVANT,,NOT_RELEVANT,,,,uz_1,
UZ-00727,,UZ,Daryo.uz,https://daryo.uz/2026/07/03/dunyoda-rahbarlar-tanqis-ammo-ozbekistonda-buyuk-yetakchi-bor-gruziya-bosh-vaziri/,2026-07-03,"“Dunyoda rahbarlar tanqis, ammo O‘zbekistonda buyuk yetakchi bor” — Gruziya bosh vaziri","Irakliy Kobaxidze Shavkat Mirziyoyevning Gruziyaga davlat tashrifi yakunlari, ikki davlat o‘rtasidagi strategik sheriklik hamda prezident haqidagi fikrlari bilan o‘rtoqlashdi.",NOT_RELEVANT,,NOT_RELEVANT,,,,uz_1,
UZ-01484,,UZ,Kun.uz,https://kun.uz/ru/news/2025/02/07/v-tashoblasti-ne-vyyavleno-prevysheniya-norm-zagryazneniya-vozduxa-minekologii,2025-02-07,В Ташобласти не выявлено превышения норм загрязнения воздуха – Минэкологии,"Управление экологии Ташкентской области совместно с прокуратурой провело исследование в Зангиатинском, Кибрайском и Ташкентском районах для выявления превышения норм выбросов загрязняющих веществ в атмосферу. Об этом сообщает пресс-служба Минэкологии.",NOT_RELEVANT,,NOT_RELEVANT,,1,,uz_1,air pollution norms check
UZ-00476,,UZ,Daryo.uz,https://daryo.uz/uz/2026/02/24/gumonlanuvchini-yigilishga-olib-borib-boshqalarga-ibrat-bolsin-deb-korsatish-konstitusiyaga-zid-advokat-abdullayev-kattaqorgon-voqeasi-haqida/,2026-02-24,"“Гумонланувчини йиғилишга олиб бориб, бошқаларга ибрат бўлсин деб кўрсатиш Конституцияга зид”. Адвокат Абдуллаев — Каттақўрғон воқеаси ҳақида","Абдумалик Абдуллаев тезкор тадбирда ушланган, бироқ судда айби ўз тасдиғини топмаган шахснинг ибрат воситасига айлантирилганини қоралади. У ҳуқуқ-тартибот идораларига гумонланувчини ҳокимиятдаги йиғилишга олиб бориш қандай процессуал қарор билан расмийлаштирилди, дея савол билан юзланди.",NOT_RELEVANT,,NOT_RELEVANT,,,,uz_1,
UZ-01076,,UZ,Daryo.uz,https://daryo.uz/uz/2026/05/29/xitoy-aqshning-yadroviy-hujumiga-javob-qaytarish-imkoniyatlarini-kuchaytirmoqda/,2026-05-29,Хитой АҚШнинг ядровий ҳужумига жавоб қайтариш имкониятларини кучайтирмоқда,Reuters таҳлил қилган сунъий йўлдош тасвирларида Пекин ядровий шахталар яқинида янги ҳарбий инфратузилма қураётганини кўриш мумкин.,NOT_RELEVANT,,NOT_RELEVANT,,,,uz_2,
UZ-01146,,UZ,Daryo.uz,https://daryo.uz/uz/2026/06/21/shotlandiyada-erkak-masjid-atrofidagilarga-bolta-bilan-hujum-qildi/,2026-06-21,Шотландияда эркак масжид атрофидагиларга болта билан ҳужум қилди,"Жабрланганларнинг бир қисми мусулмонлар бўлиб, ҳужум ксенофобия замирида содир этилган деб ҳисобланмоқда.",NOT_RELEVANT,,NOT_RELEVANT,,,,uz_2,
UZ-00096,,UZ,Daryo.uz,https://daryo.uz/2026/03/28/ozbekistonda-21-yoshdan-keyin-nikoh-qurgan-yosh-oilalarga-imtiyozlar-berish-tartibi-belgilandi/,2026-03-28,O‘zbekistonda 21 yoshdan keyin nikoh qurgan yosh oilalarga imtiyozlar berish tartibi belgilandi,2027-yildan boshlab har ikkala taraf kamida 21 yoshga to‘lgan va ilk bor nikohdan o‘tayotgan yosh oilalarga davlat tomonidan qo‘shimcha imtiyozlar taqdim etiladi.,NOT_RELEVANT,,NOT_RELEVANT,,,,uz_1,
UZ-00976,,UZ,Kun.uz,https://kun.uz/news/2025/02/02/2024-yilda-havo-transporti-va-temiryol-orqali-jonatilgan-yolovchilar-soni-malum-qilindi,2025-02-02,2024 yilda havo transporti va temiryo‘l orqali jo‘natilgan yo‘lovchilar soni ma’lum qilindi,"O‘tgan yilda havo transportida tashilgan yo‘lovchilar soni 781 ming nafarga, temiryo‘lda tashilgan yo‘lovchilar soni 177,1 ming nafarga oshgan.",NOT_RELEVANT,,NOT_RELEVANT,,,,uz_1,
UZ-01148,,UZ,Kun.uz,https://kun.uz/news/2025/02/09/kreml-trampning-putin-bilan-suhbati-haqidagi-sozlariga-izoh-berdi,2025-02-09,Kreml Trampning Putin bilan suhbati haqidagi so‘zlariga izoh berdi,"Telefon suhbati na tasdiqlandi, na inkor etildi.",NOT_RELEVANT,,NOT_RELEVANT,,,,uz_2,
UZ-00351,,UZ,Daryo.uz,https://daryo.uz/uz/2026/07/06/xomanaiyning-janozasida-trampni-oldirishga-chaqiriqlar-yangradi/,2026-07-06,Хоманаийнинг жанозасида Трампни ўлдиришга чақириқлар янгради,Жаноза олдидан сўзга чиққан шоир “бундан буён кафан бизнинг либосимиз” деб атади. У АҚШ раҳбарини ўлдириш зиммаларидаги вазифа эканини таъкидлади.,NOT_RELEVANT,,NOT_RELEVANT,,,,uz_1,
UZ-00845,,UZ,Kun.uz,https://kun.uz/news/2026/02/17/15-davlat-navalniyning-olimini-tergov-qilishni-talab-etmoqda,2026-02-17,15 davlat Navalniyning o‘limini tergov qilishni talab etmoqda,"15 davlat fikricha, Aleksey Navalniy o‘limi uchun javobgarlik “faqat Rossiya hokimiyati zimmasida”. Ular muxolifatchi siyosatchining halok bo‘lish holatlarini sinchkovlik bilan tergov qilishga chaqirdi.",NOT_RELEVANT,,NOT_RELEVANT,,,,uz_1,
UZ-01423,,UZ,Kun.uz,https://kun.uz/news/2026/01/14/ozbekistonda-antitsiklon-tasirida-havo-ifloslanishi-korsatkichlari-oshishi-mumkin,2026-01-14,O‘zbekistonda antitsiklon ta’sirida havo ifloslanishi ko‘rsatkichlari oshishi mumkin,Mamlakat hududiga sovuq antitsiklon bosqichma-bosqich kirib kelishi kutilmoqda. Atmosferada havo almashinuvi zaiflashishi oqibatida 3 kun davomida havoda ifloslovchi moddalar va mayda zarrachalar (PM2.5/PM10) to‘planishi ehtimoli bor.,NOT_RELEVANT,,NOT_RELEVANT,,1,,uz_2,
UZ-01310,,UZ,Daryo.uz,https://daryo.uz/uz/2026/02/24/moskvada-ypx-avtomobili-portlatildi-video/,2026-02-24,Москвада ЙПХ автомобили портлатилди (видео),Портловчи қурилмани ишга туширган номаълум шахс ҳам ҳодиса жойида ҳалок бўлди. Россия ички ишлар вазири воқеа жойига етиб борган.,NOT_RELEVANT,,NOT_RELEVANT,,,,uz_2,
UZ-00256,,UZ,Daryo.uz,https://daryo.uz/2026/04/14/ronaldu-jch-2030-da-oynashi-mumkinligiga-ishora-qildi/,2026-04-14,Ronaldu JCH-2030 da o‘ynashi mumkinligiga ishora qildi,"41 yoshli hujumchi 2026-yilgi mundialda O‘zbekiston, Kongo DR va Kolumbiyaga qarshi maydonga tushadi.",NOT_RELEVANT,,NOT_RELEVANT,,,,uz_2,
UZ-00220,,UZ,Daryo.uz,https://daryo.uz/uz/2026/03/09/ozbekistonda-ayollar-soni-boyicha-qaysi-viloyat-yetakchi/,2026-03-09,Ўзбекистонда аёллар сони бўйича қайси вилоят етакчи?,"Мамлакатда 2026 йил январь ойига кўра, 19 миллионга яқин аёллар истиқомат қилмоқда. Улар доимий аҳолининг 49,6 фоизини ташкил этади.",NOT_RELEVANT,,NOT_RELEVANT,,,,gold,IAA adjudicated gold
UZ-00492,,UZ,Daryo.uz,https://daryo.uz/2026/02/19/telegramda-xabarlarni-boshqa-shaxslarga-uzatishni-cheklash-funksiyasi-paydo-boladi/,2026-02-19,Telegram’da xabarlarni boshqa shaxslarga uzatishni cheklash funksiyasi paydo bo‘ladi,Suhbat egasi o‘z chatidagi ma’lumotlar tarqalib ketishining oldini olishi mumkin bo‘ladi.,NOT_RELEVANT,,NOT_RELEVANT,,,,uz_2,
UZ-01117,,UZ,Kun.uz,https://kun.uz/news/2025/01/08/yaponiya-hukumati-xitoy-bilan-bogliq-kiberhujumlardan-xavotirini-bildirdi,2025-01-09,Yaponiya hukumati Xitoy bilan bog‘liq kiberhujumlardan xavotirini bildirdi,"Xitoy tomonidan qo‘llab-quvvatlangan MirrorFace hakerlik guruhi Yaponiya milliy xavfsizligi va ilg‘or texnologiyalariga oid ma’lumotlarni qo‘lga kiritishga uringan. Ular asosan TIV, Mudofaa vazirligi, Kosmik agentlikka kiberhujumlar uyushtirgan.",NOT_RELEVANT,,NOT_RELEVANT,,,,uz_1,
UZ-00847,,UZ,Kun.uz,https://kun.uz/news/2026/03/30/aqshning-500-mln-dollarlik-razvedka-samolyoti-saudiyada-hujumga-uchradi,2026-03-30,Saudiyada AQShning razvedkachi samolyoti yo‘q qilindi,"Eron droni 27 mart kuni Saudiya Arabistonidagi aviabazaga bergan zarbasi oqibatida bir necha samolyot shikastlangan, xususan, E-3 Sentry rusumli radar o‘rnatilgan samolyot yaroqsiz holatga kelgan.",NOT_RELEVANT,,NOT_RELEVANT,,,,uz_1,
UZ-01439,,UZ,Daryo.uz,https://daryo.uz/uz/2026/05/19/nato-estoniya-hududida-ilk-bor-dron-urib-tushirdi/,2026-05-19,НАТО Эстония ҳудудида илк бор дрон уриб туширди,Аппарат Украинага тегишли экани тахмин қилинмоқда.,NOT_RELEVANT,,NOT_RELEVANT,,,,uz_1,
UZ-01407,,UZ,Daryo.uz,https://daryo.uz/2026/04/30/trampga-bolgan-nafratingiz-kozingizni-kor-qilgan-pit-hegset-demokratlar-bilan-janjallashdi/,2026-04-30,“Trampga bo‘lgan nafratingiz ko‘zingizni ko‘r qilgan”: Pit Hegset demokratlar bilan janjallashdi,AQSH urush vaziri Eronga qarshi harbiy harakatlar bo‘yicha savollarga javob berdi. U olti soatlik tinglovlarda demokrat qonunchilar bilan bahslashdi.,NOT_RELEVANT,,NOT_RELEVANT,,,,uz_1,
UZ-00099,,UZ,Daryo.uz,https://daryo.uz/uz/2026/03/05/turkiyada-transfer-narxlari-yangilandi-shomurodov-va-fayzullayev-bashakshehirning-eng-qimmat-futbolchilari/,2026-03-05,Туркияда трансфер нархлари янгиланди: Шомуродов ва Файзуллаев — “Башакшеҳир”нинг энг қиммат футболчилари,Айни вақтда Туркия Суперлигасида Ўзбекистон миллий терма жамоасининг уч нафар аъзоси фаолият юритмоқда.,NOT_RELEVANT,,NOT_RELEVANT,,,,gold,IAA adjudicated gold
UZ-00180,,UZ,Daryo.uz,https://daryo.uz/2026/06/17/ozbekistonda-suveren-islom-obligatsiyalari-sukuk-dasturini-amalga-oshirish-boshlanadi/,2026-06-17,O‘zbekistonda suveren islom obligatsiyalari — sukuk dasturini amalga oshirish boshlanadi,Xalqaro kliring kompaniyalarning faoliyatiga ham keng imkoniyatlar ochiladi. Bular korxonalarga kelgusida kamida 10 mlrd dollar qo‘shimcha kapital olib kelish uchun katta turtki beradi.,NOT_RELEVANT,,NOT_RELEVANT,,,,uz_1,
UZ-00401,,UZ,Daryo.uz,https://daryo.uz/uz/2026/04/03/pentagon-rahbari-yigirmaga-yaqin-ofitserni-ishdan-oldi-wp/,2026-04-03,Пентагон раҳбари йигирмага яқин офицерни ишдан олди — WP,Кадрлар тозалови Эронга қарши уруш ва эҳтимолий қуруқликдаги операцияга тайёргарлик фонида амалга оширилмоқда. Айрим ҳарбийлар бундай операцияга қарши чиққан.,NOT_RELEVANT,,NOT_RELEVANT,,,,uz_1,
UZ-00058,,UZ,Daryo.uz,https://daryo.uz/2026/04/09/okmk-ekologik-talablarni-buzgani-uchun-48-mlrd-som-kompensatsiya-tolaydi/,2026-04-09,OKMK ekologik talablarni buzgani uchun 48 mlrd so‘m kompensatsiya to‘laydi,Tekshiruvlarda xavfli chiqindilarni noqonuniy saqlash va oqova suvlarni yetarli darajada tozalamasdan daryoga oqizish holatlari aniqlangan. Korxonaga kamchiliklarni bartaraf etish bo‘yicha majburiy ko‘rsatmalar berildi.,NOT_RELEVANT,,NOT_RELEVANT,,,,uz_1,
UZ-01178,,UZ,Daryo.uz,https://daryo.uz/2026/02/16/shotlandiyada-garri-potter-filmidagi-xogvarts-ekspress-yonalishi-bankrotlik-yoqasiga-keldi/,2026-02-16,Shotlandiyada Garri Potter filmidagi “Xogvarts-ekspress” yo‘nalishi bankrotlik yoqasiga keldi,Lokomotivga egalik qiluvchi kompaniya muammolarni hal qilish yo‘llarini izlamoqda.,NOT_RELEVANT,,NOT_RELEVANT,,,,uz_2,
UZ-00945,,UZ,Daryo.uz,https://daryo.uz/uz/2026/06/27/afrika-davlati-sobiq-mustamlakachisi-fransiya-bilan-diplomatik-aloqalarni-uzdi/,2026-06-27,Африка давлати собиқ мустамлакачиси Франция билан дипломатик алоқаларни узди,"Ҳукумат Парижни “неомустамлакачилик амбициялари”да айблади. Алоқа вазири икки давлат ўртасида ўзаро ҳурмат, ишонч ва бир-бирининг ички ишларига аралашмаслик каби муҳим шартлар йўқолганини айтди.",NOT_RELEVANT,,NOT_RELEVANT,,,,uz_1,
UZ-01009,,UZ,Kun.uz,https://kun.uz/news/2026/02/22/sogliqni-saqlash-vaziri-korrupsiyaning-oldini-olish-boyicha-jamoatchilikka-murojaat-qildi,2026-02-22,Sog‘liqni saqlash vaziri korrupsiyaning oldini olish bo‘yicha jamoatchilikka murojaat qildi,"Tibbiyotdagi korrupsion holatlar bo‘yicha vazirlikning 1203 qisqa raqamli «Ishonch telefoni» hamda info@ssv.uz elektron pochta manzili orqali murojaat qilish mumkin. Vazir murojaatlar maxfiyligi ta’minlanishi va ular tezkor o‘rganilib, zarur choralar ko‘rilishini ma’lum qildi.",NOT_RELEVANT,,NOT_RELEVANT,,,,uz_2,
UZ-01251,,UZ,Daryo.uz,https://daryo.uz/uz/2026/05/30/namanganda-500-dan-ortiq-bolalarga-200-dollardan-hayitlik-puli-ajratildi/,2026-05-30,Наманганда 500 дан ортиқ болаларга 200 доллардан ҳайитлик пули ажратилди,"Маблағлар президент қарори асосида ажратилган бўлиб, республика бўйича етим ва ота-она қарамоғидан маҳрум бўлган болаларнинг омонат ҳисобварақларига ўтказиб берилмоқда.",NOT_RELEVANT,,NOT_RELEVANT,,,,uz_1,
UZ-00981,,UZ,Kun.uz,https://kun.uz/en/news/2026/03/24/world-bank-approves-200-million-to-modernize-uzbekistans-transport-infrastructure,2026-03-24,World Bank approves $200 million to modernize Uzbekistan’s transport infrastructure,The World Bank’s Board of Executive Directors has approved a $200 million financing package to support the modernization of Uzbekistan’s transport infrastructure and the implementation of institutional reforms. The five-year project aims to enhance regional connectivity in the Surkhandarya region and improve the efficiency of the country's rail and road sectors.,NOT_RELEVANT,,NOT_RELEVANT,,,,uz_2,
UZ-01109,,UZ,Daryo.uz,https://daryo.uz/2026/04/10/tramp-sanksiyalangan-rossiya-neftini-sotib-olish-uchun-imtiyoz-muddatini-uzaytirishi-mumkin/,2026-04-10,Tramp sanksiyalangan Rossiya neftini sotib olish uchun imtiyoz muddatini uzaytirishi mumkin,AQSH Moliya vazirligi mart oyi o‘rtalaridan boshlab dengizdagi Rossiya neftini sotib olishga ruxsat beruvchi 30 kunlik vaqtinchalik imtiyoz joriy etgan edi. Ushbu ruxsatnoma muddati 11-aprel kuni tugaydi.,NOT_RELEVANT,,NOT_RELEVANT,,,,uz_2,
UZ-00775,,UZ,Kun.uz,https://kun.uz/news/2025/03/18/olmaotada-lazgi-muhabbat-va-qalb-raqsi-ozbek-baleti-namoyish-etildi,2025-03-18,Olmaotada «Lazgi. Muhabbat va qalb raqsi» o‘zbek baleti namoyish etildi,"Spektakl namoyishi Abay nomidagi Qozog‘iston milliy opera va balet teatrida bo‘lib o‘tdi. Bunga qadar ushbu balet London, Dubay, Istanbul, Dortmund, Parij kabi shaharlarda ham namoyish etilgan.",NOT_RELEVANT,,NOT_RELEVANT,,,,gold,IAA adjudicated gold
UZ-01347,,UZ,Daryo.uz,https://daryo.uz/uz/2026/04/04/toshkentda-kredit-ajratib-berish-uchun-10-ming-dollar-talab-qilgan-bank-eksperti-qolga-olindi/,2026-04-04,Тошкентда кредит ажратиб бериш учун 10 минг доллар талаб қилган банк эксперти қўлга олинди,У ўзининг танишлари орқали Самарқанддаги банкдан мазкур МЧЖга 1 млрд 250 млн сўм миқдорида кредит олиб беришни ваъда қилган.,NOT_RELEVANT,,NOT_RELEVANT,,,,uz_2,
UZ-00002,,UZ,Kun.uz,https://kun.uz/news/2026/01/08/ekologik-stikerni-endi-onlayn-olish-mumkin,2026-01-08,Ekologik stikerni endi onlayn olish mumkin,Ekologik toifasi aniqlangan avtotransport vositasi uchun ekologik stikerni masofadan - Yagona interaktiv davlat xizmatlari portali (my.gov.uz) orqali rasmiylashtirish imkoniyati yaratildi. Stiker 10 kun ichida pochta orqali manzilga yetkazib beriladi.,NOT_RELEVANT,,NOT_RELEVANT,,,,uz_1,
UZ-00487,,UZ,Daryo.uz,https://daryo.uz/2026/03/05/shunchaki-top-ortidan-quvib-yurishga-tayyor-edik-garet-beyl-barselonaga-qarshi-uchrashuvlar-haqida/,2026-03-05,“Shunchaki to‘p ortidan quvib yurishga tayyor edik” — Garet Beyl “Barselona”ga qarshi uchrashuvlar haqida,“Real Madrid” va Uels terma jamoasining sobiq futbolchisi faoliyatidagi eng og‘ir uchrashuvlar haqida fikr bildirdi.,NOT_RELEVANT,,NOT_RELEVANT,,,,gold,IAA adjudicated gold
UZ-00092,,UZ,Daryo.uz,https://daryo.uz/uz/2026/03/25/turkiyaning-mashhur-qora-niyat-seriali-yangi-talqinda-ekranlarga-qaytmoqda/,2026-03-25,Туркиянинг машҳур “Қора ният” сериали янги талқинда экранларга қайтмоқда,Янгиланган кўп қисмли сериал жорий йилнинг куз фаслида томошабинларга тақдим этилиши режалаштирилган.,NOT_RELEVANT,,NOT_RELEVANT,,,,gold,IAA adjudicated gold
UZ-00346,,UZ,Daryo.uz,https://daryo.uz/uz/2026/06/06/imom-al-buxoriy-maqbarasini-ziyorat-qilgan-va-yolgizlikda-vafot-etgan-dohiy-sukarno-kim-edi/,2026-06-06,Имом ал-Бухорий мақбарасини зиёрат қилган ва ёлғизликда вафот этган доҳий — Сукарно ким эди?,"Уни Индонезияда ҳануз “Миллат отаси” деб аташади. Мухолифлари эса мамлакатни иқтисодий фалокат сари етаклаган диктатор сифатида эслайди. 6 июнь — Индонезиянинг биринчи президенти Сукарнонинг таваллуд топган куни. “Дарё” шу сана муносабати билан сиёсий арбобнинг ғалабалари, хатолари ва баҳс-мунозараларга бой меросига назар ташлайди.",NOT_RELEVANT,,NOT_RELEVANT,,,,uz_1,
UZ-00528,,UZ,Daryo.uz,https://daryo.uz/uz/2026/06/21/ispaniya-bosh-vazirining-rafiqasiga-xorijga-chiqish-taqiqlandi/,2026-06-21,Испания бош вазирининг рафиқасига хорижга чиқиш тақиқланди,"Педро Санчеснинг рафиқасига коррупция иши бўйича қатъий чекловлар киритилди. Бегоня Гомес паспортини топшириб, ойига икки марта ҳуқуқ-тартибот органларига келиб туради.",NOT_RELEVANT,,NOT_RELEVANT,,,,uz_1,
UZ-01500,,UZ,Kun.uz,https://kun.uz/news/2026/03/15/prezidentning-iivga-etirozi-energetik-mustaqillik-va-opirilgan-yol-hafta-dayjesti,2026-03-15,"Prezidentning IIVga e’tirozi, energetik mustaqillik va o‘pirilgan yo‘l - hafta dayjesti",Qoidabuzarlar Toshkentda 222 km/soat tezlikda mashina haydadi: buning uchun jinoiy jazo bo‘lishi kerak. Jahon savdo tashkilotiga a’zolik kechikishi mumkin: hukumat 8 yilgacha imtiyozli davr so‘rayapti. Gaz masalasi siyosiy kun tartibida: energetik mustaqillikni maksimal ta’minlash vazifasi qo‘yildi. Davlatga nisbatan ishonch masalasi: prezident internetda video chiqmaguncha qimirlamaydigan mas’ullarni tanqid qildi.,NOT_RELEVANT,,NOT_RELEVANT,,,,gold,IAA adjudicated gold
UZ-01073,,UZ,Daryo.uz,https://daryo.uz/uz/2026/05/04/ota-yirik-miqdordagi-firibgarlik-uchun-qidiruvda-bolgan-ozbekistonlik-gruziyada-ushlandi/,2026-05-04,Ўта йирик миқдордаги фирибгарлик учун қидирувда бўлган ўзбекистонлик Грузияда ушланди,У Ўзбекистон қонунчилигига мувофиқ жавобгарликка тортиш учун Тошкент шаҳрига олиб келинди.,NOT_RELEVANT,,NOT_RELEVANT,,,,uz_1,
UZ-00785,,UZ,Daryo.uz,https://daryo.uz/uz/2026/05/23/amerikalik-aktrisa-jenna-ortega-antiutopik-va-syurrealistik-filmda-bosh-rolni-ijro-etadi/,2026-05-23,Америкалик актриса Женна Ортега антиутопик ва сюрреалистик фильмда бош ролни ижро этади,Актриса ўзига хос услуби билан танилган француз режиссёри Леос Каракснинг янги лойиҳасида бош ролни ижро этади.,NOT_RELEVANT,,NOT_RELEVANT,,,,uz_2,
UZ-00025,,UZ,Kun.uz,https://kun.uz/news/2025/01/21/ozbekistonda-ikkita-yangi-ekologik-loyiha-ishga-tushirildi,2025-01-21,O‘zbekistonda ikkita yangi ekologik loyiha ishga tushirildi,Ekologiya vazirligi va BMTTD O‘zbekistonning biologik xilma-xillik bo‘yicha milliy strategiyasini ishlab chiqish va G‘arbiy Tyan-Shan ekotizimlarini tiklashni qo‘llab-quvvatlash loyihalarini ishga tushirdi.,NOT_RELEVANT,,NOT_RELEVANT,,,,uz_1,
UZ-01141,,UZ,Kun.uz,https://kun.uz/ru/news/2025/03/10/sistema-otsenki-gosudarstvennyx-uslug-na-urovne-rayonov-chto-eto-dast-lyudyam,2025-03-10,Система оценки государственных услуг на уровне районов – что это даст людям?,"​​​​​​​Президент Шавкат Мирзиёев на заседании Национального совета по борьбе с коррупцией, состоявшемся 5 марта этого года, предложил внедрить систему оценки всех государственных услуг на уровне районов. Что она может дать обычным гражданам и в чем её значимость?",NOT_RELEVANT,,NOT_RELEVANT,,,,uz_1,
UZ-00531,,UZ,Daryo.uz,https://daryo.uz/uz/2026/04/25/aqsh-eronga-aloqador-344-mln-dollarlik-kriptovalyutani-muzlatdi/,2026-04-25,АҚШ Эронга алоқадор 344 млн долларлик криптовалютани музлатди,Оқ уй Ислом Республикасига иқтисодий босимни кучайтириш мақсадида йирик маблағни блоклаб қўйди. Бу Вашингтон ва Теҳрон ўртасидаги музокараларга қандай таъсир қилиши ҳозирча номаълум.,NOT_RELEVANT,,NOT_RELEVANT,,,,uz_2,
UZ-01176,,UZ,Daryo.uz,https://daryo.uz/uz/2026/04/05/hamma-joy-yonib-ketdi-toshkentdagi-beshqorgon-bozorida-katta-yongin-sodir-boldi/,2026-04-05,“Ҳамма жой ёниб кетди” — Тошкентдаги “Бешқўрғон” бозорида катта ёнғин содир бўлди,Тадбиркорларнинг миллионлаб долларлик товарлари аланга ичида қолди. Воқеа жойига борган “Дарё” мухбири камида бир киши жароҳатланганини кўрди. Бироқ ФВВ матбуот котиби ҳеч ким жароҳат олмаганини айтмоқда.,NOT_RELEVANT,,NOT_RELEVANT,,,,uz_1,
UZ-01285,,UZ,Daryo.uz,https://daryo.uz/uz/2026/03/18/toshkentda-ijaraga-olingan-uylarni-qalbaki-hujjatlar-bilan-sotib-kelgan-jinoiy-guruh-ushlandi/,2026-03-18,Тошкентда ижарага олинган уйларни қалбаки ҳужжатлар билан сотиб келган жиноий гуруҳ ушланди,"Гуруҳ аъзолари илгари судланган шахс бошчилигида фаолият юритган. Ҳолат юзасидан жиноят иши қўзғатилиб, гумонланувчилар қамоққа олинди.",NOT_RELEVANT,,NOT_RELEVANT,,,,gold,IAA adjudicated gold
UZ-00961,,UZ,Daryo.uz,https://daryo.uz/2026/04/07/dxx-andijon-viloyati-hokimi-orinbosari-50-ming-dollar-bilan-ushlanganini-tasdiqladi/,2026-04-07,DXX Andijon viloyati hokimi o‘rinbosari 50 ming dollar bilan ushlanganini tasdiqladi,U pullarni o‘zining uyida olgan vaqtida ashyoviy dalillar bilan ushlangan. Davlat xavfsizlik xizmati xodimlari tomonidan o‘tkazilgan tezkor tadbir tasvirlari e’lon qilindi.,NOT_RELEVANT,,NOT_RELEVANT,,,,uz_1,
UZ-01268,,UZ,Daryo.uz,https://daryo.uz/uz/2026/04/15/94-foiz-ovoz-beninda-yangi-prezident-saylandi/,2026-04-15,94 фоиз овоз: Бенинда янги президент сайланди,Мамлакат молия вазири Ромуалд Вадагни Ғарбий Африка давлати бошқарувини қўлга олди.,NOT_RELEVANT,,NOT_RELEVANT,,,,gold,IAA adjudicated gold
UZ-00450,,UZ,Kun.uz,https://kun.uz/news/2026/02/12/aqsh-eron-ortasidagi-keskinlik-sabab-neft-narxlari-oshyapti,2026-02-12,AQSh–Eron o‘rtasidagi keskinlik sabab neft narxlari oshyapti,"AQSh va Eron o‘rtasida yadroviy kelishuv bo‘yicha muzokaralar atrofidagi keskinlik pasaymayotgani fonida jahon neft narxlari ko‘tarilmoqda, deb qayd etadi Reuters. Mutaxassislar, shuningdek, dunyodagi ikki yirik neft habida neft zaxiralari qisqarayotganini ham kuzatmoqda.",NOT_RELEVANT,,NOT_RELEVANT,,,,uz_1,
UZ-00615,,UZ,Daryo.uz,https://daryo.uz/2026/06/07/firibgarlik-uchun-6-yil-qidiruvda-bolgan-ozbekistonlik-turkiyada-ushlandi/,2026-06-07,Firibgarlik uchun 6 yil qidiruvda bo‘lgan o‘zbekistonlik Turkiyada ushlandi,"U AQSH va Yevropa davlatlariga yaxshi ish haqi to‘lanadigan ishlarga yuborishini aytib, fuqarolarni aldab kelgan. Odam savdosida ayblangan yana bir fuqaro ham qo‘lga olindi.",NOT_RELEVANT,,NOT_RELEVANT,,,,uz_2,
UZ-00852,,UZ,Daryo.uz,https://daryo.uz/uz/2026/04/12/tramp-aqsh-va-eron-muzokaralari-natijasiz-tugagach-hormuz-bogozini-blokada-qilishga-buyruq-berdi/,2026-04-12,"Трамп АҚШ ва Эрон музокаралари натижасиз тугагач, Ҳормуз бўғозини блокада қилишга буйруқ берди","АҚШ президентининг ёзишича, блокада яқин орада бошланади ва унга бошқа давлатлар ҳам қўшилади.",NOT_RELEVANT,,NOT_RELEVANT,,,,uz_1,
UZ-00093,,UZ,Kun.uz,https://kun.uz/en/news/2025/01/28/discount-or-deception-passengers-question-fairness-as-uzbekistan-airways-raises-ticket-prices-on-promotion-day,2025-01-28,Discount or deception: Passengers question fairness as Uzbekistan Airways raises ticket prices on promotion day,"On January 28, Uzbekistan Airways announced a 30% discount on tickets for just one day to celebrate its 33rd anniversary. However, today ticket prices surged, sparking widespread complaints from passengers, who expressed frustration that prices had increased as soon as the discount period began. This prompted a response from the airline's officials.",NOT_RELEVANT,,NOT_RELEVANT,,,,uz_2,
UZ-00633,,UZ,Kun.uz,https://kun.uz/news/2025/02/24/kongo-aqsh-va-yevropa-ittifoqiga-oz-resurslaridan-foydalanishni-taklif-qildi,2025-02-24,Kongo AQSh va Yevropa Ittifoqiga o‘z resurslaridan foydalanishni taklif qildi,KDR prezidenti Chisekedi G‘arbning o‘z mamlakatining mineral resurslariga sarmoyasi M23 bilan davom etayotgan mojaro sharoitida xavfsizlikni oshirishga yordam berishiga umid qilmoqda.,NOT_RELEVANT,,NOT_RELEVANT,,,,uz_2,
UZ-00509,,UZ,Kun.uz,https://kun.uz/news/2025/03/20/yevropa-davlatlari-istanbul-meri-qolga-olinganini-qoralab-chiqdi,2025-03-24,Yevropa davlatlari Istanbul meri qo‘lga olinganini qoralab chiqdi,Germaniya tashqi ishlar vaziri Berbok Akrom Imomo‘g‘lining qo‘lga olinishini «Turkiyadagi demokratiyaga jiddiy zarba» deb atadi. Parij va Afina Istanbul merini qo‘llab-quvvatladi. Istanbulda yuzlab kishilar namoyishga chiqdi.,NOT_RELEVANT,,NOT_RELEVANT,,,,uz_1,
UZ-00862,,UZ,Daryo.uz,https://daryo.uz/2026/03/16/tennis-sinner-va-sabalenka-indian-uells-turnirida-tengsiz-boldi/,2026-03-16,Tennis. Sinner va Sabalenka Indian-Uells turnirida tengsiz bo‘ldi,AQSHning Indian-Uells shahrida o‘tkazilgan nufuzli tennis turniri yakunlandi.,NOT_RELEVANT,,NOT_RELEVANT,,,,uz_1,
UZ-01121,,UZ,Daryo.uz,https://daryo.uz/uz/2026/04/02/ozbekistonda-3-aprel-kuni-havo-harorati-pasayadi/,2026-04-02,Ўзбекистонда 3 апрель куни ҳаво ҳарорати пасаяди,"Жума куни айрим жойларда қисқа муддатли ёмғир ёғади, тоғли ҳудудларда сел-сув тошқини хавфи бор.",NOT_RELEVANT,,NOT_RELEVANT,,,,uz_2,
UZ-01227,,UZ,Kun.uz,https://kun.uz/news/2025/02/10/qashqadaryoda-surxondaryolik-haydovchilar-toshboron-qilingani-haqidagi-xabar-rad-etildi,2025-02-10,Qashqadaryoda surxondaryolik haydovchilar toshbo‘ron qilingani haqidagi xabar rad etildi,Ijtimoiy tarmoqlarda qashqadaryolik haydovchilar surxondaryolik haydovchilarni toshbo‘ron qilgani to‘g‘risida xabar tarqaldi.,NOT_RELEVANT,,NOT_RELEVANT,,,,uz_2,
UZ-00773,,UZ,Daryo.uz,https://daryo.uz/uz/2026/06/07/ozbekistondagi-banklar-tort-oyda-qancha-foyda-olgani-ochiqlandi/,2026-06-07,Ўзбекистондаги банклар тўрт ойда қанча фойда олгани очиқланди,Мамлакатда 34 та банк фаолият юритмоқда. Уларнинг жами активлари бир йилда қарийб 133 трлн сўмга ошган.,NOT_RELEVANT,,NOT_RELEVANT,,,,uz_1,
UZ-00964,,UZ,Kun.uz,https://kun.uz/ru/news/2025/01/18/rossiya-i-iran-podpisali-dogovor-o-strategicheskom-partnerstve,2025-01-18,Россия и Иран подписали Договор о стратегическом партнерстве,В Кремле президент России Владимир Путин и президент Ирана Масуд Пезешкиан подписали Договор о всеобъемлющем стратегическом партнерстве.,NOT_RELEVANT,,NOT_RELEVANT,,,,gold,IAA adjudicated gold
UZ-00226,,UZ,Daryo.uz,https://daryo.uz/2026/06/04/xorvatiya-sayyohlar-tufayli-alkogol-sotishni-chekladi/,2026-06-04,Xorvatiya sayyohlar tufayli alkogol sotishni chekladi,Yangi qoidalar spirtli ichimlik sotish vaqti va xaridorlar yoshiga ham taalluqli. Ammo restoran va litsenziyaga ega muassasalarga tatbiq etilmaydi.,NOT_RELEVANT,,NOT_RELEVANT,,,,uz_2,
UZ-00254,,UZ,Daryo.uz,https://daryo.uz/uz/2026/06/24/nazorat-oddiy-pul-otkazmalariga-emas-shaxsiy-kartadan-biznes-yuritayotganlarga-qaratilgan-soliq-qomitasi/,2026-06-24,"Назорат оддий пул ўтказмаларига эмас, шахсий картадан бизнес юритаётганларга қаратилган — Солиқ қўмитаси","Идора банк сири конституциявий кафолат бўлиб қолаётганини, жамоатчилик муҳокамасига қўйилган қарор лойиҳаси эса фуқароларнинг ҳисобварақларига эркин киришни назарда тутмаслигини маълум қилди.",NOT_RELEVANT,,NOT_RELEVANT,,,,uz_1,
UZ-01481,,UZ,Daryo.uz,https://daryo.uz/uz/2026/03/12/chempionlar-ligasi-zidanga-aylanayotgan-arbeloa-rosenyorning-xatosi-va-bahorgi-jojalar-haqida/,2026-03-12,"Чемпионлар Лигаси. Зиданга айланаётган Арбелоа, Росеньорнинг хатоси ва “баҳорги жўжалар” ҳақида","Оддий турмушда жўжалар кузда саналар, лекин футболда эмас. Европа Чемпионлар лигасининг гуруҳ босқичида саккизликка кирган ва қуръада фаворит сифатида кўрилган жамоаларнинг тўрттаси нимчорак финалда йирик мағлубиятга учради ва имкониятларини жуда пасайтириб юборди. Футболнинг ўзига хослиги ҳам шунда — унда “жўжалар баҳорда саналар экан”, деб ёзади “Дарё” колумнисти Қаҳрамон Асланов.",NOT_RELEVANT,,NOT_RELEVANT,,,,uz_1,
UZ-00902,,UZ,Daryo.uz,https://daryo.uz/uz/2026/05/16/ufc-chimayev-va-striklend-45-kunga-chetlatildi/,2026-05-16,UFC. Чимаев ва Стрикленд 45 кунга четлатилди,"АҚШнинг Нью Жерси штатида бўлиб ўтган UFC 328 турниридан сўнг, тиббий сабабларга кўра жангчилар мажбурий дисквалификация қилинди.",NOT_RELEVANT,,NOT_RELEVANT,,,,uz_1,
UZ-00163,,UZ,Kun.uz,https://kun.uz/en/news/2026/03/23/central-bank-reveals-regional-disparities-in-perceived-inflation-across-uzbekistan,2026-03-23,Central Bank reveals regional disparities in perceived inflation across Uzbekistan,"According to the latest survey results from the Central Bank of Uzbekistan, the annual inflation rate perceived by the population in February 2026 stood at 11.6%. This figure represents a slight decrease of 0.1 percentage points compared to January.",NOT_RELEVANT,,NOT_RELEVANT,,,,uz_2,
UZ-01464,,UZ,Kun.uz,https://kun.uz/ru/news/2025/01/09/prinyat-zakon-o-gosudarstvennyx-sekretax-chto-im-predusmotreno,2025-01-09,Принят закон «О государственных секретах». Что им предусмотрено?,"Президент Узбекистана Шавкат Мирзиёев 27 декабря 2024 года подписал новый закон «О государственных секретах», который вступит в силу с 29 марта 2025 года.",NOT_RELEVANT,,NOT_RELEVANT,,,,gold,IAA adjudicated gold
UZ-00013,,UZ,Kun.uz,https://kun.uz/news/2025/01/02/toshkentda-bloger-kontent-uchun-hojatxona-qogozlari-bilan-ekologiyaga-zarar-yetkazdi,2025-01-03,Toshkentda bloger «kontent uchun» hojatxona qog‘ozlari bilan ekologiyaga zarar yetkazdi,U hojatxona qog‘ozlari uyumi ustida turgan paytida mashina uning ostidan katta tezlikda harakatlanib o‘tgan. U va sheriklari yerga sochilgan hojatxona qog‘ozlarini voqea joyida qoldirib ketgan. Holat Ekologiya vazirligi va Toshkent shahar IIBB mas’ullari tomonidan o‘rganildi.,NOT_RELEVANT,,NOT_RELEVANT,,,,uz_2,
UZ-01090,,UZ,Kun.uz,https://kun.uz/ru/news/2025/02/10/ty-rabynya-v-kasane-svyokor-svekrov-i-ix-syn-poluchili-sroki-za-dovedeniye-nevestki-do-samoubiystva,2025-02-10,"«Ты — рабыня»: в Касане свёкор, свекровь и их сын получили сроки за доведение невестки до самоубийства","В Кашкадарьинской области суд приговорил мужчину и его родителей к лишению свободы за жестокое обращение с невесткой, приведшее к её самоубийству.",NOT_RELEVANT,,NOT_RELEVANT,,,,uz_1,
UZ-00483,,UZ,Daryo.uz,https://daryo.uz/2026/03/30/ozbekistonda-davlat-organlari-xodimlari-ayrim-kunlarda-xizmat-avtomobilidan-foydalanishi-taqiqlanadi/,2026-03-30,O‘zbekistonda davlat organlari xodimlari ayrim kunlarda xizmat avtomobilidan foydalanishi taqiqlanadi,"1-maydan boshlab har oyning 10 va 25-sanalarida “Avtomobilsiz kun”, “Avtomobilsiz hafta” aksiyalari o‘tkazib boriladi. Ushbu sanalar ish kunlariga to‘g‘ri kelganda haydovchilarning ish haqi saqlab qolinadi.",NOT_RELEVANT,,NOT_RELEVANT,,,1,uz_1,"Car-free days, no explicit climate frame"
UZ-01224,,UZ,Daryo.uz,https://daryo.uz/uz/2026/02/11/yosh-lochin-momaqaldiroq-va-samoviy-qudrat-janubiy-koreya-yangi-qurollarini-namoyish-etdi/,2026-02-11,"“Ёш лочин”, “Момақалдироқ” ва “Самовий қудрат” — Жанубий Корея янги қуролларини намойиш этди",Ар-Риёд шаҳрида ўтаётган WDS 2026 халқаро кўргазмасида халқаро қурол-яроғ бозорининг энг йирик ўнта экспортчисидан бирига айланган Жанубий Корея мудофаа компаниялари ўзининг энг янги технологияларини намойиш қилди. Ҳозирда улар НАТО аъзолари учун жозибадор таъминотчи ҳисобланади.,NOT_RELEVANT,,NOT_RELEVANT,,,,uz_1,
UZ-01402,,UZ,Daryo.uz,https://daryo.uz/uz/2026/02/20/dollar-yana-kotarildi2/,2026-02-20,Ўзбекистонда доллар курси яна кўтарилди,Марказий банк хорижий валюталарнинг ўзбек сўмига нисбатан 23 февралда амалда бўладиган қийматини эълон қилди.,NOT_RELEVANT,,NOT_RELEVANT,,,,uz_2,
UZ-00642,,UZ,Kun.uz,https://kun.uz/ru/news/2025/03/12/v-polshe-zaderjali-organizatora-torgovli-chelovecheskimi-organami-uzbekistansev,2025-03-12,В Польше задержали организатора торговли человеческими органами узбекистанцев,"Польские пограничники задержали 35-летнюю гражданку Украины, причастную к торговле органами.",NOT_RELEVANT,,NOT_RELEVANT,,,,uz_2,
UZ-01346,,UZ,Kun.uz,https://kun.uz/en/news/2025/01/08/uzbekistan-sees-203-surge-in-tax-revenues-in-2024,2025-01-08,Uzbekistan sees 20.3% surge in tax revenues in 2024,"At the end of 2024, tax revenues in Uzbekistan increased by more than 20%, with the largest gains recorded in taxes on profit, property, and the use of subsoil and water resources, according to the press service of the Tax Committee.",NOT_RELEVANT,,NOT_RELEVANT,,,,uz_2,
UZ-00295,,UZ,Daryo.uz,https://daryo.uz/uz/2026/02/16/kriptovalyuta-kursi-bitcoin-ethereum-va-solana-narxlari-hafta-boshida-qanday-ozgardi/,2026-02-16,"Криптовалюта курси: Bitcoin, Ethereum ва Solana нархлари ҳафта бошида қандай ўзгарди?","Жаҳон биржаларида Bitcoin, Ethereum ўсиш қайд этган, Solana нархи бир оз пастлаган",NOT_RELEVANT,,NOT_RELEVANT,,,,uz_1,
UZ-00745,,UZ,Daryo.uz,https://daryo.uz/2026/03/24/shavkat-mirziyoyev-vladimir-putin-bilan-yaqin-sharq-va-ukrainadagi-vaziyatni-muhokama-qildi/,2026-03-24,Shavkat Mirziyoyev Vladimir Putin bilan Yaqin Sharq va Ukrainadagi vaziyatni muhokama qildi,"Suhbat davomida savdo hajmi oshgani va hamkorlik kengayayotgani qayd etildi. Shuningdek, O‘zbekistonda AES qurilishi loyihasiga alohida e’tibor qaratildi.",NOT_RELEVANT,,NOT_RELEVANT,,,,uz_1,
UZ-00590,,UZ,Daryo.uz,https://daryo.uz/uz/2026/03/11/urush-vahimasi-dubayni-tark-etayotganlar-uy-hayvonlarini-kochalarga-tashlab-ketmoqda/,2026-03-11,Уруш ваҳимаси: Дубайни тарк этаётганлар уй ҳайвонларини кўчаларга ташлаб кетмоқда,Одамлар ҳайвонларни қоғозбозлик ва ортиқча ташиш харажатлари сабаб қолдириб кетмоқда. Баъзилар эса ветеринарлардан уларни эвтаназия қилишни сўраган.,NOT_RELEVANT,,NOT_RELEVANT,,,,uz_2,
UZ-00337,,UZ,Daryo.uz,https://daryo.uz/2026/07/03/bmt-bosh-qarorgohi-oldida-erkak-ozini-yoqib-yubordi-video/,2026-07-03,BMT bosh qarorgohi oldida erkak o‘zini yoqib yubordi (video),Tibetlik erkak og‘ir kuyish jarohatlari sabab vafot etgan. U AQSHda Uber haydovchisi bo‘lib ishlagan.,NOT_RELEVANT,,NOT_RELEVANT,,,,uz_2,
UZ-00107,,UZ,Kun.uz,https://kun.uz/ru/news/2026/03/30/v-irane-povredili-zavod-po-proizvodstvu-tyajyeloy-vody,2026-03-30,В Иране повредили завод по производству тяжелой воды,"В Иране серьезно поврежден завод по производству тяжелой воды, объект прекратил работу. Об этом сообщает РБК-Украина со ссылкой на заявление МАГАТЭ в соцсети X.",NOT_RELEVANT,,NOT_RELEVANT,,,,uz_2,
UZ-01164,,UZ,Kun.uz,https://kun.uz/en/news/2026/04/03/bukhara-targets-33-billion-in-foreign-investment-aims-to-slash-poverty-to-2-percent,2026-04-03,Bukhara targets $3.3 billion in foreign investment – aims to slash poverty to 2 percent,"President Shavkat Mirziyoyev has set out ambitious targets for Bukhara as Uzbekistan moves to boost jobs, industry, and tourism.",NOT_RELEVANT,,NOT_RELEVANT,,,,uz_1,
UZ-00812,,UZ,Daryo.uz,https://daryo.uz/uz/2026/03/25/hatto-nogironlar-aravachasiga-otirishimga-togri-keldi-alisher-uzoqov-xorij-safaridagi-ogir-sinov-mukofotlanish-orzusi-va-yagona-armoni-haqida/,2026-03-25,"“Ҳатто ногиронлар аравачасига ўтиришимга тўғри келди”: Алишер Узоқов хориж сафаридаги оғир синов, мукофотланиш орзуси ва ягона армони ҳақида","“Ҳолатимни деярли ҳеч кимга айтмаган эдим. Лекин барибир саноқли яқинларим қаердандир эшитиб хабар олишди”, дейди актёр.",NOT_RELEVANT,,NOT_RELEVANT,,,,uz_2,
UZ-00425,,UZ,Daryo.uz,https://daryo.uz/2026/04/13/fargonada-ayollarni-rossiyaga-fohishalikka-yuborishga-uringan-shaxslar-ushlandi/,2026-04-13,Farg‘onada ayollarni Rossiyaga fohishalikka yuborishga uringan shaxslar ushlandi,"Gumonlanuvchilar aeroportda ro‘yxatdan o‘tish jarayonida qo‘lga olingan. Holat yuzasidan jinoyat ishi qo‘zg‘atilib, tergov olib borilmoqda.",NOT_RELEVANT,,NOT_RELEVANT,,,,gold,IAA adjudicated gold
UZ-01295,,UZ,Kun.uz,https://kun.uz/en/news/2026/03/27/uzbekistan-considers-extending-reconciliation-period-for-divorcing-couples-to-one-year,2026-03-27,Uzbekistan considers extending reconciliation period for divorcing couples to one year,"The Family and Women’s Committee of Uzbekistan has initiated a series of significant amendments to the country’s Family Code, aimed at strengthening the institution of marriage and better protecting the interests of children. A draft law detailing these changes has been published for public discussion on the national portal for legislative acts.",NOT_RELEVANT,,NOT_RELEVANT,,,,uz_1,
UZ-01101,,UZ,Kun.uz,https://kun.uz/news/2025/02/04/qozogiston-azal-samolyoti-halokati-boyicha-dastlabki-hisobotni-elon-qildi,2025-02-06,Qozog‘iston AZAL samolyoti halokati bo‘yicha dastlabki hisobotni e’lon qildi,"Hisobotga ko‘ra, Azerbaijan Airlines samolyotining halokati tashqi obekt ta’sirida yuz bergan bo‘lishi mumkin.",NOT_RELEVANT,,NOT_RELEVANT,,,,uz_1,
UZ-00857,,UZ,Kun.uz,https://kun.uz/news/2025/02/11/germaniyada-nomalum-shaxslar-yangi-harbiy-kema-dvigateliga-metall-qirindilarini-sepib-ketdi,2025-02-11,Germaniyada noma’lum shaxslar yangi harbiy kema dvigateliga metall qirindilarini sepib ketdi,Hozirda holat yuzasidan tergov olib borilmoqda. Ushbu korvet Germaniya Harbiy-dengiz kuchlariga topshirilishi kerak edi.,NOT_RELEVANT,,NOT_RELEVANT,,,,gold,IAA adjudicated gold
UZ-00564,,UZ,Daryo.uz,https://daryo.uz/2026/03/02/aktyor-tom-holland-va-zendaya-turmush-qurishdi/,2026-03-02,Aktyor Tom Holland va Zendaya turmush qurishdi,Juftlikning nikoh marosimi yopiq formatda bo‘lib o‘tgan.,NOT_RELEVANT,,NOT_RELEVANT,,,,gold,IAA adjudicated gold
UZ-01149,,UZ,Kun.uz,https://kun.uz/news/2025/02/12/644-mln-somlik-elektrdan-noqonuniy-foydalangan-mchj-aniqlandi,2025-02-12,644 mln so‘mlik elektrdan noqonuniy foydalangan MChJ aniqlandi,Navoiy viloyatining Konimex tumanida faoliyat yuritayotgan “G.R.” MChJga qarashli binoda elektr energiyasidan noqonuniy foydalanildi.,NOT_RELEVANT,,NOT_RELEVANT,,,,gold,IAA adjudicated gold
UZ-01332,,UZ,Kun.uz,https://kun.uz/ru/news/2025/02/25/tramp-voyennyy-konflikt-v-ukraine-mojno-zavershit-za-neskolko-nedel,2025-02-25,Трамп: военный конфликт в Украине можно завершить за несколько недель,"Военный конфликт России и Украины можно завершить в течение нескольких недель, если действовать с умом. Об этом заявил президент США Дональд Трамп на пресс-конференции в Белом доме после встречи с французским лидером Эммануэлем Макроном.",NOT_RELEVANT,,NOT_RELEVANT,,,,uz_2,
UZ-01361,,UZ,Daryo.uz,https://daryo.uz/2026/05/17/ronaldu-yana-sovrinsiz-qoldi-gamba-osaka-ochl-2-turnirida-al-nassrni-maglub-etib-chempionlikni-qolga-kiritdi/,2026-05-17,"Ronaldu yana sovrinsiz qoldi: “Gamba Osaka” OCHL 2 turnirida “An-Nassr”ni mag‘lub etib, chempionlikni qo‘lga kiritdi",Ar-Riyod shahridagi “Kingdom Arena”da bo‘lib o‘tgan bahsda Yaponiya jamoasi 1:0 hisobida g‘alaba qozondi.,NOT_RELEVANT,,NOT_RELEVANT,,,,gold,IAA adjudicated gold
UZ-00594,,UZ,Kun.uz,https://kun.uz/news/2026/01/05/ozbekistonda-bir-yilda-4-000-ta-standart-bekor-qilindi,2026-01-05,O‘zbekistonda bir yilda 4 000 ta standart bekor qilindi,"2025 yil davomida O‘zbekiston texnik jihatdan tartibga solish agentligi tomonidan tizimni takomillashtirish, me’yoriy-huquqiy bazani yangilash hamda uni xalqaro talablarga moslashtirishga qaratilgan ishlar amalga oshirildi.",NOT_RELEVANT,,NOT_RELEVANT,,,,uz_1,
UZ-01042,,UZ,Kun.uz,https://kun.uz/ru/news/2026/01/12/komitet-po-konkurensii-vozbudil-delo-po-priznakam-neobosnovannogo-povysheniya-tsen-na-gaz,2026-01-12,Комитет по конкуренции возбудил дело по признакам необоснованного повышения цен на газ,В ходе временного ограничения подачи метана в ноябре–декабре 2025 года были отмечены признаки попыток необоснованного повышения цен на сжиженный газ со стороны некоторых участников рынка. Комитет по конкуренции начал принимать меры по данным фактам в установленном порядке.,NOT_RELEVANT,,NOT_RELEVANT,,,,uz_1,
UZ-01074,,UZ,Daryo.uz,https://daryo.uz/uz/2026/04/16/honor/,2026-04-16,HONOR 2026 йил 1-чорагида глобал смартфон бозорида энг тез ўсаётган брендлардан бирига айланди,Сиз билан HONOR’нинг глобал миқёсдаги сўнгги муваффақиятлари ҳақида ажойиб янгилик билан ўртоқлашмоқчиман — балки сиз ушбу мавзуни ёритишга қизиқарсиз.,NOT_RELEVANT,,NOT_RELEVANT,,,,uz_1,
UZ-00882,,UZ,Daryo.uz,https://daryo.uz/uz/2026/03/20/superkompyuter-chempionlar-ligasining-asosiy-favorti-qaysi-jamoa-ekanligni-malum-qildi/,2026-03-20,Суперкомпютер Чемпионлар Лигасининг асосий фаворити қайси жамоа эканлигни маълум қилди,"Қизиқарли жиҳати шундаки, мавсум бошида Opta асосий фаворит сифатида “Ливерпуль”ни кўрсатган эди. Бироқ айни дамда мерсисайдликларнинг ғалаба қозониш имконияти 7,12 фоизгача пасайиб кетган.",NOT_RELEVANT,,NOT_RELEVANT,,,,uz_1,
